/*--------------------------------*- C++ -*----------------------------------*\
  =========                 |
  \\      /  F ield         | OpenFOAM: The Open Source CFD Toolbox
   \\    /   O peration     | Website:  https://openfoam.org
    \\  /    A nd           | Version:  9
     \\/     M anipulation  |
\*---------------------------------------------------------------------------*/
FoamFile
{
    format      ascii;
    class       volScalarField;
    location    "0";
    object      Cx;
}
// * * * * * * * * * * * * * * * * * * * * * * * * * * * * * * * * * * * * * //

dimensions      [0 1 0 0 0 0 0];

internalField   nonuniform List<scalar> 
15188
(
0.000961880887
0.00100559498
0.00104917588
0.00297187962
0.00301675594
0.000867995468
0.000914248455
0.000960093518
0.00100574816
0.00105128313
0.00109704376
0.00114214868
0.00287997905
0.0029258072
0.00297161041
0.00301709355
0.00306277456
0.00310901406
0.00315238891
0.000823240143
0.000867329599
0.000913237486
0.000971414996
0.00101715099
0.00105155686
0.00109943786
0.00114302467
0.00118714501
0.00283388906
0.0028784402
0.00292383741
0.00298286509
0.00302855596
0.0030643878
0.0031092628
0.00315394354
0.00319785028
0.000778874062
0.000822904304
0.000866116157
0.000925752609
0.000971444525
0.00101714025
0.00106286171
0.00109730405
0.00114445365
0.00118826238
0.00279031506
0.00283345637
0.0028782567
0.00293715213
0.00298284604
0.00302855172
0.00307416723
0.00310865973
0.00315659181
0.00320008189
0.000778841743
0.000820860877
0.000868310445
0.000925764584
0.000971393608
0.00101712614
0.00106283905
0.00110874328
0.00114570214
0.00118870939
0.00123120476
0.00278951491
0.00283199703
0.00289138147
0.00293717846
0.00298291517
0.00302859989
0.0030742003
0.0031084693
0.00315654314
0.0032000134
0.000778781587
0.000820295112
0.000868359556
0.000925797913
0.000971391393
0.00101714603
0.00106283927
0.00110869797
0.00114502816
0.00118912672
0.00123175649
0.00278951482
0.0028326013
0.0028914075
0.00293721392
0.00298292539
0.00302862841
0.00307424867
0.00310856716
0.00315684584
0.00320022613
0.000779002198
0.000821998924
0.000867044154
0.000925801094
0.000971439221
0.00101711514
0.0010628234
0.00109719411
0.00114542459
0.00118895905
0.00123226635
0.00278889249
0.00283220279
0.0028798499
0.00293719941
0.00298287316
0.00302857617
0.00307426577
0.0031086425
0.00315612858
0.00319950602
0.000823059487
0.000867061392
0.000914158232
0.000971349661
0.00101712438
0.00105140758
0.0010988397
0.00114408568
0.0011885421
0.0027898879
0.00283414688
0.00287810527
0.00292559649
0.00298286871
0.00302857164
0.00306288192
0.00311025266
0.00315497092
0.00319851367
0.000824010332
0.000868930562
0.000912856136
0.00096006103
0.00100570943
0.00105129122
0.0010981951
0.00114304837
0.00283529596
0.00287987106
0.00292504775
0.00297138224
0.00301713414
0.00306364016
0.0031091626
0.00315412429
0.00091445996
0.000959661831
0.00100576241
0.00105195795
0.00109679859
0.00288213534
0.0029248172
0.00297167771
0.00301712869
0.00306394031
0.00310729192
0.000914860233
0.000959874115
0.00100586076
0.00105139476
0.00109490481
0.002926077
0.00297133284
0.00301715796
0.00306286921
0.00310670234
0.000777753463
0.000821706634
0.000879399473
0.000925554782
0.000971271802
0.00101715956
0.00106308781
0.0011091658
0.00114311052
0.00118979101
0.00123243784
0.00278761129
0.00283363535
0.00289081387
0.00293687049
0.0029828099
0.00302874624
0.00307440049
0.00312041911
0.00315513573
0.00320057135
0.000731099317
0.000787213789
0.000834117461
0.000879765791
0.000925612572
0.000971344162
0.00101714217
0.00106299883
0.00110889081
0.00115450254
0.00120053326
0.00123570156
0.0012791523
0.00274138842
0.00279930629
0.00284548634
0.00289115558
0.00293699156
0.00298285984
0.00302860062
0.00307430415
0.00312012182
0.00316577321
0.00321249574
0.00324707492
0.00329001971
0.000686503568
0.000729702918
0.000788156961
0.000834010839
0.000879813116
0.000925626697
0.00097141472
0.00101713364
0.00106301872
0.00110881702
0.0011544792
0.00120018514
0.00124681188
0.00128105241
0.00132361756
0.00269759024
0.00275295945
0.00279971112
0.00284537657
0.0028911576
0.00293701282
0.00298286472
0.003028514
0.00307424151
0.00312002715
0.00316579943
0.003211662
0.00324759268
0.00329270448
0.000685142469
0.000740937062
0.000788041606
0.000833946255
0.00087977756
0.000925687379
0.000971432524
0.00101712571
0.00106288387
0.00110868252
0.00115438667
0.00120007336
0.00124591632
0.00128222778
0.00132518456
0.00269563796
0.00275396463
0.00279973349
0.00284549872
0.00289126808
0.00293711605
0.00298286521
0.00302852028
0.00307420973
0.00312008992
0.00316596535
0.00321191782
0.00325901346
0.00329400058
0.00333574365
0.000684465763
0.000742299587
0.000787940372
0.000833885672
0.000879833243
0.000925749236
0.000971425213
0.0010171138
0.00106281428
0.00110864168
0.0011544434
0.0012000433
0.00124604072
0.00128332644
0.00132510246
0.0026539253
0.00269461569
0.00275380534
0.0027998192
0.00284555455
0.00289137993
0.00293719442
0.00298289176
0.00302854912
0.00307419367
0.0031200693
0.00316607311
0.00321224442
0.00325798494
0.00329434094
0.00333628416
0.000683828488
0.000742216906
0.000787885583
0.000833906093
0.00087988603
0.000925774715
0.000971433595
0.0010171184
0.00106281727
0.00110865534
0.00115449758
0.0012001359
0.00124598178
0.00128190596
0.00132516039
0.00265370451
0.00269548106
0.00275393074
0.00279982821
0.00284554067
0.00289137628
0.00293719768
0.00298289641
0.0030285679
0.00307422173
0.00312010543
0.00316608644
0.00321219046
0.00325779967
0.00329415897
0.00333665751
0.000685074174
0.00074091239
0.000788009493
0.000834050846
0.000879898475
0.000925736456
0.000971447487
0.00101711708
0.00106286585
0.00110871313
0.00115451113
0.00120024088
0.00124604521
0.00128262306
0.00132616479
0.00265338749
0.00269535497
0.00275395783
0.0027996791
0.0028454554
0.00289125618
0.00293712242
0.00298288215
0.0030285666
0.00307429431
0.00312016994
0.00316602192
0.00321197161
0.00325905709
0.00329363308
0.00333591223
0.000686092664
0.000728594241
0.000788102056
0.000833973831
0.000879836195
0.000925605523
0.000971401124
0.00101711619
0.00106294618
0.00110877234
0.00115461616
0.00120026379
0.00124718687
0.00128221035
0.00132407495
0.00269679972
0.00275295593
0.00279960498
0.00284537654
0.00289116783
0.00293702204
0.00298286895
0.00302859219
0.00307439658
0.0031201771
0.00316602847
0.00321189801
0.00324636874
0.0032933807
0.000730551123
0.000787017822
0.000833919824
0.000879659273
0.000925512635
0.000971343968
0.00101715347
0.00106299822
0.0011088755
0.00115465177
0.00120066857
0.00123648474
0.00128101142
0.00269788687
0.00274036946
0.00279923916
0.00284542206
0.00289116165
0.00293699301
0.00298286177
0.0030287191
0.00307453813
0.00312030341
0.00316600142
0.00321281491
0.00324787751
0.00329018157
0.000733374139
0.000774788268
0.000821518013
0.000879289882
0.00092556039
0.000971259599
0.00101717876
0.00106316842
0.00110924713
0.00114331408
0.00118954219
0.00123562096
0.0027434342
0.00278768662
0.0028323402
0.00289085636
0.00293684239
0.002982839
0.00302882825
0.00307464794
0.00312057963
0.0031558085
0.00320102435
0.00324676609
0.000823263625
0.000866299044
0.000914440579
0.000959858204
0.00100570514
0.00105144068
0.00109893106
0.00114363237
0.00118684238
0.00283429378
0.00287761841
0.00292576756
0.00297133496
0.00301722025
0.00306299076
0.00311008359
0.00315509939
0.003198114
0.000776302498
0.000822611731
0.000869428414
0.000914371128
0.000959870035
0.00100570547
0.00105146385
0.00109695911
0.00114137438
0.00118919323
0.00123385666
0.00274485281
0.00278777881
0.00283526266
0.00288043116
0.00292574126
0.00297135049
0.00301726328
0.00306311739
0.0031084337
0.00315361777
0.00320015037
0.00324444694
0.000683793846
0.000742203404
0.000788221607
0.000835083228
0.000880248714
0.000914405814
0.000959997069
0.00100567396
0.00105134053
0.00109691295
0.00115369935
0.00119979907
0.00124621017
0.00128111158
0.00132711518
0.00265345165
0.00269529845
0.00275382263
0.00280012208
0.0028462502
0.00288015613
0.00292570177
0.00297140195
0.00301720735
0.00306289021
0.00311976028
0.00316478894
0.00321164607
0.00325781188
0.00329261296
0.00333661591
0.000638007825
0.000695887861
0.000742473281
0.000788439034
0.000834367864
0.000880074559
0.000925786964
0.000971375456
0.00101713357
0.00106285691
0.00110843654
0.00115408627
0.00119992737
0.00124589459
0.00129197408
0.00132894126
0.00137192382
0.0026076605
0.00264879388
0.0027080665
0.0027540129
0.00279999059
0.00284576155
0.00289139246
0.00293708434
0.00298288395
0.00302853476
0.00307415134
0.0031198545
0.00316555178
0.00321146024
0.00325755173
0.00330426385
0.00333978076
0.00338238953
0.00059520853
0.000649719715
0.000696451244
0.00074247797
0.000788434627
0.000834249643
0.000879998363
0.000925740805
0.000971509193
0.0010170593
0.00106282933
0.00110853048
0.00115414409
0.00119989636
0.00124583187
0.00129188025
0.00133868517
0.00137381374
0.001416137
0.00260419608
0.00266172927
0.00270824729
0.00275412413
0.00280004675
0.00284577292
0.00289141472
0.00293718783
0.00298290324
0.00302838272
0.00307404444
0.00311979636
0.00316558845
0.00321147363
0.00325748925
0.00330360581
0.00335052092
0.00338509446
0.000592849372
0.000650572788
0.000696480649
0.000742427815
0.000788389965
0.00083421181
0.000880003505
0.00092570929
0.000971423849
0.00101712085
0.00106280422
0.00110839258
0.0011540812
0.00119987476
0.00124576921
0.00129174798
0.00133783158
0.0013748505
0.00141720146
0.00256241231
0.00260301947
0.00266226089
0.00270825318
0.00275416646
0.00280003489
0.00284581001
0.00289152865
0.00293717444
0.00298286454
0.00302850562
0.00307415468
0.00311980061
0.00316565069
0.00321158307
0.00325759303
0.00330360378
0.00334955762
0.00338569964
0.0034274203
0.000591541272
0.000650131654
0.000696398019
0.000742451603
0.000788374939
0.00083420614
0.000880077146
0.000925807146
0.000971413039
0.0010170905
0.00106271861
0.00110827902
0.00115407082
0.00119987256
0.00124576363
0.00129157489
0.00133739048
0.0013719041
0.00141795326
0.00256213941
0.00260369363
0.00266257102
0.002708361
0.00275414808
0.00280003404
0.00284583212
0.00289166033
0.00293727484
0.00298289195
0.00302855056
0.0030741169
0.00311981433
0.00316575092
0.00321167511
0.00325765545
0.00330380343
0.00335007007
0.00338685695
0.00342927674
0.000591167115
0.000650015941
0.00069628228
0.000742406857
0.000788361244
0.000834253632
0.000880159131
0.000925847863
0.000971436622
0.00101710003
0.00106274347
0.00110831776
0.00115410772
0.00119989966
0.001245747
0.00129150952
0.00133730792
0.00137160659
0.00141811484
0.00256172929
0.00260339813
0.00266263081
0.00270844054
0.00275418605
0.00280002808
0.0028458131
0.00289164405
0.00293725776
0.00298288981
0.0030285663
0.00307412373
0.00311983834
0.00316576887
0.00321166296
0.00325762052
0.00330378474
0.00335003084
0.00338656755
0.00342949617
0.000592202263
0.000650474302
0.0006963225
0.000742353404
0.000788370197
0.00083426694
0.00088009972
0.000925779798
0.000971464846
0.00101712083
0.00106283347
0.00110847983
0.00115419186
0.00119994611
0.0012458195
0.00129175859
0.00133768924
0.00137370068
0.00141706109
0.00256256434
0.00260387563
0.0026623905
0.00270829448
0.00275417565
0.00279998385
0.00284575583
0.00289147979
0.00293714502
0.00298288109
0.00302856527
0.00307422804
0.00311990462
0.0031657659
0.00321162104
0.00325761931
0.00330374296
0.00334974889
0.00338673608
0.00342817816
0.000593545205
0.000649538109
0.000696377364
0.000742418595
0.00078838968
0.000834199015
0.000879980561
0.000925757854
0.000971507277
0.00101707732
0.00106283383
0.00110860929
0.00115427002
0.00119998693
0.00124594605
0.0012919986
0.00133844332
0.00137446688
0.00141638717
0.00260383228
0.0026616239
0.00270812631
0.00275407694
0.00279995811
0.0028456772
0.00289134938
0.00293712622
0.00298287443
0.0030285155
0.0030742039
0.00311997417
0.00316579103
0.00321161304
0.00325755504
0.00330362913
0.00335055973
0.00338504567
0.00342695693
0.000595660907
0.000637866918
0.000696049231
0.000742515437
0.000788408285
0.000834243178
0.000879846962
0.000925588073
0.000971360386
0.00101719045
0.00106289549
0.00110857141
0.00115425331
0.00120005688
0.001246038
0.00129208243
0.0013289717
0.00137265729
0.00260674471
0.00264922396
0.0027081128
0.00275393794
0.00279996382
0.00284580412
0.00289144947
0.00293708344
0.00298283529
0.00302858076
0.0030742533
0.00311996188
0.00316572504
0.00321159688
0.00325753028
0.00330413729
0.00333955999
0.00338421187
0.000640872099
0.000683439875
0.000742364316
0.000788276861
0.000834860812
0.000879876945
0.000914075308
0.000959906838
0.001005703
0.00105140803
0.00109710258
0.00115384485
0.00119989618
0.00124631293
0.00128069471
0.00132772141
0.00137045146
0.0026502449
0.00269536562
0.00275380016
0.00280009456
0.00284623153
0.00288004863
0.00292584005
0.0029714439
0.00301717241
0.00306276494
0.00312004773
0.00316500814
0.00321183761
0.0032578048
0.00329353881
0.00333968568
0.000687696377
0.000729149404
0.000776151068
0.000822698087
0.000869347844
0.000914208246
0.00095991573
0.0010057115
0.00105147874
0.00109712899
0.00114190622
0.00118988489
0.00123389178
0.00128192049
0.00269764543
0.00274136858
0.00278744459
0.00283624729
0.00288014573
0.00292567834
0.00297136134
0.00301720991
0.00306298805
0.00310857746
0.00315316588
0.00320203834
0.00324808995
0.00329163613
0.000642084848
0.000685390614
0.000732325123
0.000775284778
0.00123583597
0.00127970405
0.0013269506
0.0026522853
0.00269589854
0.0027431977
0.00324605288
0.00329024181
0.00333740513
0.000591791773
0.000650602305
0.000698138859
0.00074388668
0.000779002552
0.000823479562
0.000869580176
0.000912375125
0.00109874476
0.001141336
0.00118731041
0.0012321457
0.00129071351
0.00133810624
0.00138501449
0.00141958312
0.00256170124
0.00261498905
0.00266165289
0.0027090516
0.00274325886
0.00279016244
0.00283644077
0.00287985523
0.00310893825
0.00315265442
0.0031989015
0.00325614833
0.00330184185
0.00334945439
0.00338544467
0.00342816643
0.000545975307
0.000604394708
0.000650926303
0.000697025804
0.000743043745
0.000789772511
0.000823424352
0.000869736433
0.000915502741
0.000960043382
0.00100570088
0.00105146366
0.00109619287
0.00114104059
0.00118809674
0.00124560407
0.00129138893
0.00133736382
0.0013834262
0.00141895047
0.0014633552
0.00251623717
0.00255831483
0.00261674256
0.00266283512
0.00270881563
0.00275456413
0.00278907154
0.00283460375
0.00288128589
0.00292611745
0.00297157488
0.003017183
0.00306274115
0.00310763768
0.00315221605
0.00321007546
0.00325689025
0.00330296125
0.00334925813
0.00339609594
0.00343159754
0.00347363624
0.000504303858
0.000558271376
0.000605026761
0.000651049179
0.000697031808
0.0007429916
0.000788767835
0.000823235531
0.000868710861
0.000915816962
0.0009608667
0.00100490329
0.00105050044
0.00109706132
0.00114237022
0.00119968665
0.00124550925
0.00129139572
0.00133743024
0.00138346881
0.00142983771
0.00146484987
0.0015071317
0.00251327087
0.0025702647
0.00261672857
0.00266279571
0.00270877176
0.00275453429
0.00280032803
0.00283486724
0.00288017816
0.00292742619
0.00297196733
0.00301617106
0.00306144683
0.00310820694
0.00315386216
0.00321117511
0.00325696508
0.00330294399
0.00334904445
0.00339521171
0.00344197886
0.00347627793
0.000501788473
0.000558991513
0.000604831832
0.00065087968
0.000696882039
0.000742834168
0.000788834951
0.000834317602
0.000868700067
0.000914423832
0.000960063716
0.00100574126
0.00105136162
0.00109676349
0.00115344769
0.00119961332
0.00124528642
0.00129117024
0.00133717921
0.0013831189
0.00142907013
0.001466091
0.00150779515
0.00251169812
0.00257093552
0.0026169623
0.00266290245
0.002708842
0.00275464794
0.002800365
0.00284642102
0.00288031898
0.00292588386
0.00297143419
0.00301707179
0.00306267728
0.00310799329
0.00316544413
0.00321114806
0.0032571506
0.00330312826
0.00334919368
0.00339534553
0.00344125166
0.00347711485
0.00351810495
0.000500604461
0.000558388033
0.000604410503
0.00065058274
0.000696774216
0.000742866093
0.000788874504
0.000834340186
0.000868674932
0.000914564235
0.000960095059
0.00100562229
0.00105106681
0.00109655439
0.00115396727
0.001199599
0.00124529786
0.00129100922
0.00133693525
0.00138285506
0.00142876936
0.00146314639
0.00150888655
0.00247119705
0.00251237867
0.00257124009
0.00261716401
0.00266304854
0.00270890672
0.00275459853
0.00280032324
0.00284587144
0.0028803854
0.00292615687
0.00297159181
0.0030170883
0.00306253351
0.00310822369
0.0031656403
0.00321116994
0.00325718544
0.00330328522
0.00334950039
0.00339576749
0.00344183175
0.00347846888
0.00351992043
0.000499694735
0.000558328461
0.000604387722
0.000650539883
0.000696721826
0.000742834602
0.000788855002
0.000834426316
0.000868855777
0.000914736712
0.000960155814
0.00100561444
0.00105105133
0.00109653628
0.00115402244
0.00119962276
0.00124532599
0.00129103631
0.00133690907
0.00138283365
0.00142879623
0.00146306544
0.00150909287
0.00247059668
0.00251230536
0.00257131211
0.00261719276
0.00266308082
0.00270892421
0.00275460483
0.00280033653
0.0028458551
0.00288039144
0.00292619669
0.00297160171
0.00301709874
0.00306250353
0.00310807805
0.00316560143
0.00321111265
0.00325718918
0.00330331567
0.00334953292
0.0033957463
0.00344176879
0.00347854372
0.00351977329
0.000501013114
0.000558988785
0.000604814822
0.000650795379
0.000696774612
0.000742784549
0.000788819271
0.000834397377
0.000868988361
0.000914602868
0.00096010736
0.00100567566
0.00105125798
0.00109679048
0.00115353131
0.00119955701
0.00124531159
0.00129121031
0.00133710368
0.0013830351
0.0014291237
0.00146547698
0.00150864982
0.00247043088
0.00251262997
0.00257111782
0.00261705003
0.00266297715
0.00270887806
0.00275469313
0.00280034694
0.00284643888
0.00288029909
0.00292591293
0.00297151618
0.00301712373
0.00306265805
0.00310822184
0.00316569335
0.00321118551
0.00325717519
0.00330321407
0.00334929875
0.00339531166
0.00344111559
0.00347774425
0.00351894187
0.000502184931
0.000558204103
0.000604966956
0.000650972983
0.000696956439
0.000742955376
0.000788761864
0.000822991586
0.000868687639
0.000914431996
0.000961790042
0.00100488743
0.0010514186
0.00109704432
0.00114253644
0.00119972683
0.00124552002
0.00129134917
0.00133727418
0.00138321969
0.00142958826
0.00146563672
0.00150740629
0.00251288399
0.00257053257
0.00261685654
0.00266284747
0.00270882996
0.00275460295
0.00280019365
0.00283449994
0.00288014711
0.0029257415
0.00297294143
0.00301623669
0.00306282147
0.00310833868
0.00315413822
0.0032112696
0.0032570189
0.00330310269
0.00334918093
0.00339513245
0.00344188753
0.0034762124
0.00351783446
0.000504408063
0.000546166913
0.000604183144
0.00065096211
0.000697028326
0.000743093129
0.000789987977
0.000823256864
0.000868627264
0.000915896932
0.000960322291
0.00100580428
0.00105054261
0.00109608505
0.00114255721
0.00118824002
0.00124552264
0.00129125668
0.00133718107
0.00138319651
0.00141770064
0.00146431565
0.0025158692
0.00255783728
0.00261679928
0.00266290851
0.00270893374
0.00275462258
0.00278887934
0.00283452218
0.00288145849
0.00292654126
0.00297164224
0.00301715065
0.00306182571
0.00310689636
0.00315395967
0.00321012111
0.00325697914
0.00330315198
0.00334936695
0.00339606344
0.00343119985
0.00347499987
0.000548216026
0.000590875444
0.00065056911
0.000698143611
0.000743878521
0.000777624247
0.000824530993
0.000869701842
0.000914350758
0.00096019556
0.00100574083
0.00105126933
0.00109661137
0.00114189903
0.00118668891
0.00123366246
0.00129078975
0.00133809699
0.0013849495
0.00141916749
0.00146112514
0.00255849834
0.00261527687
0.00266192759
0.00270937693
0.00274329433
0.00278925272
0.00283594214
0.00288112968
0.00292688227
0.00297138841
0.0030172697
0.00306193245
0.0031083789
0.00315191259
0.00319956651
0.00325596228
0.00330180247
0.00334967853
0.00338612159
0.00343147711
0.000595360623
0.000638537569
0.000684430696
0.000732749451
0.000778816105
0.000822878829
0.00118803239
0.00123225479
0.00127853265
0.00132693247
0.00137376332
0.00260658792
0.00264916139
0.00269560225
0.00274385199
0.0027908997
0.00283272275
0.00315639634
0.00319835183
0.00324552787
0.00328967033
0.00333794478
0.00338490327
0.000551106765
0.000594331978
0.00064075123
0.00132804395
0.00137084894
0.00141711222
0.00256102259
0.00260373133
0.0026513246
0.00333831183
0.00338185841
0.00342872797
0.0005007891
0.000559149582
0.000606452808
0.000653201458
0.000687463294
0.000733615668
0.00123632719
0.00127749565
0.00132348643
0.00138234809
0.00142957388
0.00147621775
0.00151052642
0.00247059255
0.00252386132
0.00257013481
0.00261762142
0.00265175523
0.00269864756
0.0027437686
0.00324721391
0.00328941651
0.00334688366
0.00339351336
0.00344077971
0.00347683318
0.00351923464
0.000456068582
0.000513235871
0.000559492136
0.000605657629
0.000651794275
0.000686280793
0.000733451956
0.000778188021
0.00118997804
0.0012331107
0.00127781715
0.00133626545
0.00138258016
0.00142846499
0.00147453893
0.00151098331
0.00155374612
0.0024664048
0.00252524575
0.00257143635
0.00261754241
0.00266413651
0.00269820345
0.00274532822
0.00278875109
0.00320065494
0.00324385671
0.00329050035
0.00334815776
0.00339446384
0.00344049211
0.00348676859
0.00352184931
0.00356338236
0.000410891426
0.000466865259
0.000513902716
0.000559759646
0.000605735346
0.000651789863
0.000698114831
0.000732049488
0.000779246985
0.00082286895
0.00118825069
0.00123283697
0.00128993086
0.00133657118
0.0013824955
0.00142858486
0.0014746374
0.00152110076
0.00155588921
0.00242265843
0.00247881294
0.00252521495
0.00257134287
0.00261754896
0.00266365747
0.0027104372
0.00274338692
0.00278988619
0.0028333903
0.00315566357
0.00319881125
0.003243501
0.0033018995
0.00334824896
0.00339434768
0.00344035844
0.00348621682
0.00353305736
0.00356742908
0.000411127283
0.000467064257
0.000513686418
0.000559551786
0.000605492468
0.000651468131
0.000697252811
0.000731664392
0.000777390106
0.000824348049
0.000866157206
0.00114316142
0.00118600708
0.0012334452
0.00129058151
0.00133632319
0.0013823006
0.00142844655
0.00147447888
0.00152062919
0.00155771007
0.00159947144
0.00242067533
0.00247924361
0.0025253746
0.00257148594
0.0026176745
0.00266369955
0.00270937173
0.00274358975
0.00279128833
0.00283450258
0.00287780115
0.003154467
0.00319765771
0.00324535108
0.0033026485
0.00334849386
0.00339455384
0.0034405587
0.00348639884
0.00353265366
0.00356747786
0.000410331482
0.000467838536
0.00051335895
0.000559203531
0.000605161475
0.000651110106
0.000697103352
0.000731677088
0.000777699966
0.000825474902
0.00086798212
0.00114326938
0.00118615917
0.00123340495
0.00129033382
0.00133619705
0.00138215901
0.00142822051
0.00147420669
0.00152023116
0.00155646668
0.00160011587
0.00242083794
0.00247960453
0.00252571161
0.00257172952
0.00261779768
0.00266373259
0.00270944209
0.00274376933
0.00278901515
0.00283591443
0.0028777644
0.00311088112
0.00315436412
0.00319731821
0.00324539336
0.0033028468
0.00334885819
0.0033948681
0.00344086535
0.00348673664
0.00353223493
0.00356808769
0.000410222682
0.000467768818
0.000513304458
0.000559186011
0.000605159347
0.000651085916
0.000697054301
0.000731651402
0.000777621461
0.000824591812
0.000867664532
0.00114298841
0.00118634514
0.00123360787
0.00129046949
0.00133620212
0.00138216295
0.00142824232
0.00147421771
0.00152026374
0.00155454728
0.00160130067
0.00237956918
0.002421105
0.00247962981
0.00252574097
0.00257174955
0.00261777906
0.00266372012
0.00270940072
0.00274356258
0.00278892415
0.00283621383
0.00287768377
0.00311113533
0.00315391694
0.00319778581
0.00324522203
0.00330296074
0.00334893319
0.00339489159
0.00344084783
0.00348668555
0.00353222384
0.00356853991
0.000410190024
0.000467317505
0.000513675349
0.000559525621
0.000605448468
0.000651337523
0.000697125848
0.000731547968
0.000777515271
0.000825105923
0.000867118086
0.00114359221
0.00118615119
0.00123341193
0.00129076842
0.00133633389
0.00138230257
0.00142847528
0.00147449349
0.00152062538
0.00155771722
0.00159944626
0.00242027586
0.00247935271
0.002525512
0.00257156419
0.002617677
0.0026637211
0.00270936753
0.00274368851
0.00279132579
0.00283495397
0.00287761585
0.00315432527
0.00319743706
0.00324544944
0.00330272743
0.00334863323
0.00339460651
0.00344051827
0.00348634052
0.00353279499
0.00356793407
0.000411637963
0.000466943164
0.000513807816
0.000559708261
0.000605680899
0.000651526292
0.00069787678
0.000731715724
0.000779230461
0.000823068516
0.000866181407
0.00114420256
0.00118647265
0.00123376232
0.00128979722
0.0013364929
0.00138247307
0.00142857137
0.00147464204
0.00152133906
0.00155714496
0.00159913842
0.00242022433
0.002478822
0.00252538091
0.00257144962
0.00261756669
0.00266363876
0.00271056354
0.00274361708
0.00279116814
0.0028347369
0.00315479368
0.00319820369
0.00324507769
0.00330207094
0.00334853667
0.00339448688
0.00344036433
0.00348613415
0.00353325116
0.0035681721
0.000455736449
0.000513151376
0.000559505258
0.000605608576
0.000651713594
0.000686228379
0.000732095862
0.000779536214
0.000821863646
0.0011889609
0.00123283754
0.00127917625
0.00133574847
0.00138248744
0.00142852451
0.00147471062
0.00151151535
0.00155648047
0.00242435599
0.00246538618
0.00252526184
0.0025714648
0.00261742791
0.00266393931
0.00269816284
0.00274509093
0.00278922918
0.00283196259
0.00319924424
0.00324318474
0.00329106853
0.00334856771
0.00339466315
0.00344060467
0.00348684654
0.00352175472
0.00356515651
0.000458243309
0.000500750495
0.000559298692
0.00060646387
0.000652943817
0.000686312504
0.00073308569
0.000776274316
0.00123391827
0.00127693234
0.00132442613
0.00138237365
0.0014299935
0.00147623212
0.00151031594
0.00155278665
0.00246798621
0.00252379624
0.00257007441
0.0026173085
0.0026520179
0.00269986617
0.00274481559
0.0027873982
0.00324404916
0.00328938557
0.00334712312
0.00339366432
0.00344088074
0.00347724565
0.00352205552
0.000504436437
0.000547280103
0.000592865703
0.000641374186
0.000687828538
0.00128146258
0.00132448125
0.0013702506
0.00141869415
0.00146532922
0.00251498038
0.00255680929
0.0026030052
0.00265166557
0.00269913598
0.00329174629
0.00333526105
0.00338107193
0.00342935288
0.00347589856
0.000458889201
0.000501964806
0.000549946171
0.00141936545
0.00146267331
0.00150967113
0.00246986202
0.0025129932
0.00255982312
0.00342929319
0.00347307621
0.00351988476
0.000411045729
0.000468245382
0.0005151182
0.00056140104
0.000595560687
0.000641445905
0.00136941829
0.00141512182
0.00147340329
0.00152078025
0.00155687056
0.00160025788
0.00242052997
0.002479378
0.00252643636
0.00256051405
0.00260756989
0.00265114069
0.00333922347
0.00338126303
0.00343812924
0.00348454176
0.0035318901
0.00356709723
0.000423171076
0.000468657702
0.00051442423
0.000560507557
0.000595075771
0.000642894635
0.000684866652
0.00132446188
0.00136909908
0.00142704721
0.00147357337
0.00152000967
0.00156741208
0.00160351857
0.0016456651
0.00237357188
0.00243265804
0.00247994735
0.00252613775
0.00257261666
0.00260688339
0.0026541856
0.00269626384
0.00333454722
0.0033820138
0.00343956003
0.00348558459
0.0035313344
0.00357678626
0.000423017307
0.000468613429
0.000514554842
0.000560502038
0.0006068181
0.000640929854
0.000687772943
0.000729923323
0.00128092676
0.00132335529
0.00138051564
0.00142792809
0.00147388158
0.00152009977
0.00156653379
0.00161372895
0.00164821786
0.00233201273
0.00238640796
0.00243328603
0.00247979437
0.00252595144
0.00257184505
0.00261914798
0.00265254161
0.0026990976
0.00329060374
0.00333508358
0.00339325074
0.00343954458
0.00348543329
0.00353127029
0.00357687033
0.000422924574
0.000468502237
0.000514434343
0.00056029678
0.000606047651
0.000640700269
0.000688530827
0.000730999744
0.00127941207
0.00132276928
0.00138093966
0.00142778747
0.00147384745
0.00152008355
0.00156640973
0.00161260538
0.00164896681
0.00169050063
0.00232965417
0.00238737566
0.00243349863
0.00247980083
0.0025260465
0.00257208789
0.00261886346
0.00265278883
0.0026997605
0.00274125932
0.00324777029
0.00328916458
0.0033362767
0.00339387704
0.00343970433
0.00348554224
0.00353139248
0.00357698917
0.00042288839
0.000468463859
0.000514221499
0.000559994698
0.000605649288
0.000640017054
0.000685646791
0.000732005817
0.0012775678
0.00132431288
0.00138150248
0.00142748828
0.0014736535
0.00151995399
0.00156627269
0.0016126196
0.00164978642
0.00169227905
0.00232839235
0.00238727565
0.0024336359
0.00247994136
0.00252628608
0.00257243015
0.00261841751
0.00265296816
0.00270042321
0.00274266523
0.00324782009
0.00328946357
0.00333693397
0.00339421897
0.00343996378
0.00348574433
0.00353149731
0.00357709215
0.000422877523
0.000468454592
0.000514195415
0.000559998394
0.000605697255
0.000639871469
0.000685459917
0.000732036762
0.0012362605
0.00127712873
0.00132410391
0.00138155625
0.00142753573
0.00147367347
0.00151997659
0.00156628688
0.00161255677
0.00164964873
0.00169175439
0.00228790446
0.00232876513
0.0023874951
0.0024336917
0.00247995323
0.00252628095
0.00257240874
0.0026183085
0.00265286232
0.00270039034
0.0027433163
0.00324714013
0.00328979884
0.00333726984
0.00339428239
0.00343995863
0.00348575004
0.00353151529
0.00357711104
0.000422963877
0.000468563905
0.00051440059
0.000560307727
0.000606097855
0.000640363311
0.000687516759
0.000730997511
0.00127826714
0.00132446405
0.00138102894
0.00142784863
0.00147388376
0.00152013541
0.00156644444
0.0016126122
0.00164978163
0.00169141558
0.00232891451
0.00238742976
0.00243352541
0.00247982091
0.00252605191
0.0025720718
0.00261873637
0.00265267504
0.00270030903
0.00274192767
0.00324844227
0.00328972792
0.00333684334
0.00339395251
0.00343970709
0.00348558727
0.00353147179
0.00357706466
0.000423059453
0.000468675182
0.000514518248
0.000560523323
0.000606865894
0.0006403798
0.000688038304
0.000729924769
0.00127970932
0.00132272087
0.00138076412
0.00142799811
0.00147397127
0.00152024444
0.00156665243
0.00161353483
0.00164812941
0.00169030967
0.00233044862
0.00238632055
0.00243335857
0.00247973662
0.00252589813
0.00257185802
0.00261936505
0.00265276798
0.00270014125
0.00274141124
0.0032899334
0.00333654152
0.00339342792
0.00343968395
0.00348553894
0.00353143544
0.00357702761
0.000423201914
0.000468671757
0.000514445913
0.000560641958
0.000595537904
0.000642596666
0.00068707303
0.0012817513
0.00132398987
0.0013705882
0.00142736741
0.00147384235
0.00152020773
0.00156732269
0.00160308098
0.00164725013
0.00233250691
0.00237481086
0.00243266521
0.00247978511
0.00252613409
0.00257256948
0.00260640082
0.00265338731
0.00269795795
0.0032924309
0.00333556455
0.00338241607
0.00343985863
0.00348569165
0.00353138772
0.00357682649
0.000411130051
0.000468283009
0.000515452125
0.000562189597
0.000595097951
0.000641990511
0.000684144949
0.00132599832
0.00136900177
0.00141614743
0.00147342178
0.00152086874
0.00155769544
0.001602683
0.00237656592
0.0024194693
0.00247926469
0.00252656542
0.00256077091
0.00260792292
0.00265332042
0.0033364189
0.00338102891
0.00343841391
0.00348471254
0.00353152345
0.00356716146
0.000412182492
0.000455849254
0.000501371374
0.00055048274
0.000596647875
0.00137288917
0.00141581105
0.001461307
0.00151009461
0.00155704155
0.00242388357
0.00246675968
0.00251228205
0.00256037207
0.0026068286
0.00338385342
0.00342646388
0.0034723263
0.00352002441
0.0035667007
0.000410869983
0.000457275748
0.00151081752
0.00155342351
0.00160058723
0.00237920553
0.00242193578
0.0024692335
0.00352214363
0.00356637591
0.000423252059
0.000469686399
0.000504441726
0.000550523782
0.00146027275
0.00150593648
0.00156516055
0.00161279567
0.00164903105
0.00169179186
0.00232852273
0.00238728509
0.00243488312
0.00246929826
0.00251693037
0.00256026585
0.00343064238
0.00347107145
0.00353060164
0.00357693411
0.000423248705
0.000469333648
0.000515946219
0.000550628541
0.000594401424
0.00141502684
0.0014593175
0.00151845875
0.00156578905
0.00161227097
0.00165889882
0.00169450083
0.00173657112
0.00228405917
0.00234129622
0.00238773522
0.00243432757
0.0024817104
0.0025160497
0.00256216133
0.00260469487
0.00342708506
0.00348424559
0.0035308353
0.00357681944
0.000423195781
0.000469242662
0.000515737761
0.000549598208
0.000596376538
0.000638140038
0.00137255918
0.00141467292
0.00147230033
0.00151917186
0.00156561995
0.00161192441
0.00165798207
0.00170494855
0.00173984457
0.00178158018
0.00223953316
0.00229496843
0.0023420299
0.00238811938
0.00243437552
0.00248077779
0.0025275791
0.00256059418
0.00260687492
0.00338218294
0.00342614808
0.00348417148
0.00353063328
0.00357678447
0.000423053934
0.000469026151
0.000515072397
0.000549776552
0.000596777626
0.0006393731
0.00136893131
0.00141612244
0.00147333301
0.00151932837
0.00156557514
0.00161186756
0.00165794227
0.00170353302
0.0017393451
0.00178262126
0.00219594919
0.00223802545
0.00229638957
0.00234209982
0.002388121
0.00243430418
0.00248055046
0.00252663382
0.00256086713
0.00260809011
0.00265057524
0.00338093562
0.00342759748
0.00348482224
0.00353086109
0.00357691142
0.000422997768
0.000468958051
0.000514813235
0.000549208591
0.000594435793
0.000640079535
0.00136925305
0.00141547473
0.00147313751
0.00151938554
0.00156566752
0.00161194603
0.00165803
0.00170345506
0.00173735979
0.00178350126
0.00219614673
0.00223822389
0.00229669654
0.00234209368
0.00238803421
0.00243422039
0.00248048294
0.00252686105
0.00256167968
0.00260937413
0.0026510804
0.00333967834
0.00338102821
0.00342795405
0.00348503358
0.00353091274
0.00357696267
0.000423002316
0.000468976834
0.000514797065
0.000549003762
0.000594351685
0.000640250505
0.00136875068
0.00141537844
0.00147311465
0.00151941105
0.00156570274
0.00161195797
0.00165800054
0.00170342197
0.00173730462
0.00178388843
0.00219577652
0.0022377657
0.00229671479
0.00234213253
0.00238807345
0.00243423329
0.00248048182
0.00252683417
0.00256176288
0.00260938573
0.00265106
0.00333973376
0.00338090996
0.00342805875
0.00348508452
0.00353092341
0.00357696228
0.00042308184
0.000469127418
0.000514999537
0.000549412159
0.000596913681
0.000640515175
0.00136957995
0.00141602005
0.00147332064
0.00151933913
0.0015656561
0.00161190673
0.00165798477
0.00170368147
0.00173936834
0.00178246901
0.00219622943
0.00223844612
0.00229653717
0.00234218054
0.00238814646
0.00243430597
0.00248053097
0.0025265954
0.00256119894
0.00260873337
0.00265025214
0.00333958272
0.00338118736
0.00342769836
0.00348496012
0.00353088159
0.00357691272
0.00042321561
0.000469364407
0.000515660631
0.000549375112
0.000597251468
0.000638184449
0.0013711251
0.00141478232
0.0014722977
0.00151925594
0.00156568886
0.00161190702
0.00165794787
0.00170513091
0.00173983848
0.00178192197
0.00223933176
0.00229515847
0.00234206898
0.00238812043
0.00243432982
0.00248057547
0.00252736672
0.00256058965
0.0026071628
0.00338110712
0.00342767531
0.00348437041
0.00353071896
0.00357678817
0.000423222753
0.000469286498
0.000515846863
0.00054933008
0.000597584575
0.00137367679
0.00141518651
0.00146146443
0.00151844997
0.00156576409
0.00161215994
0.00165882347
0.00169401772
0.00173905465
0.00224008882
0.00228269937
0.00234104257
0.0023878268
0.00243427325
0.00248145172
0.00251535424
0.00256188289
0.00260626817
0.00338373673
0.00342671684
0.00348423271
0.00353079344
0.00357681998
0.000423236164
0.000469698689
0.000503522272
0.000550572751
0.000592180065
0.00141736539
0.00146003153
0.00150717989
0.00156520566
0.00161259773
0.00164885361
0.00169490179
0.0017345586
0.00228443238
0.00232821433
0.00238742758
0.0024347832
0.00246935847
0.00251723954
0.00256277945
0.00342750472
0.0034723333
0.0035304448
0.00357694562
0.000410693606
0.000457752784
0.000503884889
0.00146401669
0.00150675782
0.00155239497
0.00160104186
0.00164809422
0.00233242533
0.00237538493
0.0024213612
0.0024698774
0.00251653055
0.0034742487
0.00351892408
0.00356626959
0.00040965447
0.00160164365
0.00164467784
0.00169239053
0.00228731048
0.00233076829
0.00237777192
0.00041294872
0.000458634702
0.00155280373
0.00161006427
0.00165650811
0.00170358015
0.00174917214
0.00178425068
0.0021940918
0.00225054018
0.0022963898
0.00234359065
0.0023902409
0.00242431325
0.0024693567
0.00352092433
0.00356382476
0.000424287316
0.000459768648
0.000504124291
0.00150546445
0.00155350811
0.00161110536
0.00165710918
0.00170294735
0.00174888874
0.0017954151
0.00183006778
0.00187382152
0.00214842817
0.00220422948
0.00225108496
0.00229711275
0.00234297677
0.00238923175
0.00242401834
0.002471347
0.00251503454
0.0034762246
0.00351843349
0.0035758722
0.000424078779
0.000458345173
0.000505545376
0.000547460908
0.00146341955
0.00150500381
0.00156451539
0.00161093924
0.0016569053
0.00170300866
0.0017488751
0.00179455791
0.00183029028
0.0018752965
0.00192032349
0.00196351742
0.00205679045
0.0021026433
0.00214656907
0.00220535708
0.00225110003
0.00229699142
0.00234312694
0.0023892107
0.00243554416
0.00246974807
0.00251683413
0.00347303901
0.00351679054
0.00357594235
0.000423186539
0.000458045133
0.000504888514
0.000548883198
0.00146133893
0.00150722711
0.00156485436
0.00161094043
0.00165693625
0.00170288706
0.00174868336
0.00179456026
0.00184068599
0.00187602404
0.00192030149
0.00196557564
0.00201150667
0.0020571519
0.00210182689
0.00215915752
0.00220535454
0.00225123376
0.00229711905
0.00234312339
0.00238909443
0.00243493626
0.00246958242
0.0025173993
0.00255861518
0.00347223728
0.00351910016
0.00357683917
0.000423147433
0.000470719912
0.00050344976
0.000549712702
0.00146050331
0.00150740313
0.00156519738
0.00161110036
0.00165705111
0.00170283736
0.00174868204
0.00179481476
0.00184025163
0.00187612401
0.00192109708
0.00196582227
0.00201139197
0.00205679127
0.00210120948
0.00215995435
0.00220534719
0.00225136395
0.00229722887
0.00234300636
0.00238882768
0.0024345836
0.00246922619
0.00251735101
0.00255986575
0.00343036559
0.00347165021
0.00352896731
0.00357679009
0.0004231656
0.000470773538
0.0005035553
0.000549727063
0.00146071695
0.0015076986
0.00156525203
0.00161115546
0.00165709262
0.00170286286
0.00174870826
0.00179482951
0.00184023792
0.00187442657
0.00192198804
0.00196590167
0.00201139595
0.00205655602
0.00210090103
0.00215991056
0.00220528616
0.0022513621
0.00229722397
0.0023429917
0.00238885571
0.00243461034
0.00246905084
0.00251685195
0.00256001716
0.00343021386
0.00347148183
0.00352906365
0.00357676785
0.00042320281
0.000458040796
0.000503572699
0.000550284465
0.001460447
0.00150735988
0.00156499521
0.00161103601
0.00165702391
0.00170296189
0.00174879207
0.00179460623
0.00184077239
0.00187646015
0.00192022571
0.00196572342
0.00201147706
0.00205690268
0.00210069098
0.00215918536
0.0022053328
0.00225128114
0.0022971256
0.00234306211
0.00238905102
0.0024349738
0.0024694863
0.00251782281
0.00255926405
0.00342986508
0.00347196713
0.00351905809
0.00357677043
0.000424061814
0.000458348632
0.00050606422
0.000546978353
0.0014616764
0.00150518038
0.00156473278
0.00161103775
0.00165697839
0.00170307206
0.00174886175
0.00179450691
0.0018288564
0.00187645263
0.00192007398
0.00196550002
0.00201091589
0.00205760071
0.00210255572
0.00214641307
0.0022053899
0.00225103076
0.00229694505
0.0023430392
0.00238903167
0.00243542378
0.00246951143
0.00251674748
0.00255842392
0.00347235105
0.00351888058
0.00357575989
0.000424117671
0.000458372465
0.000505298594
0.00146377453
0.00150611578
0.00155331631
0.00161109333
0.00165724215
0.00170303678
0.00174886748
0.00179547681
0.00183048134
0.00187473898
0.00191839982
0.00210244959
0.00214750249
0.00220421383
0.0022509796
0.00229691727
0.00234279124
0.00238899459
0.00242389489
0.00247127326
0.00251548712
0.00347513208
0.0035170921
0.00357592134
0.000411775778
0.000459560696
0.000501939452
0.00150738595
0.0015525388
0.00160994385
0.00165650383
0.00170375819
0.00174934828
0.00178505978
0.00182940644
0.00215070046
0.00219180659
0.00225044954
0.00229625788
0.00234365695
0.0023901755
0.00242337894
0.00247133889
0.00351837238
0.00356382997
0.000412702265
0.000455272513
0.00155527986
0.00159800746
0.00164411521
0.00169237733
0.00173915987
0.00178054933
0.00223994255
0.00228351595
0.00233006251
0.00237837438
0.00242481734
0.00356420688
0.00169346295
0.00173639572
0.00178285254
0.00182763627
0.00215035855
0.00219365869
0.00223967305
0.00228603943
0.00160235332
0.00164331205
0.00168893199
0.0017475769
0.00179416217
0.00184093076
0.00188685326
0.00192148163
0.00196581932
0.00201144978
0.00205662555
0.00211309805
0.00215907714
0.00220544383
0.00225221604
0.00228643187
0.00233387697
0.00237810283
0.00041172643
0.0015976934
0.00164431368
0.00170119118
0.00174794463
0.00179408104
0.00184012805
0.00188603179
0.0019315177
0.00197714938
0.0020228317
0.00206839754
0.00211404395
0.00215980224
0.00220562166
0.00225188896
0.00229869329
0.00233286026
0.00238029593
0.00242274835
0.00356658729
0.000413899085
0.000456812695
0.00155395478
0.00159757557
0.00165476599
0.00170211888
0.00174819658
0.00179411315
0.00184001232
0.00188578583
0.00193151032
0.00197720217
0.00202268893
0.00206842403
0.00211413678
0.00215986658
0.00220579119
0.00225177039
0.00229784047
0.00234514411
0.00237855212
0.00242492618
0.00246624248
0.00356307814
0.000413782658
0.000458319653
0.00155248784
0.00159891025
0.00165614702
0.00170226132
0.00174825494
0.00179418075
0.00184000184
0.00188575142
0.00193143607
0.00197712158
0.00202283632
0.00206857816
0.0021142302
0.00215993096
0.00220575491
0.00225173648
0.00229783365
0.00234402128
0.00237859475
0.00242609836
0.0024678655
0.00352178232
0.00356340167
0.000411783446
0.000458872052
0.00151055945
0.00155217521
0.00159900084
0.00165637797
0.0017022075
0.00174827786
0.00179429162
0.00184003849
0.00188584282
0.00193151453
0.00197712975
0.00202287244
0.00206855541
0.0021142484
0.00216002486
0.00220573553
0.00225176302
0.00229785796
0.00234365121
0.00237813862
0.00242494805
0.00246887296
0.00352102875
0.00356248819
0.000411874345
0.000459232959
0.00151160585
0.00155236623
0.00159941336
0.00165646506
0.00170222495
0.00174827699
0.00179429419
0.00184002785
0.00188582328
0.00193150057
0.00197712954
0.0020228727
0.00206853347
0.00211422754
0.0021600193
0.00220576479
0.00225181504
0.00229783328
0.00234358502
0.0023777958
0.00242313043
0.00246856413
0.00352074055
0.00356201366
0.000411761923
0.000458585269
0.00155145199
0.00159896562
0.00165629179
0.00170227872
0.00174826457
0.00179419809
0.00184002002
0.00188574079
0.0019313834
0.00197711987
0.00202288487
0.00206861853
0.002114259
0.00215996992
0.00220581324
0.00225178901
0.00229771502
0.00234373087
0.00237844203
0.00242632794
0.00246793014
0.00352149228
0.00356291048
0.000414124604
0.000456645239
0.00155325474
0.00159918562
0.00165494934
0.00170223438
0.00174825275
0.00179413889
0.00184001469
0.00188578708
0.00193148502
0.00197716305
0.00202282768
0.00206861225
0.00211428188
0.00215996113
0.00220580578
0.0022517049
0.00229771753
0.0023449517
0.00237824258
0.00242523081
0.00246699702
0.00356277372
0.000411955957
0.00155529869
0.00159738486
0.00164433733
0.00170175989
0.00174822686
0.00179418493
0.00184007049
0.00188590097
0.00193143593
0.00197710792
0.00202287895
0.00206854138
0.00211425451
0.00215996136
0.00220565663
0.00225171092
0.00229842817
0.00233275021
0.00237966896
0.00242512709
0.00356539054
0.00040979782
0.0015993123
0.00164411783
0.00169076932
0.00174777259
0.00179421569
0.00184086273
0.00188684727
0.00192116815
0.00196576245
0.00201136826
0.0020568013
0.00211315068
0.00215910128
0.00220557411
0.00225206515
0.00228637936
0.00233423317
0.00237802778
0.00242080221
0.00164655564
0.00168997293
0.00173541479
0.00178367472
0.00182827896
0.00187662532
0.00191992872
0.00196566439
0.00201144363
0.00205711139
0.00210248629
0.00214728209
0.00219358909
0.00223993621
0.00228659484
0.00233335714
0.00182842136
0.00187304211
0.00191988959
0.00196546108
0.00201140014
0.00205730694
0.00210345179
0.00214885644
0.00219210084
0.00173541941
0.00178144251
0.00182821301
0.00188522829
0.00193129544
0.00197711854
0.00202291949
0.0020687446
0.00211478269
0.00214876932
0.00219632785
0.00224052661
0.00228507335
0.00168915451
0.00173433906
0.00179247829
0.00183970165
0.00188555238
0.00193133543
0.00197709123
0.00202284598
0.00206857269
0.00211438728
0.0021602511
0.00220703644
0.00224070058
0.00228822566
0.0023310105
0.00164586953
0.00168840807
0.00173620214
0.00179373315
0.00183961598
0.00188546989
0.00193129522
0.0019771046
0.00202280454
0.00206859066
0.00211443042
0.00216030342
0.00220620737
0.00224085787
0.00228670884
0.00233354307
0.00164403727
0.00169058711
0.00174753053
0.0017938066
0.00183966459
0.00188542923
0.00193134676
0.00197712159
0.00202284451
0.00206863011
0.00211453268
0.00216025298
0.00220602721
0.00225250585
0.00228662238
0.00233474116
0.00237675292
0.00160176066
0.00164264963
0.00169026542
0.00174812109
0.00179405013
0.00183972166
0.00188553159
0.00193140466
0.0019771271
0.0020228643
0.00206860357
0.00211450061
0.00216029195
0.00220587414
0.00225187004
0.00228667471
0.00233490904
0.00237772775
0.00160275625
0.00164347775
0.00169036957
0.00174811198
0.00179405721
0.00183969337
0.00188550031
0.00193139239
0.00197712432
0.00202285072
0.00206857628
0.00211448313
0.00216031977
0.0022060361
0.00225209056
0.00228690245
0.00233404006
0.00237688709
0.00164340472
0.00169039816
0.00174742795
0.00179381131
0.00183964013
0.001885383
0.00193131013
0.00197710922
0.00202285189
0.00206862341
0.00211450759
0.00216027139
0.0022062018
0.00225270601
0.00228664603
0.00233430247
0.00237719933
0.00164413889
0.0016889752
0.00173629699
0.00179376253
0.00183959014
0.00188545693
0.00193125039
0.00197706531
0.00202288056
0.00206869392
0.00211448453
0.00216033186
0.00220621263
0.00224075297
0.00228654327
0.00233352426
0.0023762805
0.00164620627
0.00168920834
0.00173621401
0.00179283056
0.00183957666
0.00188552648
0.00193126866
0.00197705452
0.00202287811
0.00206865439
0.00211446126
0.00216023426
0.00220705313
0.00224072837
0.00228771626
0.00233301917
0.00169220738
0.00173524971
0.00178219741
0.00182800561
0.00188519957
0.00193122168
0.00197704902
0.00202287032
0.00206874373
0.002114743
0.00214874376
0.0021945499
0.0022417391
0.00228759727
0.00173883427
0.00178084347
0.00182850824
0.0018732767
0.00191984416
0.0019656083
0.00201143557
0.00205729221
0.00210478624
0.00214894867
0.00219581464
0.00223989494
0.00183100686
0.00187347927
0.00191902004
0.00196585393
0.00201150368
0.00205795217
0.00210390145
0.00214822065
0.00178301595
0.00182728544
0.0018725659
0.00191982146
0.00196560126
0.00201140537
0.0020572525
0.00210299618
0.00215014705
0.00219468264
0.00173888089
0.00178153877
0.00182653135
0.00187382479
0.00191964933
0.00197707903
0.00202280373
0.00205709575
0.00210318226
0.00214900078
0.00219610645
0.00224004569
0.00173690179
0.00178009008
0.00182797954
0.00187362177
0.00193139106
0.00197712849
0.00202288626
0.00206863963
0.00210326467
0.00214912341
0.00219466438
0.00224179045
0.00228402
0.00173703988
0.00178101297
0.00182802888
0.00187384286
0.00193138117
0.00197709885
0.00202289697
0.00206861179
0.00210317739
0.00214918411
0.00219448345
0.00224137781
0.00228407887
0.00173624785
0.00178276616
0.00182810383
0.00187389606
0.00193138496
0.00197711472
0.00202284867
0.00206853648
0.00210313107
0.00214923449
0.00219467277
0.00224207229
0.00228482926
0.00173746182
0.00178028426
0.00182781492
0.0018735897
0.00193135738
0.00197711381
0.00202283356
0.00206853534
0.00210311558
0.00214911901
0.00219465043
0.0022422366
0.00228381427
0.00173816547
0.00178122268
0.00182801904
0.00187364929
0.0019196146
0.00197699554
0.00202295158
0.00205733344
0.00210313642
0.00214901161
0.00219627722
0.0022405819
0.00178232705
0.0018264338
0.00187396799
0.00191951833
0.00196548998
0.00201146871
0.00205734793
0.0021030887
0.00215047863
0.00219569945
0.0022393386
0.00182803872
0.00187362795
0.00191880622
0.00196559146
0.0020114158
0.00205836779
0.00210302614
0.00214941584
0.00219307214
0.00192057075
0.00196584746
0.00201152231
0.00205702216
0.00210096735
0.00191950709
0.00196593419
0.00201142115
0.00205710274
0.00210084259
0.00187578778
0.001920123
0.00196573727
0.00201150579
0.00205723904
0.00210234742
0.00187514704
0.00191980687
0.00196545906
0.00201147802
0.00205745331
0.00210270717
0.00214646874
0.00187531128
0.00191980504
0.00196543597
0.00201160321
0.00205728924
0.00210274404
0.00214665896
0.00187440695
0.00191997811
0.00196554355
0.00201146709
0.00205720158
0.00210250637
0.0021469012
0.00187579059
0.00192043164
0.00196573045
0.00201146659
0.00205704537
0.00210229399
0.00196599568
0.00201147135
0.00205532785
0.000939216369
0.000960553103
0.000982867716
0.00100567639
0.00102850701
0.00105076417
0.0010722445
0.00292782078
0.00294944353
0.00297168613
0.00299416337
0.00301714035
0.00303952702
0.00306073101
0.00089364069
0.000870171975
0.00089183832
0.000913975779
0.000936891361
0.000914766978
0.00093728696
0.000960302159
0.000982917365
0.000960054412
0.000982836606
0.00100567024
0.00102847573
0.00100569578
0.00102854368
0.00105108533
0.00107445309
0.00105129259
0.00107405095
0.00109641713
0.00109714602
0.00111856924
0.00290363763
0.00288114313
0.0029027143
0.00292568876
0.0029490329
0.00292603808
0.00294878961
0.002971595
0.00299428739
0.00297148029
0.00299426233
0.00301711399
0.0030397876
0.00301716275
0.00303998127
0.00306309151
0.00308593307
0.00306271461
0.00308517705
0.00310615962
0.0031080146
0.00312963624
0.000847662754
0.00087017077
0.000892261972
0.000869103821
0.000891952697
0.00091452721
0.000937192298
0.000914321134
0.0009370684
0.000959980056
0.000982778162
0.000959934846
0.000982829508
0.00100569739
0.00102857487
0.00100568236
0.00102869888
0.00105145071
0.00107419336
0.00105151061
0.00107436659
0.00109666823
0.00111926431
0.00109688367
0.00111883846
0.00114054501
0.00114051087
0.00285924178
0.00285947599
0.00288043207
0.0029032698
0.00288096128
0.00290305084
0.002925806
0.00294855401
0.00292565509
0.0029485486
0.00297134622
0.00299432234
0.00297122939
0.00299421773
0.00301716086
0.00304006582
0.00301734647
0.00304012398
0.00306280177
0.00308543723
0.00306292015
0.00308563065
0.00310784382
0.00312988298
0.00310806984
0.00313071527
0.00315197525
0.000847827019
0.000847652115
0.000869676421
0.00089182686
0.000869663145
0.000891746001
0.00091416164
0.000936896689
0.000914116891
0.000936845107
0.000959860747
0.000982786739
0.000959741331
0.000982716359
0.00100574118
0.00102864846
0.00100565583
0.00102865885
0.00105151601
0.00107442391
0.00105150863
0.00107446481
0.00109709239
0.00111932187
0.00109719886
0.00111974094
0.00114172735
0.00114292794
0.00116359163
0.00285873084
0.00283652413
0.00285751943
0.00288062594
0.00290294411
0.00288034933
0.00290286997
0.00292559389
0.00294840134
0.00292555366
0.00294840835
0.00297135548
0.0029943078
0.00297136639
0.00299440356
0.00301732384
0.00304030643
0.00301732245
0.00304027661
0.0030630137
0.00308568047
0.00306306829
0.00308577832
0.00310811998
0.00313000574
0.0031082437
0.00313027569
0.00315172252
0.0031520629
0.000847567915
0.000848133552
0.00086967298
0.000891756956
0.000869858215
0.000891842004
0.000914160313
0.00093692854
0.000914330051
0.000937077208
0.000959801802
0.000982648796
0.000959870521
0.000982731082
0.00100563976
0.00102880624
0.00100571763
0.00102882861
0.00105159377
0.00107440282
0.0010516146
0.00107438176
0.00109715867
0.00111963694
0.00109705797
0.00111934262
0.00114232751
0.00116344765
0.00114145317
0.00283660609
0.0028576231
0.00285872125
0.002880408
0.00290285249
0.00288066786
0.00290293371
0.00292553002
0.00294853834
0.00292557652
0.00294852282
0.0029714323
0.00299436332
0.00297137923
0.00299426455
0.00301732595
0.00304027868
0.00301722419
0.00304028654
0.00306324843
0.0030859379
0.00306320858
0.00308590373
0.00310829208
0.0031304607
0.00310821319
0.00313032137
0.00315221298
0.00315191118
0.00084804017
0.000869285358
0.000891933782
0.000870627561
0.000892233746
0.000914451429
0.000937120905
0.000914595385
0.000937165097
0.000959840862
0.000982733644
0.000959866947
0.000982817628
0.00100572553
0.00102866349
0.00100571253
0.00102858328
0.00105155973
0.00107436898
0.00105140162
0.00107415835
0.00109689326
0.00111901457
0.00109660651
0.00111926891
0.00114077376
0.00114054434
0.00285932942
0.00285938614
0.00288101624
0.00290309768
0.0028806483
0.00290326558
0.00292561331
0.00294848683
0.00292580061
0.00294859484
0.00297132899
0.00299419066
0.00297135108
0.00299425442
0.0030172844
0.00304015395
0.00301725466
0.00304015971
0.00306302842
0.00308568373
0.00306284326
0.00308546553
0.00310803589
0.00313095265
0.00310773511
0.00312952855
0.00315223815
0.000870910941
0.000891963448
0.000893511368
0.000914708579
0.000937299134
0.000913945963
0.000936785059
0.000960068374
0.000982815101
0.000960182216
0.000982877074
0.00100572903
0.00102853697
0.00100571593
0.00102841252
0.00105122039
0.00107385134
0.00105103858
0.00107417286
0.00109700017
0.00111852129
0.0010958902
0.00288111277
0.00290294077
0.00290398458
0.00292617047
0.00294871552
0.00292597463
0.00294896457
0.00297146373
0.00299428516
0.00297148358
0.00299428648
0.0030171605
0.00303997079
0.00301709321
0.00303970955
0.0030625989
0.00308521168
0.0030628882
0.00308605496
0.00310813981
0.00312942903
0.00310651027
0.000939111628
0.000960413372
0.000982997965
0.00100565971
0.00102845258
0.0010507061
0.00107207748
0.00292815218
0.00294916064
0.00297144155
0.00299437818
0.00301701675
0.00303946257
0.00306075435
0.00089272428
0.000914580045
0.000937339086
0.000960060183
0.000982878717
0.00100559501
0.00102857036
0.00105146825
0.00107371566
0.00109555056
0.00290429567
0.00292630515
0.00294857501
0.00297160919
0.00299414604
0.00301706063
0.00304024937
0.00306274157
0.00308521112
0.00310678103
0.000801893926
0.000847222504
0.000822422969
0.00084451078
0.000893240914
0.000867794588
0.000890181609
0.000867505699
0.000890363262
0.000914565545
0.000936111826
0.000913856987
0.000936219049
0.000914016309
0.000936074793
0.000983239029
0.000959458079
0.000982989165
0.000959247322
0.000982894887
0.000958310191
0.00098278319
0.00102806836
0.00100566785
0.00102841088
0.00100563847
0.00102846426
0.00100566445
0.00102858483
0.00105170691
0.00107499895
0.0010519637
0.00107523127
0.00105276662
0.00107532409
0.0010970923
0.00111786069
0.0010982214
0.00112121488
0.00109753895
0.00112090626
0.00114271745
0.0011634754
0.00114399876
0.00116613361
0.00118888129
0.00120902452
0.00279097084
0.00281109348
0.0028364657
0.0028573272
0.00283381802
0.00285629079
0.00288229262
0.00290316525
0.00287895592
0.00290162419
0.00287930938
0.00290260722
0.00295051254
0.00292482267
0.00294802141
0.00292475836
0.00294778663
0.00292453323
0.00294688595
0.00299436358
0.0029715251
0.00299430393
0.00297151383
0.00299427713
0.00297133059
0.00299430303
0.00303806836
0.00301707112
0.00304052545
0.00301709175
0.00304077316
0.00301722498
0.00304160605
0.00306372168
0.00308555967
0.00306395545
0.00308586128
0.00306393811
0.00308587525
0.00310664063
0.00310922767
0.00313190728
0.00310941333
0.0031325562
0.00315270602
0.00315521102
0.00317739496
0.00319821183
0.000755339069
0.000778057109
0.000799794317
0.000776786954
0.000799138023
0.000847636748
0.000824097277
0.000845738525
0.000821894497
0.000844600662
0.000821307069
0.000844025438
0.000890924428
0.000868829805
0.000891035045
0.000867300046
0.0008896513
0.00086826073
0.000891146221
0.000936924636
0.0009131498
0.000936438787
0.000913969411
0.000936937397
0.000913992639
0.000936935886
0.000982891904
0.000960118827
0.000982868561
0.000959852488
0.000982812883
0.000959891471
0.000982829417
0.00102853792
0.00100569187
0.0010285964
0.00100570811
0.00102861041
0.00100570193
0.0010286473
0.00107431196
0.00105132864
0.00107508702
0.0010514965
0.00107449166
0.00105156007
0.00107466749
0.00112026699
0.00109879594
0.00112028398
0.00109755689
0.00112196207
0.00109773574
0.00112066523
0.00114341864
0.00116492895
0.0011451181
0.00116756063
0.00114522858
0.00116813509
0.00118872117
0.00121116891
0.00118992534
0.00121133518
0.00123237706
0.00123299905
0.00276747784
0.00276720366
0.0027886959
0.00281139088
0.00278869395
0.00280990839
0.00285835992
0.00283504345
0.0028568369
0.00283303316
0.00285545674
0.00283222008
0.00285527072
0.00290312182
0.0028799299
0.00290154378
0.0028784274
0.00290261945
0.00287959663
0.00290247313
0.00294873862
0.00292494456
0.00294899101
0.00292554162
0.00294847289
0.0029254239
0.00294857717
0.00299442974
0.0029716634
0.0029942174
0.00297144056
0.00299434115
0.00297147056
0.0029942952
0.00303984458
0.00301714549
0.00303980114
0.00301717986
0.00304008874
0.00301715746
0.00304002661
0.00308554296
0.00306335509
0.00308648123
0.00306291689
0.00308588008
0.00306288852
0.00308579724
0.00313200745
0.00310887677
0.00313117631
0.00311029923
0.00313274047
0.00310875518
0.00313167068
0.00315413518
0.00317511866
0.00315521861
0.00317797091
0.00315577137
0.00317820689
0.00320029018
0.0032219039
0.00320067922
0.00322304714
0.0032444438
0.000733524405
0.00075442444
0.0007329762
0.000754490255
0.000801785985
0.000801396862
0.000776279697
0.000798141196
0.000774757163
0.000797473847
0.000845865143
0.000823121524
0.000844607165
0.000821300036
0.000845399103
0.000822468585
0.000845279295
0.000890539182
0.00086646866
0.000889725441
0.000868195203
0.00089111621
0.00086806799
0.000891055354
0.000935501805
0.000914173258
0.000937067074
0.000914027504
0.000936939843
0.000914057332
0.000936993839
0.00107631957
0.00105151192
0.00107460905
0.00105163481
0.00107480297
0.00105161649
0.0010746548
0.00112167084
0.00109905571
0.00112168596
0.00109781559
0.00112061085
0.00109764856
0.00112042179
0.00116573149
0.00114405281
0.00116552558
0.00114337172
0.00116749678
0.00114318227
0.00116597719
0.00118819849
0.00120963283
0.00119014772
0.00121232546
0.00118995876
0.00121302158
0.00123487301
0.00125617576
0.0012349346
0.00125686946
0.00127746644
0.00272203995
0.0027440386
0.00276561837
0.00274304885
0.00276503927
0.00281231704
0.00279043902
0.00281136784
0.00278722471
0.00280941846
0.0027866862
0.00280947336
0.00285698583
0.0028341377
0.00285579696
0.00283215281
0.00285664577
0.00283370337
0.00285668063
0.00290059276
0.00287801023
0.00290070977
0.00287947667
0.00290227924
0.00287946035
0.0029023053
0.00294858243
0.00292542809
0.00294855566
0.00292529601
0.00294846802
0.00292537847
0.00294843854
0.00308652396
0.00306286903
0.00308567527
0.00306292454
0.003085782
0.00306290602
0.00308578091
0.00313224203
0.00310998557
0.00313330672
0.00310870209
0.00313156579
0.0031087335
0.00313174352
0.00317649313
0.00315531102
0.0031769587
0.00315438077
0.0031782716
0.00315460526
0.00317743985
0.00319856267
0.00320138305
0.00322360898
0.0032023599
0.00322507065
0.00324571721
0.00326660945
0.00324525263
0.00326674742
0.000710007425
0.000732071897
0.000753646187
0.000730718712
0.000752438346
0.00079999156
0.000779172446
0.000800443921
0.000775093506
0.000797864975
0.000774677651
0.000799499316
0.000843670169
0.000822060623
0.000843726969
0.000822476652
0.00084531288
0.000822417887
0.000845252431
0.00089123159
0.000866683739
0.000891357099
0.00086805105
0.000891125677
0.000868139117
0.000891188415
0.00112136862
0.00109719098
0.00112008867
0.00109741292
0.00112028895
0.00109733002
0.00112027813
0.00116673903
0.00114516843
0.00116773145
0.00114314832
0.00116605373
0.00114326752
0.0011660826
0.00120943039
0.00118875252
0.0012106536
0.00118868418
0.00121320876
0.00118865487
0.00121272906
0.00123160327
0.00123607394
0.00125655667
0.00123552311
0.00125726572
0.00127780071
0.0012790964
0.00272222117
0.00272121115
0.00276783678
0.0027433924
0.00276377915
0.00274246723
0.00276386906
0.00281160606
0.00278901669
0.00281129984
0.0027864041
0.00281104335
0.00278679402
0.00281120613
0.00285534211
0.00283252948
0.00285492557
0.00283389389
0.002856737
0.00283398691
0.00285678771
0.00290258137
0.0028798203
0.00290275364
0.00287956502
0.0029025164
0.00287969572
0.0029026324
0.00313364899
0.0031085326
0.00313294013
0.00310872459
0.00313179416
0.00310867553
0.00313166773
0.00317745845
0.00315615018
0.00317810075
0.00315470126
0.00317763189
0.00315464874
0.0031776351
0.00322094707
0.00319954015
0.00322083203
0.0032022309
0.00322471475
0.00320055834
0.00322534969
0.0032461047
0.00326782346
0.0032476418
0.00326950639
0.00329016253
0.000710714324
0.000710332304
0.000731353769
0.00075194106
0.000731247966
0.00075195642
0.000800259683
0.000778867587
0.000800004019
0.000774255412
0.000799471782
0.00077433023
0.000799418538
0.00084302938
0.000820497402
0.00084278184
0.000822239226
0.000845072508
0.000822120645
0.00084498364
0.000891417764
0.000868339795
0.000891419859
0.000868179077
0.000891230812
0.00086818403
0.000891244169
0.00116835488
0.00114549301
0.0011679153
0.00114353548
0.00116622451
0.00114363729
0.0011663133
0.00121020885
0.00118897506
0.00121037601
0.00118868705
0.00121132953
0.00118874438
0.00121143513
0.00123176272
0.00123594
0.00125819235
0.00123646984
0.00125867423
0.00127968478
0.00128008408
0.00130061706
0.00272038594
0.00269939099
0.00271969029
0.00276791306
0.00276780825
0.0027412439
0.00276323717
0.00274101132
0.00276320283
0.00281135506
0.00278942246
0.0028108977
0.00278830045
0.00281124128
0.00278835132
0.00281119
0.0028547515
0.0028324904
0.00285520689
0.00283393704
0.00285670831
0.00283390477
0.00285670622
0.00313142068
0.00310851766
0.00313150901
0.00310864807
0.0031316369
0.00310867472
0.00313167596
0.00317903917
0.00315684813
0.00317931741
0.00315472717
0.00317773389
0.00315480637
0.00317780975
0.00322157643
0.00320022075
0.00322181527
0.00320075766
0.00322623473
0.00320085244
0.00322643353
0.00324852696
0.00326881463
0.0032487171
0.00326896153
0.00328969336
0.00328982168
0.000710218302
0.000710454688
0.000731208203
0.000751956956
0.000731333592
0.000751846587
0.000799831827
0.000778694588
0.000799871753
0.000774258128
0.000799329844
0.000774107645
0.000799298915
0.000842697274
0.000820695972
0.000843320749
0.00082204172
0.000844969038
0.000822166283
0.000845183469
0.000891440927
0.000868502452
0.000891496005
0.000868207231
0.000891268964
0.000868305547
0.000891315435
0.0011676919
0.0011456731
0.00116852494
0.00114350039
0.00116626582
0.00114352828
0.00116634486
0.0012103498
0.00118897474
0.00121035772
0.00118882757
0.00121148518
0.00118891141
0.00121160563
0.00123170135
0.00123649359
0.00125873468
0.00123642723
0.00125838906
0.00128001374
0.00130054334
0.001279075
0.00269937228
0.00271975279
0.00272101229
0.0027680963
0.00276820963
0.00274126254
0.00276347584
0.00274151723
0.00276349057
0.00281099636
0.00278953235
0.0028111498
0.00278843328
0.00281121662
0.00278836381
0.00281115878
0.00285528084
0.00283203069
0.00285490324
0.00283393497
0.00285673647
0.00283391827
0.00285674396
0.00313158812
0.0031085774
0.00313159163
0.00310870908
0.00313171173
0.00310873493
0.00313173278
0.00317931282
0.00315651013
0.00317896479
0.00315480907
0.00317779511
0.00315473227
0.00317767748
0.00322173962
0.00319996522
0.00322130464
0.00320081528
0.00322630325
0.00320066244
0.00322593119
0.00324845622
0.00326870447
0.00324808853
0.00326847406
0.0032894931
0.00328918854
0.00070989922
0.000730804026
0.00075221905
0.000732129053
0.000753534468
0.000800385825
0.000779055549
0.000800310811
0.000774350361
0.000799457872
0.000775178311
0.000798204927
0.000844051849
0.000822765852
0.000843933949
0.000822427548
0.000845441571
0.000822547932
0.000845555133
0.000891482564
0.000866761112
0.000891415725
0.00086837962
0.000891333196
0.000868409717
0.0008913071
0.001120198
0.00109723246
0.00112148194
0.00109732384
0.00112032171
0.00109733506
0.0011202922
0.00116790731
0.00114452486
0.00116659629
0.00114338641
0.00116625098
0.00114321737
0.00116614908
0.00121118092
0.00118826371
0.00120986693
0.00118895419
0.00121338317
0.00118893772
0.00121355374
0.00123612586
0.00125734831
0.00123615211
0.00125656406
0.0012784279
0.00127808623
0.00272157595
0.00272188168
0.00276796495
0.00274264632
0.00276384976
0.00274351988
0.00276381671
0.00281099088
0.00278992114
0.00281152691
0.00278675147
0.0028110473
0.00278622432
0.0028109101
0.00285481258
0.00283314703
0.00285517049
0.00283381657
0.00285670687
0.00283372168
0.00285663856
0.00290279743
0.00287847591
0.00290271843
0.002879695
0.002902666
0.00287959803
0.00290259693
0.00313332895
0.00310871029
0.00313358163
0.00310879102
0.00313183568
0.0031088305
0.00313183563
0.00317782915
0.00315631321
0.00317722153
0.00315467304
0.00317752634
0.00315462528
0.0031775469
0.00322072498
0.00320007863
0.00322110205
0.00320052058
0.00322540418
0.00320222441
0.0032250277
0.00324762421
0.00326928546
0.00324645433
0.00326802797
0.00328977102
0.000733122818
0.000754670114
0.000733661236
0.000754507766
0.000801508345
0.000801643954
0.000775246425
0.000797724874
0.000776435015
0.000797960819
0.000845027218
0.000822878624
0.000845978855
0.000822476097
0.000845505535
0.000820824314
0.000845385371
0.000889837525
0.000867524724
0.000890472512
0.000868359268
0.000891173629
0.000868274557
0.000891087416
0.000937032634
0.000913091443
0.000935349506
0.000914069431
0.000936965007
0.000913942239
0.000936854735
0.0010743673
0.00105143675
0.00107582086
0.00105150762
0.00107446494
0.00105151387
0.00107453593
0.00112164783
0.00109888489
0.00112119424
0.00109742885
0.00112030966
0.00109744207
0.0011202997
0.00116578133
0.00114291452
0.00116606735
0.0011432223
0.00116628099
0.00114326442
0.00116787687
0.00120966973
0.00118800087
0.00119063009
0.00121324512
0.00119093918
0.00121274074
0.00123474568
0.0012572715
0.00123438928
0.0012563936
0.00127810695
0.00272211096
0.00274308597
0.00276493586
0.00274392151
0.00276526003
0.0028113121
0.00281229178
0.00278626548
0.00280920187
0.00278708529
0.00280925166
0.00285566601
0.00283416288
0.00285689248
0.00283366995
0.00285662131
0.00283236734
0.00285666269
0.00290111113
0.00287843706
0.00290097567
0.00287950316
0.00290247211
0.00287952548
0.00290245332
0.00294856047
0.00292416499
0.00294855221
0.00292549036
0.0029484678
0.00292544071
0.00294846843
0.00308581614
0.00306439497
0.00308680945
0.00306299968
0.00308594297
0.00306305919
0.00308603045
0.00313322442
0.00310963366
0.00313242032
0.00310893682
0.00313180307
0.00310899739
0.00313175982
0.00317682587
0.00315394481
0.00317684856
0.00315453541
0.00317751004
0.00315453302
0.00317893621
0.00319807059
0.0032024122
0.00322506869
0.00320189456
0.00322362341
0.00324541235
0.00326721462
0.0032456843
0.00326652784
0.000755282574
0.000776802303
0.000798727318
0.000777830475
0.000799513249
0.000845751267
0.000847660263
0.000820844661
0.000843979018
0.000821779432
0.000844671642
0.000890869075
0.000868066752
0.000890524098
0.00086824117
0.000890991395
0.000867196299
0.0008893606
0.000936330159
0.000914237778
0.000936927407
0.000913836777
0.000936859721
0.000913893216
0.000936933821
0.000982889764
0.000960164218
0.000982942174
0.000959867284
0.000982827479
0.000959917098
0.000982823032
0.00102858094
0.00100552882
0.00102860673
0.00100569497
0.00102862796
0.00100566116
0.00102863784
0.00107496518
0.00105137332
0.00107422863
0.00105151074
0.00107452305
0.00105155762
0.00107445879
0.00111993188
0.00109694929
0.00112034176
0.00109739865
0.00112036537
0.00109743501
0.00112201701
0.00116477812
0.00114185419
0.00114459343
0.00116777839
0.00114480668
0.00116717295
0.00119020801
0.00121129634
0.00118861945
0.0012112093
0.00123279574
0.00123264969
0.00276685763
0.0027678614
0.00278866683
0.00281016609
0.00278870971
0.00281119144
0.00285688964
0.00285806322
0.0028322334
0.00285532838
0.00283286632
0.00285518938
0.00290167254
0.00287979299
0.00290300152
0.00287959193
0.00290254151
0.00287829182
0.00290257279
0.00294868421
0.0029255739
0.00294880755
0.00292545922
0.00294848319
0.00292547208
0.0029485028
0.00299429582
0.00297151327
0.00299423639
0.00297136564
0.00299431302
0.00297141319
0.00299431319
0.00303994197
0.0030172082
0.00304008054
0.00301721708
0.00304019444
0.00301729513
0.00304035413
0.00308673218
0.00306303883
0.00308580668
0.00306315098
0.00308608912
0.00306325012
0.0030862616
0.00313119905
0.00310954943
0.00313226728
0.0031091147
0.00313184223
0.00311109262
0.00313305996
0.00317577636
0.0031521535
0.0031557726
0.00317878744
0.00315507673
0.00317809873
0.00320127563
0.0032230568
0.00320047701
0.00322185756
0.00324462204
0.000801780641
0.0008221867
0.000844728946
0.000847159416
0.000893206664
0.000867289116
0.000890558038
0.00086800713
0.000890672185
0.000936280171
0.000914040971
0.000936153678
0.000914055675
0.0009363064
0.000982780489
0.000962186063
0.000983283339
0.000958577377
0.000982772369
0.000959440243
0.000982931387
0.00102841252
0.00100572991
0.0010279952
0.00100570374
0.0010286408
0.00100568841
0.00102847051
0.00107508311
0.00104944866
0.00105302708
0.00107543118
0.00105207997
0.00107520841
0.00111804391
0.00109733933
0.00112097778
0.00109818057
0.00112105612
0.00114421055
0.00116645432
0.00114247367
0.00116360676
0.0011888809
0.00120901362
0.00279078445
0.00281098362
0.00283344446
0.00285608438
0.00283607028
0.00285740483
0.00290315976
0.0028792589
0.00290262973
0.00287908904
0.00290164769
0.00294813676
0.00295066142
0.00292448169
0.00294701897
0.00292471919
0.00294784557
0.00299429272
0.00297204891
0.00299429165
0.002971405
0.0029943518
0.0029715036
0.002994362
0.00304092109
0.00301673273
0.00303840028
0.00301737037
0.00304214474
0.00301716532
0.00304103711
0.00308575709
0.00306440099
0.0030862529
0.00306419049
0.00308605639
0.00311010505
0.00313266637
0.00310954899
0.00313177266
0.00315497516
0.00317756071
0.00315242563
0.00319826126
0.000893147501
0.00091470391
0.000937342155
0.00095983461
0.000982936843
0.00100565771
0.00102857924
0.00105130351
0.00107372876
0.00109539289
0.00290434256
0.00292629568
0.00294854006
0.00297137606
0.00299440854
0.00301710417
0.00304012428
0.00306278137
0.00308524077
0.00310678993
0.000755180685
0.000801911369
0.000801601905
0.000774856703
0.000798229651
0.000823168385
0.000845187101
0.0008232725
0.000845515768
0.000822866731
0.000845557743
0.000893195354
0.000866100837
0.000889585028
0.000867710581
0.000890709165
0.000867396309
0.000889607312
0.000937415716
0.000914342558
0.00093721672
0.000914395085
0.000937254848
0.000914107649
0.000937111425
0.000982841277
0.000960006687
0.000982829134
0.000959775664
0.000982835799
0.000959910929
0.000982819763
0.00102856892
0.00100571408
0.00102863298
0.00100576837
0.00102859449
0.00100572273
0.00102861451
0.00107382356
0.00105149782
0.00107418134
0.00105157725
0.00107406936
0.0010515318
0.00107435834
0.00109850437
0.00112232084
0.0010974745
0.00112062403
0.00109850837
0.00112093794
0.00114338913
0.00116548912
0.00114299937
0.00116556656
0.00114305314
0.00116556202
0.0011865964
0.00118648865
0.00118995964
0.0012132726
0.0012342173
0.00125523935
0.00274482772
0.00276557933
0.00281308823
0.00281365929
0.0027865983
0.00280979118
0.00283450132
0.00285648366
0.00283454572
0.00285705241
0.00283442729
0.00285689852
0.00290454387
0.00287753502
0.00290109935
0.00287905467
0.00290213451
0.00287873276
0.00290117955
0.0029488011
0.00292577319
0.00294861861
0.00292557804
0.00294853552
0.00292547991
0.0029484685
0.00299425339
0.00297140558
0.00299417874
0.00297138674
0.00299425848
0.00297137758
0.00299425988
0.0030400755
0.00301715115
0.00304014621
0.00301721033
0.00304025712
0.00301720043
0.00304015751
0.00308492127
0.00306291636
0.00308547519
0.00306290122
0.00308546885
0.00306297217
0.00308577775
0.00310995691
0.00313356652
0.00310926413
0.00313215658
0.00311014744
0.00313243804
0.0031547209
0.00317673008
0.00315464627
0.00317666306
0.00315440724
0.00317705382
0.00319778362
0.00319811729
0.00320134278
0.00322444315
0.0032447785
0.000710345124
0.000686567609
0.000706873358
0.000733207501
0.000753412441
0.00073012124
0.000751999967
0.000730349034
0.000752817365
0.000799139217
0.000775122014
0.000799118308
0.000774888273
0.000797990596
0.000774833324
0.000799428704
0.000844660097
0.000821728139
0.000843744301
0.0008224302
0.000845433961
0.000822446213
0.000845395534
0.00116622487
0.00114313996
0.00116708936
0.00114289055
0.00116575304
0.00114289121
0.0011657818
0.00121205634
0.00118925544
0.00121193834
0.00119008066
0.00121241179
0.00118863561
0.00121170063
0.00123557712
0.00125594724
0.00123504559
0.00125920096
0.00123607537
0.00125902828
0.00128058682
0.00130070216
0.00128124542
0.0013030489
0.00132387266
0.00267586143
0.00269925577
0.00271952312
0.00269702266
0.00271854775
0.00276746738
0.00274363333
0.00276420974
0.00274101685
0.00276452527
0.0027403988
0.00276347166
0.00280984797
0.00278786175
0.00281053016
0.00278720455
0.00280947283
0.00278798805
0.00281108392
0.00285690236
0.00283275065
0.00285694757
0.00283408749
0.00285704611
0.00283405323
0.00285706101
0.00317793707
0.00315597771
0.00317806261
0.00315436464
0.00317731841
0.00315441606
0.00317738225
0.00322239139
0.00320086198
0.00322530934
0.0032016173
0.00322492004
0.00320048575
0.00322534837
0.00324676208
0.00326661958
0.00324807734
0.00326983229
0.00324736393
0.00326972935
0.00329009248
0.00329315929
0.00331364931
0.000663541082
0.000641690866
0.000662450582
0.000710210957
0.0007098564
0.000684370279
0.000706384975
0.000683310014
0.000706079171
0.000752785778
0.00073050819
0.0007522645
0.000729286924
0.000753565145
0.000730711411
0.000753621413
0.00125800724
0.00123646126
0.00125928072
0.0012346822
0.00125896876
0.00123472302
0.00125768238
0.00128060454
0.00130171297
0.0012818916
0.00130416392
0.00128192426
0.00130480633
0.00132517552
0.00132806234
0.0013484821
0.00267504917
0.00265196467
0.00267246092
0.00272029904
0.00269825455
0.00271906583
0.0026955518
0.00271752017
0.00269506045
0.00271754547
0.00276366002
0.00274074783
0.00276352423
0.00274038369
0.00276487882
0.00274209273
0.00276517176
0.00326873161
0.00324753682
0.00326959518
0.00324639895
0.00327069546
0.00324630421
0.00326941809
0.00329058777
0.00329380183
0.00331610667
0.00329445011
0.00331706883
0.00333676767
0.0033378245
0.00335843264
0.000618871342
0.000641040529
0.000661850569
0.000639566232
0.000660464336
0.000707478986
0.000686138411
0.00070673022
0.000683165976
0.000706228684
0.000682822837
0.000707685344
0.000752486336
0.000728747329
0.000753681123
0.000730708104
0.000753682988
0.000730604364
0.000753647487
0.00130282948
0.00128133849
0.00130299756
0.00128048196
0.00130498716
0.00128034938
0.00130349365
0.00132431944
0.00132770119
0.00134964291
0.00132847912
0.00135029566
0.00136999543
0.00137066221
0.00262992134
0.00262921608
0.00267683076
0.00267644083
0.00265086772
0.00267286459
0.00265027955
0.00267226922
0.00271870141
0.00269721533
0.00271819414
0.00269544444
0.00271937743
0.00269675114
0.00271947594
0.0032704328
0.0032461361
0.00327090887
0.00324631493
0.00326938222
0.00324624427
0.00326928572
0.00331354365
0.00329302973
0.00331374993
0.00329402088
0.00331707125
0.00329227986
0.00331719834
0.00333832086
0.00335929033
0.00333957039
0.00336044059
0.00338107498
0.000618758289
0.000618114029
0.000664061145
0.000664491469
0.000639406239
0.00066040739
0.000638510208
0.000660216906
0.000705880405
0.000685310562
0.000706261298
0.000683267059
0.000707681659
0.000684886359
0.000707737997
0.00130433416
0.00128330081
0.00130556832
0.00128054721
0.00130352124
0.00128086896
0.00130367799
0.0013260986
0.00134611615
0.00132849649
0.00135083206
0.00132761816
0.00135025456
0.00137109428
0.00137238585
0.00139284813
0.00262887113
0.00260741715
0.00262769595
0.00267484634
0.00265324599
0.00267345546
0.00264924799
0.00267159218
0.00264927727
0.00267174414
0.00271763934
0.00269477486
0.00271720923
0.00269648044
0.00271938802
0.00269629966
0.00271925325
0.00331478427
0.00329401104
0.00331486837
0.00329231001
0.00331669453
0.00329246835
0.0033153032
0.00333575452
0.00333933638
0.00336047727
0.00334004959
0.00336175001
0.00338120743
0.00338202729
0.000617369145
0.000616823995
0.0006641248
0.000663903414
0.00063801271
0.000659979523
0.000637790949
0.000659861734
0.000706123457
0.000684023635
0.000705725685
0.000684873622
0.000707741681
0.000684733465
0.000707618129
0.00130572803
0.00128217568
0.00130452882
0.0012808938
0.00130358768
0.00128057702
0.0013032759
0.00134584161
0.00132517599
0.00134592676
0.0013259896
0.00135045897
0.00132579895
0.00135044816
0.00137202636
0.00139231994
0.00137207748
0.00139242089
0.00260795906
0.00262797519
0.00260760012
0.00262775258
0.00267479376
0.00265393597
0.0026746048
0.00264941545
0.00267381984
0.00264929208
0.00267399489
0.00271704703
0.00269532743
0.00271774199
0.00269646641
0.002719205
0.00269660889
0.00271934633
0.0033160047
0.00329449361
0.00331630292
0.00329257786
0.00331553046
0.00329259848
0.00331565716
0.00333680581
0.00334057536
0.00336243844
0.00334100881
0.00336289607
0.003382808
0.00338305777
0.00061687097
0.000617111559
0.000663747524
0.000663511292
0.000637659377
0.00065968162
0.000637414817
0.000659245458
0.000705585139
0.000684061946
0.000705808917
0.000684582421
0.000707514616
0.000684493674
0.000707508022
0.00130442629
0.00128240834
0.00130487521
0.00128041022
0.00130315934
0.00128043662
0.00130317068
0.00134578211
0.00132494308
0.00134567202
0.00132575355
0.00135039547
0.00132587124
0.00135030436
0.00137204787
0.00139245892
0.00137191591
0.00139226893
0.00260757308
0.00262764492
0.0026078963
0.00262796158
0.00267460182
0.00265392901
0.00267500455
0.00264914267
0.00267400635
0.00264938708
0.00267399379
0.00271787565
0.00269524443
0.00271774894
0.00269670883
0.00271944127
0.00269680908
0.00271955315
0.0033160059
0.0032937419
0.00331553042
0.00329243717
0.00331549073
0.00329229605
0.00331529766
0.0033361545
0.00334081749
0.003362641
0.00334039497
0.00336228218
0.00338252494
0.0033828637
0.000618025257
0.00061906946
0.000664238394
0.000664326994
0.000638110968
0.000659780151
0.00063953219
0.000660517283
0.000706114789
0.000685183012
0.000705835087
0.000684615645
0.000707563834
0.00068322494
0.000707556276
0.00130498825
0.0012826792
0.00130465241
0.00128059582
0.00130348325
0.00128077652
0.00130368687
0.00134642566
0.00132523698
0.00132785045
0.00135037636
0.00132861851
0.00135086618
0.00137213001
0.0013925094
0.00137105866
0.0026076285
0.00262803458
0.0026291911
0.0026738449
0.00267472968
0.00264939838
0.00267201339
0.00264895863
0.00267126335
0.00271757115
0.00269542429
0.00271736802
0.00269660892
0.00271949643
0.00269633517
0.00271931611
0.00331479988
0.00329425242
0.00331528906
0.0032923511
0.00331538982
0.00329250408
0.00331720425
0.00333612457
0.00334031769
0.00336198376
0.00334007339
0.00336072893
0.00338250891
0.00338115274
0.000618768548
0.00063948989
0.000660404218
0.00064086584
0.000661722792
0.000706529859
0.000686321747
0.000707373908
0.000682637031
0.000707481851
0.000683079798
0.000706027524
0.000753699851
0.000729491891
0.000752377263
0.000730473651
0.000753595902
0.000730574528
0.00075358926
0.00130301745
0.00128167306
0.00130266199
0.00128084843
0.00130362505
0.00128094458
0.00130505306
0.00132346185
0.00132841371
0.00135027619
0.00132775812
0.00134961123
0.00137048387
0.00136980578
0.00262961276
0.00262991602
0.00267594002
0.00267634992
0.0026499325
0.00267160532
0.00265074094
0.00267224063
0.0027182563
0.00269713392
0.00271876292
0.00269634998
0.00271940241
0.0026947926
0.00271928831
0.00327140624
0.00324775872
0.00327051559
0.00324642509
0.00326949344
0.00324643711
0.00326938521
0.00331396603
0.00329239169
0.00331323493
0.00329237445
0.0033171669
0.0032937134
0.00331643737
0.00333975142
0.00336081501
0.00333807224
0.00335925206
0.00338114618
0.000641616089
0.000662377942
0.000663417762
0.000709865585
0.000710532951
0.000683463402
0.000706063357
0.000684477605
0.000706863932
0.00075212883
0.000731585491
0.000752707159
0.000730771827
0.000753570383
0.000729682297
0.000753577721
0.001259352
0.00123610923
0.00125865556
0.00123479709
0.00125792938
0.00123498304
0.00125950667
0.00130189528
0.00127972773
0.00128251093
0.001305172
0.00128242959
0.00130428006
0.00132809121
0.0013484163
0.00132512572
0.00265217256
0.00267206141
0.00267524719
0.00271922705
0.002720315
0.00269474675
0.00271776186
0.00269585491
0.00271751852
0.00276310945
0.00274118098
0.00276373024
0.00274193233
0.00276492948
0.0027401585
0.00276479684
0.00326961321
0.0032471361
0.00326868535
0.0032464318
0.00326932649
0.00324641225
0.0032704344
0.00328976216
0.00329410453
0.0033165645
0.00329332775
0.0033156542
0.00333768595
0.00335862881
0.00333659721
0.000686502034
0.000707214961
0.000710365109
0.000753278011
0.000730498931
0.000752745402
0.000730358404
0.00075215917
0.000798939055
0.000777894048
0.000799104699
0.000774630805
0.000799327874
0.000774950084
0.000798103262
0.000843660508
0.000821772124
0.000844383904
0.000822319156
0.000845259488
0.000822416158
0.000845269859
0.00116745984
0.00114316184
0.00116639023
0.00114310042
0.00116607967
0.00114309849
0.00116605383
0.00121210145
0.00119045285
0.00121229237
0.001188982
0.00121196405
0.00119068925
0.00121279133
0.00125619498
0.00123236647
0.00123631119
0.00125932449
0.00123533139
0.00125919526
0.00128138674
0.0013028496
0.00128057774
0.00130060212
0.0013238374
0.00267632707
0.00269700199
0.00271837129
0.00269906817
0.00271953634
0.00276416983
0.00276737913
0.00274027279
0.00276344054
0.00274107465
0.00276449789
0.00281020101
0.00278749316
0.00280957304
0.00278784014
0.00281085483
0.0027870211
0.00280918469
0.00285681145
0.00283334718
0.00285699673
0.00283385631
0.00285697091
0.00283394526
0.00285703014
0.00317813124
0.00315515193
0.00317810203
0.00315446487
0.00317751503
0.00315454927
0.00317754405
0.00322517789
0.00320097757
0.00322228897
0.00320070207
0.00322548603
0.00320211402
0.00322548154
0.00326657068
0.00324740857
0.00326954248
0.00324820006
0.00326988781
0.00329278745
0.00331341648
0.00328982513
0.000755414256
0.000801866485
0.000775328388
0.000798554498
0.000801767973
0.000844953284
0.00082282358
0.000845348419
0.000823191364
0.000845378129
0.000889869477
0.000893177979
0.000867256927
0.000889636463
0.00086751983
0.00089070905
0.000937144836
0.000914801972
0.000937274455
0.00091411216
0.000937056819
0.00091436348
0.000937200196
0.000982800199
0.000959836786
0.000982773904
0.000959855445
0.000982796857
0.000959741445
0.000982805271
0.00102859667
0.00100574818
0.00102849789
0.0010057017
0.00102860386
0.0010056972
0.00102858935
0.00107429312
0.00105138873
0.00107415584
0.0010515299
0.00107452961
0.00105148537
0.00107423549
0.00112246584
0.00109512089
0.00109909357
0.00112148594
0.0010977533
0.00112122341
0.00116560477
0.0011433017
0.0011658044
0.00114297395
0.00116559271
0.00119006697
0.00121339418
0.00118613172
0.00123422341
0.00125515971
0.00274495736
0.00276552876
0.0028131744
0.00278621746
0.00280960283
0.00281342987
0.00285677461
0.00283441125
0.00285692627
0.0028348854
0.00285690824
0.00290116581
0.00290461572
0.00287873752
0.00290103199
0.00287890918
0.00290204766
0.00294845596
0.00292610541
0.00294854725
0.00292546815
0.00294842506
0.00292562472
0.00294849529
0.00299430241
0.00297148484
0.00299419976
0.00297136257
0.00299429203
0.00297139463
0.00299429134
0.0030401394
0.0030172903
0.0030401636
0.00301721997
0.00304013565
0.00301723641
0.00304014105
0.00308553347
0.00306286679
0.00308501018
0.00306300538
0.00308579955
0.00306298525
0.00308545249
0.00313353241
0.00310662659
0.00311019486
0.00313275642
0.00310908186
0.00313260133
0.00317681161
0.00315465426
0.00317724078
0.00315460525
0.00317676037
0.00320174219
0.00322526677
0.00319832224
0.00324501835
0.000641169388
0.000660974686
0.000687745892
0.000708135196
0.000688256826
0.000709159026
0.000684319169
0.000708592686
0.000755294899
0.000728795049
0.000751995004
0.000730320734
0.000752824415
0.000729841781
0.000751979535
0.00079906534
0.000775646083
0.000797913486
0.000777665835
0.000800562185
0.000778236931
0.000800664623
0.000846503169
0.000822689549
0.000847421994
0.000822408772
0.0008439416
0.00082277114
0.000847166422
0.000891739407
0.000869632154
0.000891509481
0.00087064353
0.000891738758
0.000937017422
0.000914248471
0.000937093579
0.000914363637
0.000936897623
0.000982789204
0.000959915834
0.000982801691
0.000959943001
0.000982794287
0.00102867798
0.00100569167
0.00102860349
0.0010056884
0.00102859947
0.00107433244
0.00105146571
0.00107428162
0.00105146571
0.00107442274
0.00111975585
0.0010970484
0.00111964128
0.00109685963
0.0011192675
0.00116495643
0.00114139173
0.0011638063
0.00116744857
0.00114041974
0.00116352143
0.00121213268
0.00118998602
0.00121228468
0.00118858792
0.00121039903
0.00118824904
0.00121027911
0.00125465197
0.00123395045
0.00125835514
0.00123351036
0.00125769172
0.00123276179
0.00125857581
0.00128171584
0.00130132517
0.00128052529
0.00130116585
0.00128088493
0.00130426784
0.00132765752
0.00134805561
0.00265204216
0.00267210628
0.0026980743
0.00271840226
0.00269863001
0.00271933257
0.00269523116
0.00271893158
0.00276622318
0.00274160345
0.00276593181
0.00274211292
0.00276645337
0.00274139024
0.0027674508
0.00281093149
0.00278762973
0.00280998264
0.00278965251
0.00281142063
0.00278969171
0.00281166574
0.00285833228
0.00283599112
0.00285846011
0.002832698
0.00283612723
0.00285980807
0.00290302571
0.00288045556
0.00290295279
0.00288095345
0.00290322987
0.00294830236
0.00292567243
0.00294845064
0.00292556254
0.00294851022
0.0029942725
0.00297136851
0.00299430628
0.00297134494
0.00299433089
0.00304014004
0.00301722085
0.00304013054
0.00301718365
0.00304010573
0.00308545726
0.0030629989
0.00308567009
0.00306318684
0.00308566136
0.00313000826
0.00310834363
0.00312986564
0.00310799286
0.00312923772
0.00317706124
0.0031522817
0.00317702309
0.00315561605
0.00317725967
0.00315235381
0.00317702734
0.00322350006
0.0032014256
0.00322387102
0.00319901449
0.00322248048
0.00319906301
0.00322157115
0.0032476295
0.00327105375
0.00324671975
0.00326919259
0.00324752485
0.00326968914
0.00329136638
0.00331223711
0.00329102221
0.0033114557
0.00329121795
0.00331530753
0.00333885827
0.0033587526
0.000617513639
0.000594340595
0.00061479369
0.000662921077
0.000640125483
0.000660344051
0.000637515819
0.000660177928
0.000637143829
0.00065981321
0.000707366169
0.000683283676
0.00070633555
0.000683426435
0.00070800858
0.00068450293
0.000707827836
0.000937264861
0.000914542937
0.000937346949
0.000915215285
0.000938332289
0.000916284737
0.000938459822
0.000982815041
0.000959999649
0.000982844014
0.000960253209
0.000982831283
0.000960102906
0.000982884031
0.00102853344
0.0010056774
0.00102851571
0.00100565542
0.00102845674
0.00100568612
0.00102846541
0.00107404832
0.00105128321
0.00107400191
0.00105105124
0.00107283123
0.00105112481
0.00107277622
0.00111980619
0.00109673111
0.00111980318
0.00109613456
0.00111966607
0.00109496424
0.00111960067
0.0013043219
0.00128048841
0.00130456932
0.00128023821
0.00130467552
0.0012802477
0.00130342785
0.00134684513
0.0013274268
0.00134967035
0.00132691973
0.00135053819
0.0013263551
0.00135064205
0.00137032825
0.0013733547
0.00139247279
0.00137336714
0.00139570315
0.0014154831
0.00258410802
0.00262964616
0.00260722026
0.00262652582
0.00260413271
0.00262671894
0.00267264576
0.00265027941
0.00267228458
0.00264952765
0.00267274025
0.00264941549
0.00267348153
0.00271890704
0.00269530691
0.00271935959
0.00269475327
0.00271960663
0.00269636871
0.00271963485
0.00290289458
0.00288002944
0.00290294289
0.00288046271
0.00290358362
0.00288018359
0.00290441885
0.00294854577
0.0029256993
0.00294857731
0.00292671111
0.00294886467
0.00292672472
0.00294877571
0.00299427928
0.00297138679
0.00299429901
0.00297148288
0.00299422
0.00297137358
0.00299432187
0.00304006562
0.00301719053
0.00304003979
0.00301720689
0.00303980549
0.00301720268
0.0030398858
0.00308568372
0.00306280678
0.00308563249
0.00306193735
0.00308506992
0.00306178863
0.00308410923
0.00331603994
0.00329382282
0.00331681151
0.00329184521
0.00331610164
0.0032921724
0.00331542495
0.00333949588
0.0033601351
0.00333946103
0.00336233545
0.00334004157
0.00336334172
0.00338318637
0.00338611803
0.00340653656
0.000571876989
0.000550130294
0.00057039547
0.000617619435
0.000595491464
0.000615763196
0.000591918024
0.000614369346
0.000591866233
0.000614369108
0.000660524326
0.00063790535
0.000660663999
0.000637244377
0.000661571287
0.000638804377
0.00066185003
0.00135131838
0.00132894602
0.00135188238
0.00132676942
0.00134967212
0.00132696774
0.00134998936
0.00139247077
0.00137319914
0.0013936983
0.00137367993
0.00139629273
0.00137274859
0.00139769011
0.00141772125
0.00143788021
0.00141943521
0.00143853904
0.00256196402
0.00258219623
0.0025611372
0.00258103123
0.0026280724
0.00260676533
0.00262736803
0.00260395487
0.00262647822
0.00260310477
0.00262773825
0.00267127441
0.00264888503
0.00267159505
0.00265049915
0.00267335669
0.00265049657
0.00267341307
0.00336231741
0.00333966367
0.00336246915
0.00333867238
0.00336334332
0.00333841079
0.00336149386
0.0033840891
0.00340422392
0.00338593746
0.00340862276
0.0033854748
0.00340801699
0.00342845609
0.00342989546
0.00345003928
0.000527397324
0.00057293036
0.00054949753
0.000569507719
0.00054769168
0.000569200806
0.000615133002
0.000593279941
0.000615098514
0.00059149454
0.000616115709
0.000591686992
0.000616186086
0.00139586919
0.00137452656
0.00139630206
0.00137279064
0.00139753359
0.00137266183
0.00139549401
0.00141637907
0.00141977995
0.00144080883
0.0014198989
0.00144165358
0.00146118978
0.00146156981
0.00253871869
0.00253857752
0.00258391055
0.00258358777
0.00255873012
0.00258044427
0.00255822043
0.00258005917
0.00262636671
0.00260358273
0.00262531337
0.00260303896
0.00262754698
0.00260461074
0.00262745922
0.00340516514
0.00338512703
0.00340705662
0.00338411407
0.00340900993
0.00338409718
0.00340888366
0.0034273644
0.00343087099
0.00345053389
0.00343126542
0.0034524044
0.00347250287
0.000527164018
0.000526333051
0.00057279841
0.000571699365
0.000547250806
0.000568654465
0.000546218508
0.000567772376
0.000614474326
0.000592173006
0.000613935546
0.000593165575
0.000616065418
0.00059282649
0.000615781155
0.00139707937
0.00137414986
0.00139652586
0.00137263626
0.00139532865
0.00137235589
0.00139504831
0.00143760024
0.00141696373
0.00143746556
0.00141935975
0.00144165081
0.00141754325
0.00144197806
0.00146282134
0.00146429795
0.00148385872
0.002537294
0.00251565312
0.00253553815
0.00258290521
0.00256253186
0.00258318548
0.00255843342
0.00258079217
0.00255802595
0.00258257044
0.00262517875
0.00260359857
0.00262602072
0.00260482752
0.00262751207
0.00260509095
0.0026277892
0.00340728649
0.00338624018
0.00340795051
0.00338414463
0.00340709548
0.00338440923
0.00340738973
0.00342828947
0.00343168432
0.00345293746
0.0034323942
0.00345387586
0.00347290383
0.00347406224
0.000525772855
0.000525004828
0.000571434635
0.000571325998
0.000545841824
0.000567549382
0.000545529521
0.000567350609
0.000613319383
0.000591166539
0.000612812121
0.000592461469
0.000615403542
0.000592194569
0.000615117974
0.00139660014
0.00137163168
0.00139655481
0.00137194529
0.00139483863
0.0013717405
0.00139470085
0.00143793994
0.00141807195
0.00143812993
0.00141746552
0.00144217093
0.00141740649
0.00144222936
0.00146359238
0.00148344644
0.00146372206
0.00148373065
0.0025165152
0.00253640412
0.00251645099
0.00253621611
0.00258229844
0.00256164447
0.00258190136
0.00255791647
0.00258267182
0.00255764378
0.0025825976
0.0026281785
0.00260344163
0.00262829773
0.00260531851
0.00262814174
0.00260533707
0.00262825994
0.00340872257
0.00338705219
0.00340897428
0.00338479539
0.00340792738
0.0033849546
0.00340817956
0.00342986395
0.00343328451
0.00345476367
0.00343380884
0.00345515245
0.00347456584
0.00347444317
0.000524947066
0.00052569196
0.000570952302
0.000571281312
0.000545263587
0.000567006601
0.000545793283
0.000567358227
0.000612871078
0.000591426735
0.000613124765
0.000592118756
0.000615104457
0.00059236606
0.000615319505
0.00139659422
0.00137176703
0.00139656012
0.00137171433
0.00139470002
0.00137183669
0.0013947897
0.00143815073
0.0014179243
0.00143799898
0.00141742457
0.00144224285
0.0014174898
0.00144226793
0.00146374288
0.0014837335
0.00146375384
0.00148368329
0.00251634481
0.0025362761
0.00251632259
0.0025366574
0.0025818247
0.0025622182
0.00258214617
0.0025577712
0.00258259933
0.0025581464
0.00258267721
0.00262826984
0.00260360961
0.0026282576
0.00260533243
0.00262826938
0.00260534289
0.0026282336
0.00340861032
0.00338691316
0.00340867821
0.0033848016
0.00340798061
0.00338478396
0.00340780155
0.00342893767
0.003433424
0.00345485196
0.00343288122
0.00345434486
0.00347457748
0.00347450792
0.000526359829
0.000527282109
0.000571893455
0.000572690443
0.000546371944
0.000567940934
0.000547095555
0.000568580637
0.000613936083
0.000593196152
0.000614758874
0.000592871728
0.00061579112
0.000593317785
0.000616178439
0.00139639552
0.00137458156
0.0013969155
0.00137211764
0.00139493761
0.00137237817
0.0013951612
0.00143753
0.00141734927
0.00143788085
0.00141762328
0.00144217078
0.00141949005
0.00144191936
0.00146459789
0.00148430401
0.00146291737
0.00251588965
0.00253596417
0.00253756225
0.00258295741
0.00256232076
0.00258255337
0.00255822883
0.00258253833
0.00255830895
0.00258056781
0.00262659135
0.00260336023
0.00262573838
0.00260525921
0.00262807852
0.00260502062
0.00262783982
0.0034082672
0.00338566332
0.00340717894
0.00338455673
0.00340742902
0.0033841123
0.00340694679
0.00342728535
0.00343224043
0.00345372731
0.00343154564
0.00345287752
0.00347374564
0.00347284162
0.000527357755
0.000572806308
0.000547565451
0.000569260343
0.000549443756
0.000569448655
0.000615088309
0.000595368807
0.000615031683
0.00059187126
0.000616226937
0.000591565237
0.00061612228
0.00139611385
0.00137356124
0.00139524477
0.00137239411
0.00139519026
0.00137232246
0.00139657094
0.00141585092
0.00141991447
0.00144183567
0.00141927882
0.00144092912
0.00146146273
0.00146122862
0.00253860803
0.00253881175
0.00258342354
0.00258401407
0.00255823647
0.00258025
0.00255934226
0.00258082143
0.00262568402
0.00260453049
0.00262634013
0.00260486813
0.00262771216
0.00260330948
0.00262767175
0.00340669904
0.00338509
0.00340486084
0.00338393859
0.0034083315
0.00338402368
0.00340858473
0.00343089932
0.00345236518
0.00343062661
0.00345029349
0.00347267334
0.00054982104
0.000570102855
0.000571853958
0.000615816649
0.000617854178
0.000591860568
0.000614550443
0.000591607322
0.000614863583
0.00066062692
0.000638410754
0.000660635512
0.000638926243
0.000661923076
0.000637812422
0.000661867054
0.00135148964
0.00132893515
0.00135131923
0.0013269038
0.00134969865
0.0013268164
0.00134961139
0.00139284144
0.00137175039
0.00139232594
0.00137220492
0.00139666675
0.00137341551
0.0013960313
0.00141894403
0.00143868037
0.00141778272
0.00143824704
0.00256141766
0.00258093943
0.00256182562
0.0025819299
0.00262735232
0.00260754928
0.00262839086
0.00260303204
0.00262781909
0.00260394428
0.00262680852
0.00267178193
0.00264935342
0.00267193655
0.0026506996
0.00267357708
0.0026508034
0.0026737074
0.0033623633
0.00333957941
0.00336235249
0.00333838721
0.00336146486
0.00333864641
0.00336326436
0.00340427464
0.00338257165
0.00338559049
0.00340809375
0.00338597887
0.00340843225
0.00342965647
0.0034500263
0.00342805596
0.000593803451
0.000614855551
0.000617116347
0.000660783638
0.000663180286
0.000637764539
0.000660483452
0.000637926519
0.00066059579
0.000706498548
0.000683753113
0.000707414072
0.000684750728
0.000707985054
0.000683567553
0.000708147605
0.000936972029
0.0009141016
0.000936978201
0.000915461764
0.000937836956
0.000914683112
0.000937839229
0.000982809529
0.000959898851
0.000982823794
0.000960119843
0.000982833826
0.000960122561
0.00098292565
0.00102858785
0.00100569808
0.00102854941
0.00100571743
0.0010285763
0.00100569384
0.00102840703
0.0010743044
0.00105143253
0.00107436783
0.00105121263
0.00107326072
0.00105112473
0.00107348067
0.00112000343
0.00109717747
0.00111996776
0.00109565575
0.00111974196
0.00109645669
0.0011196727
0.00130472443
0.00128131288
0.0013048599
0.00128046775
0.00130374009
0.00128058403
0.00130552487
0.001349923
0.00132755827
0.00134694726
0.00132663117
0.00135078415
0.00132745789
0.00135052745
0.00137335342
0.00139569858
0.00137347098
0.00139263008
0.00141582149
0.00258414145
0.00262972553
0.00260437815
0.00262681568
0.00260746192
0.00262641959
0.00267262086
0.00265293234
0.00267274058
0.00264937175
0.00267370632
0.00264951671
0.0026729964
0.00271932558
0.0026953739
0.00271893099
0.00269655547
0.00271970168
0.00269509814
0.00271972676
0.002903013
0.00288003885
0.00290287445
0.00288029642
0.00290456828
0.00288027935
0.00290364148
0.00294868173
0.00292575389
0.00294859149
0.00292701949
0.00294894916
0.00292681011
0.00294893686
0.00299430464
0.0029714273
0.00299431562
0.00297147268
0.00299428527
0.00297150284
0.00299437628
0.00304002815
0.00301716957
0.00304006246
0.00301714934
0.00303983737
0.00301705879
0.00303984574
0.00308561002
0.00306284501
0.00308566199
0.00306166707
0.00308394416
0.00306182141
0.00308493733
0.00331664583
0.00329260614
0.00331597695
0.00329208418
0.00331545313
0.00329187571
0.0033163106
0.00336000774
0.0033368749
0.00334027054
0.00336327842
0.00333963549
0.00336273111
0.00338577411
0.00340625934
0.00338280406
0.000641587221
0.000660993604
0.000708194814
0.000684357201
0.000708732576
0.000688272478
0.00070923512
0.000752431678
0.000755614748
0.000730344278
0.000752705875
0.000730448482
0.000753485323
0.000798389092
0.000776644862
0.0007993022
0.000778855726
0.000801099878
0.000778153523
0.000800745053
0.000847228866
0.000822588095
0.000846324345
0.000822716159
0.000846992739
0.000822288698
0.00084386853
0.000891279867
0.000869352041
0.000891607404
0.000870262078
0.000891663103
0.000937049828
0.000914197063
0.000937046668
0.000914416813
0.000936930798
0.000982810934
0.000959904896
0.00098280327
0.000959890185
0.000982806742
0.00102860059
0.0010057129
0.00102857547
0.00100571225
0.00102860919
0.00107434144
0.00105147193
0.00107428607
0.00105138974
0.00107443997
0.00111970685
0.00109690241
0.00111975021
0.0010968664
0.00111916948
0.00116449931
0.0011417954
0.00116539245
0.00114058771
0.00116394575
0.00116796323
0.00121205412
0.00118896856
0.00121198672
0.00118823232
0.00120983893
0.00118851667
0.0012101908
0.00125856428
0.00123367842
0.00125477239
0.00123223301
0.00125863762
0.00123289498
0.00125763006
0.00130219664
0.0012813157
0.00130492853
0.00128062369
0.00130104231
0.00132776159
0.00134772333
0.00265198772
0.00267254517
0.00271850807
0.00269538656
0.00271906996
0.00269877717
0.00271938351
0.00276560106
0.0027447283
0.00276586539
0.00274137341
0.0027675535
0.00274217209
0.00276687258
0.00280991514
0.00278786479
0.00281092998
0.00278977296
0.00281164156
0.00278952808
0.00281151525
0.00285851291
0.00283546059
0.00285834493
0.00283629792
0.00285977717
0.00283294595
0.00290278207
0.00288013288
0.00290293349
0.00288062692
0.00290307436
0.00294844836
0.00292572614
0.00294821585
0.00292556799
0.00294852523
0.00299427264
0.00297131238
0.00299424482
0.00297137888
0.002994283
0.00304013122
0.00301723806
0.00304020959
0.00301719007
0.00304007688
0.00308567237
0.00306313668
0.00308537166
0.00306309597
0.00308566458
0.00313084963
0.00310837583
0.0031309283
0.00310832032
0.00312982238
0.00317736944
0.00315399886
0.00317722534
0.00315331143
0.00317718924
0.00315627012
0.00317723914
0.00322444177
0.00320067786
0.0032237065
0.00319924511
0.0032218348
0.00319913645
0.00322253355
0.00327101274
0.00324445433
0.00324760215
0.00326975232
0.00324660469
0.00326930582
0.00331215351
0.0032913045
0.00331555206
0.00329097663
0.0033114982
0.0033387993
0.00335887606
0.000550337164
0.000569923105
0.000595512926
0.000615145381
0.000596651031
0.000616853713
0.000592768598
0.000616293895
0.000662327349
0.000638221402
0.000661882147
0.000639539881
0.000663755518
0.000638615736
0.000664538328
0.000709738698
0.000684402056
0.000710347922
0.000686571921
0.00070755068
0.000687029475
0.000710905797
0.000753925035
0.000732522979
0.000754171671
0.000733945826
0.000754577614
0.000778519763
0.000801932379
0.00077551417
0.000822841084
0.00084358162
0.00116695926
0.0011880375
0.00120941064
0.00125676463
0.00123253711
0.00125620774
0.00123535159
0.00125540847
0.0013038413
0.00127856442
0.00130447511
0.00128229096
0.00130283602
0.00127847168
0.00130213479
0.00134766897
0.00132713829
0.00135099403
0.0013257435
0.00134965796
0.00132447875
0.00135044439
0.0013736029
0.00139413858
0.00137159875
0.00139336853
0.00137272428
0.00139698094
0.00142023064
0.0014398939
0.00256017419
0.00257963396
0.00260589474
0.00262609265
0.00260633109
0.00262755424
0.00260299619
0.00262698521
0.00267327271
0.00264899097
0.00267269771
0.00264994617
0.00267409313
0.00264927452
0.00267483705
0.00272042993
0.00269518204
0.00272121842
0.0026969958
0.00271779715
0.002697361
0.00272143226
0.00276414371
0.00274381661
0.0027679076
0.00274448214
0.00276494749
0.00279075187
0.00281194181
0.00283303468
0.00315641102
0.00317704774
0.0032252593
0.00319813857
0.00322158279
0.00322473829
0.00326700185
0.00324571414
0.00326724678
0.00324533602
0.00326635755
0.00331442508
0.00328947528
0.0033154873
0.00329226492
0.00331341955
0.00328902068
0.00331280383
0.00335765535
0.00333791857
0.00336119307
0.00333600723
0.0033601215
0.00333519545
0.00336082248
0.0033843875
0.0034043513
0.00338286344
0.0034035551
0.0033833469
0.00340718009
0.00343033308
0.00345025441
0.000525971099
0.000503128212
0.000522720961
0.000571717832
0.000548264476
0.000569155559
0.000546551164
0.000569185206
0.000545469033
0.000568762769
0.00061477172
0.000591578776
0.000614417533
0.000591944742
0.000616456299
0.000593045011
0.000616239874
0.000801137837
0.000777407823
0.000800411406
0.000779150475
0.000800640205
0.000778832236
0.000801362586
0.000847411265
0.000824624316
0.000847743161
0.000820897946
0.000823470036
0.000845041844
0.000891116915
0.000869863398
0.000891591281
0.000914966524
0.000938081848
0.000960068584
0.000982891005
0.00100582389
0.00102853011
0.00105118071
0.00107317316
0.00112010307
0.00109613918
0.0011189126
0.00116350561
0.00114165124
0.00116427271
0.00114471262
0.00116519667
0.00120999848
0.001186402
0.00121086624
0.0011900491
0.00120943232
0.00118678363
0.00120967892
0.0012567619
0.00123369283
0.00125681393
0.00123270759
0.00125581902
0.00123248254
0.00125647573
0.00143849409
0.00141903335
0.00144117006
0.00141956393
0.00144233738
0.00141807843
0.00144205561
0.00146118971
0.00146477367
0.00148376093
0.00146448991
0.00148684069
0.00150643979
0.00249347757
0.0025388795
0.00251621398
0.00253514534
0.00251321529
0.00253554666
0.0025805393
0.00255867464
0.00258070753
0.00255773554
0.00258054694
0.00255791451
0.00258183528
0.00276809529
0.00274323846
0.00276642333
0.00274411269
0.00276747398
0.00274360245
0.00276757964
0.00281276787
0.00278922679
0.00281358674
0.00279064528
0.0028101189
0.00279043306
0.00281333457
0.00285874189
0.00283561154
0.00285784622
0.0028349323
0.00285480446
0.00290088839
0.00288084984
0.00290336331
0.00292664675
0.00294876702
0.00297133906
0.00299435026
0.00301719177
0.00303995467
0.00308798699
0.00306199037
0.00308535538
0.0031305699
0.00310834763
0.00313012744
0.00317627774
0.00315235872
0.00317530065
0.00317915628
0.00315501212
0.00317655713
0.0032210053
0.00319947463
0.00322241144
0.00319932762
0.0032207863
0.00319841804
0.00322078968
0.00340800364
0.00338633726
0.00340920315
0.00338356546
0.00340789791
0.00338411928
0.00340727826
0.00343126237
0.00345126341
0.00343082022
0.00345390382
0.00343131547
0.00345404183
0.00347442176
0.00347696791
0.00349676254
0.000481319774
0.000459589724
0.000479754859
0.000526201308
0.000504970856
0.00052491695
0.00050118582
0.000522795319
0.000501251123
0.000523576527
0.000568859859
0.000546555606
0.000569085674
0.000545146756
0.000569987026
0.000547392638
0.000570343268
0.00084786707
0.000823366527
0.000846199808
0.000824573153
0.000846722766
0.000824986611
0.000847280368
0.000892151247
0.000868810324
0.000893011761
0.000869038221
0.00088933007
0.000868544762
0.000891412486
0.000937294952
0.000916036524
0.000938245867
0.000912882619
0.000982912104
0.000960235979
0.000982888801
0.00102853604
0.0010057643
0.00102830318
0.00107386302
0.00105038509
0.00107339508
0.00107616282
0.00111841994
0.00109635676
0.00111860579
0.00112143443
0.00109697424
0.0011197404
0.00116530137
0.00114251867
0.00116533462
0.00114278965
0.00116480082
0.00114209229
0.00116399425
0.00121105125
0.00118817203
0.00121116776
0.00118694015
0.00120977183
0.00118693246
0.00121121057
0.00144150667
0.00141803681
0.0014423584
0.00141776193
0.00144059484
0.00141779998
0.00144067045
0.0014833874
0.00146445234
0.00148470943
0.00146460161
0.00148699108
0.00146349501
0.00148842625
0.00150813169
0.00151125301
0.00153043766
0.00249138543
0.00246914581
0.00248833863
0.00253673757
0.0025153837
0.00253542006
0.00251263341
0.0025352981
0.00251168621
0.00253641493
0.00258080105
0.00255759505
0.00258211114
0.00255928687
0.00258212747
0.00255924732
0.00258220471
0.00281196705
0.00278890986
0.00281188565
0.002790452
0.00281320939
0.00278887227
0.00281312013
0.00285846706
0.0028346673
0.00285740134
0.00283521208
0.00285691751
0.00283611598
0.0028579814
0.00290390131
0.0028814833
0.00290386257
0.00287833982
0.00288039275
0.00290326945
0.00294860451
0.00292669617
0.00294966896
0.00292401283
0.00299432751
0.00297176736
0.00299418661
0.00303995806
0.0030171146
0.00303943723
0.00308462755
0.00306135836
0.00308377655
0.00308666236
0.00313016688
0.00310689162
0.0031311173
0.0031105992
0.00313099513
0.00310857191
0.00313144659
0.003176569
0.00315385766
0.0031766622
0.00315333281
0.00317542827
0.00315292981
0.00317509151
0.00345363978
0.0034312473
0.00345366945
0.00343011169
0.00345417588
0.00342984517
0.00345264539
0.00347539664
0.00349533677
0.00347677545
0.00349896549
0.00347665771
0.0034991064
0.0035186591
0.00352048489
0.00354067428
0.0004821422
0.000458869661
0.000478733219
0.000456935758
0.000478241928
0.000524008465
0.000502294776
0.000523721421
0.000500586728
0.000525066345
0.000500674911
0.000524978975
0.000846004236
0.00082305259
0.000845895899
0.000824723255
0.000847352914
0.000823055974
0.000847109243
0.000891540613
0.000868682322
0.000891564097
0.000869586709
0.000891131902
0.000870008366
0.000892186547
0.000937999791
0.000914356554
0.00093718775
0.000914222888
0.000937342259
0.000914406926
0.000936892718
0.000983728806
0.000961597495
0.000983688854
0.000958373208
0.000960434328
0.000983350906
0.00102797748
0.00100496548
0.00102709895
0.00103082898
0.00100534435
0.00102841965
0.00107268045
0.00105141527
0.0010741598
0.00105102131
0.00107406236
0.00105186678
0.00107432053
0.00111980557
0.00109690227
0.00111961399
0.00109736622
0.00111962901
0.00109695994
0.00111847134
0.00116515568
0.00114225857
0.0011651074
0.0011403697
0.00116314764
0.00114050137
0.00116339226
0.00148683059
0.00146587361
0.00148747959
0.00146367233
0.00148840716
0.00146378049
0.00148661085
0.00150724155
0.00151067212
0.00153169419
0.0015109265
0.00153241109
0.00155188484
0.00155264255
0.00244814185
0.00244719378
0.00249307139
0.00249257394
0.00246801831
0.00248931762
0.0024672442
0.0024886396
0.00253496896
0.00251268865
0.0025343405
0.00251179667
0.00253624407
0.00251332311
0.00253620904
0.0028575964
0.00283488323
0.00285764692
0.00283698317
0.00285962693
0.00283666574
0.00285936301
0.00290299423
0.00288024112
0.00290302783
0.00288034173
0.00290271273
0.00288124385
0.00290292934
0.00294955131
0.00292583234
0.00294861276
0.00292608451
0.00294878746
0.0029256192
0.00294824358
0.00299484445
0.00297280632
0.00299490522
0.00296919971
0.00297151086
0.00299482527
0.00303893929
0.00301615556
0.00303822828
0.00304194364
0.00301663432
0.00303977142
0.00308358364
0.00306261001
0.00308542131
0.00306236579
0.0030852098
0.00306313543
0.00308559929
0.00313107077
0.00310817816
0.00313092516
0.00310871589
0.00313019209
0.00310766701
0.00312940913
0.00317675214
0.00315381374
0.00317680151
0.00315247751
0.00317541932
0.00315247717
0.0031768099
0.00349593665
0.00347639426
0.00349794584
0.00347523097
0.00349981983
0.00347524805
0.00349965417
0.00351813528
0.00352153214
0.00354132583
0.00352175405
0.00354257798
0.000435676752
0.000436116277
0.000481813013
0.000481089175
0.000454748693
0.00047745078
0.000455701419
0.000477159401
0.000523076982
0.000501040239
0.000522449297
0.000502044297
0.000524796232
0.000501793908
0.000524490754
0.000891620485
0.000868658154
0.000891574367
0.000870611963
0.000893348625
0.00087045966
0.000893569365
0.000937206821
0.000914441054
0.00093726368
0.000914918622
0.000937147505
0.000914771639
0.000937334697
0.000982898403
0.000960057302
0.000982876784
0.000959935862
0.000982886757
0.000960061513
0.000982861181
0.00102854493
0.00100567989
0.00102847432
0.00100580495
0.00102872828
0.00100570052
0.00102848716
0.00107411433
0.00105121683
0.00107398805
0.00105147754
0.00107401142
0.00105113995
0.00107358643
0.00111952256
0.00109667516
0.00111945884
0.00109609318
0.00111804107
0.0010951603
0.00111751351
0.00148832486
0.00146514903
0.00148763899
0.00146380048
0.00148660671
0.00146351145
0.00148633536
0.00150907298
0.00152905963
0.00151117276
0.00153337871
0.00151059528
0.00153303378
0.00155355064
0.0015542269
0.00244657401
0.0024456802
0.00249183191
0.00247064062
0.00249058974
0.00246624863
0.00248821057
0.00246661926
0.0024888409
0.00253398757
0.00251209294
0.00253457627
0.00251320457
0.00253613238
0.00251342129
0.00253633215
0.00290313503
0.00288031173
0.00290319215
0.00288178119
0.00290379664
0.00288211076
0.00290464887
0.00294866099
0.00292601755
0.00294879026
0.0029260308
0.00294859433
0.00292650657
0.00294889406
0.00299424099
0.0029715156
0.0029942953
0.00297127544
0.00299423337
0.00297152177
0.00299427649
0.00303988087
0.00301707846
0.00303988295
0.00301723019
0.00304015507
0.00301708888
0.00303990833
0.00308545384
0.00306259769
0.00308538517
0.0030627851
0.00308518744
0.00306246725
0.00308505314
0.0031307583
0.00310812492
0.00313089328
0.00310608973
0.0031284615
0.00310614434
0.00312872967
0.00349839095
0.00347798662
0.00349936824
0.00347540337
0.00349806898
0.00347580965
0.00349849974
0.00351909932
0.00352227266
0.00354441341
0.00352306248
0.00354430499
0.00356417552
0.00356390598
0.000435610304
0.0004354219
0.000480701782
0.000480201623
0.000455424191
0.000476897565
0.000455025418
0.000476420171
0.000522030196
0.000499854649
0.00052127328
0.000501481341
0.000524150539
0.000501031922
0.000523742676
0.000891605073
0.000868745528
0.000891772088
0.000870062006
0.000893078014
0.000868650874
0.000893622547
0.000937365336
0.000914666117
0.000937441302
0.000915429449
0.000937640339
0.000916275709
0.000937867467
0.000982869626
0.000960123005
0.000982882003
0.000960161436
0.000982858869
0.000960203354
0.000982887426
0.0010283816
0.00100560419
0.00102834626
0.00100561197
0.00102833494
0.00100559877
0.00102829302
0.00107383642
0.00105100381
0.00107379234
0.00105086579
0.0010732145
0.00105075643
0.00107314078
0.00111936893
0.00109650569
0.00111932155
0.00109476626
0.00111719597
0.00109466976
0.0011170833
0.00148763979
0.00146303992
0.00148777369
0.00146318589
0.00148602751
0.00146306103
0.00148591576
0.00152879028
0.00150912705
0.00152912251
0.00150867775
0.00153308103
0.00150853487
0.00153318161
0.00155543149
0.00157519345
0.00155465822
0.00157469933
0.00242475596
0.00244442357
0.00242540163
0.00244518377
0.00249116718
0.00247080563
0.00249103639
0.00246672697
0.00249117976
0.00246652519
0.0024913904
0.00253681381
0.00251242895
0.00253698206
0.00251389771
0.00253675274
0.00251410044
0.00253693828
0.00290333394
0.00288046595
0.00290344585
0.00288238701
0.0029051012
0.00288263075
0.00290537106
0.00294890473
0.00292626232
0.00294894929
0.0029268137
0.00294908444
0.00292706636
0.00294912665
0.00299434314
0.00297162217
0.00299436964
0.00297163736
0.00299434321
0.00297167821
0.00299437572
0.00303986265
0.00301709855
0.0030398587
0.00301708399
0.00303982506
0.00301710239
0.00303979031
0.00308530232
0.00306252299
0.00308522307
0.00306222311
0.00308443611
0.00306212318
0.00308355425
0.00313118249
0.00310809918
0.00313121252
0.00310678438
0.00312992278
0.0031061483
0.00313139216
0.00349992617
0.00347844052
0.00349990974
0.00347615712
0.00349894766
0.00347624835
0.00349906615
0.0035202248
0.00352385367
0.00354511654
0.00352416412
0.00354544016
0.00356423488
0.00356462617
0.000435443138
0.000435298725
0.000480053707
0.000480304559
0.000454916869
0.000476227635
0.000455004898
0.000476434494
0.000521068257
0.000500276762
0.00052175437
0.000500913552
0.000523645935
0.000501234247
0.000523987202
0.000891866978
0.000868995595
0.000891881539
0.00086879905
0.000893748201
0.000870560998
0.000893522821
0.000937528789
0.000914728802
0.00093752803
0.000916367897
0.000938052647
0.000915623144
0.000937926107
0.000982892803
0.00096015758
0.000982902118
0.000960239702
0.000982886826
0.000960215026
0.000982895431
0.00102835919
0.00100563872
0.001028405
0.00100561459
0.00102829813
0.00100563033
0.00102834801
0.00107386524
0.00105115032
0.00107398035
0.00105084566
0.00107329607
0.00105100082
0.00107350967
0.00111932957
0.00109666016
0.00111944327
0.00109469024
0.00111704002
0.00109491955
0.00111724416
0.00148776484
0.00146325962
0.00148766853
0.0014630809
0.00148591372
0.0014632493
0.00148602472
0.00152901781
0.00150880174
0.00152866574
0.00150850394
0.00153311976
0.00150858707
0.0015330336
0.00155459476
0.00157461095
0.00155565079
0.00157536887
0.00242519189
0.00244505589
0.00242458601
0.00244425119
0.00249086766
0.00247085835
0.00249100347
0.00246639763
0.00249130641
0.00246662758
0.00249110592
0.00253700676
0.0025124552
0.00253703686
0.00251406505
0.00253696041
0.00251394717
0.00253688769
0.0029033916
0.00288038592
0.0029033029
0.00288237156
0.0029052486
0.00288248793
0.00290511636
0.00294889576
0.00292604952
0.00294879316
0.00292693379
0.0029490288
0.00292662619
0.0029488651
0.00299436455
0.0029715593
0.00299434444
0.00297164886
0.00299436615
0.00297159772
0.0029943424
0.00303985026
0.00301710756
0.00303989028
0.00301709865
0.00303975278
0.00301710313
0.00303984646
0.00308517707
0.00306258559
0.00308527109
0.00306204927
0.00308342271
0.00306236901
0.00308435042
0.00313120867
0.00310817379
0.00313120107
0.00310612326
0.00313135733
0.00310656135
0.0031297883
0.00350000775
0.00347848983
0.0034998757
0.00347623972
0.00349896547
0.00347607827
0.00349873786
0.0035193675
0.0035236265
0.00354503812
0.00352321059
0.00354462092
0.00356479682
0.00356448662
0.000435750732
0.000435872994
0.000480946498
0.000481862729
0.000455584272
0.000477028267
0.000455554091
0.000477824618
0.000522417974
0.000501868394
0.000523190128
0.000501727652
0.000524437458
0.000502110595
0.000524809799
0.000891838648
0.000868836055
0.000891688317
0.000870940299
0.000893926837
0.000870720702
0.000893273864
0.000937394428
0.000914505334
0.000937278026
0.000914952776
0.000937519616
0.000914963724
0.000937190264
0.000982907913
0.000960115396
0.000982968723
0.000960068247
0.000982872948
0.000959865087
0.000982847715
0.00102847736
0.0010057046
0.00102851182
0.00100568087
0.00102848161
0.00100577079
0.00102871286
0.0010740544
0.00105135682
0.00107412717
0.00105118923
0.001073633
0.00105144512
0.00107388016
0.00111962253
0.00109691694
0.00111976207
0.00109526304
0.00111771745
0.00109628363
0.00111835772
0.00148771644
0.00146614909
0.0014881032
0.00146362623
0.00148629576
0.0014638201
0.00148650788
0.00152888881
0.00150742656
0.00151021343
0.00153269364
0.00151095493
0.00153321845
0.00155427361
0.00155321987
0.00244582798
0.00244667926
0.00249072141
0.0024923253
0.00246675957
0.00248888896
0.00246646617
0.0024886074
0.00253515935
0.00251229032
0.00253448362
0.00251368325
0.00253665189
0.0025136082
0.00253650474
0.00290315669
0.00288020946
0.00290299494
0.00288219526
0.0029046991
0.00288164976
0.00290353424
0.00294871058
0.00292579872
0.00294863412
0.00292633269
0.0029487635
0.00292595333
0.00294858664
0.00299432007
0.00297149941
0.00299430144
0.00297153291
0.00299429629
0.00297141856
0.00299424782
0.00303994473
0.00301710632
0.00303997867
0.00301715079
0.00303997698
0.00301714119
0.00304014206
0.00308535998
0.00306273761
0.00308541618
0.00306257487
0.00308490446
0.00306277441
0.003084822
0.00313122843
0.00310822618
0.00313120236
0.00310613589
0.00312944139
0.00310645309
0.00312927581
0.00349916159
0.00347693892
0.00349822289
0.00347564203
0.00349831804
0.00347522918
0.00349794389
0.00351819304
0.00352283811
0.0035442682
0.00352239942
0.00354485851
0.00356390378
0.0035641292
0.000481948845
0.000457529259
0.000478337405
0.000458764717
0.000478496937
0.000523753051
0.000504032293
0.000523771609
0.000500441429
0.000524884324
0.000500209097
0.000524782967
0.000845878899
0.00082305854
0.000845846583
0.000822992108
0.00084714447
0.000824357719
0.000847077392
0.000891567436
0.000868655956
0.000891546553
0.000869983863
0.000892101719
0.000869574124
0.000891236973
0.000937245988
0.000916019339
0.000938128357
0.000914411428
0.000936815557
0.000914594426
0.000937528977
0.000983955257
0.000960888636
0.000983697201
0.000960249409
0.00098371367
0.000958020564
0.00102700304
0.00100501789
0.00102783545
0.00100488626
0.0010283526
0.0010306536
0.00107425801
0.00105064184
0.00107290213
0.00105182156
0.0010744161
0.0010511106
0.00107429015
0.00111984953
0.00109707886
0.00111985006
0.00109712625
0.00111883393
0.00109733381
0.0011197429
0.0011653468
0.00114252863
0.00116533125
0.00114092071
0.00116372731
0.00114057099
0.00116332792
0.00148738741
0.00146461285
0.00148648969
0.00146367047
0.00148655042
0.0014634289
0.00148785105
0.00150679149
0.00151126449
0.00153282012
0.00151055054
0.0015324689
0.00155282352
0.00155241023
0.00244736378
0.00244778975
0.00249290013
0.00249344313
0.00246736313
0.00248894628
0.00246765582
0.00248962547
0.00253454735
0.0025135715
0.00253533102
0.00251366221
0.00253652246
0.00251245642
0.00253666695
0.00285736321
0.00283445967
0.0028572744
0.00283597794
0.00285893201
0.00283611045
0.00285900761
0.00290294716
0.00288008592
0.00290289098
0.00288126869
0.00290291387
0.00288034813
0.00290271611
0.00294857751
0.00292718833
0.00294934941
0.00292558829
0.00294830291
0.00292581654
0.00294879161
0.00299507935
0.00297202526
0.00299480084
0.00297161275
0.0029949961
0.00296929973
0.00303861166
0.00301649391
0.00303925949
0.00301632983
0.00304006936
0.00304220615
0.00308556303
0.00306176539
0.00308403235
0.00306328836
0.00308557535
0.00306268851
0.00308561359
0.00313125752
0.00310840334
0.00313132554
0.00310769395
0.0031298549
0.00310887534
0.00313053109
0.00317699948
0.0031541176
0.00317694456
0.00315292321
0.00317698495
0.00315281803
0.00317559035
0.00349766946
0.00347597359
0.00349588459
0.00347499014
0.00349928785
0.00347493602
0.00349948201
0.00352172044
0.00354298133
0.00352130324
0.00354104386
0.000459270432
0.000479429022
0.000481009232
0.000524420866
0.000526113767
0.000500942478
0.000523155289
0.000500991108
0.000522906192
0.000568709631
0.000545857355
0.000568456686
0.000547142023
0.000570050354
0.000545171384
0.000569660842
0.000845981242
0.000823334198
0.000847649011
0.000824883618
0.000846940511
0.000824439716
0.000846502243
0.000892757722
0.000869591116
0.000892005046
0.00086833571
0.000891271737
0.000869001973
0.000889051621
0.000938231067
0.000915165771
0.000937239772
0.000913165656
0.000982731225
0.000959981416
0.000982817656
0.00102837934
0.00100576341
0.00102856508
0.00107345254
0.00105147265
0.00107381854
0.00107629523
0.00111826595
0.00109583618
0.00111817423
0.00109674194
0.00111948636
0.00112109709
0.00116542805
0.00114118148
0.00116547335
0.00114215883
0.00116402237
0.00114295481
0.00116497183
0.00121119118
0.00118822492
0.00121107477
0.00118695531
0.00121119514
0.00118705324
0.00120973935
0.00144206401
0.00141911476
0.00144164044
0.00141763577
0.00144053283
0.00141781858
0.00144067963
0.00148418183
0.00146316144
0.00148351997
0.00146330967
0.00148797387
0.0014645033
0.00148710374
0.00151141986
0.00153128666
0.00150838183
0.00246856924
0.00248820763
0.0024910676
0.0025357504
0.00251639878
0.00253674555
0.00251223695
0.00253677355
0.00251284654
0.00253547348
0.00258220361
0.00255830442
0.00258078513
0.00255949252
0.00258235851
0.00255934135
0.00258221396
0.00281180317
0.00278906689
0.00281199459
0.00278886606
0.00281300171
0.00279042676
0.00281312536
0.00285735433
0.00283474917
0.00285891746
0.00283575203
0.00285776472
0.00283529597
0.00285718478
0.0029036743
0.00288170163
0.00290398934
0.00288040871
0.00290305527
0.0028787384
0.00294936247
0.00292604844
0.0029485733
0.00292375722
0.00299422043
0.00297156522
0.00299425774
0.00303949175
0.00301714313
0.00303993152
0.00308396668
0.00306273481
0.00308464933
0.00308709326
0.00313119443
0.0031076195
0.00313019052
0.00310855484
0.00313149744
0.00311046755
0.00313083769
0.00317680554
0.00315226994
0.00317662395
0.00315296893
0.00317526804
0.00315362282
0.00317556561
0.00345358783
0.00343159105
0.00345359775
0.00342981218
0.00345256641
0.00343019789
0.00345433962
0.00349534958
0.00347329037
0.00347639046
0.00349881542
0.0034767123
0.00349898125
0.00352041085
0.00354037559
0.00351881404
0.000503457636
0.000523148595
0.000526176819
0.000568399325
0.000571173126
0.000545248037
0.000568099276
0.000546111596
0.000568641374
0.000614034931
0.000591532415
0.000614408736
0.000592528488
0.000615920516
0.000591596369
0.000616187809
0.000800451492
0.000779312628
0.000801356193
0.000779151314
0.000801214343
0.000779269738
0.00080080545
0.000847470648
0.000823554398
0.000847103343
0.000823301379
0.00084483241
0.000820849759
0.000891502984
0.000869414608
0.000891148924
0.000937778423
0.000911832728
0.000982805886
0.00102872404
0.00107325351
0.00111884546
0.00109917868
0.0011201709
0.00116459584
0.00114137204
0.00116357451
0.00114510043
0.00116535234
0.00121089957
0.00118749813
0.00120989457
0.00118691644
0.0012096556
0.00119019598
0.00120940705
0.00125683006
0.00123200947
0.00125677215
0.00123244555
0.00125645464
0.00123261713
0.00125589846
0.00144150687
0.00141947242
0.00143858716
0.00141818526
0.00144241519
0.00141954533
0.001442995
0.00146468816
0.0014864526
0.00146524882
0.001483617
0.0015064978
0.00249329491
0.00253877976
0.00251337701
0.00253530571
0.00251617088
0.00253483402
0.00258077797
0.00256121862
0.00258065861
0.00255768038
0.00258199373
0.00255724805
0.00258096287
0.00276640022
0.00274329065
0.00276797511
0.00274372865
0.0027675694
0.002744183
0.0027672798
0.00281381472
0.00279009971
0.00281267959
0.00279044925
0.00281362385
0.00279059092
0.00281026329
0.00285830096
0.00283665361
0.00285857618
0.00283503067
0.00285509313
0.00290360359
0.00287981349
0.00290093947
0.00294885453
0.00299423875
0.00303985625
0.00308522075
0.00308792521
0.00313018957
0.00310900027
0.00313052869
0.00317507337
0.00315257279
0.00317618206
0.00315488128
0.00317643823
0.00317895478
0.00322252901
0.00319896275
0.00322123188
0.0031987316
0.00322083959
0.00319945253
0.00322096821
0.00340906114
0.00338557833
0.00340852556
0.0033841943
0.00340744231
0.00338385929
0.00340846342
0.00345152753
0.00342884615
0.00343168989
0.0034544687
0.00343130717
0.00345376486
0.00347708784
0.00349692992
0.00347431042
0.000549895418
0.000569435424
0.000615121681
0.000592387617
0.000616166391
0.000596351878
0.000616747172
0.00066212581
0.000642195335
0.000662649744
0.000638686908
0.000664959032
0.000639650114
0.000664154996
0.000710580613
0.000685434536
0.000709910378
0.0006872322
0.000710738374
0.00068676737
0.000707631182
0.000754432606
0.000732554412
0.000754040576
0.000734171166
0.000754697501
0.000802327163
0.000775550488
0.000775565402
0.000843513394
0.00116694224
0.00120894963
0.00125611946
0.00123548429
0.00125662351
0.00123547736
0.00125538619
0.00130439274
0.00127938736
0.0013034291
0.00127846086
0.00130226621
0.00128201417
0.00130260061
0.00135061515
0.00132670021
0.00134766359
0.00132470348
0.00135056013
0.00132602655
0.00134986394
0.00139395296
0.00137273968
0.00139680881
0.0013717063
0.00139335671
0.00142013126
0.0014402931
0.00255990871
0.00258018899
0.00262649551
0.00260320129
0.00262695488
0.0026063643
0.00262724364
0.00267328536
0.00265250253
0.00267341019
0.00264944014
0.00267565391
0.00265008145
0.00267464964
0.00272154236
0.00269622842
0.00272049514
0.00269800993
0.00272174006
0.00269733303
0.00271791067
0.0027677623
0.00274337182
0.00276439146
0.00274453394
0.00276457472
0.00281151453
0.0031772059
0.00322166857
0.0032252574
0.00322487917
0.00326734091
0.00324571655
0.00326755337
0.00324541243
0.00326568358
0.00331551539
0.00329032048
0.00331436145
0.00328905258
0.00331299499
0.00329259869
0.00331318324
0.00336165208
0.00333733768
0.00335774667
0.00333557092
0.00336157201
0.00333619709
0.00336045311
0.00340447222
0.00338384807
0.00340745312
0.00338314549
0.00340349388
0.00343058868
0.00344967271
0.000459426562
0.00047840735
0.000504481631
0.000524138298
0.000505014671
0.000525666721
0.000501499824
0.000525178859
0.000571459956
0.000547338725
0.000571073227
0.000548657905
0.000572759542
0.00054758371
0.000573346035
0.000618478548
0.000593351153
0.000619172881
0.000595257223
0.000616360982
0.000595635785
0.000619307123
0.000661561961
0.000641315031
0.000664979249
0.000642209228
0.00066201938
0.000688013569
0.000708217294
0.00128147415
0.00130096965
0.00134799991
0.0013242528
0.00134766493
0.00132736555
0.00134677159
0.00139525676
0.00137005545
0.00139627666
0.00137308378
0.00139339118
0.00136978953
0.00139331675
0.00143849136
0.00141865282
0.00144219981
0.00141605601
0.00144095283
0.00141569412
0.00144177302
0.00146521986
0.00148541382
0.00146350848
0.00148447939
0.0014641577
0.0014881512
0.0015111647
0.00153075616
0.00246917325
0.00248901643
0.00251513675
0.00253500219
0.00251524494
0.00253611038
0.00251177826
0.00253577819
0.00258163728
0.00255740348
0.00258081612
0.00255887131
0.00258298007
0.00255808294
0.00258373073
0.0026284568
0.00260311919
0.00262946859
0.00260535059
0.00262592255
0.00260598172
0.00262978311
0.00267126288
0.00265175304
0.00267485178
0.00265278802
0.00267207611
0.0026983108
0.0027184185
0.00329217774
0.00331187243
0.00335927899
0.00333490476
0.0033587511
0.00333804898
0.00335811309
0.00340599016
0.00338125834
0.00340698187
0.0033841024
0.00340450028
0.00338090338
0.00340394735
0.00344921515
0.00342915706
0.00345291655
0.00342709535
0.00345179822
0.0034262132
0.00345278241
0.00347618859
0.0034954201
0.00347426314
0.00349456488
0.00347509719
0.00349861766
0.00352141867
0.00354058783
0.000435831637
0.00041152552
0.000432960045
0.000480819437
0.000457774014
0.000478178866
0.00045574371
0.000478055562
0.000454946942
0.000477713288
0.000523469855
0.000500503297
0.000522798101
0.00050084479
0.000525199776
0.000501915738
0.000524847818
0.00071076768
0.000686444549
0.000710585537
0.000687660613
0.00070658096
0.000687724206
0.00070962667
0.000752578285
0.000733324181
0.000755942247
0.000730369538
0.000776225834
0.00121275185
0.00125647057
0.00123383404
0.00125554727
0.0013003983
0.0012774716
0.00130033571
0.00130311783
0.00128043472
0.00130081126
0.00134798275
0.00132478213
0.0013479094
0.00132365531
0.00134637754
0.00132355377
0.00134624005
0.00152900187
0.00151031569
0.00153198537
0.00151057631
0.00153309646
0.0015093266
0.00153318656
0.00155245311
0.00155487304
0.00155673798
0.00157815326
0.00244747229
0.00244505914
0.00242227711
0.00244331648
0.00248950583
0.0024676771
0.00248942694
0.00246692842
0.00248970597
0.00246661424
0.00249061874
0.00267579906
0.00265218908
0.00267520941
0.00265372002
0.00267610954
0.00265428847
0.00267696833
0.00272219769
0.00269933658
0.00272259818
0.00269624696
0.00269910558
0.00271978021
0.00276349493
0.00274458959
0.00276606673
0.00278724683
0.00322372298
0.00326650206
0.00324411362
0.00326670313
0.00326958432
0.0033126007
0.00328936997
0.00331362971
0.00329318568
0.00331247287
0.00329034809
0.00331262074
0.00349941088
0.00347717028
0.00349970336
0.00347496344
0.00349927797
0.00347518201
0.00349815113
0.00352183731
0.00354195891
0.00352183825
0.00354445325
0.00352210951
0.00354466629
0.00356455359
0.00356724775
0.00358882819
0.00043659897
0.000435253119
0.000411283655
0.000432885549
0.000410204186
0.000432328986
0.00047815987
0.000455915151
0.000478385888
0.000455203024
0.00047932698
0.000456782723
0.000479590211
0.000709259559
0.000686295408
0.00070919574
0.000688052256
0.000710819337
0.000688045776
0.000710707768
0.000756193688
0.000732056092
0.000756686175
0.00073181798
0.000752682172
0.000732619265
0.000753001202
0.000799329045
0.000779444283
0.000800675872
0.000821977499
0.00116758574
0.00121141848
0.00118883306
0.00121073566
0.00125502859
0.00123289458
0.00125544448
0.0012580739
0.00123569406
0.0012563257
0.001302157
0.00127951516
0.00130243048
0.00127842677
0.00130115031
0.00127846677
0.00130126108
0.00153340901
0.00151078641
0.00153355977
0.00150919238
0.00153226431
0.00150921313
0.0015323614
0.00155631831
0.00157614384
0.00155714166
0.00158075515
0.00155716607
0.00158000903
0.00160039001
0.0016017081
0.00162184965
0.00239990955
0.00237809484
0.00239797156
0.00244664681
0.00242391805
0.00244410441
0.00241975279
0.00244314332
0.00242003356
0.00244310935
0.00248835665
0.00246605784
0.00248857747
0.00246763628
0.00249052217
0.00246748963
0.00249046531
0.0027226509
0.00269806239
0.00272096657
0.00269958434
0.00272200708
0.00269945921
0.00272216204
0.00276692641
0.00274491995
0.00276732758
0.00274216429
0.00274394999
0.00276433468
0.00280991783
0.00278924106
0.00281112834
0.00283257716
0.00317815464
0.00322158968
0.00319934439
0.00322070585
0.00326659935
0.0032431521
0.00326784924
0.00324737125
0.00326815335
0.00324665993
0.00326734492
0.00331345943
0.00329038956
0.0033133092
0.00328875489
0.00331136372
0.00328844208
0.00331114302
0.00354393201
0.00352182297
0.0035441741
0.00352062338
0.00354461681
0.00352042434
0.00354310291
0.0035644856
0.00356713608
0.00358880843
0.0035673151
0.00358937713
0.000432049858
0.000411860398
0.000431657467
0.000410673016
0.000432323926
0.000411635438
0.000433845277
0.000756606259
0.000731823069
0.000754711235
0.00073343545
0.000755576148
0.000733510678
0.000755984641
0.000801262756
0.000778908503
0.000801596916
0.000776561975
0.000776907554
0.000797382299
0.000844250855
0.000823079365
0.000845112159
0.00086592077
0.00116681769
0.00114355166
0.00116506577
0.00121007068
0.00118657316
0.00120888434
0.00121390931
0.00121302831
0.0012567849
0.00123378451
0.00125655083
0.00123471412
0.00125531696
0.00123410683
0.00125502769
0.00157705433
0.0015568705
0.00157926834
0.00155543276
0.00158042488
0.00155544592
0.00158007226
0.00159912648
0.00160252362
0.00162265685
0.00160268366
0.00162453609
0.00164477592
0.00235560203
0.00240041782
0.00237787967
0.0023970255
0.00237575999
0.00239691961
0.00244387944
0.00242026262
0.00244282751
0.00241906061
0.00244436482
0.00241934245
0.00244428092
0.00276718766
0.00274342713
0.00276611188
0.0027448838
0.00276518239
0.00274492057
0.00276572043
0.00281167949
0.00279101445
0.0028133008
0.00278599498
0.00278683466
0.0028351642
0.00285630572
0.00313343311
0.00317729103
0.00315455489
0.00317675956
0.00322068754
0.00319827518
0.00322098835
0.00322355536
0.00320222864
0.00322313186
0.00326790278
0.00324519912
0.00326801975
0.00324453985
0.00326656366
0.00324387792
0.00326621023
0.00358898523
0.00356761191
0.00358819305
0.00356694787
0.00358882566
0.00356567415
0.00358823
0.00043202467
0.000410549767
0.000432112099
0.000411499956
0.000433820486
0.000411489026
0.000433947019
0.000754524807
0.000731630347
0.00075462172
0.000733022364
0.000755721067
0.000731553326
0.000756295768
0.000802184682
0.000777549443
0.000802854489
0.000776822657
0.000797692558
0.000778130122
0.000798723647
0.000845133119
0.000825186244
0.000845762427
0.000866639186
0.00112213774
0.00112229185
0.00116555758
0.00114361572
0.00116495846
0.00120846015
0.00118653998
0.00120927389
0.0012119654
0.00119049154
0.001211038
0.00125625446
0.00123340888
0.00125608383
0.00123246644
0.00125425761
0.00123182258
0.00125377524
0.0015793809
0.001557604
0.00157974904
0.00155555474
0.00157858286
0.00155548448
0.00157850481
0.00159976321
0.00160342725
0.00162486474
0.00160379108
0.00162535577
0.00164480181
0.00164526247
0.00235538334
0.00235435435
0.00240071347
0.00240085533
0.00237528716
0.00239669306
0.00237483934
0.00239670841
0.0024424348
0.0024204819
0.00244235238
0.00242136725
0.00244439472
0.00242160702
0.00244446577
0.00276635461
0.00274372703
0.00276647221
0.00274547611
0.00276722139
0.00274591875
0.00276805104
0.00281400414
0.0027906996
0.00281346546
0.00278782979
0.00278908121
0.00280958044
0.00285670847
0.00283502523
0.00285636333
0.00287744357
0.00313300793
0.00313280104
0.00317550317
0.0031543175
0.00317500246
0.00322253453
0.00319731968
0.00322256818
0.00320203077
0.00322309195
0.00320135615
0.00322206034
0.0032681818
0.00324544813
0.00326835467
0.00324404163
0.00326666552
0.00324388224
0.00326843035
0.00358872774
0.00356782777
0.00358946743
0.00356585609
0.00358840404
0.00356594006
0.00358848561
0.000431828372
0.000410233
0.000431689057
0.000411435663
0.000433917691
0.000411393694
0.000433862631
0.000754783254
0.000731684567
0.000754841436
0.000731629562
0.000756827522
0.000731632221
0.000757039929
0.000802723087
0.000777664349
0.000801951039
0.000778880244
0.000799341771
0.000779140511
0.000800182123
0.000845789003
0.000824471003
0.000846077922
0.000820757058
0.000889207692
0.000867497056
0.000888934496
0.00112194454
0.00112180645
0.00116403307
0.00114302814
0.00116372133
0.00121096469
0.00118600679
0.00121104274
0.00119085171
0.0012119897
0.00119069306
0.00121177827
0.00125594662
0.0012334735
0.00125600469
0.00123142403
0.00125351564
0.00123206052
0.00125406291
0.00157891153
0.00155450375
0.00157895725
0.00155511235
0.00157813849
0.00155484595
0.00157786385
0.00160129084
0.00162079586
0.00160330378
0.00162531195
0.00160244017
0.00162472798
0.00164539299
0.00164627783
0.00235395642
0.00235354924
0.00239967681
0.0023789628
0.00239823488
0.00237407518
0.00239635453
0.00237469956
0.00239680308
0.00244317933
0.00242086774
0.00244529476
0.00242163532
0.00244467572
0.00242187796
0.00244497508
0.00276643228
0.00274367657
0.00276626603
0.0027457607
0.00276830934
0.00274522239
0.00276739579
0.00281374315
0.00278887165
0.00281377097
0.00278815873
0.00280910762
0.00278822582
0.00280914991
0.00285668041
0.00283598704
0.00285678547
0.00287808308
0.00313214176
0.00311116807
0.00313272582
0.00317488047
0.00315384936
0.00317528089
0.00317910556
0.00322248198
0.00319798386
0.00322238986
0.00320067306
0.0032214724
0.00319983355
0.00322092331
0.0032683854
0.00324524298
0.00326835171
0.00324356867
0.00326843967
0.00324305927
0.00326834368
0.00358961669
0.00356839525
0.00358982182
0.00356602879
0.00358854229
0.00356616229
0.00358862651
0.00043167368
0.000410086079
0.00043152734
0.000411375649
0.000433836294
0.000411331098
0.000433800068
0.000754801437
0.000731606103
0.000754721332
0.000731577726
0.000756957406
0.000731533778
0.000756765193
0.000801836565
0.000777614118
0.000802624113
0.000779079857
0.000800054237
0.000778703671
0.000799274037
0.000846175368
0.000825366787
0.000845944631
0.000820808388
0.000889342881
0.000868475584
0.000889734549
0.00112173848
0.00112197516
0.00116393569
0.00114323917
0.00116418632
0.00121111165
0.00118640195
0.00121093752
0.00119095253
0.00121176937
0.00119088928
0.00121187552
0.00125617107
0.00123362748
0.00125634125
0.00123234853
0.00125448041
0.00123190186
0.00125444574
0.00157896778
0.00155691686
0.00157921012
0.00155488944
0.0015778997
0.001555261
0.00157823455
0.00162089181
0.00160002199
0.00160246898
0.00162471012
0.00160320893
0.00162541165
0.00164596834
0.00164536712
0.00235401238
0.00235459971
0.00239927087
0.00240030948
0.00237571657
0.00239808103
0.00237473443
0.00239711604
0.00244533366
0.00242109109
0.0024432627
0.00242222052
0.00244507146
0.00242195886
0.00244479862
0.00276619522
0.00274365013
0.00276633857
0.00274505169
0.00276726813
0.00274572229
0.00276806881
0.00281403782
0.00278911188
0.00281391458
0.0027882101
0.00280937436
0.00278807041
0.00280941904
0.00285672465
0.00283602311
0.0028566227
0.00287770576
0.0031327001
0.00311063356
0.00313199189
0.0031751547
0.00315429838
0.00317453703
0.00317912871
0.00322230382
0.00319699778
0.00322236486
0.00319968346
0.00322079526
0.00320037204
0.00322136334
0.00326838567
0.00324535036
0.00326842656
0.00324304088
0.00326846653
0.00324347573
0.00326857486
0.00358989587
0.00356833197
0.00358983261
0.00356622775
0.00358866107
0.00356616087
0.00358862983
0.000431885215
0.000411138318
0.000432539991
0.000411362121
0.000433908907
0.000411512262
0.000434096706
0.000754558903
0.000731559023
0.000754468274
0.000731446037
0.000756200998
0.000732813586
0.000755600333
0.000802790569
0.000777472463
0.000802259746
0.000778062601
0.000798704502
0.000776925368
0.000797873813
0.000845797572
0.000824383305
0.000845225085
0.000866311368
0.00112243769
0.00112217217
0.00116480215
0.00114347762
0.00116543595
0.00120878874
0.00118546182
0.00120820385
0.00119007132
0.00121046419
0.00121162286
0.00125637804
0.00123339405
0.00125640318
0.00123196244
0.00125438943
0.00123242296
0.00125448338
0.00157972796
0.00155748354
0.00157908617
0.00155552368
0.00157844688
0.00155554186
0.00157847303
0.00159905443
0.00160353167
0.00162532133
0.00160304733
0.00162453255
0.0016458478
0.00164514468
0.00235440378
0.00235530085
0.00240037559
0.00240085826
0.00237445195
0.00239634919
0.00237535899
0.00239681579
0.00244245022
0.00242070005
0.00244242086
0.00242153419
0.00244449932
0.00242139186
0.00244440822
0.00276657042
0.00274364028
0.00276651298
0.00274580266
0.00276798253
0.00274542532
0.00276734509
0.00281377863
0.00279162939
0.0028143209
0.00278948404
0.00281007378
0.00278803831
0.00285641303
0.00283455815
0.00285686107
0.00287780997
0.00313329831
0.00313357462
0.00317515812
0.00315471553
0.00317573147
0.00322259467
0.00319800054
0.00322259922
0.00320146097
0.00322209456
0.00320247246
0.00322313618
0.00326836061
0.00324531991
0.00326812438
0.00324391006
0.003268456
0.00324402031
0.00326653831
0.00358945115
0.00356780472
0.00358869851
0.00356606326
0.00358851553
0.00356610694
0.00358846639
0.000432149425
0.00041074959
0.000432124235
0.00041160889
0.000434126745
0.000410697811
0.000432436718
0.000754653186
0.00073195597
0.000756485814
0.000733289181
0.00075577235
0.00073322983
0.000755309307
0.000801756713
0.000779586001
0.000801395882
0.000777093781
0.000797802821
0.000776702763
0.00084523673
0.00082260879
0.00084418752
0.00116516809
0.00116677495
0.00120859786
0.0011882272
0.0012098602
0.00121293489
0.00121375547
0.00125667683
0.00123282557
0.00125678637
0.00123414864
0.00125529646
0.00123485362
0.00125532732
0.00157975959
0.00155654278
0.00157746768
0.0015557394
0.00158057702
0.00155583418
0.0015807703
0.00160274424
0.00162390957
0.00160277947
0.00162218204
0.00164453744
0.00235545024
0.00240054116
0.00237572957
0.00239694653
0.00237763689
0.0023971885
0.00244292651
0.00242277704
0.00244376455
0.00241927046
0.0024443085
0.00241926254
0.00244439995
0.00276629738
0.00274357876
0.00276747658
0.00274518191
0.00276588506
0.00274500935
0.00276538886
0.00281337903
0.00279028606
0.0028117089
0.00278680688
0.00278643631
0.00285611617
0.00283255625
0.00313355362
0.00317679866
0.00315596554
0.00317735148
0.00322087961
0.00319877289
0.00322070313
0.00320235371
0.00322292867
0.00322336644
0.00326802084
0.00324345394
0.00326809365
0.00324367125
0.00326620519
0.00324451227
0.00326694273
0.00358839435
0.00356804973
0.00358946689
0.00356616401
0.00358850799
0.00356804902
0.00358968487
0.000435190987
0.000436520103
0.000410199137
0.000432324606
0.000411333347
0.000432921448
0.000478049864
0.000455872357
0.000478084471
0.000456749818
0.00047947753
0.000455326806
0.000479362646
0.000709249141
0.00068629713
0.000709223865
0.000687873782
0.000710883252
0.000688320822
0.000710803658
0.000757046455
0.000733266791
0.000756231788
0.000732662677
0.000753313052
0.00073176215
0.000752718513
0.000800833418
0.000778444257
0.000799555306
0.00116752636
0.00121074577
0.00119005083
0.00121139547
0.00125534613
0.0012330911
0.00125506902
0.0012358626
0.00125622281
0.00125807907
0.00130195052
0.00127734242
0.00130155553
0.00127802916
0.00130060336
0.00127809627
0.00130027383
0.00153442441
0.00151148042
0.00153386584
0.00150965497
0.00153284012
0.00150949537
0.00153262782
0.00157598258
0.0015536095
0.00155726698
0.00157990457
0.00155726821
0.00158032954
0.00160175263
0.00162210282
0.00160018244
0.00237828197
0.00239852728
0.00240003407
0.00244412787
0.00244668058
0.00242039141
0.00244333104
0.00241966502
0.00244308255
0.00248795292
0.00246587065
0.00248805028
0.00246721154
0.0024901513
0.00246734863
0.00249030416
0.00272114851
0.00269835285
0.00272299411
0.00269953786
0.00272228975
0.00269944875
0.00272238243
0.00276746223
0.00274536702
0.00276702751
0.00274406969
0.00276436293
0.00274231919
0.00281096568
0.00278869875
0.00280995541
0.00317811256
0.00322046188
0.00320050252
0.00322141754
0.00326813204
0.00324386671
0.00326687006
0.00324690017
0.00326770546
0.00324751094
0.0032683941
0.00331400488
0.00329100408
0.00331394053
0.00328963713
0.00331229621
0.00328963537
0.00331194226
0.00354416391
0.00352191823
0.00354382026
0.00352050419
0.00354333795
0.00352066172
0.00354453169
0.00356368483
0.0035682911
0.00359026712
0.00356741217
0.00358897719
0.000411256403
0.000433135315
0.000435866805
0.000478258041
0.000480747684
0.000455538049
0.000477975858
0.000455714536
0.000478124376
0.000523236954
0.000500841058
0.000523853134
0.000502095203
0.000525103915
0.00050086659
0.000525425776
0.000710525684
0.000687207758
0.000710535676
0.000687572753
0.000709694255
0.000687455478
0.000706818142
0.000755725929
0.000733509299
0.000752615465
0.000730266496
0.00121275802
0.00125553615
0.00123623467
0.00125648231
0.00129975282
0.00127735042
0.00130028859
0.00128014205
0.00130002961
0.00130280232
0.0013477092
0.00132359252
0.00134803541
0.00132291463
0.00134592153
0.00132362375
0.00134639669
0.00153211654
0.00150998084
0.00152911388
0.00150923195
0.00153347611
0.00150992496
0.00153336664
0.00155725665
0.00157815921
0.00155565881
0.0024473258
0.00242163243
0.00244289287
0.00244473692
0.00248947623
0.00247113181
0.00248982004
0.00246656432
0.00249065054
0.00246687646
0.00248997085
0.00267527393
0.00265166731
0.00267643577
0.00265375521
0.00267648193
0.00265311545
0.00267650908
0.00272302002
0.00269962025
0.00272261644
0.00269931507
0.00272002406
0.00269678824
0.00276606872
0.00274365973
0.00276361442
0.00322361106
0.00326680469
0.00324721316
0.00326623322
0.00326970314
0.0033138623
0.00328903758
0.00331303608
0.00329043192
0.00331265753
0.00329323196
0.0033127664
0.00349973927
0.00347658143
0.00349923179
0.00347517622
0.00349810018
0.0034747982
0.00349887068
0.00354202313
0.00351929837
0.00352230015
0.00354473293
0.0035216784
0.00354425375
0.00356696438
0.00358883004
0.00356423066
0.000459033572
0.000478397126
0.000524198397
0.000501375722
0.000525293001
0.000505227609
0.000525743997
0.000570607815
0.000550933861
0.000571180306
0.000547600564
0.000573503102
0.000548479845
0.000572631275
0.000619123962
0.000593893109
0.000618459794
0.000595650241
0.000619320962
0.000595086553
0.000616202965
0.00066513845
0.000640927023
0.000661924516
0.000641931702
0.000661836813
0.000707763803
0.00130126261
0.00134789412
0.00132821767
0.00134804776
0.00132740831
0.00134693686
0.00139618203
0.00137118984
0.00139504888
0.00136993731
0.00139345208
0.00137330146
0.00139323897
0.00144278383
0.00141712571
0.00143864573
0.00141590521
0.00144184901
0.00141633824
0.00144093227
0.00148455687
0.00146412787
0.00148783667
0.0014636082
0.00148464212
0.00151076031
0.00153086198
0.0024693847
0.00248939444
0.00253430434
0.00251185482
0.00253505908
0.00251549248
0.0025358619
0.00258059111
0.00256042375
0.00258127964
0.0025571529
0.00258318581
0.00255804845
0.00258240739
0.00262917
0.00260376655
0.00262828364
0.00260551103
0.00262915735
0.00260514545
0.00262562303
0.00267551155
0.00265112472
0.00267175921
0.00265249481
0.00267250036
0.00271879157
0.00331248639
0.00335878411
0.00333850403
0.00335924716
0.00333830379
0.00335782166
0.0034070901
0.00338154275
0.00340604237
0.00338098029
0.00340441908
0.00338404022
0.00340493101
0.00345279144
0.00342875347
0.00344934687
0.00342657262
0.00345268343
0.00342711949
0.00345163823
0.00349516426
0.00347490664
0.00349805285
0.00347428831
0.00349430285
0.00352091085
0.00354037599
0.000412484324
0.000433057
0.000435147674
0.000410926717
0.000433030813
0.000479126893
0.000456099138
0.000479104463
0.000456362588
0.000480205103
0.000455806657
0.000481282716
0.000527068753
0.000501388129
0.000527790343
0.000502769215
0.000524354773
0.000503627492
0.000527626652
0.000570219057
0.000550158341
0.000573423121
0.000550573999
0.000570737159
0.00059626686
0.000616544885
0.00137286788
0.00139256104
0.00143985243
0.00141597257
0.00143948747
0.00141911917
0.00143860878
0.00148693365
0.00146175661
0.00148775177
0.00146511918
0.00148548434
0.00146151892
0.00148514301
0.00153008098
0.00151006702
0.00153375469
0.00150837413
0.00153234392
0.00150746862
0.00153323467
0.001556878
0.00157650518
0.0015551589
0.00157543818
0.00155561349
0.00157916309
0.0016026223
0.00162223807
0.0023780474
0.00239751797
0.00242400113
0.002443333
0.0024243129
0.00244496037
0.00242075785
0.00244450029
0.0024902246
0.00246642264
0.00248987163
0.00246748154
0.0024920563
0.00246680189
0.00249277773
0.00253724069
0.00251208419
0.00253812874
0.00251450452
0.00253482842
0.00251508074
0.0025384838
0.00258017403
0.00256037919
0.00258384194
0.00256156848
0.00258092897
0.00260710061
0.00262673439
0.00338353854
0.00340313365
0.00345052781
0.00342583508
0.0034501217
0.00342920786
0.00344908898
0.00349730545
0.00347255315
0.00349853083
0.00347555004
0.00349627848
0.00347185668
0.00349598397
0.00353998403
0.00352059748
0.00354376358
0.00351902157
0.00354319761
0.00351853547
0.00354425494
0.00356693431
0.00358771506
0.00356499947
0.00356742005
0.00358925709
0.000433293494
0.000411015975
0.000432845895
0.000411698377
0.000434510302
0.000411657688
0.000434458814
0.000619061007
0.000594796305
0.000619018512
0.00059591844
0.000615148848
0.000595956614
0.000617878663
0.000660487853
0.000641719208
0.000663649078
0.000638482458
0.000684167093
0.00134896404
0.00132653144
0.00134660479
0.0013920711
0.00136900929
0.00139168594
0.00139483886
0.00137211431
0.00139209775
0.00143931304
0.00141572468
0.00143875569
0.00141486686
0.00143737599
0.00141380109
0.00143650263
0.00160318256
0.00162317858
0.00160292424
0.00162581576
0.00160325102
0.00162605384
0.00164646729
0.00164916574
0.00166930622
0.00235386277
0.00233147763
0.00235073597
0.00239926939
0.00237572781
0.00239659211
0.00237375199
0.00239654063
0.00237257387
0.00239590364
0.00258473347
0.00256089713
0.00258400629
0.00256255297
0.00258503475
0.00256293955
0.0025856706
0.0026306885
0.0026082734
0.00263116383
0.00260510741
0.00260812851
0.00262831892
0.00265399492
0.00267400983
0.00331593672
0.00335867211
0.00333638087
0.00335844071
0.00336179129
0.00340411933
0.00338121384
0.00340514576
0.00338515152
0.00340408994
0.00338225904
0.0034040222
0.00358887703
0.00356736106
0.0035891912
0.00356582386
0.00358840638
0.0035657337
0.00358845491
0.000618051495
0.000595231617
0.000618148713
0.000597210288
0.000619444941
0.000597273505
0.000619705118
0.000665088933
0.000642651815
0.000665843114
0.000639593453
0.000641919009
0.00066258018
0.000687933201
0.000707707999
0.00130440781
0.0012819143
0.00130254066
0.00134677683
0.00132435681
0.00134686719
0.00134998167
0.0013278963
0.00134834059
0.00139310403
0.00137055848
0.00139330462
0.00136974545
0.00139174324
0.00136953124
0.00139190753
0.00162558207
0.00160301864
0.00162551504
0.00160196479
0.00162622244
0.00160159241
0.00162452987
0.00164723347
0.00166737248
0.00164885894
0.00167136841
0.00164861491
0.00167109032
0.00169122524
0.00169280005
0.00171331756
0.00230893645
0.0022866973
0.00230718646
0.00235400675
0.00233251802
0.00235273422
0.00232922326
0.0023505198
0.00232894657
0.00235124517
0.00239670186
0.00237414967
0.00239667939
0.00237281766
0.00239772025
0.00237512554
0.00239815031
0.00263136737
0.00260662978
0.00262971302
0.00260805174
0.00263057222
0.00260776384
0.00263046316
0.00267636376
0.00265406615
0.00267657606
0.00265070349
0.00265226798
0.00267250965
0.00269802828
0.00271854085
0.00331467627
0.00329162084
0.00331194295
0.00335712518
0.00333450945
0.00335707132
0.00336066325
0.00333781343
0.00335792013
0.00340496303
0.00338186811
0.00340487691
0.00338066556
0.00340286198
0.00338052801
0.00340298732
0.000665477928
0.000640785599
0.000663671121
0.000641817092
0.000663837453
0.00064261486
0.000664256301
0.000709211083
0.000688260196
0.000709916515
0.000684091447
0.000684432603
0.000729982212
0.00125884985
0.00130147509
0.00127956273
0.00130038223
0.0013477587
0.00132256858
0.00134727071
0.00132707507
0.00134691037
0.0013260892
0.00134548444
0.00166772831
0.00164860448
0.00166991513
0.00164709341
0.00167150898
0.00164716769
0.00167145626
0.0016904268
0.00169369111
0.00171394145
0.00169402185
0.00171587869
0.00173625491
0.00226364602
0.00230979213
0.00228593426
0.00230631106
0.00228415001
0.00230585809
0.00235192931
0.00233013823
0.00235187567
0.00232820638
0.00235290229
0.00232845219
0.00235299106
0.00267743253
0.00265270449
0.00267788857
0.00265304532
0.0026733292
0.00265415092
0.00267414865
0.00271940729
0.00270003655
0.00272053609
0.00274114658
0.00326996184
0.00326970543
0.00331249624
0.00328990085
0.00331169567
0.00331632482
0.00331566315
0.00335912967
0.00333634024
0.00335914697
0.00333660703
0.00335824774
0.00333563746
0.0033572086
0.000663555082
0.000640412013
0.000663272859
0.00064272431
0.000664933571
0.00064192067
0.000664438058
0.000710665595
0.000687839498
0.000710245354
0.000685005281
0.000686092102
0.000706351873
0.000751721767
0.000731076691
0.000751786606
0.00125862403
0.00125778341
0.00130023795
0.00127814372
0.00129972352
0.00130389314
0.0013039394
0.00134718685
0.00132442171
0.00134723213
0.00132433026
0.00134574565
0.00132410163
0.0013455366
0.00167039998
0.00164934551
0.00167107414
0.00164716478
0.00166996103
0.00164729457
0.00167015457
0.00169144319
0.00169454938
0.00171613434
0.00169507427
0.00171677894
0.00173616943
0.00173740442
0.00175786289
0.00226377255
0.00224257152
0.00226248026
0.00230924423
0.00230860883
0.00228351294
0.00230512535
0.00228293672
0.00230481139
0.00235118651
0.00232886252
0.00235045408
0.00232997224
0.00235288963
0.00232982788
0.00235265344
0.00267735081
0.00265286546
0.00267564776
0.00265415642
0.0026757671
0.00265475839
0.0026761425
0.00272050844
0.00270011137
0.00272167964
0.00269610408
0.00269595434
0.00274208899
0.00326876689
0.00324810171
0.00326893027
0.00331122282
0.00328944257
0.00331199533
0.00331483998
0.00329351792
0.00331369711
0.00335911726
0.0033365635
0.00335943327
0.00333483399
0.00335687284
0.00333535822
0.00335787304
0.000662860323
0.00063985721
0.000662728075
0.000639874436
0.000664313072
0.000639740423
0.000664467245
0.000710364468
0.000685451329
0.000710276773
0.000685674138
0.000705891744
0.000685938655
0.000706045117
0.000752538477
0.000732116432
0.000752849602
0.0012570003
0.00123605258
0.0012561862
0.00129946204
0.00127725438
0.00129923097
0.00130350603
0.00130315944
0.00134710236
0.00132410653
0.00134690769
0.00132361351
0.00134510941
0.00132313277
0.00134463516
0.00167181905
0.00165014557
0.00167172586
0.00164749411
0.00167047762
0.00164750373
0.00167039304
0.00169228759
0.0017121757
0.00169543036
0.00171733349
0.00169471566
0.00171654181
0.00173646162
0.00175726631
0.00173657328
0.0017572554
0.00224298802
0.00226348215
0.00224253088
0.00226335636
0.00230894155
0.00228785038
0.00230846913
0.00228307828
0.00230535852
0.00228402844
0.00230602956
0.00234983774
0.00232848514
0.00234973523
0.00232981857
0.00235247272
0.00232993778
0.00235256052
0.00267570489
0.00265297831
0.00267569215
0.00265515796
0.0026765863
0.00265522956
0.00267669684
0.00272225552
0.00270034293
0.00272236817
0.00269645826
0.00269647796
0.00274361642
0.00276361816
0.00326801537
0.00324720951
0.00326769741
0.00331413092
0.00328942642
0.00331437319
0.00329378142
0.00331393483
0.00329356219
0.00331384238
0.00335980616
0.00333714587
0.00335999971
0.00333535219
0.00335986795
0.00333536024
0.00336001782
0.000662762333
0.000640037107
0.000662881453
0.000639757645
0.00066459449
0.000639963539
0.000664497563
0.000710231571
0.000685568758
0.000710149258
0.000686024597
0.00070604019
0.000685774694
0.000705806127
0.000752813755
0.000731867212
0.000752494485
0.00125630507
0.00125754027
0.00129904533
0.00127760562
0.00129939792
0.00130300879
0.00130345221
0.00134693999
0.00132432964
0.00134714337
0.00132321021
0.00134473532
0.0013236684
0.00134519835
0.00167126466
0.00164950753
0.0016712735
0.00164729994
0.00167009162
0.00164733427
0.00167015366
0.00171210874
0.00169149257
0.00169420004
0.00171616796
0.00169497775
0.00171704469
0.00173662302
0.00175732084
0.00173640243
0.00175691625
0.00224247683
0.00226338263
0.00224255263
0.00226352575
0.00230826668
0.00230837518
0.00228409501
0.00230611603
0.00228323303
0.00230523951
0.00235036446
0.00232874967
0.00235066448
0.00233009011
0.0023528046
0.00233001419
0.00235284
0.00267562995
0.00265269618
0.00267556418
0.00265499026
0.00267655334
0.00265452612
0.00267618915
0.00272229401
0.00270063434
0.00272231828
0.00269657231
0.00269672828
0.0027635537
0.00274239987
0.00326803386
0.00324771231
0.00326835277
0.00331455319
0.00329000931
0.00331446269
0.00329390988
0.00331404125
0.00329424163
0.00331423101
0.00336009476
0.00333718132
0.00336001061
0.00333554788
0.00336016217
0.00333566
0.00336012558
0.000663182054
0.000640433852
0.000663237087
0.000642073407
0.00066451596
0.000642428767
0.000664630913
0.000710109005
0.000688140909
0.000710646205
0.000685947929
0.000706220934
0.00068466936
0.000751629926
0.000731012003
0.000751556792
0.00125818469
0.00125875222
0.00129979888
0.0012794251
0.00130027429
0.00130391889
0.00130384522
0.00134728293
0.00132291025
0.00134728509
0.00132410614
0.00134561868
0.00132441384
0.00134595887
0.00167134284
0.00164912046
0.0016706352
0.00164744749
0.00167030609
0.00164723534
0.00167011978
0.00169063096
0.00169536279
0.00171710185
0.00169472752
0.00171643001
0.00173762516
0.00175766158
0.00173647486
0.00224230935
0.00226249738
0.00226377444
0.00230849324
0.00230949045
0.00228305504
0.00230489502
0.00228384814
0.00230563577
0.00235061207
0.00232980698
0.002351232
0.00232996891
0.00235282751
0.00233026561
0.00235301824
0.00267554424
0.00265276273
0.00267732639
0.00265437323
0.00267587199
0.00265414879
0.00267587118
0.0027218387
0.00269973634
0.00272039085
0.00269625804
0.00269611877
0.00274115369
0.00326902227
0.00324811976
0.00326852009
0.00331240929
0.00328927685
0.0033114185
0.00329364285
0.00331406055
0.0033150784
0.00335970491
0.00333649739
0.00335941777
0.00333571411
0.00335820421
0.00333508575
0.00335732664
0.000663128432
0.000640646918
0.000664293432
0.000641974159
0.000663647063
0.00064182249
0.000662870614
0.000709917029
0.00068703562
0.00070932914
0.000684292327
0.000683632317
0.000729657267
0.00125891852
0.00130021808
0.00128109997
0.00130130641
0.00134732502
0.00132306197
0.00134765933
0.0013260644
0.00134551915
0.00132684583
0.00134686284
0.00166996628
0.00164799254
0.00166784538
0.00164695885
0.00167148831
0.00164692518
0.00167153267
0.00169397837
0.00171577688
0.00169381945
0.00171395712
0.00173642717
0.00226395955
0.00230997385
0.00228435488
0.00230650036
0.0022860242
0.00230626481
0.00235174032
0.00233229481
0.00235188733
0.00232895507
0.00235308344
0.00232849471
0.00235302118
0.00267791012
0.00265250788
0.00267733313
0.00265429714
0.0026743248
0.00265330805
0.0026732853
0.00272059709
0.002699051
0.00271931201
0.00326959565
0.00327030905
0.00331187313
0.0032908954
0.00331274774
0.00331581567
0.00331643841
0.00335939423
0.00333536404
0.00335960787
0.00333574375
0.0033572996
0.00333662642
0.00335851191
0.000618462133
0.000595355028
0.000618185702
0.000597669112
0.000620347662
0.000597549793
0.000619621636
0.000664694242
0.000642740956
0.000665194638
0.00064230905
0.000661513089
0.000639504103
0.000707987737
0.000684825422
0.00130217132
0.00130376712
0.00134663828
0.0013239584
0.00134620279
0.00132798269
0.00134822857
0.00134971364
0.00139352956
0.00136873373
0.00139333194
0.00136982855
0.0013923578
0.00136951701
0.00139226917
0.00162570723
0.00160305297
0.0016258479
0.00160153724
0.00162453695
0.00160174763
0.00162628345
0.00166736221
0.00164578777
0.00164848772
0.00167104605
0.00164882747
0.00167113633
0.00169267008
0.00171345429
0.00169114087
0.00228632442
0.0023068513
0.00230859301
0.00235288546
0.00235457248
0.00232886296
0.00235155473
0.00232873234
0.00235128817
0.00239737297
0.002374526
0.00239695691
0.00237564488
0.0023986127
0.00237375994
0.00239813842
0.00262932775
0.00260651698
0.00263066705
0.00260763442
0.00263027471
0.00260770785
0.00263002284
0.00267595245
0.00265328828
0.00267578049
0.00265194811
0.00267206936
0.00265001614
0.00271854445
0.0026961246
0.00331269071
0.00331526261
0.00335834231
0.00333551747
0.00335794409
0.00333834034
0.00335861589
0.00336107812
0.00340531836
0.00338228611
0.00340525245
0.00338089823
0.00340359082
0.00338062606
0.00340330429
0.00043312807
0.00041139999
0.000433210136
0.000411713709
0.000434554432
0.000411746863
0.000434447572
0.000619055892
0.00059612627
0.000618776463
0.000596164823
0.000617918887
0.000596414029
0.000615099238
0.000663718842
0.000641651294
0.000660564141
0.000638576021
0.00134624164
0.00134912263
0.00139204424
0.00136937281
0.00139243273
0.00137173451
0.00139240672
0.00139515607
0.00143910187
0.00141527535
0.00143932508
0.00141457294
0.00143713697
0.00141513269
0.00143738409
0.00162329405
0.00160019822
0.00160301193
0.00162599751
0.00160291481
0.001625564
0.00164858082
0.00166901624
0.00164592232
0.00233101171
0.00235132773
0.00235414314
0.00239650182
0.00239932862
0.00237354216
0.00239633801
0.00237425521
0.00239681458
0.00258384163
0.0025603424
0.00258470459
0.00256277763
0.00258556673
0.0025621924
0.00258490608
0.0026306111
0.00260757458
0.0026300538
0.00260779576
0.00262778123
0.0026053365
0.0026736725
0.0026504987
0.00331603791
0.00335828546
0.00333923977
0.00335830407
0.0033617319
0.00340514801
0.00338112546
0.00340422528
0.00338201372
0.00340381301
0.00338493906
0.00340396442
0.00358918777
0.00356672673
0.00358896403
0.00356555256
0.00358839519
0.0035654804
0.0035882771
0.000432883215
0.00041081524
0.000432829273
0.000434978384
0.00047897182
0.000459019318
0.000479001438
0.000455618978
0.000481231726
0.000456331834
0.000480087703
0.000528052757
0.000502021106
0.000527141923
0.000503822321
0.0005284091
0.000502891364
0.00052457313
0.000574181808
0.000549914259
0.000570240396
0.000551087012
0.000571176626
0.000616170872
0.00139277562
0.0014390819
0.00141950652
0.00143983475
0.00141879127
0.00143787554
0.00148769597
0.00146226611
0.00148684665
0.00146121473
0.00148480075
0.00146482291
0.00148520547
0.00153377643
0.00150989824
0.00153010079
0.00150710086
0.00153324523
0.00150808399
0.00153242632
0.00157650172
0.00155551272
0.00157907911
0.00155476534
0.00157510897
0.00160242815
0.00162211202
0.00237819825
0.00239772186
0.00244361154
0.00242093976
0.00244490242
0.00242470347
0.00244524851
0.00249007548
0.00247022033
0.00249030424
0.00246730464
0.00249308894
0.00246792644
0.00249218817
0.00253805986
0.00251307107
0.00253724277
0.00251522543
0.00253846914
0.00251448251
0.00253478594
0.002583749
0.00255989193
0.00257999741
0.00256143934
0.00258115532
0.00262644421
0.00340349249
0.00345004122
0.00342951614
0.00345043552
0.00342932005
0.00344928849
0.00349791055
0.00347281168
0.00349695772
0.0034722174
0.0034953494
0.00347514065
0.00349574004
0.00354331646
0.00351964497
0.00353984746
0.00351760141
0.00354382334
0.00351837749
0.00354292728
0.0035878877
0.00356686427
0.00358887391
0.00356457002
0.0004344366
0.000410810632
0.000434657426
0.000411904911
0.000433860834
0.000412952864
0.000436398146
0.000477699441
0.000458257865
0.00048057303
0.000458951856
0.00048050858
0.000503705151
0.000525380431
0.000500380159
0.00146422675
0.00148383601
0.00153073455
0.00150695541
0.00153027487
0.00150943432
0.00152905627
0.00157801413
0.00155258483
0.00157883421
0.00155570135
0.00157637625
0.00155214294
0.00157615533
0.00162144283
0.00160133469
0.00162537741
0.00159911924
0.00162365704
0.00159856464
0.00162482963
0.00164807637
0.00166719395
0.00164642339
0.00166692908
0.00164702018
0.00167036672
0.00169346514
0.00171317551
0.00228667845
0.00230609065
0.00233234676
0.00235214591
0.00233309423
0.00235399659
0.00232921537
0.00235344208
0.00239915965
0.00237544458
0.00239854239
0.00237672885
0.00240060924
0.00237587688
0.00240150811
0.00244652243
0.00242100154
0.00244742477
0.00242366882
0.00244428677
0.0024239519
0.00244799369
0.00248937783
0.00246966086
0.0024928564
0.00247085384
0.00249010379
0.00251642219
0.00253606056
0.0034738779
0.00349563287
0.00349968834
0.00354338085
0.00351950984
0.00354261689
0.00351940785
0.00354158348
0.00358946812
0.00356650544
0.003589517
0.00356699432
0.00358834309
0.00356454863
0.003587182
0.000528245328
0.000503579211
0.000527959635
0.000504326868
0.000525005939
0.000504933156
0.000527548736
0.000569546864
0.000550523685
0.00057241605
0.000547101275
0.000592354
0.00143972759
0.00141684181
0.00143673831
0.0014828542
0.00145936923
0.00148234053
0.00148527173
0.00146237405
0.00148271335
0.00153060555
0.00150698069
0.00153051251
0.0015056619
0.00152852555
0.00150546411
0.00152836083
0.00167139581
0.00164951542
0.00167229852
0.00164696783
0.00167105488
0.00164726239
0.00167040952
0.00169485985
0.00171557044
0.0016941314
0.00171704631
0.00169491594
0.00171667788
0.0017349096
0.00173816656
0.00175784369
0.00173843378
0.00176102919
0.00178185578
0.00221795862
0.00226532238
0.00224204896
0.00226182243
0.00223895145
0.0022617242
0.00230827678
0.00228471044
0.00230581104
0.00228313517
0.00230558258
0.00228376923
0.00230553116
0.00235142645
0.00232841196
0.00235075742
0.00232862766
0.00235329315
0.00232988727
0.00235297004
0.0024937737
0.00246947234
0.00249297202
0.00247134846
0.00249399742
0.00247160816
0.00249479503
0.00253970089
0.00251732125
0.00253996802
0.00251461054
0.00251733036
0.0025370774
0.00256246863
0.00258286555
0.00340770607
0.00344915062
0.0034277034
0.00344970232
0.00345299455
0.00349528714
0.00347225282
0.00349660273
0.00347538755
0.0034956114
0.00347313764
0.00349556722
0.000573226267
0.000549473139
0.000574209262
0.000549374309
0.000569602347
0.000550536663
0.000570500577
0.000597453869
0.000616821186
0.00139487801
0.00137351126
0.00139348139
0.00143701262
0.00141519801
0.00143754246
0.00144049669
0.0014188426
0.00143875278
0.00148387285
0.00146127142
0.00148418476
0.00146016229
0.00148272621
0.0014601987
0.00148275365
0.00171597451
0.00169421934
0.00171706453
0.00169302295
0.00171571109
0.00169274977
0.00171573892
0.00173930683
0.00175994676
0.00174028164
0.00176257588
0.00174034198
0.00176287608
0.00178335351
0.00180494173
0.0017841561
0.001806025
0.00182740953
0.00217243245
0.00219507707
0.0022162944
0.00219390734
0.00221578235
0.00226327952
0.00223996664
0.00226071197
0.00223722475
0.00225970365
0.0022372261
0.00225983131
0.00230595995
0.00228311878
0.00230598399
0.0022844643
0.00230730873
0.00228442471
0.00230744646
0.00253976309
0.00251589995
0.00253852162
0.00251794745
0.00253959316
0.00251785404
0.00254003324
0.00258480147
0.00256214194
0.00258459819
0.00255899205
0.00256094983
0.0025809691
0.00260624063
0.00262639292
0.00340577755
0.00338350449
0.00340293648
0.00344962624
0.00342602783
0.00345062063
0.00343063737
0.00345088635
0.00342967002
0.00344943078
0.000573922027
0.000549696699
0.000572407078
0.000550932458
0.000572591268
0.000551719215
0.000573289703
0.000617812827
0.000596765432
0.000618470673
0.000592736344
0.000593106288
0.00063881933
0.00139268335
0.00137092856
0.00139231384
0.00139621853
0.00143912423
0.00141480945
0.00143919665
0.00141835671
0.00143809439
0.00141650446
0.00143811717
0.00176040559
0.00173956289
0.00176053366
0.00173827312
0.00176236044
0.00173793296
0.00176062119
0.00178173737
0.00178520973
0.00180661876
0.00178548061
0.00180773856
0.00182841774
0.00184944418
0.0018281859
0.00184973839
0.0021505196
0.0021713707
0.00214995024
0.00217158897
0.00221911923
0.00221795262
0.00219359968
0.00221539409
0.00219189461
0.0022143183
0.0022600318
0.00223915173
0.00226009414
0.00223797359
0.00226178698
0.00223923864
0.00226191716
0.00258480215
0.00256057347
0.00258460678
0.00256176604
0.00258114566
0.00256184761
0.00258316078
0.00262691654
0.00260706343
0.00262838346
0.00260338679
0.00336213414
0.00336110204
0.00340361648
0.00338141222
0.00340308865
0.00340723996
0.00340701833
0.00345040377
0.00342763628
0.00345032969
0.00342744205
0.00344892456
0.00342687557
0.00344829469
0.000572432472
0.000549592596
0.000572207033
0.000552006385
0.000574139108
0.000551460936
0.000573617883
0.000619119445
0.000596101215
0.000618571803
0.000593551439
0.000594729966
0.00061491145
0.000640383584
0.000660478499
0.00134929923
0.00134972787
0.00139145375
0.0013695723
0.00139111946
0.00139578438
0.00139515299
0.00143896967
0.00141583362
0.00143864768
0.00141588388
0.00143729492
0.0014150842
0.00143656902
0.00176153337
0.00173894373
0.00176148326
0.00173764768
0.00176032581
0.00173753786
0.00176027781
0.00180383556
0.00178259407
0.00180370684
0.0017847268
0.0018076286
0.00178314996
0.00180814567
0.00182914749
0.00185120561
0.00183039316
0.00185129937
0.00187235859
0.00187274941
0.00212735443
0.00212725756
0.00214846922
0.00217069432
0.00214868078
0.00216968227
0.00221679205
0.00219646056
0.00221736503
0.00219185812
0.00221459934
0.00219191651
0.00221675448
0.00226038002
0.00223847329
0.0022609514
0.00223936156
0.00226215268
0.00223963812
0.00226236434
0.00258357542
0.00256130403
0.00258409652
0.00256260133
0.00258388582
0.00256341983
0.00258491507
0.00263061294
0.00260886142
0.00263042184
0.0026039241
0.00260489311
0.00265058858
0.00336054372
0.00333928045
0.00335967232
0.00340321336
0.00338147661
0.00340378555
0.00340682698
0.00338520813
0.00340527181
0.00345020343
0.00342767909
0.00345032889
0.00342591921
0.00344779656
0.00342603368
0.0034483079
0.000571960966
0.000549026688
0.000571862347
0.000549254588
0.000573729321
0.000549013186
0.000573868499
0.000618696517
0.000594371516
0.000618877103
0.000594873845
0.000614616473
0.000595125772
0.000614767975
0.000660069641
0.000640322
0.000660381005
0.00134923267
0.00134866452
0.0013906081
0.00136851769
0.00138998573
0.00139451269
0.00139387928
0.00143838441
0.00141523704
0.00143827134
0.00141454018
0.00143622004
0.00141431502
0.00143611182
0.00176179975
0.00173728501
0.00176204079
0.00173745106
0.00176029404
0.00173743334
0.00176035654
0.00180422464
0.0017838599
0.00180470026
0.00178322025
0.00180853605
0.00178338334
0.00180902285
0.00183099451
0.00185181949
0.00183141118
0.00185193306
0.001873957
0.00189528737
0.00187311819
0.00189459259
0.00210498819
0.00212601795
0.0021056005
0.00212674881
0.00214820377
0.00216944937
0.00214819576
0.00216923422
0.00221655759
0.00219574788
0.00221613959
0.00219188144
0.00221690921
0.00219161112
0.00221681056
0.00226262876
0.00223788571
0.00226272164
0.00223973471
0.00226254247
0.00223968429
0.00226259715
0.00258451128
0.00256176462
0.00258458571
0.00256402983
0.00258553619
0.00256402196
0.00258559691
0.00263091657
0.00260926643
0.00263092637
0.00260543154
0.0026053503
0.0026512742
0.00335964096
0.00333949339
0.00335930821
0.00340546802
0.00338071358
0.00340552789
0.00338544261
0.00340515795
0.00338493993
0.00340497689
0.00345071077
0.00342808856
0.00345087467
0.00342616685
0.00345065425
0.00342621966
0.00345084505
0.000571823963
0.000549134933
0.000571977609
0.000549012446
0.000573722052
0.00054917295
0.000573664005
0.000618863867
0.00059462194
0.000618925866
0.000594982618
0.000614730013
0.000594910363
0.000614606253
0.000660448805
0.000640137775
0.000660148209
0.00134872394
0.00134925263
0.0013903164
0.00136936212
0.0013909072
0.00139425203
0.00139488038
0.00143832904
0.00141569021
0.00143852087
0.00141448728
0.00143614974
0.00141482971
0.00143635396
0.00176211907
0.00173739612
0.00176175872
0.00173745764
0.0017603886
0.00173752726
0.00176033624
0.00180480339
0.00178341531
0.00180427741
0.00178341208
0.0018091106
0.00178323581
0.00180862265
0.00183135991
0.00185184513
0.00183080115
0.00185163326
0.00187308755
0.00189456863
0.00187383245
0.00189506666
0.00210576606
0.00212694108
0.00210518393
0.00212619039
0.00214827049
0.00216941362
0.00214838125
0.00216935757
0.00221607143
0.0021959697
0.0022164499
0.00219166136
0.00221678427
0.00219163322
0.00221681029
0.00226271621
0.00223806905
0.00226266029
0.00223964012
0.00226258879
0.00223966576
0.00226254623
0.00258463229
0.0025615662
0.00258445632
0.00256406505
0.00258572807
0.00256376002
0.00258544434
0.00263095576
0.00260938411
0.00263079261
0.00260557502
0.00260556378
0.00265051121
0.00335954902
0.00334003509
0.00335992235
0.00340552105
0.00338115067
0.00340536216
0.0033850518
0.00340488422
0.00338546292
0.00340497811
0.00345088003
0.00342791177
0.00345076801
0.00342612903
0.00345085678
0.00342611476
0.00345078721
0.000572316063
0.000549511302
0.000572480373
0.000551155079
0.000573664359
0.000551640407
0.000573981957
0.000619246751
0.000597654887
0.000619526384
0.000595285899
0.000615279259
0.000594153576
0.000660520563
0.000639073407
0.00134955921
0.00134934146
0.00139114831
0.00136900607
0.00139162965
0.00139512762
0.0013958203
0.00143883113
0.00141626545
0.00143909651
0.00141540512
0.00143686749
0.00141607092
0.00143749905
0.0017616898
0.00174004492
0.00176214161
0.00173777365
0.00176046466
0.00173799037
0.00176071166
0.00180357372
0.00178297331
0.00180397174
0.00178323797
0.00180812375
0.00178531128
0.00180791569
0.00183023882
0.00185113927
0.0018290951
0.00185129419
0.00187255801
0.00187272122
0.00212731592
0.00212724986
0.00214879854
0.00216941818
0.00214867312
0.00217069457
0.00221736568
0.00219621889
0.00221717466
0.00219152098
0.00221672709
0.00219211216
0.00221501989
0.00226106775
0.00223813486
0.00226066116
0.00223964205
0.00226243113
0.00223950704
0.00226231636
0.00258399183
0.00256087048
0.00258359049
0.0025632169
0.00258475151
0.00256267147
0.00258397452
0.00263021749
0.00260805163
0.00263044598
0.00260482791
0.00260384139
0.00265053498
0.00335980762
0.00336088168
0.00340337594
0.00338048818
0.00340266969
0.00338494628
0.00340485104
0.00340616955
0.0034505273
0.00342757498
0.00345040031
0.00342636532
0.00344892264
0.00342607138
0.00344828879
0.000572376042
0.000549354578
0.000573879711
0.000551067239
0.000573025982
0.000550497755
0.000572309226
0.000618615865
0.000596519743
0.000618139704
0.000593538917
0.000592866191
0.000638061527
0.00139242396
0.00137275883
0.00139270365
0.00139616173
0.00143916791
0.00141462888
0.00143908399
0.00141647976
0.00143800055
0.0014183932
0.00143796182
0.00176085407
0.00173990222
0.00176017133
0.00173805579
0.00176074561
0.00173809733
0.00176187429
0.00178106218
0.0017856732
0.00180794766
0.00178460829
0.00180646178
0.0018281597
0.00184986615
0.00182863145
0.00184966565
0.00215022012
0.00217166902
0.00215042884
0.00217146456
0.00221814819
0.00221860593
0.00219209253
0.00221443272
0.00219347958
0.00221494005
0.00226056811
0.00223952742
0.00226021725
0.00223930137
0.00226211388
0.00223761944
0.00226179493
0.00258470543
0.00256054076
0.00258492948
0.0025618953
0.00258317043
0.00256174065
0.00258132644
0.00262868473
0.00260707311
0.00262736778
0.00260333915
0.00336108188
0.00336201254
0.00340287212
0.00338218147
0.0034038863
0.00340667174
0.00340757838
0.0034504834
0.00342657279
0.00345067527
0.00342682479
0.00344843853
0.00342773374
0.00344918482
0.000574105612
0.000550527152
0.000573043104
0.000550376092
0.000570283245
0.000549181035
0.000569493093
0.000617162041
0.000594498571
0.00139367619
0.00139535992
0.0014375329
0.00141520954
0.00143747046
0.00141883074
0.00143864412
0.00144048269
0.00148436146
0.00145997317
0.00148412773
0.00146018921
0.00148281882
0.00146024601
0.00148248493
0.0017169712
0.00169440712
0.00171571658
0.00169260016
0.0017154935
0.0016928752
0.00171538642
0.0017595685
0.00173613815
0.00173977327
0.0017623978
0.00173978607
0.00176229772
0.00178408968
0.00180589514
0.00178401783
0.00180497504
0.00182756487
0.00217253473
0.00219393531
0.00221565339
0.00219488907
0.00221623017
0.0022608952
0.00226349104
0.00223728567
0.00225994904
0.00223747912
0.00225975104
0.00230543144
0.00228378059
0.00230520037
0.00228419925
0.00230706284
0.00228421204
0.00230683167
0.00253818537
0.00251583891
0.00254036231
0.00251665504
0.0025391407
0.0025172039
0.00253960684
0.00258444722
0.00256264309
0.00258437279
0.00256076918
0.00258113971
0.00255950682
0.00262653194
0.00260460954
0.00340328615
0.00340606775
0.00345092589
0.00342734827
0.00344979188
0.00343018971
0.00344964677
0.00343085622
0.0034508334
0.000527973916
0.000504371275
0.000528504676
0.000504824091
0.000527236134
0.00050422118
0.000524700234
0.000572487262
0.000551015202
0.000569337323
0.000547030021
0.00143757128
0.00144008044
0.00148293209
0.00146068577
0.00148314654
0.00146262166
0.00148290941
0.00148587046
0.00153067353
0.00150613736
0.00153071664
0.00150545802
0.00152855542
0.0015062385
0.00152872178
0.00167190303
0.00164864334
0.00167127556
0.00164695893
0.00167022208
0.00164674476
0.0016711093
0.00171535053
0.00169203841
0.00169475431
0.00171629086
0.00169427949
0.00171693278
0.00173809823
0.00176085135
0.00173825819
0.00175771061
0.00178232262
0.00221778763
0.00226502753
0.00223866329
0.00226157937
0.00224202112
0.00226184277
0.00230490168
0.00230800799
0.00228345119
0.00230506744
0.00228319351
0.0023056146
0.00235104171
0.00232849051
0.00235164788
0.00232975192
0.00235302448
0.00232885029
0.00235335564
0.00249289119
0.00246929493
0.00249391174
0.00247139584
0.00249458735
0.002471061
0.00249408714
0.00254031616
0.0025166348
0.00253947332
0.00251727947
0.00253749417
0.00251432579
0.00258269295
0.00255990349
0.00340759729
0.00345001411
0.0034303737
0.00344977363
0.00345301349
0.0034964679
0.00347152663
0.0034952142
0.00347280862
0.00349519491
0.00347526512
0.00349565038
0.000434264133
0.000410779946
0.0004342508
0.000412815908
0.000436005946
0.000411881667
0.000433610496
0.000480567092
0.000456872636
0.000477719008
0.00045873328
0.000480318598
0.000525869386
0.000500442302
0.0014836262
0.0015301821
0.00151043116
0.00153066444
0.00150971366
0.00152912485
0.00157853684
0.0015530763
0.00157756417
0.00155229669
0.00157601398
0.00155551834
0.00157618801
0.00162485801
0.00160039466
0.00162104317
0.00159837367
0.00162439683
0.00159906224
0.00162335731
0.00166758927
0.0016467964
0.00167042926
0.00164608314
0.0016666711
0.00169347986
0.00171322549
0.00228664507
0.002306441
0.00235233587
0.00232991733
0.00235330441
0.00233356813
0.00235378875
0.00239897351
0.00237913031
0.0023994904
0.00237571391
0.00240161552
0.00237682026
0.00240078168
0.00244752886
0.00242235033
0.00244670133
0.00242407772
0.00244780428
0.00242384277
0.00244436158
0.00249326797
0.0024693728
0.00248978331
0.00247085259
0.0024904767
0.00253542911
0.00349525877
0.00349971949
0.00354267438
0.00352142796
0.0035434262
0.0035195905
0.00354191657
0.00358928447
0.00356613493
0.00358934817
0.00356480406
0.00358729274
0.00356722493
0.00358837849
0.000412673512
0.000436289453
0.000409596234
0.000455434348
0.00155534095
0.00157532289
0.00162216219
0.00159847161
0.00162178681
0.00160132324
0.00162093664
0.00166943164
0.00164388529
0.00167031526
0.00164704955
0.00166767465
0.00164339474
0.00166742202
0.00171257403
0.00169268685
0.00171593113
0.00169080827
0.00171508639
0.00168988522
0.00171572515
0.00173904047
0.00175986227
0.00173797164
0.00175938377
0.00173795589
0.00175977358
0.00178061035
0.00178018989
0.00178389544
0.00180745469
0.00182827719
0.00184959913
0.00215048792
0.00217168569
0.00221932615
0.00221907355
0.00219221842
0.002215674
0.00223977205
0.00226083848
0.00223992013
0.00226168063
0.0022398024
0.00226183431
0.00230764157
0.00228404539
0.0023071981
0.00228491526
0.00230891951
0.00228438752
0.0023099607
0.00235531482
0.00232959996
0.00235609674
0.00233220398
0.00235294726
0.00233240542
0.0023562393
0.00239826273
0.00237849999
0.00240198953
0.00237930808
0.00239914233
0.00242489177
0.00244497184
0.00354506173
0.00359034158
0.00356393755
0.00358714935
0.00359034917
0.00043621607
0.000411755162
0.000436499511
0.000412047431
0.000433440144
0.000412313074
0.000436245375
0.000478868939
0.000459282849
0.000481769712
0.000456423009
0.000502055154
0.0015305274
0.00150763563
0.00152872551
0.00153315131
0.0015759876
0.00155249613
0.00157668757
0.00155671413
0.00157577476
0.00155377798
0.00157548468
0.00180491328
0.00178449861
0.00180777455
0.00178440201
0.00180755535
0.00178316434
0.0018078946
0.00182949244
0.00184980107
0.00182992913
0.00185264091
0.0018300526
0.00185269714
0.00187494167
0.00189577502
0.00187550295
0.00189820409
0.00192125289
0.0019431453
0.00196568758
0.00198862274
0.00201145554
0.00203432802
0.00205681103
0.00207852726
0.0021039772
0.00212536712
0.00210158503
0.00212487204
0.00215046614
0.00217001044
0.00214733916
0.00216949082
0.00214772206
0.0021690795
0.00221542185
0.00219145239
0.00221485276
0.00219139123
0.00221500985
0.00219092062
0.0022161421
0.00244735851
0.00242352723
0.00244757154
0.00242427085
0.00244320736
0.0024245229
0.00244621398
0.00247130613
0.00249267503
0.00246671686
0.00349840036
0.00354131637
0.00351849353
0.00354100107
0.00354393313
0.00358700386
0.00356358241
0.00358821599
0.00356652922
0.00358783748
0.00356378538
0.0035875957
0.000482409491
0.000458441263
0.000482949743
0.000458736714
0.000479090342
0.000459861718
0.000479451112
0.000524368178
0.000505151261
0.000525158314
0.00148572097
0.00146378047
0.00148383286
0.0015288636
0.00150571093
0.00152888608
0.00153241867
0.00150961644
0.00152969268
0.00157658505
0.00155338469
0.00157644673
0.00155235838
0.00157471934
0.00155205281
0.00157476301
0.00185186606
0.0018305483
0.00185264536
0.00182913713
0.00185346001
0.00182907255
0.00185197771
0.00187491826
0.00189783471
0.00187668672
0.00189860625
0.00187652382
0.00189865171
0.00191826452
0.001920537
0.00194302658
0.00192113709
0.00194412467
0.00196588989
0.00198868539
0.00196620385
0.001988483
0.00201149773
0.00203413821
0.0020114517
0.00203390828
0.00208162709
0.00205698493
0.00207928977
0.00205585692
0.00207881737
0.00212647295
0.00210217578
0.00212490318
0.0021010785
0.00212377396
0.00210123897
0.00212333865
0.00216996465
0.00214741013
0.00216944706
0.00214698725
0.00217065714
0.00214803962
0.00217084054
0.00244693535
0.00242426325
0.00244716071
0.00242636278
0.00244830058
0.00242654471
0.00244890799
0.00249493693
0.00247119159
0.00249425803
0.00246773166
0.00247028931
0.00249023482
0.00251656434
0.00253630117
0.00349674944
0.00347525292
0.00349502828
0.00354080985
0.00351725048
0.00354169779
0.00352170012
0.00354159801
0.00352050487
0.0035401157
0.000482640588
0.000458155581
0.00048094386
0.000459872597
0.00048139555
0.000459861725
0.000482044883
0.000527235322
0.000505560681
0.000527636253
0.00050214948
0.000501906858
0.000547664121
0.00144168281
0.0014830016
0.0014618659
0.00148302034
0.00148635905
0.00153022776
0.00150545807
0.00153017207
0.00150849818
0.00152971166
0.0015062448
0.00152869975
0.00185323786
0.00182879732
0.00185352679
0.00182895196
0.00185184513
0.00182883052
0.00185175265
0.00189725481
0.00187625337
0.00189743712
0.00187470309
0.00189751267
0.0018745178
0.00189736071
0.00194308729
0.00191991842
0.00194250968
0.00192188936
0.00194399074
0.00192015229
0.00194293844
0.00196592603
0.00198890462
0.00196627095
0.00198927541
0.0019671212
0.00198921014
0.00203623493
0.00201092471
0.00203385058
0.00201040636
0.00203347056
0.00201046275
0.0020325525
0.0020796003
0.00205742181
0.00207994837
0.00205602761
0.00207811835
0.00205698283
0.00207979411
0.00212476223
0.00210238295
0.00212346897
0.00210241334
0.00212520474
0.00210253323
0.00212527664
0.00216955034
0.00214608518
0.00217094189
0.00214801239
0.00217090197
0.00214797668
0.00217094801
0.00249485027
0.00246963559
0.00249428132
0.00247027703
0.00249144921
0.00247104843
0.0024934683
0.00253629604
0.00251677339
0.00253815625
0.00251333741
0.00255845553
0.00345254786
0.0034524973
0.00349445509
0.00347221009
0.00349423182
0.00349772953
0.00349776912
0.00354144079
0.00351878134
0.00354169461
0.00351772884
0.00353972629
0.0035176516
0.00353991444
0.000480767617
0.000457920624
0.00048072127
0.000459611771
0.000482018128
0.000457999501
0.000482402328
0.000527447282
0.000503431892
0.000528083437
0.000503379889
0.000523618397
0.000503699264
0.000523719519
0.000550679944
0.000570109285
0.00144134293
0.001440509
0.00148279808
0.0014607593
0.0014824484
0.00148662962
0.00148635211
0.00153012842
0.0015072415
0.00153009009
0.00150633782
0.0015280249
0.00150577646
0.00152783119
0.00189823849
0.00187650163
0.0018993679
0.00187448073
0.00189738105
0.00187460606
0.00189746815
0.00194284979
0.00192053331
0.00194302785
0.00192013006
0.00194292601
0.00192023183
0.00194297599
0.00198853883
0.00196576601
0.00198858176
0.00196572818
0.00198854466
0.00196575561
0.00198858259
0.00203434743
0.00201143248
0.00203424047
0.00201138319
0.00203417586
0.00201140373
0.0020342401
0.00207976967
0.00205707769
0.00207999827
0.00205706597
0.0020799237
0.0020571001
0.00208001991
0.00212360971
0.0021011238
0.00212355301
0.0021026393
0.00212533454
0.00210276364
0.0021254334
0.00249257193
0.00246947453
0.00249250448
0.00247158662
0.00249327256
0.00247133514
0.00249363449
0.00253884562
0.00251786538
0.00253964546
0.00251343507
0.00251377494
0.00255960906
0.00345103028
0.00342967707
0.00344927716
0.00349457507
0.00347186453
0.00349635701
0.00347629955
0.00349616783
0.00347633137
0.00349612686
0.00354197749
0.00351913956
0.0035420512
0.00351815169
0.00354069112
0.00351747629
0.00354205702
0.000528239004
0.000503514014
0.000528149531
0.000504160248
0.000524174584
0.000504456786
0.000524253018
0.000569680872
0.000549596024
0.000569839911
0.00144054938
0.0014402298
0.00148243748
0.00146113418
0.00148312135
0.00148576594
0.00146508278
0.0014845716
0.0015303785
0.00150774336
0.00153075073
0.00150636533
0.00152879858
0.00150673319
0.00153111717
0.0018993035
0.00187442689
0.00189948764
0.00187461894
0.00189755222
0.0018745578
0.00189756539
0.00194319449
0.00192184115
0.00194335258
0.00192029013
0.00194300466
0.00192030934
0.0019430195
0.00198859137
0.00196589138
0.00198859604
0.00196577246
0.00198859332
0.00196579008
0.00198860069
0.00203415888
0.00201138267
0.00203415116
0.00201139668
0.00203422773
0.00201139357
0.00203422341
0.00207921677
0.00205648485
0.00207823977
0.00205703215
0.00207991082
0.00205695807
0.00207980167
0.00212400654
0.00210086876
0.00212567048
0.00210271259
0.0021255101
0.00210265863
0.00212558008
0.00249226147
0.00246904447
0.00249208009
0.00247046815
0.00249300638
0.00246871817
0.00249319046
0.00253967808
0.002516551
0.0025387051
0.00251409673
0.00251544489
0.00253470489
0.00255993926
0.00345027215
0.00343033288
0.00345011862
0.00349634157
0.00347145659
0.00349613138
0.00347584347
0.00349564967
0.0034754667
0.00349507264
0.00052829242
0.000503531472
0.000528346047
0.000504483798
0.000524497341
0.000504252268
0.000524377102
0.000569693321
0.000549738033
0.000569541292
0.00144021452
0.00144049325
0.00148271017
0.00145997733
0.00148211863
0.00146492533
0.00148418976
0.00148543182
0.00153079995
0.0015075404
0.00153059018
0.00150677473
0.00153120796
0.00150694951
0.00152929627
0.00189958853
0.001876122
0.00189912696
0.00187456069
0.0018975937
0.0018746028
0.00189749894
0.00194341153
0.00192106565
0.00194326681
0.00192035663
0.00194304395
0.00192026852
0.00194301762
0.00198860455
0.00196582109
0.00198859481
0.00196579564
0.00198860519
0.00196576594
0.00198859531
0.00203415656
0.00201141841
0.00203418673
0.0020114016
0.00203422964
0.00201141805
0.00203424422
0.00207829474
0.00205671018
0.00207892943
0.00205696915
0.00207979541
0.00205697802
0.0020797591
0.00212574133
0.00210103518
0.00212409771
0.00210264668
0.00212559356
0.00210260891
0.00212551925
0.00249214595
0.00246923713
0.00249230287
0.00246867341
0.00249321431
0.00247048148
0.00249304621
0.00253890931
0.00251740258
0.00253962484
0.00251566469
0.00253497075
0.00251418001
0.00255949914
0.00345014815
0.00343018712
0.00345036952
0.00349621976
0.00347182548
0.00349644834
0.00347543355
0.00349527188
0.00347581309
0.00349576995
0.000480885378
0.000458200398
0.000481078494
0.000458099858
0.000482588321
0.000459753888
0.000482321363
0.000527972694
0.000505436995
0.000527567483
0.000503865131
0.000523695127
0.000503801064
0.000523826397
0.000570155187
0.000548401978
0.00144071123
0.00144150014
0.0014821524
0.00146104632
0.00148233233
0.00148618513
0.00148628357
0.00153032945
0.00150718133
0.00153025294
0.00150626764
0.00152833025
0.00150654046
0.00152826846
0.00189915125
0.00187625121
0.00189827619
0.0018746053
0.00189738462
0.0018745955
0.00189740028
0.00194299506
0.00192027615
0.00194277959
0.00192010679
0.00194292492
0.00192009447
0.00194284748
0.00198855878
0.00196544316
0.00198853677
0.00196570551
0.00198857193
0.00196559302
0.00198851932
0.00203429486
0.00201152326
0.00203462987
0.00201145454
0.00203430802
0.00201152229
0.00203445518
0.00207945227
0.00205727606
0.0020797051
0.00205703755
0.00207979402
0.00205719569
0.00207992464
0.00212357702
0.0021016319
0.00212375065
0.00210258787
0.00212543511
0.00210259822
0.00212544032
0.00249250186
0.00246955295
0.00249258902
0.00247142495
0.00249363457
0.00247157158
0.00249333928
0.00253938792
0.00251762166
0.00253901685
0.00251388386
0.002513771
0.00255865745
0.00344970304
0.00345136908
0.00349636753
0.00347228999
0.00349465069
0.0034760324
0.00349594886
0.00347598981
0.00349620903
0.00354192057
0.00351898634
0.00354177836
0.00351726432
0.00354188238
0.00351776771
0.00354021822
0.000481288207
0.000458458612
0.000483043695
0.000460137206
0.000482371568
0.000459968713
0.000481891574
0.000527799197
0.00050576291
0.000527201263
0.000502345002
0.000502355697
0.000547005236
0.00144155624
0.0014827142
0.00146350084
0.00148315292
0.00148627999
0.00153021481
0.00150537712
0.00153033209
0.00150610341
0.00152893799
0.00150862975
0.00152985691
0.00185363179
0.00183038564
0.00185325006
0.00182889546
0.00185184881
0.00182898904
0.00185186538
0.00189771236
0.0018752615
0.00189742776
0.00187463146
0.00189746851
0.00187469246
0.00189756586
0.00194243247
0.00192039448
0.00194314272
0.00192018013
0.00194282574
0.00192186689
0.00194391839
0.00198907006
0.00196317603
0.00196679802
0.00198908591
0.00196607723
0.00198896612
0.00203458702
0.00203654183
0.00201100258
0.00203324607
0.00201099347
0.00203379559
0.00208012977
0.00205707095
0.00207988794
0.00205729043
0.00208000061
0.0020564069
0.00207849226
0.00212366834
0.00210282668
0.00212484883
0.00210269351
0.00212546706
0.00210266154
0.00212539572
0.00217109894
0.00214671089
0.00216959909
0.00214820634
0.00217109343
0.00214817489
0.00217099601
0.0024940576
0.00246949943
0.00249421552
0.00247103576
0.0024933565
0.00247009272
0.0024909269
0.00253835718
0.00251627814
0.00253620652
0.00251348898
0.00345245922
0.00345258067
0.00349431023
0.00347315367
0.00349476874
0.00349799672
0.00349800185
0.00354158871
0.00351722861
0.00354146295
0.00351773359
0.0035395897
0.00351826015
0.00353972791
0.000483024399
0.000459570682
0.000482219673
0.000459756608
0.000479698993
0.000458445765
0.000478789221
0.000524803242
0.000503831697
0.0005240501
0.00148433747
0.00148546317
0.00152875823
0.00150518877
0.00152849542
0.00151008635
0.001529659
0.00153201011
0.00157638362
0.00155333476
0.00157650844
0.00155201496
0.00157459795
0.00155204645
0.0015746883
0.00185265608
0.00182987386
0.00185175052
0.00182901381
0.00185193709
0.00182902127
0.00185331162
0.00189794358
0.00187336754
0.00187632827
0.0018986592
0.00187622625
0.0018983966
0.00192133987
0.00194404165
0.00192065287
0.00194296416
0.00196602679
0.00198840037
0.00196583099
0.00198858014
0.00201143791
0.0020339599
0.00201139755
0.00203428049
0.00208181963
0.00205623132
0.00207911553
0.00205699841
0.00207952479
0.00212498516
0.00212673225
0.00210161793
0.00212363623
0.00210146638
0.00212423507
0.00216929221
0.00214865136
0.00217012195
0.0021482101
0.0021709082
0.00214724648
0.00217096242
0.00244692056
0.00242373187
0.0024467724
0.00242581849
0.0024484482
0.00242587361
0.0024479875
0.00249380683
0.00247158652
0.00249503981
0.00247038501
0.00248990697
0.00246791873
0.00253577414
0.00251400821
0.00349509816
0.00347567219
0.00349614938
0.00354159082
0.0035180337
0.00354059134
0.00352049672
0.00353998196
0.00352130136
0.0035417023
0.000436701897
0.000413030019
0.000436486373
0.000412211744
0.000436247297
0.000412122841
0.000433695341
0.000481653746
0.000458756228
0.000479023369
0.000456406011
0.00152893938
0.00153069149
0.00153325062
0.00157666713
0.00155287116
0.00157590269
0.00155377744
0.00157553812
0.0015567441
0.00157561154
0.00180803211
0.00178417556
0.0018048603
0.00178339574
0.00180789809
0.00178433025
0.00180740425
0.00184959692
0.0018298922
0.00185252523
0.0018297584
0.00185263748
0.00187520092
0.00189775336
0.0018748085
0.00189555801
0.00192123124
0.00194296962
0.00196576416
0.00198869819
0.00201132968
0.00203428192
0.0020568957
0.00207868775
0.0021019462
0.00212497421
0.00210423917
0.00212506775
0.00217043271
0.00214779779
0.00216974734
0.00214721952
0.00216975516
0.00221502471
0.00219475522
0.00221561384
0.00219165753
0.00221645777
0.00219222871
0.00221542985
0.00244745588
0.00242405605
0.00244691947
0.00242450943
0.00244619577
0.00242417564
0.00244318384
0.00249264565
0.00246926068
0.00246675624
0.00349831221
0.0035408715
0.00352078181
0.00354135168
0.00354389222
0.00358836355
0.00356407643
0.00358714985
0.00356395121
0.00358777531
0.00356647292
0.00358790221
0.000436143334
0.000409910555
0.000409578603
0.00157525196
0.00162167512
0.00160139628
0.00162191202
0.00160096977
0.00162092121
0.00167012369
0.00164486403
0.00166920875
0.00164361025
0.00166746836
0.00164697779
0.00166772264
0.00171605732
0.0016920994
0.00171260738
0.00168982876
0.00171580373
0.00169067026
0.00171510316
0.00176010976
0.0017380559
0.00175978611
0.00173797231
0.00175920776
0.00178362837
0.00180707501
0.0017799933
0.00182820354
0.00184969169
0.00215013946
0.002171634
0.00221952012
0.00219258486
0.00221590519
0.00221920791
0.00226053193
0.00223989952
0.00226148878
0.00223991565
0.00226141789
0.00230757025
0.00228690029
0.00230793836
0.00228380569
0.00230992939
0.00228454263
0.00230883545
0.00235600063
0.00233098858
0.0023550037
0.00233249792
0.00235650534
0.00233209968
0.00235276684
0.00240183299
0.00237826269
0.00239841958
0.00237922455
0.00239896456
0.00244458072
0.00354484093
0.00358724621
0.0035902515
0.00359032813
0.00164639439
0.00166653206
0.00171406303
0.0016897395
0.0017134858
0.00169288389
0.00171270958
0.0017594815
0.00173546581
0.00175972045
0.00173898286
0.00176024995
0.00173581207
0.00175996671
0.00180599065
0.00178394232
0.00180618666
0.00178156291
0.00180442136
0.00178150617
0.00180354798
0.00184871387
0.00182823559
0.00185270832
0.00182779251
0.0018512071
0.00182813561
0.00185266554
0.00187607273
0.00189764455
0.00187495247
0.00189718966
0.00187513181
0.00189717828
0.00192006677
0.00194284906
0.00191990477
0.0019426003
0.00191999496
0.00194278068
0.00196567005
0.00198855586
0.0019655415
0.00198853445
0.00196560924
0.00198852244
0.00201142631
0.00203425014
0.00201141445
0.00203428708
0.00201143442
0.0020343103
0.0020570416
0.00207995378
0.00205739507
0.00207980096
0.00205718022
0.00207991181
0.00210204631
0.00212342286
0.00210268861
0.0021248552
0.00210261945
0.00212453633
0.0021719701
0.00214740552
0.00217158876
0.00214801259
0.00217149007
0.00214698215
0.00217151435
0.0022167655
0.00219337496
0.00221565146
0.00219465601
0.00221806762
0.00219588872
0.00221827795
0.00226264151
0.00223984779
0.00226420578
0.00223976338
0.00226022665
0.00223995804
0.00226411437
0.00230631086
0.00228662115
0.00231004856
0.00228751264
0.00230712347
0.00233314127
0.00235311732
0.000409840132
0.001578992
0.00162186984
0.00159932037
0.00162158964
0.00162515324
0.00166593399
0.00164373478
0.0016655819
0.00166848054
0.00164461974
0.00166574779
0.00171348081
0.00168990763
0.00171317026
0.00168890693
0.00171195945
0.00168821422
0.00171121812
0.00194318821
0.00192148286
0.00194319092
0.00192018209
0.00194290391
0.00192024409
0.00194298728
0.00198862774
0.00196581638
0.00198862269
0.00196571694
0.00198858166
0.00196575511
0.00198859789
0.00203418182
0.00201145381
0.00203424701
0.00201143728
0.00203425056
0.00201143116
0.00203424333
0.00207838527
0.00205668344
0.00207814774
0.0020569971
0.00207968656
0.00205691024
0.00207955554
0.00231074071
0.00228669537
0.00231002679
0.00228792501
0.00231082854
0.00228848329
0.00231177575
0.00235694976
0.00233466789
0.00235660812
0.00233166344
0.0023347814
0.00235558923
0.00239742027
0.00237834767
0.00240041546
0.00237473716
0.0024209119
0.00359011483
0.000433040228
0.000412191175
0.00043455623
0.000409301256
0.00157793105
0.00155531322
0.00157510547
0.00161963428
0.00159723923
0.00161989151
0.001623238
0.00160005469
0.00162082522
0.00166701093
0.00164417889
0.00166710556
0.00164388327
0.0016652618
0.00164263101
0.0016654025
0.00235562883
0.00233253505
0.00235555565
0.00233434532
0.00235584872
0.00233377815
0.00235657148
0.00240239851
0.00238030232
0.00240307094
0.00237652733
0.00237912563
0.002399845
0.00242554866
0.00244529258
0.00358809031
0.00356551711
0.00358794963
0.00359119558
0.000437245262
0.000414283175
0.000437290335
0.000410237114
0.000410804624
0.00045652222
0.00153368658
0.00153293324
0.00157531455
0.00155320458
0.00157456416
0.00157937422
0.00157877865
0.00162157877
0.00159897592
0.00162162381
0.00159961132
0.00162008581
0.00159932409
0.0016199785
0.00240267763
0.0023785183
0.002401216
0.00238006615
0.00240045415
0.00238012918
0.00240074257
0.00244611833
0.00242576447
0.00244701368
0.00242076359
0.00242143365
0.00246682107
0.00354293867
0.00354357713
0.00358634626
0.0035631814
0.00358620916
0.00358995319
0.00358965033
0.000437025743
0.000411845269
0.000437178821
0.000411866309
0.000433421698
0.0004110144
0.000432922964
0.000478538942
0.000458538294
0.000478386554
0.00153193249
0.00153163232
0.00157419148
0.00155163363
0.00157408373
0.00157792035
0.00157753676
0.00162163367
0.00159889417
0.00162161728
0.00159799432
0.00161965602
0.00159744423
0.00161945732
0.00240133264
0.00237855537
0.00240119843
0.00238073768
0.00240233013
0.0023809825
0.00240292391
0.00244769418
0.00242562389
0.0024478399
0.00242232943
0.00242228895
0.00246782734
0.00354209139
0.00352168749
0.00354158608
0.00358656182
0.00356293869
0.00358824834
0.00356672768
0.00358825814
0.00356708232
0.00358907455
0.000437389911
0.000411860449
0.000437615451
0.000411023854
0.000433119364
0.00041125799
0.000433415181
0.0004787989
0.000459145661
0.00047911303
0.00153071608
0.00151139853
0.00153130943
0.00157434087
0.00155239669
0.00157662674
0.00155583527
0.00157604304
0.00155662153
0.00157651318
0.00162183218
0.00159934467
0.00162217571
0.0015978455
0.00162019593
0.00159789553
0.00162233405
0.0024008186
0.0023777993
0.00240050625
0.00237977664
0.00240210072
0.00237767255
0.00240197901
0.00244731839
0.00242307911
0.00244746134
0.00242344409
0.00244369757
0.00242317252
0.0024431805
0.00248911295
0.00246875876
0.00248888567
0.00354102614
0.00352046368
0.00354061808
0.00358817173
0.00356207283
0.00358805414
0.00356667827
0.00358885703
0.00356615075
0.00358865252
0.00043773874
0.00041182392
0.000437557985
0.000411227665
0.000433588577
0.000411104263
0.000433303357
0.000479032026
0.000459005977
0.000478796733
0.00153138734
0.00151105721
0.00153093054
0.00157666701
0.00155205565
0.0015745129
0.00155665361
0.00157655418
0.001555669
0.00157625325
0.00162225189
0.00159918497
0.00162204423
0.0015979697
0.00162241906
0.00159810517
0.00162049843
0.00240052187
0.00237813658
0.00240091049
0.0023776634
0.00240193009
0.00237976555
0.00240209431
0.0024473471
0.00242526642
0.00244746474
0.00242325331
0.00244309566
0.0024236406
0.00244379904
0.00248882524
0.0024686666
0.00248909466
0.00354054801
0.00352120863
0.00354093012
0.00358805187
0.0035623421
0.00358811693
0.00356616022
0.00358870799
0.00356656699
0.003588786
0.000437135181
0.000413508121
0.000436730984
0.000410869516
0.000432800147
0.000411745349
0.000433138135
0.000478439292
0.000458324762
0.000478508673
0.00153171976
0.00153199202
0.00157384562
0.00155231773
0.00157421104
0.00157747922
0.00157801635
0.00162184459
0.00159908488
0.00162183072
0.00159750161
0.00161980781
0.00159827677
0.00161987543
0.00240135544
0.00237841769
0.0024011982
0.00238057066
0.00240305876
0.00238053664
0.00240219028
0.00244840705
0.0024259855
0.00244769133
0.00242278764
0.00242221368
0.00246783454
0.00354151282
0.00352152684
0.00354175857
0.00358820414
0.00356338074
0.00358665898
0.00356709854
0.00358895008
0.00356706892
0.00358833766
0.000437020531
0.000413792944
0.000437009573
0.000410872268
0.000410321816
0.000456722832
0.00153321992
0.00153383703
0.0015747675
0.00155398428
0.00157558416
0.001579027
0.00157950314
0.00162178882
0.0015978874
0.00162164866
0.00159952664
0.00162020124
0.00159984536
0.00161993602
0.00240091534
0.00237825311
0.00240236311
0.00237974418
0.00240049793
0.00237975485
0.0024002565
0.00244667031
0.00242487601
0.00244625817
0.00242095583
0.00242072247
0.00246634334
0.00354311836
0.00354299143
0.00358603975
0.00356242328
0.00358602773
0.00358941826
0.00358971511
0.000434277696
0.000411752687
0.000433024393
0.000408985696
0.00157518509
0.00157792379
0.00161987399
0.00159765966
0.00161982143
0.00160037381
0.00162068811
0.00162340731
0.00166750537
0.00164457757
0.00166768682
0.00164274127
0.00166589285
0.00164402879
0.00166638873
0.00235568035
0.00233276499
0.00235550644
0.00233453848
0.00235742038
0.00233442589
0.0023562158
0.00240238543
0.00237958417
0.0024018173
0.00237898399
0.00239952074
0.00237618644
0.00244520864
0.00242241022
0.00358795383
0.0035669401
0.00358802051
0.00359117817
0.00157897285
0.00162179706
0.00160229514
0.00162181868
0.00162552128
0.00166626843
0.00164349195
0.00166638849
0.0016448407
0.00166648559
0.00166889578
0.00171378472
0.00168967615
0.00171381003
0.00168953685
0.00171214884
0.00168938632
0.00171234413
0.00194300942
0.00192112642
0.00194313885
0.00192003621
0.00194286017
0.00192000688
0.00194283914
0.00198862793
0.00196577826
0.00198852846
0.00196569473
0.00198857171
0.00196568556
0.00198853705
0.00203414789
0.00201139707
0.00203415835
0.0020113902
0.00203422961
0.00201141243
0.00203426432
0.00207854456
0.00205675444
0.00207873168
0.00205701533
0.00207979396
0.00205710178
0.00207990262
0.00230967164
0.00228626972
0.00231080136
0.00228802528
0.00231107243
0.00228762842
0.00231090413
0.0023561566
0.00233380192
0.00235678091
0.00233427317
0.00235519851
0.00233154438
0.00240046059
0.0023782533
0.00239776437
0.00237440155
0.00359034577
0.00166666602
0.00171337125
0.00169327903
0.00171374772
0.00169283508
0.00171258854
0.00175959176
0.00173643062
0.00175936658
0.00173561565
0.00175969328
0.00173907513
0.00176002693
0.00180598996
0.00178269811
0.00180588216
0.00178172977
0.00180402068
0.00178179282
0.00180479872
0.00185282465
0.00182778214
0.00184921169
0.00182834428
0.00185305061
0.00182806208
0.0018517356
0.00189783137
0.00187559989
0.00189731069
0.00187518393
0.00189722158
0.00194294299
0.00191995338
0.00194278621
0.00191996347
0.00194259171
0.00198853883
0.0019656423
0.00198852384
0.00196560434
0.00198851644
0.00203430212
0.00201144026
0.0020343457
0.00201152322
0.0020344459
0.00208003607
0.00205725752
0.00208003625
0.00205766338
0.00207969146
0.00212388133
0.00210294595
0.00212515834
0.00210280028
0.00212523748
0.00217160109
0.00215083927
0.00217200185
0.00214741552
0.00217156793
0.00214846841
0.00217152523
0.00221581181
0.00219351462
0.00221693738
0.00219587092
0.00221821682
0.00219460443
0.00221806669
0.00226425221
0.00223974753
0.00226281036
0.00224004477
0.00226400199
0.00223996373
0.00226013588
0.00231008221
0.00228580163
0.00230624594
0.00228747334
0.0023069015
0.00235332551
0.00173936624
0.0017599732
0.00180698561
0.00178077783
0.00180374462
0.00180760435
0.00185091647
0.00182850645
0.00185121791
0.00182889959
0.00185110004
0.00189619935
0.0018729089
0.00189529048
0.00189861845
0.00187214386
0.00189571668
0.00194290839
0.00191979973
0.00194279895
0.00192043362
0.00194294573
0.00192014126
0.00194291583
0.00198851948
0.00196562637
0.00198856484
0.00196573083
0.00198862907
0.00196577898
0.0019887045
0.00203429904
0.00201145025
0.00203431765
0.00201135165
0.00203448681
0.0020115373
0.00203431783
0.00207977065
0.0020572312
0.00208010019
0.00205692321
0.00207939063
0.00205710064
0.00207989158
0.00212697884
0.0021046024
0.00212701655
0.00210094925
0.00210479574
0.00212799647
0.00217142435
0.00214886671
0.00217154827
0.0021491665
0.00217121286
0.00219596719
0.00221912164
0.00219249315
0.00223987295
0.00226078933
0.00171464991
0.00169137275
0.00171159152
0.00175884985
0.00173447144
0.0017575132
0.00176173654
0.00173761672
0.00175908034
0.00180360636
0.001781948
0.00180502649
0.00178210679
0.00180390285
0.00178113617
0.00180362438
0.00185126177
0.00182816177
0.00185126773
0.00182803017
0.0018513011
0.00182700003
0.00185116558
0.00217175411
0.00214873411
0.00217171569
0.00214879882
0.00217197316
0.00214883374
0.0021729382
0.00221830044
0.00219464744
0.0022175542
0.0021961647
0.00221776525
0.00219594478
0.00221839309
0.00226439811
0.00224164735
0.00226489756
0.00223788638
0.00224032734
0.00226197697
0.0022881591
0.00230871284
0.00166847693
0.00164629411
0.00166687446
0.00171178099
0.00168917219
0.00171200012
0.00171516089
0.00169323043
0.00171416614
0.0017587537
0.00173600151
0.00175890109
0.00173617501
0.00175788298
0.0017354677
0.00175740026
0.00226547833
0.00224082304
0.00226389447
0.00224142858
0.0022638146
0.00224234286
0.00226439297
0.00231089476
0.00228806555
0.00231082018
0.0022850016
0.00228598264
0.00230687692
0.00233257751
0.00235314417
0.00162336733
0.00166616657
0.00164413418
0.00166607433
0.00167015411
0.00171335637
0.00168888907
0.00171347063
0.00169229773
0.00171350252
0.0016910615
0.00171210057
0.00175910805
0.00173631744
0.00175928108
0.00173494426
0.00175779298
0.00173468558
0.00175931347
0.00226388504
0.00224076952
0.00226385649
0.00224228557
0.00226534711
0.00224077849
0.00226567786
0.0023113614
0.0022866868
0.00231100703
0.00228671515
0.00230762623
0.0022882338
0.00230894778
0.00235383584
0.0023338105
0.00235596842
0.0023297341
0.00237658755
0.00162348976
0.00162261272
0.00166582649
0.00164318714
0.00166545052
0.00167025145
0.00166938205
0.00171357374
0.00169051484
0.00171350302
0.00169111249
0.00171232695
0.0016899686
0.00171185482
0.00230962073
0.00228664503
0.00230974689
0.00228791412
0.00230901344
0.00228828481
0.00231021148
0.00235651023
0.00233528546
0.00235727876
0.00233027784
0.00233113306
0.00237759343
0.0016221953
0.00160253225
0.00162326407
0.001664933
0.00164349398
0.00166560629
0.00166830898
0.00164737226
0.00166766294
0.00171336776
0.00169032232
0.00171338598
0.00168917771
0.00171140756
0.00168903315
0.00171142566
0.0023097152
0.00228679303
0.00230977149
0.00228851715
0.00231061389
0.00228885498
0.00231124357
0.00235728383
0.00233409955
0.00235628854
0.00233150932
0.00233231441
0.00235232559
0.00239802763
0.00237684568
0.00239737593
0.00162335937
0.00160206291
0.00162251908
0.00166550903
0.00164280724
0.00166508176
0.00164738272
0.00166752493
0.0016683917
0.00171341576
0.00169028742
0.0017133138
0.00168926444
0.0017115514
0.00168923639
0.00171128961
0.00230981656
0.00228682088
0.00230973662
0.00228916069
0.00231141283
0.00228889976
0.00231094163
0.00235622999
0.00233459303
0.0023569487
0.00233225072
0.00235228502
0.00233135359
0.00239732825
0.00237769956
0.00239817228
0.00162308014
0.00162374882
0.00166537447
0.00164389685
0.00166569703
0.00166931387
0.0016700346
0.00171335493
0.00169055039
0.00171347911
0.00168971197
0.00171153976
0.00169108264
0.00171219719
0.00230948591
0.00228654633
0.00230926458
0.00228841343
0.00231021239
0.00228798993
0.00230887822
0.00235630062
0.00233368724
0.00235569466
0.00233051292
0.00232945581
0.00237669945
0.00162374459
0.00166616689
0.00164579108
0.00166635761
0.00167005948
0.00171344988
0.00168870403
0.00171335651
0.00169103752
0.00171206044
0.00169237731
0.00171341863
0.00175929605
0.00173625642
0.0017591974
0.00173457007
0.00175928709
0.00173491852
0.00175780868
0.00226380966
0.00224074718
0.00226370111
0.00224079928
0.00226577016
0.00224213408
0.00226514776
0.00231073426
0.00228644128
0.00231093088
0.0022881502
0.00230875857
0.00228644363
0.00230720361
0.00235565159
0.00233356494
0.00235403511
0.00232966301
0.00166715491
0.00166920352
0.00171178474
0.00168955781
0.00171205943
0.00169302282
0.00171373385
0.00171492487
0.00175923166
0.00173504303
0.00175937635
0.00173565183
0.00175774834
0.00173661093
0.00175870489
0.00226365549
0.00224064
0.00226491219
0.002242281
0.00226427735
0.00224160889
0.00226347253
0.00231053095
0.00228748651
0.00231060094
0.00228577748
0.0023067297
0.00228450449
0.00235391087
0.00233119939
0.00171244206
0.00171487673
0.00175809048
0.00173546093
0.00175921429
0.00173796294
0.00175946884
0.00176201133
0.00180502876
0.00178156558
0.00180357456
0.00178135403
0.00180349315
0.00178213113
0.00180364365
0.00185115002
0.00182811716
0.00185120409
0.00182659217
0.00185100058
0.00182773371
0.0018510807
0.00217170578
0.00214878661
0.00217172291
0.00214878412
0.00217295833
0.00214871805
0.00217202997
0.00221752083
0.00219616232
0.00221826551
0.00219576308
0.0022183176
0.00219601349
0.00221788678
0.00226461242
0.00224073639
0.00226415087
0.00224050571
0.00226170307
0.00223804099
0.00230827998
0.00228488149
0.00175990081
0.00180418596
0.00180762913
0.00180745826
0.00185119569
0.00182869839
0.00185100789
0.0018286664
0.00185093837
0.00189560711
0.00187327814
0.00189636042
0.00187212689
0.00189579043
0.00189903995
0.00194277199
0.0019199968
0.00194286322
0.00192016165
0.00194284516
0.00192052774
0.00194294001
0.00198854555
0.00196546177
0.00198855872
0.00196570026
0.0019885981
0.00196557803
0.00198868587
0.00203434275
0.00201141361
0.00203433511
0.00201144557
0.00203432364
0.00201134079
0.0020343385
0.00208019085
0.00205738377
0.00207995513
0.00205714016
0.00207978112
0.00205719614
0.00207954927
0.00212712514
0.00210376078
0.0021269011
0.00210437416
0.00212810425
0.00210109159
0.00217145052
0.00214901371
0.0021712827
0.00214897945
0.00217120737
0.00221899185
0.00219193701
0.00219236078
0.00226064055
0.00189920269
0.00192061716
0.00194295419
0.00196581235
0.00198872767
0.00201164383
0.00203399084
0.00205712825
0.00207929457
0.00210128814
0.00180645066
0.00185186999
0.00182843339
0.00185047912
0.00189638789
0.00187359888
0.00189700843
0.00187658287
0.00189745344
0.00194239229
0.00191900126
0.00194125574
0.00194501166
0.00191930046
0.00194224151
0.00198864207
0.00196562371
0.00198856637
0.00196616396
0.00198864083
0.00196580773
0.00198855331
0.00203419773
0.00201147359
0.00203443337
0.00201128531
0.00203378859
0.0020114398
0.00203424375
0.00208106865
0.00205898875
0.00208121686
0.00205527161
0.00205777833
0.00208082809
0.00212676544
0.00210295187
0.00212627698
0.00210244824
0.0021232107
0.00216916451
0.00214952697
0.00217170039
0.00219298587
0.00176053992
0.00180504636
0.0017820027
0.00180426664
0.00184963706
0.0018266547
0.00184942715
0.00185269106
0.00182970953
0.00185117123
0.00189692096
0.0018738185
0.00189680096
0.00187416135
0.00189720663
0.00187428703
0.00189658329
0.00194266099
0.00191969889
0.00194260488
0.00192007645
0.00194269401
0.00191885231
0.00194203338
0.00198855381
0.00196557656
0.00198855014
0.00196571301
0.00198863197
0.00196572387
0.00198863504
0.00203436015
0.00201140021
0.00203424222
0.00201127089
0.0020342746
0.00201140626
0.00203397341
0.00208012017
0.00205707247
0.00208001582
0.00205712863
0.00207981324
0.00205733949
0.00208072752
0.00212722413
0.00210301512
0.00212604235
0.0021027584
0.00212564514
0.00210317912
0.0021256788
0.00217265827
0.00215022624
0.00217337961
0.00214720181
0.00214863702
0.00217044293
0.00221625404
0.00219572765
0.00221755493
0.00223934273
0.00175991964
0.00173836263
0.00175951776
0.00180366708
0.0017808575
0.00180370171
0.0018066806
0.00178508857
0.00180604144
0.00185085924
0.00182794824
0.00185084432
0.00182830632
0.00185127501
0.00182824525
0.00185022099
0.00189670904
0.00187368883
0.00189669333
0.001873129
0.00189610177
0.00187218584
0.00189542568
0.0019425725
0.0019196886
0.00194264016
0.0019188182
0.00194107242
0.0019197761
0.0019427127
0.00208003706
0.00205718738
0.002080163
0.00205832717
0.00208068339
0.00205713146
0.00208007535
0.00212617221
0.00210326515
0.00212624409
0.00210386622
0.00212711277
0.00210462774
0.00212774912
0.00217348595
0.00214903918
0.00217186912
0.00214853576
0.00217166557
0.00214968342
0.00217148537
0.00221807415
0.00219592202
0.00221885695
0.00219297894
0.00219389604
0.00221509117
0.00226155059
0.0022405582
0.00226184004
0.00171616465
0.0017163137
0.00175796862
0.00173767173
0.00175768678
0.00180516433
0.00178011798
0.00180518554
0.00178472564
0.00180631897
0.00178415967
0.00180571638
0.00185075107
0.00182789019
0.00185072356
0.00182805875
0.00184882652
0.00182710744
0.0018489176
0.00189674303
0.00187370258
0.00189679238
0.00187175363
0.00189685178
0.00187226157
0.00189693301
0.00212634784
0.00210325101
0.00212632913
0.00210323645
0.00212827047
0.00210317339
0.00212790839
0.00217187697
0.00214917072
0.00217191662
0.00215095565
0.00217182508
0.00215079375
0.00217258986
0.00221952746
0.00219452432
0.00221904735
0.00219379825
0.00221523144
0.00219416391
0.00221523381
0.00226333401
0.00224184027
0.00226251598
0.00228372611
0.00171577738
0.00171557628
0.00175832039
0.00173616364
0.00175798266
0.00176218329
0.00176286622
0.00180534306
0.00178272159
0.00180548139
0.00178330038
0.00180534427
0.00178399786
0.00180528101
0.00185084333
0.00182821693
0.00185099616
0.0018265
0.00184887366
0.00182672348
0.00184910768
0.00189685555
0.00187392624
0.00189688605
0.00187392323
0.00189698507
0.00187403534
0.00189700559
0.0021261893
0.00210313742
0.00212613202
0.00210305185
0.00212609733
0.00210300458
0.00212599531
0.00217193756
0.00214916799
0.00217196209
0.00215118507
0.00217349823
0.00215122444
0.00217368016
0.00221857325
0.00219457705
0.00221727461
0.00219449916
0.00221655838
0.00219485657
0.00221615433
0.00226289769
0.0022419818
0.00226376832
0.00223763081
0.00223719558
0.00228454117
0.00171576961
0.00171572293
0.00175807082
0.00173694294
0.0017583721
0.00176290815
0.00176237534
0.0018054569
0.00178111121
0.00180534447
0.00178404945
0.00180521914
0.00178327386
0.00180536259
0.00185088768
0.0018278781
0.00185063118
0.00182644407
0.00184888937
0.00182621124
0.00184844874
0.00189687596
0.00187375454
0.001896814
0.00187405762
0.00189702074
0.00187387053
0.00189697191
0.0021261503
0.00210312788
0.00212616602
0.0021030102
0.00212605426
0.00210301774
0.00212609001
0.00217206751
0.00214927042
0.00217208274
0.0021513757
0.00217390795
0.00215140442
0.00217370914
0.00221738312
0.00219471592
0.00221924122
0.00219497292
0.00221607492
0.00219464348
0.00221695458
0.00226386608
0.00224192318
0.00226298503
0.00223704388
0.00223767881
0.00228439174
0.00171621561
0.00171621426
0.00175752477
0.00173672643
0.00175793266
0.00180523032
0.00178013573
0.00180521741
0.00178418567
0.0018057892
0.00178465965
0.00180625961
0.00185055689
0.00182795615
0.00185068164
0.00182700795
0.00184863819
0.00182797512
0.00184882194
0.00189671897
0.00187350326
0.0018966626
0.00187209075
0.00189685428
0.00187160498
0.00189677057
0.00212615215
0.00210310106
0.00212611992
0.00210299829
0.00212758747
0.00210297819
0.00212784929
0.0021719374
0.00214901906
0.00217186131
0.00215077297
0.00217254583
0.0021508784
0.00217175335
0.00221965105
0.00219470316
0.00221953299
0.00219401592
0.00221576017
0.00219366059
0.00221508438
0.002262525
0.00224177216
0.00226343507
0.00228420202
0.00175943864
0.00173863561
0.00175985023
0.00180405194
0.00178182998
0.00180380833
0.0017852852
0.00180626731
0.0018071325
0.00185078891
0.00182639677
0.00185087174
0.00182837846
0.00185012634
0.00182828339
0.00185130975
0.00189666602
0.00187387556
0.00189682022
0.00187219112
0.00189543857
0.00187319268
0.00189646617
0.00194251774
0.00191952792
0.00194231847
0.00191974057
0.00194259854
0.00191864602
0.00194059451
0.00208023185
0.00205742296
0.0020803014
0.00205729103
0.00208014269
0.00205896995
0.00208116889
0.00212607486
0.0021031346
0.00212603343
0.00210438275
0.00212742988
0.00210369695
0.00212675635
0.00217196924
0.00214905143
0.00217352809
0.00214966837
0.00217159018
0.00214864887
0.00217183968
0.00221918321
0.00219640621
0.00221846713
0.00219402719
0.00221516512
0.00219339498
0.00226190882
0.00224005907
0.00226130869
0.00176058173
0.00180417184
0.00178326878
0.00180499656
0.00184954999
0.00182715146
0.00184967849
0.00182956553
0.00185121134
0.00185274432
0.00189693546
0.0018727385
0.00189695495
0.00187454238
0.00189696286
0.00187435211
0.00189726475
0.00194237947
0.00191967001
0.0019425321
0.00191848369
0.00194168376
0.00191986678
0.00194253881
0.00198854378
0.00196559583
0.00198853684
0.00196565235
0.00198864311
0.00196586245
0.0019885534
0.00203438029
0.00201144916
0.00203430695
0.00201151917
0.00203419804
0.00201148731
0.00203416383
0.00208030319
0.00205717788
0.00208014462
0.00205794189
0.00208128328
0.00205713556
0.00207999697
0.00212599827
0.00210301249
0.00212720163
0.0021032801
0.00212541658
0.0021027375
0.00212560582
0.00217334158
0.00215038064
0.00217275886
0.00214877811
0.00217053718
0.00214737861
0.00221772134
0.00219444413
0.002216112
0.00180657647
0.00185038522
0.0018306544
0.00185167168
0.00189701547
0.00187333689
0.00189618986
0.0018766371
0.00189753781
0.00194113416
0.00191902647
0.0019421372
0.00191914641
0.00194227405
0.00194476459
0.00198855969
0.00196582011
0.00198859336
0.00196583871
0.00198863522
0.00196618887
0.00198868463
0.00203425893
0.00201140411
0.00203410751
0.00201140075
0.00203409894
0.00201132783
0.00203387248
0.00208090936
0.00205742504
0.00208084286
0.00205745443
0.00208054318
0.00205484008
0.00212626723
0.00210375724
0.00212653002
0.0021026538
0.00212314599
0.00217171879
0.00214816249
0.00216909283
0.00189896766
0.00194289675
0.00198853119
0.00203414641
0.00207940115
0.00194479671
0.00196619711
0.00198873608
0.00201152484
0.00203367079
0.0020544992
0.00189909795
0.00187603236
0.00189752514
0.00194246237
0.00192031341
0.00194298743
0.00198861357
0.00196572728
0.00198859414
0.0020339632
0.0020114229
0.00203429539
0.00207998571
0.00205699508
0.00207960105
0.00210250378
0.00212418256
0.00185285346
0.0018978559
0.00187465199
0.00189750939
0.0019429036
0.00191999168
0.00194276088
0.00198852841
0.00196558838
0.0019885174
0.00203438559
0.00201146736
0.00203450716
0.00207988053
0.00205742171
0.00208007589
0.00212467554
0.0021026532
0.00212566596
0.00214682129
0.00185336383
0.00185359064
0.0018973164
0.00187505697
0.00189725137
0.00194258065
0.00191973251
0.00194249595
0.0019884896
0.00196538954
0.00198848709
0.00203456173
0.00201158179
0.00203445347
0.00208023788
0.00205737947
0.00208025319
0.00212475029
0.002102719
0.00212475407
0.0021464241
0.00185372514
0.00185326343
0.00189730127
0.00187526591
0.00189735397
0.00194256835
0.00191984721
0.00194266654
0.00198845483
0.00196553276
0.00198858062
0.00203447415
0.00201151804
0.00203437146
0.00208019164
0.00205724113
0.00208017013
0.00212489545
0.00210273169
0.00212483201
0.00214679525
0.00185245408
0.00189742103
0.00187545771
0.00189766944
0.00194273531
0.00192018102
0.00194284795
0.00198850623
0.00196559725
0.0019884832
0.00203431607
0.00201145741
0.00203436672
0.00208007074
0.00205715934
0.00207977549
0.00212542438
0.00210211265
0.00212408891
0.00189743787
0.00189927221
0.00194302778
0.00191981566
0.0019421195
0.00198852906
0.0019658426
0.00198858026
0.00203427394
0.00201140945
0.00203416827
0.00207961288
0.00205757354
0.00208041916
0.00212389298
0.00210068169
0.00194432232
0.00198874212
0.00203394427
0.00157981377
0.00155700538
0.00158033654
0.00155506462
0.00157986303
0.00155511342
0.00157876174
0.00244319967
0.00242005027
0.00244321908
0.00242018545
0.00244498261
0.00242118952
0.00244495937
0.00158043098
0.00155774832
0.00158021941
0.0015554052
0.00157879412
0.00155535829
0.0015799892
0.00244261135
0.00241984588
0.00244282953
0.00242103876
0.0024447013
0.00242001979
0.00244492473
)
;

boundaryField
{
    left
    {
        type            calculated;
        value           nonuniform List<scalar> 
122
(
0.0004
0.0004
0.0004
0.0004
0.0004
0.0004
0.0004
0.0004
0.0004
0.0004
0.0004
0.0004
0.0004
0.0004
0.0004
0.0004
0.0004
0.0004
0.0004
0.0004
0.0004
0.0004
0.0004
0.0004
0.0004
0.0004
0.0004
0.0004
0.0004
0.0004
0.0004
0.0004
0.0004
0.0004
0.0004
0.0004
0.0004
0.0004
0.0004
0.0004
0.0004
0.0004
0.0004
0.0004
0.0004
0.0004
0.0004
0.0004
0.0004
0.0004
0.0004
0.0004
0.0004
0.0004
0.0004
0.0004
0.0004
0.0004
0.0004
0.0004
0.0004
0.0004
0.0004
0.0004
0.0004
0.0004
0.0004
0.0004
0.0004
0.0004
0.0004
0.0004
0.0004
0.0004
0.0004
0.0004
0.0004
0.0004
0.0004
0.0004
0.0004
0.0004
0.0004
0.0004
0.0004
0.0004
0.0004
0.0004
0.0004
0.0004
0.0004
0.0004
0.0004
0.0004
0.0004
0.0004
0.0004
0.0004
0.0004
0.0004
0.0004
0.0004
0.0004
0.0004
0.0004
0.0004
0.0004
0.0004
0.0004
0.0004
0.0004
0.0004
0.0004
0.0004
0.0004
0.0004
0.0004
0.0004
0.0004
0.0004
0.0004
0.0004
)
;
    }
    right
    {
        type            calculated;
        value           nonuniform List<scalar> 
122
(
0.0036
0.0036
0.0036
0.0036
0.0036
0.0036
0.0036
0.0036
0.0036
0.0036
0.0036
0.0036
0.0036
0.0036
0.0036
0.0036
0.0036
0.0036
0.0036
0.0036
0.0036
0.0036
0.0036
0.0036
0.0036
0.0036
0.0036
0.0036
0.0036
0.0036
0.0036
0.0036
0.0036
0.0036
0.0036
0.0036
0.0036
0.0036
0.0036
0.0036
0.0036
0.0036
0.0036
0.0036
0.0036
0.0036
0.0036
0.0036
0.0036
0.0036
0.0036
0.0036
0.0036
0.0036
0.0036
0.0036
0.0036
0.0036
0.0036
0.0036
0.0036
0.0036
0.0036
0.0036
0.0036
0.0036
0.0036
0.0036
0.0036
0.0036
0.0036
0.0036
0.0036
0.0036
0.0036
0.0036
0.0036
0.0036
0.0036
0.0036
0.0036
0.0036
0.0036
0.0036
0.0036
0.0036
0.0036
0.0036
0.0036
0.0036
0.0036
0.0036
0.0036
0.0036
0.0036
0.0036
0.0036
0.0036
0.0036
0.0036
0.0036
0.0036
0.0036
0.0036
0.0036
0.0036
0.0036
0.0036
0.0036
0.0036
0.0036
0.0036
0.0036
0.0036
0.0036
0.0036
0.0036
0.0036
0.0036
0.0036
0.0036
0.0036
)
;
    }
    yarn_to_fluid
    {
        type            calculated;
        value           nonuniform List<scalar> 
11952
(
0.000915242522
0.00096037879
0.00100564337
0.00105087912
0.00109416097
0.00292666128
0.0029716105
0.00301707019
0.00306267874
0.00310553556
0.000871366227
0.00091457249
0.000959958651
0.00100569629
0.00105148256
0.00109658466
0.00113755046
0.00288141407
0.00292583417
0.00297132268
0.00301713892
0.00306282092
0.00310774241
0.000870183473
0.000914125312
0.000959856243
0.00100577219
0.00105154599
0.00109711131
0.00114037731
0.0028807743
0.00292557716
0.00297137406
0.00301734417
0.00306305241
0.00310808187
0.00314932034
0.000870259206
0.000914131285
0.000959787351
0.00100562101
0.00105164177
0.00109719384
0.00114110336
0.00283941809
0.00288041094
0.00292548585
0.0029714625
0.00301734958
0.00306334902
0.00310824151
0.00314981028
0.000870165821
0.000914461778
0.000959799144
0.0010057426
0.00105162055
0.00109687241
0.00113859588
0.00288138093
0.00292556743
0.00297132369
0.00301732126
0.00306307878
0.00310791605
0.00314912113
0.000873563771
0.00091489857
0.000960065209
0.00100574353
0.00105120237
0.00109638072
0.00288296594
0.0029262656
0.00297147511
0.0030171621
0.00306260487
0.00310728479
0.000960603021
0.00100555479
0.00105055971
0.00292839385
0.00297167482
0.00301700317
0.00306056263
0.000869034505
0.000914538615
0.000913587836
0.000962241839
0.000962242243
0.000948734549
0.00100547682
0.00100585726
0.00104910187
0.00104910584
0.00106253783
0.00109733097
0.00109778996
0.00114252978
0.00283619848
0.00288213984
0.00287992085
0.00293708326
0.00292319614
0.00292373204
0.00297196313
0.00297224191
0.00301647369
0.00301686205
0.00305119341
0.0030652436
0.00306518695
0.00310678453
0.00310892815
0.00315279394
0.000779798836
0.000834747699
0.000822799111
0.000820648025
0.000869358744
0.000866344334
0.000914081833
0.000960077102
0.00100579701
0.00105134873
0.00109699341
0.00114019707
0.00114288498
0.00115503817
0.00118919001
0.00122968735
0.00278938933
0.0028456076
0.00283401491
0.00283146801
0.00288030032
0.00292579777
0.00297164233
0.00301706991
0.00306282263
0.00310882397
0.00315205186
0.00315324772
0.00316582736
0.00319990392
0.000736933578
0.000789990642
0.000775162748
0.000823813126
0.000866017908
0.00114336566
0.00118607772
0.00118904633
0.00119992866
0.00123462081
0.0027454233
0.00279981774
0.00278896168
0.00278559741
0.00283436252
0.00287687787
0.00315425812
0.00319538653
0.0031992223
0.00321001765
0.00324532721
0.00073256565
0.000781904746
0.000777154624
0.000767595622
0.000822511401
0.001188697
0.00122339341
0.00123411223
0.0012384948
0.00127520553
0.0027432485
0.00279108435
0.00277636428
0.00283233659
0.00315904064
0.00319933236
0.00323190351
0.00324705945
0.000730995303
0.000780884303
0.00076513293
0.00081876463
0.00118935185
0.00122946657
0.00124470604
0.00127879273
0.00275487081
0.00273931067
0.0027898003
0.0028294043
0.00320016445
0.00323523386
0.00325096598
0.00328671724
0.000730853555
0.000780622926
0.000765173118
0.000817913408
0.0011900406
0.00122924441
0.00124521112
0.00127982983
0.00270291555
0.00275505987
0.00273906585
0.00278968463
0.00320052705
0.00323532943
0.00325088495
0.00328751773
0.000731038989
0.000781535365
0.000765831099
0.000820875999
0.00118963945
0.00122905005
0.00124373428
0.00123409259
0.00127661487
0.00275622124
0.0027417033
0.0027896063
0.00282996576
0.00319948946
0.00323421656
0.00324970978
0.00328616953
0.000735399258
0.000777414383
0.000787279712
0.000772949688
0.000822737465
0.00114550141
0.00118762172
0.00122141749
0.00123577962
0.00127425087
0.00274341923
0.00279318319
0.00277851007
0.00278870379
0.00283385795
0.0031560851
0.00319768403
0.00321277305
0.00324551458
0.00077740031
0.000825714193
0.000811343809
0.00082300573
0.000868952087
0.000911524653
0.00109939563
0.00114264499
0.00118931405
0.00117782206
0.00119186108
0.00123248955
0.00278837526
0.00283668725
0.00282252832
0.00283370274
0.00287947093
0.00310959319
0.00315374085
0.00319931925
0.00318881051
0.00320272646
0.00324247661
0.000823410239
0.000866592326
0.000879696766
0.000866088529
0.000914587635
0.000914324383
0.000959886676
0.00100580797
0.00105149128
0.00109662268
0.00109690036
0.00114312252
0.00113141262
0.00114556578
0.00118808846
0.00279224284
0.00283345651
0.00288297842
0.00286932075
0.00288225792
0.00292587776
0.00292322094
0.00297173298
0.00301704188
0.00306280534
0.00306547502
0.00310655349
0.00312079903
0.00310648205
0.00315277975
0.00315522553
0.00319754779
0.000914438828
0.000962589566
0.000959805838
0.00100577988
0.00100564302
0.00104925581
0.00105148289
0.00109541036
0.0029263548
0.0029723331
0.00297158083
0.00301657737
0.00301714529
0.00306271903
0.00310598952
0.000823388237
0.000823416134
0.000879985285
0.000866042986
0.000866228049
0.000915172387
0.000914770341
0.000959917057
0.00095994545
0.00100607409
0.00100564041
0.00105133813
0.00105136229
0.00109495784
0.00109452552
0.00110824472
0.00114365257
0.00114363478
0.00118653509
0.00118627267
0.00283471199
0.00283446189
0.00289165566
0.00287737522
0.00287741884
0.00292621048
0.00292588578
0.00297129645
0.00297140373
0.00301723387
0.0030171371
0.00306254267
0.00306302194
0.00310618304
0.00310644885
0.00312007981
0.00315503235
0.00315506373
0.00319765532
0.00319765537
0.000733483215
0.000730842558
0.000779210939
0.000776741802
0.000764906511
0.00082042908
0.00119032954
0.00123208303
0.00123266281
0.00124563172
0.00127982932
0.00270030208
0.00275419154
0.00274260003
0.00274001464
0.00278852305
0.00278624553
0.00320064231
0.00323539943
0.00324827459
0.00324905656
0.00328956553
0.00069874131
0.000683878791
0.000731742466
0.00127808822
0.00128065734
0.0012916568
0.00132431815
0.00270772097
0.00269706317
0.00269417059
0.00274099901
0.00324849395
0.00328663968
0.00329060498
0.00330167019
0.00333505034
0.000641617211
0.000689172369
0.000685260961
0.000674693306
0.00128255737
0.00132010928
0.00132469212
0.00133453631
0.00136675395
0.00266517757
0.0026506934
0.0026979728
0.00329294451
0.00332520467
0.00333946647
0.000652580628
0.000638579586
0.000685233082
0.00132461355
0.00133886144
0.00137031945
0.00266109945
0.00265194942
0.00264703436
0.00269369392
0.00329666162
0.00333275246
0.00333746363
0.00334693656
0.00337875976
0.000650966399
0.00063616532
0.000682827096
0.00132531086
0.00135868
0.00137344507
0.00260975026
0.00265634417
0.00264130913
0.00269204423
0.00333444214
0.00334945741
0.00338102353
0.000650682802
0.000635793861
0.000681884761
0.00132566989
0.00135887702
0.00137375953
0.00260943439
0.00265609458
0.00264065972
0.00333473141
0.0033498246
0.00338138015
0.000651354478
0.000636388351
0.000684331034
0.00132602171
0.00135742621
0.00137225802
0.00261020052
0.00265683197
0.002642421
0.00265143932
0.00269310124
0.00333350775
0.00334861784
0.00338031856
0.000639915605
0.00068640071
0.000672242891
0.0013217446
0.00133722202
0.00136840959
0.00266296301
0.00264818021
0.00269613036
0.00329544406
0.00333773725
0.00332772714
0.00334213703
0.0033780211
0.000644106992
0.000685042551
0.00069544303
0.000681189027
0.000729370154
0.00128084416
0.00132446928
0.00131373356
0.0013282443
0.00265387462
0.00270010447
0.00268562296
0.00269694815
0.00273790786
0.00328975221
0.00330468658
0.0033372498
0.000687957757
0.000733872548
0.00072058465
0.000733100364
0.000773946917
0.00123587977
0.00128044218
0.00126873827
0.00128279049
0.00132137803
0.00269758841
0.00274514814
0.00273079775
0.00274250779
0.00324581641
0.00324833563
0.00329072269
0.00327921091
0.00329316033
0.000777188184
0.000789717138
0.000775002513
0.000823060522
0.0008233616
0.000866111566
0.000865991793
0.00114361887
0.00114420217
0.00118672647
0.00120089196
0.00118643172
0.00123268321
0.00123471378
0.0027452294
0.00278608432
0.00279948786
0.00278610255
0.00283428438
0.00283435278
0.00287734356
0.0028774457
0.00315542738
0.00315534879
0.00321119099
0.00319738643
0.00319787318
0.0032447597
0.000914684364
0.000959891172
0.00100571568
0.00105117826
0.0010947744
0.00292599736
0.00297146505
0.00301718268
0.00306320044
0.00310601337
0.000688266328
0.000688814602
0.000742070868
0.000728207335
0.000728717761
0.000775081855
0.000777621931
0.000822526559
0.000868405524
0.000870884582
0.000914241428
0.000914574191
0.000959972609
0.000959705742
0.00100604335
0.00100537909
0.00105168504
0.00105138178
0.00109694868
0.00109691826
0.00114285881
0.00113944749
0.00118885555
0.00123388658
0.00123357997
0.00126847364
0.0012817262
0.00128150844
0.00269870249
0.0026987882
0.00274541603
0.00274525783
0.00273169902
0.00278600539
0.00278895499
0.0028347056
0.0028802916
0.00288106256
0.00292583665
0.00292575028
0.00297148848
0.00297118437
0.00301728704
0.00301727041
0.00306320248
0.00306299918
0.00310846855
0.00310801268
0.0031545454
0.0031996366
0.00324450754
0.0032438218
0.00325762636
0.00329122733
0.003291277
0.000650140843
0.000639123572
0.000636746342
0.000683354263
0.00132743008
0.00132730833
0.0013592401
0.00137106536
0.00137342139
0.00260774713
0.00265410334
0.00265301793
0.00264054124
0.00333509162
0.00333723813
0.00334934144
0.00338168314
0.000605081926
0.000594204373
0.000591222187
0.00063756379
0.00137146133
0.00140353919
0.0014180904
0.00256435774
0.00261102097
0.00260699511
0.00259671939
0.0026461294
0.00338041449
0.00338381106
0.00339443489
0.00342649128
0.000549991643
0.000595946518
0.000581541127
0.00141275176
0.00141717998
0.00142666399
0.00145846948
0.0025727207
0.00255847312
0.00260396785
0.00338718629
0.00341904757
0.00342867813
0.00343291359
0.000560668178
0.000545652269
0.000591264709
0.00141670538
0.00144856053
0.00146257032
0.00256592556
0.00256099387
0.00255204587
0.00260032433
0.00342510421
0.00343976796
0.00347053933
0.000558510145
0.000543787299
0.000589482996
0.00141960427
0.0014506244
0.00146536004
0.00251826208
0.00256392593
0.00254918017
0.00342686504
0.00344201642
0.00347221577
0.000557835122
0.000543261062
0.00058913915
0.00141998664
0.00145126732
0.00146563374
0.00251789981
0.00256379379
0.00254915397
0.00342739655
0.0034423956
0.00347251292
0.000559295793
0.0005444516
0.000590330001
0.00141771636
0.00145016426
0.0014652919
0.00251881092
0.0025647394
0.00255012862
0.00342618742
0.00344095689
0.00347179711
0.000562243537
0.000547344044
0.000593381074
0.00141557148
0.00142994533
0.00145953713
0.00256076531
0.00256997402
0.0025560853
0.00260173355
0.00342322239
0.00343741699
0.00342815926
0.00346958271
0.000552937267
0.000598631598
0.000584654858
0.000594836285
0.00137399771
0.00141710249
0.00140670942
0.00142126843
0.00256175223
0.00260761826
0.00259294366
0.00338419137
0.00341585369
0.00342967721
0.000595680118
0.000641757691
0.000628566759
0.000639339074
0.0013689081
0.00138250086
0.00137103799
0.00141396186
0.00260716497
0.00261789784
0.00260397078
0.00264997827
0.00333988963
0.00338390708
0.00337230282
0.0033863531
0.000641609926
0.000688291184
0.000675021756
0.000688475321
0.000728375284
0.000729084743
0.00128178122
0.00128181283
0.00132782234
0.0013152416
0.0013285478
0.00265264931
0.0026522791
0.00269843445
0.00268542342
0.00269841081
0.00329231588
0.00329142744
0.00333758853
0.00332501358
0.00333908578
0.000777701467
0.000822498232
0.000868456245
0.00091412545
0.000959897651
0.00100553883
0.00105149341
0.00109700623
0.00114269818
0.00118878325
0.00123348855
0.00274497055
0.00278907586
0.00283479291
0.0028802985
0.00292547157
0.00297116561
0.00301715309
0.00306320072
0.00310847996
0.00315444292
0.00319955017
0.0032436563
0.000595763655
0.000596472734
0.000641975668
0.000642962811
0.000629177604
0.000686048236
0.000731463727
0.000734028009
0.000775235381
0.000788496505
0.000775219724
0.000822925874
0.000822954747
0.00118839403
0.00118790324
0.00123638052
0.00122290567
0.00123544804
0.00128027283
0.00132844029
0.00132590966
0.00136021857
0.00137367273
0.00137384423
0.00260665759
0.00260670602
0.00265245622
0.0026528672
0.00263954469
0.00269659341
0.00274218154
0.00274456983
0.00279135557
0.0027772044
0.00279092057
0.00283250014
0.00283257816
0.00315627229
0.00315625782
0.00319769075
0.00321150148
0.00319797253
0.0032464865
0.00324580563
0.00329019608
0.00333878329
0.00333592362
0.0033708201
0.00338418453
0.00338406216
0.000559414396
0.000547832358
0.000545729723
0.000590914931
0.000870909462
0.000869021313
0.000911565528
0.000925668784
0.000911485952
0.000960615919
0.000960343167
0.00100564223
0.0010059604
0.00105066857
0.00105066704
0.00109920704
0.00108506129
0.00109902042
0.00113969147
0.00114217115
0.00141919536
0.00142000303
0.00145146978
0.00146193335
0.00146456236
0.00251735672
0.00256221669
0.00256190658
0.00254930022
0.00283678797
0.00288038629
0.00287982199
0.00292799006
0.00291450043
0.00292823113
0.00297161184
0.00297154859
0.00301717
0.00301701098
0.00306071458
0.00307457032
0.00306044607
0.00310910178
0.00310867944
0.00315180065
0.00342704144
0.00342934117
0.00344078664
0.00347270942
0.000514531663
0.000504203326
0.000500456672
0.000546070118
0.000916877016
0.000960313751
0.00100563225
0.00105132129
0.00109502377
0.00146343782
0.00149486099
0.0015085729
0.00251916005
0.00251604132
0.00250495837
0.00292667967
0.0029718524
0.00301711772
0.00306241222
0.00347185985
0.00347487187
0.00348605043
0.00351711291
0.000460853845
0.000504775277
0.000490554808
0.00100399649
0.00150380513
0.00150858609
0.001517695
0.00154843037
0.0024824291
0.00246800426
0.00251335521
0.00301528634
0.00347837418
0.00351008018
0.00351962838
0.00352346048
0.000469634866
0.000454311416
0.00050022163
0.00150759332
0.00152172757
0.00155156424
0.00247774011
0.00246877542
0.00246397401
0.00250909518
0.00351581382
0.00353019456
0.00356136494
0.00046786129
0.000453430771
0.000498578226
0.00151042782
0.0015407494
0.00155647514
0.00242787792
0.00247374247
0.00245899576
0.00351757642
0.00353261764
0.00356257084
0.000467202529
0.000452796904
0.000497520011
0.00151094561
0.00154199517
0.00155618079
0.00242787859
0.00247321247
0.00245820404
0.00351807823
0.00353254423
0.00356325196
0.000468550137
0.000453745451
0.000499136068
0.0015090323
0.00154024995
0.0015539829
0.0024735553
0.00245959367
0.00246888037
0.00351704772
0.00353143385
0.00356206044
0.000471154355
0.000457505717
0.000502385889
0.00150550119
0.00152004128
0.00155084862
0.00247998995
0.00246574465
0.00251085636
0.00351434381
0.00352846417
0.00351877971
0.000462233866
0.000507774568
0.000493755765
0.000503608105
0.000960799531
0.00100579816
0.00104937488
0.00146650829
0.00150806325
0.00149801698
0.00151254758
0.00247075824
0.00251619237
0.00250249704
0.00297209965
0.00301709685
0.00306059086
0.00347525649
0.00350643952
0.00352051841
0.00050468644
0.000550193476
0.000536072616
0.000547668006
0.000871209726
0.000914417172
0.000960645437
0.000960273935
0.00100574742
0.00100572407
0.00105087755
0.00105126709
0.00109648021
0.00145952653
0.00147336236
0.00146226242
0.00150337922
0.00251602
0.00252705487
0.00251302863
0.00255829961
0.0028824437
0.00292849743
0.00292597608
0.00297149557
0.00297137065
0.00301736895
0.00301719728
0.00306023916
0.00306296059
0.00310790255
0.00343205619
0.0034749502
0.00346383699
0.00347765454
0.000549851064
0.000595980951
0.00058283319
0.000595851443
0.000822969791
0.000823282438
0.000870550876
0.000871132393
0.000856606886
0.000914707108
0.000911687147
0.000959886501
0.00100553265
0.00105124747
0.00109667178
0.00109914619
0.00113965003
0.00113975367
0.00115358203
0.00118791054
0.00118782564
0.00137388917
0.00137384293
0.00141985476
0.0014071889
0.00142039548
0.00256127607
0.00256051899
0.00260677952
0.00259386477
0.0026064635
0.00279148318
0.00279089412
0.00284628621
0.00283230512
0.00283262448
0.00288108889
0.00288021896
0.00292572197
0.00297142231
0.00301702719
0.00306297597
0.00310809578
0.00310891064
0.0031428158
0.00315606325
0.00315618452
0.00319802793
0.00319808172
0.00338526272
0.00338458829
0.00342938328
0.00341725121
0.0034310407
0.000642803115
0.000686068881
0.000731553492
0.000775125795
0.00123624398
0.0012799326
0.00132581084
0.00265248768
0.00269660223
0.00274227913
0.00324638289
0.00329038888
0.00333581248
0.000505129479
0.000505255057
0.00055118245
0.000551794432
0.000538419359
0.0005946094
0.000639718799
0.000642218339
0.000688113774
0.000674396876
0.000687959905
0.00128223444
0.00128178639
0.00132880995
0.00131469518
0.00132797304
0.00137129209
0.00141947765
0.00141550306
0.0014513657
0.00146518893
0.0014646805
0.00251522169
0.00251538745
0.00256107373
0.00256120632
0.00254837893
0.00260482981
0.00264968028
0.00265271409
0.00269829208
0.00268435732
0.00269827022
0.00329274522
0.00329237803
0.00333906516
0.00332546659
0.00333859725
0.00338233012
0.00343011577
0.00342729428
0.0034623684
0.00347579243
0.00347550794
0.000468271317
0.000456712426
0.000454709337
0.000499982611
0.000733940478
0.000733548558
0.000779964393
0.000765547643
0.000777832277
0.000821046552
0.00119021325
0.0012360458
0.00122328518
0.00123701592
0.00127675059
0.00151046236
0.00151073739
0.00154098849
0.00155302038
0.00155416345
0.00247122762
0.00247079363
0.00245824083
0.00274492959
0.00274284222
0.00279054104
0.00277672646
0.00278773748
0.003200179
0.00324699257
0.00323418556
0.00324783669
0.00351791505
0.0035199154
0.00353128388
0.00356376582
0.000425083865
0.000410271855
0.000455723985
0.000778829369
0.000826365154
0.000812335833
0.00082328093
0.00086806619
0.00114310926
0.0011890085
0.00117746151
0.00119119227
0.00123157804
0.0015532239
0.0015672077
0.00159870378
0.00243275795
0.0024225266
0.00241821455
0.00246407184
0.00278834213
0.00283651079
0.00282186109
0.00283375586
0.00287752607
0.00311124937
0.00315347914
0.00319964294
0.00318810276
0.00320202004
0.00356074906
0.00356473373
0.00357511143
0.000411316433
0.000409154389
0.000822456642
0.00087104793
0.000856685875
0.000867674166
0.000914111491
0.00095796911
0.00105242961
0.00109712211
0.00113774193
0.00115242687
0.00114167272
0.00118732094
0.001590819
0.00160057988
0.00160464768
0.00237847219
0.00242326619
0.00240863635
0.00284743452
0.00283262398
0.00288113749
0.00292559942
0.00296944815
0.00306388846
0.00310841283
0.00315423836
0.0031429666
0.00315722443
0.00319727233
0.00356969604
0.000410082876
0.000826458421
0.000879817162
0.000864477756
0.000915751276
0.000960068983
0.00100578914
0.00105134816
0.00109495158
0.00111047877
0.0011438977
0.00118333083
0.00159739152
0.00161222335
0.00164277517
0.0023880356
0.00237359078
0.00241878931
0.00283512958
0.00287977197
0.00288963347
0.00287487813
0.00292649195
0.00297136687
0.00301729444
0.00306258694
0.00310361838
0.00311960545
0.00315418186
0.000408463298
0.000828325926
0.000867682535
0.00091673015
0.000901155749
0.000960321718
0.00100559879
0.00105057359
0.00109239763
0.00110815423
0.00114304896
0.00160007044
0.00161406007
0.00164344048
0.00238551415
0.00237694135
0.00237185991
0.00283804913
0.00289131578
0.00287582018
0.00292770288
0.00297170493
0.00301704375
0.00306167781
0.00310897228
0.00309875356
0.00311368237
0.0031536555
0.000408326372
0.000867606323
0.000918496759
0.000902844498
0.000960418626
0.00100561134
0.00105054881
0.00109225949
0.00110840188
0.00114261555
0.00160215504
0.00163142893
0.00164526577
0.0023819277
0.0023684085
0.00237779044
0.00283857204
0.00289162672
0.00287618139
0.00292788393
0.00297171282
0.00301706072
0.00306133518
0.00309706472
0.00311323878
0.00315291953
0.000408442168
0.000827706539
0.000881476715
0.000866459136
0.000915702934
0.000960153912
0.00100567183
0.00105097238
0.00109314328
0.00110864837
0.00114352637
0.00159754839
0.00161286924
0.00164344799
0.00238701667
0.00237226227
0.00241798181
0.00283605109
0.00289112951
0.00287581176
0.00292703635
0.00297161004
0.00301713701
0.00306224936
0.00310342642
0.00310876399
0.00311877601
0.00315354223
0.000411040963
0.000824117741
0.000878073532
0.000867898458
0.000863550254
0.000914861761
0.000959728442
0.0010058475
0.00105181981
0.00109668113
0.00113163885
0.00114233331
0.00114578191
0.0011841799
0.00159579932
0.00160919538
0.00160058837
0.0016415824
0.00238981168
0.00237578139
0.00241975467
0.00283506514
0.00288287666
0.00287955435
0.00286879656
0.00292587502
0.0029712313
0.00301742654
0.00306330077
0.00310647076
0.00312162414
0.00315498889
0.00357096105
0.000409298235
0.000421454809
0.000408126403
0.000782055421
0.000834124013
0.000823741749
0.000820464315
0.000868716577
0.000912048026
0.0010979281
0.00114095961
0.00115542042
0.00118951707
0.00155693213
0.00158777394
0.00160184094
0.00238089988
0.00242699629
0.00241246127
0.0024227342
0.00279042534
0.00284389469
0.00283338757
0.00282922233
0.00288062841
0.00292333627
0.00310925767
0.00315130703
0.00315438342
0.00316559388
0.00319911645
0.00356534084
0.00357931547
0.000411968647
0.000459620343
0.000446059656
0.000457156649
0.000788914126
0.000777873176
0.000774901751
0.000823240263
0.00114557242
0.00118602688
0.00118895772
0.00120095581
0.0012340783
0.0015496475
0.00156400065
0.00155316503
0.00243570117
0.00242272818
0.00246780699
0.00274645974
0.00279897957
0.00278767475
0.00278518924
0.00283377952
0.00315623675
0.00319717741
0.00319947965
0.00321091341
0.00324346691
0.00352275307
0.00356499589
0.00355390004
0.00356776146
0.000459738883
0.000504944218
0.000492148718
0.000505306879
0.000687841582
0.000688083254
0.000734743589
0.000733810185
0.000720767223
0.000775009977
0.00123561057
0.00123676684
0.00126850541
0.00128176972
0.00128155287
0.00146595414
0.00146480989
0.00151024052
0.00149728309
0.00151093181
0.00247108707
0.0024699425
0.00251538649
0.00250245847
0.0025154167
0.00269885693
0.00269940377
0.00274466646
0.00274485637
0.00273157823
0.00324503297
0.00324706911
0.00327858118
0.00329223862
0.00329238798
0.00347634032
0.00347573187
0.00351966645
0.00350738639
0.00352133397
0.000550859507
0.000594608115
0.000639688994
0.0013288022
0.00137148116
0.00141558055
0.00256159632
0.00260463576
0.00264959842
0.00333903968
0.00338215927
0.00342737435
0.000411807997
0.000458991861
0.000459177586
0.00044610371
0.000502262469
0.000548595204
0.000551475418
0.000596575969
0.000582947531
0.000596661984
0.00137338595
0.00137345401
0.00141959031
0.00140576932
0.00141982897
0.0014632204
0.0015111051
0.00150846041
0.00154326148
0.00155654989
0.00155679006
0.00242430446
0.00242482194
0.0024692254
0.00246989034
0.00245618183
0.00251370429
0.00255843926
0.00256096076
0.002606646
0.00259315053
0.00260712757
0.0033840131
0.00338383198
0.00343024657
0.00341607133
0.00342974786
0.00347319163
0.00352104889
0.00351801861
0.00355320588
0.0035671028
0.00356529552
0.000409712968
0.000641471608
0.000641412571
0.000687575598
0.000673670487
0.000684619566
0.00132303062
0.00133666183
0.00132536156
0.00136882986
0.00159913755
0.00160133589
0.0016127164
0.00164460484
0.00238635916
0.00237520133
0.00237303209
0.00241981171
0.0026515507
0.00266369586
0.00264972284
0.00269523909
0.00329368389
0.00333945386
0.00332628898
0.00333961747
0.000698450485
0.000684999639
0.000731577872
0.00127769024
0.00129184398
0.00128094519
0.00132368592
0.00164387414
0.00164683331
0.00165792266
0.00168926214
0.00234209005
0.00233125089
0.00232841571
0.00237371115
0.00269728712
0.00270794349
0.00269383984
0.00274064758
0.00325025625
0.0032861756
0.00330069294
0.00328984685
0.00333205388
0.0007311712
0.000741090857
0.000726984012
0.00077499621
0.00123493069
0.00126722078
0.00128115646
0.00165040068
0.00168124843
0.00169188041
0.00169569843
0.00228678535
0.00233285605
0.00231829767
0.00270111612
0.00274738246
0.00273299628
0.00274291894
0.0027832017
0.00324404712
0.00325850441
0.00329041244
0.00073070798
0.000777465197
0.000763358994
0.00123044664
0.00124590336
0.00127866531
0.00168810555
0.00170290033
0.00173614972
0.00229674482
0.00228143079
0.00232812471
0.00275404445
0.00273910175
0.00278766963
0.0032040401
0.00324623676
0.00323675864
0.0032512433
0.00328663494
0.000733585165
0.000781117682
0.000765310104
0.0011929058
0.00122863671
0.00124308774
0.00123403376
0.00127544583
0.00169142956
0.00170592613
0.00173662862
0.00224547108
0.0022947244
0.00228601903
0.00228031896
0.00232597361
0.00275643741
0.00274256809
0.00278842399
0.00320075312
0.00323495698
0.00324983964
0.000733759874
0.00078152861
0.000765988666
0.000816999397
0.00119306868
0.00122548903
0.00123433501
0.00123959217
0.00127465548
0.00169112865
0.00172232493
0.00173702353
0.00224466305
0.00229107279
0.00227708024
0.00228582553
0.00232646189
0.0027433137
0.00278864437
0.00277475223
0.00319993992
0.00323407406
0.00324929417
0.000731790663
0.000779777691
0.000764781894
0.00119347314
0.00122955414
0.00124501698
0.00127638669
0.00168935754
0.00170476419
0.00173750087
0.0022452797
0.00229547752
0.00228044742
0.00232680888
0.00275523631
0.00274046295
0.00278896759
0.00320305209
0.00323523407
0.00325032826
0.000743691537
0.000729992733
0.000776478041
0.00123335041
0.00124769582
0.00127984711
0.00168711633
0.00170156602
0.00169158812
0.00173357782
0.00229891613
0.00228402311
0.00233007143
0.00270285388
0.00275273004
0.00274313276
0.00273805091
0.00278497707
0.0032054423
0.00324133952
0.00324613462
0.00325611013
0.00328788693
0.000687920888
0.000734082901
0.000730965838
0.000720578946
0.00123706419
0.0012701468
0.00128073928
0.0012844651
0.00164741633
0.00167830772
0.00169293394
0.00228939953
0.00233511848
0.00232081005
0.00233141367
0.00269770599
0.00274434982
0.00272976193
0.00324737726
0.00327983017
0.00329046516
0.0032934654
0.00069538921
0.000684612589
0.000681007477
0.000729181079
0.00128185386
0.0013134219
0.00132499835
0.00132788974
0.00160360396
0.00164689206
0.00163568821
0.0016493848
0.0023328095
0.0023782726
0.00236443419
0.00237559405
0.00265393458
0.00269982507
0.00269701172
0.00268598066
0.00328993431
0.00330461818
0.00333602928
0.000411379373
0.000411935229
0.000596526281
0.000596966437
0.000641808388
0.000642062537
0.000628726023
0.00132766314
0.00136040618
0.00137337271
0.00137362697
0.00155764906
0.00155646033
0.00160135024
0.00158907788
0.00160297361
0.00237835966
0.00242423386
0.00241131821
0.00242450865
0.0026064827
0.00260771241
0.00265295321
0.00265119423
0.0026390113
0.00333850651
0.00333919988
0.00337106764
0.00338403146
0.00338426017
0.00356695253
0.00356716238
0.000459312435
0.00050243983
0.00054838334
0.00142002988
0.00146321707
0.00150846081
0.00247029697
0.00251368081
0.00255841687
0.0034301719
0.00347326749
0.00351808295
0.000409442275
0.000411921854
0.000455509935
0.000459046509
0.000504910234
0.000490719513
0.000503915761
0.0014649774
0.00146435386
0.00151118944
0.00149797127
0.00151039444
0.00155396109
0.00160189095
0.00159926135
0.001634559
0.00164776676
0.00164794156
0.00233316736
0.0023332071
0.0023787046
0.00237921806
0.0023660892
0.00242279969
0.00246783308
0.00247075706
0.00251581078
0.00250253051
0.00251651024
0.00347528611
0.00347535727
0.0035224865
0.00350929065
0.00352236825
0.00356699015
0.000550842573
0.000550906591
0.00059616234
0.000581846556
0.000593220056
0.0014137462
0.00142736493
0.00141570354
0.00145940876
0.00169065092
0.0016920423
0.00170489057
0.00173475262
0.00173771836
0.00224247814
0.00229558875
0.00228328894
0.00228222152
0.00232760922
0.00256054933
0.00257267712
0.00255892663
0.00260380529
0.00338534885
0.00343040067
0.00341813176
0.00343121497
0.000608171823
0.000594553068
0.000638937948
0.00136925067
0.00138269904
0.00137261678
0.00141487073
0.00173588801
0.00175088797
0.00178340495
0.00219671536
0.00224941558
0.00223828452
0.0022346423
0.0022828978
0.00260583538
0.0026164848
0.00260263489
0.00264809357
0.00337828685
0.00339200638
0.00338172464
0.0006389983
0.000649076775
0.000635304802
0.000680431597
0.00132870473
0.0013594858
0.00137515387
0.00174232669
0.00177851696
0.00178297051
0.00179306603
0.00182796818
0.00215337544
0.0022076801
0.00219249435
0.00223943922
0.00260870438
0.00265480143
0.00264014222
0.00333640209
0.0033513719
0.00338197243
0.00065330671
0.000638920778
0.000684455681
0.00132420799
0.00133884287
0.0013682493
0.00178246278
0.0018155641
0.0018303618
0.00187004646
0.00214890538
0.00219931356
0.00219391751
0.00218473654
0.00223576459
0.00265213227
0.00266141762
0.00264759001
0.00269275139
0.00333244442
0.00334636743
0.00333743406
0.00337860755
0.000641615648
0.000687034417
0.000672672302
0.00132175462
0.00133642077
0.00136743673
0.00178502182
0.00181737464
0.00183350165
0.00187320836
0.00210750612
0.0021473596
0.00219755765
0.00218273586
0.00266374258
0.00264876778
0.00269460657
0.00329608392
0.00332731218
0.00334207209
0.00064200721
0.00068786384
0.000672657836
0.00132121072
0.00133583
0.0013667642
0.00178559234
0.00181844426
0.00183402107
0.00187271105
0.00210774573
0.00214744428
0.00219723629
0.00218231983
0.00266392161
0.00264928905
0.00269516949
0.0032955575
0.00332708066
0.0033416638
0.000640510814
0.000686027777
0.000671312983
0.00132253277
0.00133708328
0.00136780796
0.00178301618
0.00181679258
0.00183238359
0.00187190766
0.00214828221
0.00219819526
0.00218230727
0.00266288775
0.00264842765
0.00269386539
0.00329686155
0.00332870858
0.00333793308
0.00334286553
0.000651115908
0.000637105357
0.000682396745
0.00132633898
0.00135704408
0.00137150181
0.00178121676
0.00179601203
0.00182852399
0.0021505326
0.00219429896
0.0022043291
0.00218965519
0.00223823118
0.00265682498
0.00265209987
0.00264297842
0.00333382164
0.00334830765
0.00337911879
0.000598600183
0.000643031389
0.000639258673
0.000628990031
0.00133072094
0.0013626027
0.00137281717
0.00137641524
0.00173983243
0.00178269527
0.00177166559
0.00178550283
0.00182624535
0.0021943409
0.00224166436
0.00222788062
0.00223851088
0.0026063763
0.00265205497
0.00263740589
0.00333972189
0.00337129396
0.00338173135
0.00338501291
0.000603339613
0.000593054508
0.00058916486
0.000635970412
0.00137345082
0.00140505486
0.00141620934
0.00141864442
0.00169564015
0.00173279262
0.00174641766
0.00173481255
0.00178060858
0.00225319719
0.00223834942
0.00228595663
0.00228288432
0.00256361619
0.00260864562
0.00260647075
0.00259486647
0.00338174385
0.00339597558
0.00342724759
0.000504263082
0.000550820029
0.00055141671
0.000538453845
0.00141872308
0.00145100031
0.00146433748
0.00146410344
0.00164866631
0.00164757341
0.00169255506
0.00167958441
0.00169398248
0.00228689876
0.00233275707
0.00231997756
0.0023332253
0.00251635547
0.002517008
0.00256194773
0.00256039598
0.00254834057
0.00342969385
0.00343029258
0.00346192202
0.00347534404
0.00347366617
0.000411861786
0.000455531093
0.00151097261
0.00155396737
0.00159914373
0.00237938358
0.00242288218
0.00246789743
0.00352229107
0.00356694065
0.000423053984
0.000409910844
0.000409866983
0.000455516698
0.00155568138
0.00155553386
0.00160189268
0.00158834042
0.00160162304
0.00164530642
0.00169402643
0.00169094647
0.00172614134
0.00173947427
0.00173967988
0.00178019264
0.00178030049
0.00223982646
0.00223993138
0.00228678994
0.00228712949
0.0022739329
0.00233150154
0.00237633046
0.00237924231
0.00242527624
0.00241117764
0.00242459604
0.00356577031
0.00357758196
0.00356377445
0.000459364489
0.00050496854
0.000491332369
0.000502729263
0.00150478066
0.0015187172
0.00150719418
0.00178504384
0.0018178446
0.00183109363
0.00183159257
0.00187384781
0.00210483893
0.00215044105
0.00214733163
0.00219613009
0.00219405866
0.00218098847
0.00246913282
0.00248098084
0.00246825234
0.00251345553
0.00347713874
0.00352041881
0.00350865724
0.00352248719
0.00050412077
0.000549562052
0.000535249193
0.00146007678
0.00147364686
0.00146323654
0.00150402818
0.00183165496
0.00187218729
0.00187473622
0.00188652562
0.00191829404
0.00192101633
0.00196610175
0.00201147062
0.00205680869
0.00211334291
0.00210070958
0.00209964169
0.00214833324
0.00251606749
0.00252731627
0.00251265817
0.00255786435
0.00343382262
0.00347547705
0.0034646127
0.003478804
0.000548263749
0.000557822849
0.000543920857
0.000589574902
0.0014186917
0.00144969014
0.00146401392
0.00187657122
0.00191965675
0.00196336988
0.00196405442
0.00197693251
0.00202267927
0.00201004024
0.00200945692
0.00205803009
0.00205556463
0.00210228619
0.00251897178
0.00256409876
0.00255010004
0.00256006682
0.00342712552
0.00344136385
0.00347278453
0.000562806021
0.000548648732
0.000593441616
0.00141434592
0.00142937836
0.00145961723
0.0019208276
0.00196566432
0.00201150944
0.00205696094
0.00210048494
0.0025707048
0.00255638889
0.00260190608
0.00342323969
0.00343693504
0.00342799524
0.000551444899
0.00059655256
0.000581830452
0.00141247063
0.00142722133
0.001458355
0.00192232136
0.00196596807
0.0020113592
0.00205629784
0.00257293496
0.00255759585
0.00260376327
0.00338790648
0.00341768036
0.00343237794
0.000551631304
0.000596830184
0.000582237513
0.00141245881
0.00142699836
0.00192414041
0.00196609867
0.00201136072
0.00205590269
0.00257321925
0.0025581143
0.00260404171
0.00338742263
0.00341775463
0.00343243473
0.000551155372
0.000595243326
0.00058090115
0.00141356587
0.00142801581
0.0014583477
0.00192078834
0.00196585194
0.00201146241
0.00205656807
0.00209825151
0.0025719766
0.00255742227
0.0026029037
0.00338834697
0.00341909073
0.00342816565
0.00343294134
0.000560453381
0.000545768718
0.00059141111
0.00141636967
0.001430788
0.00146141201
0.00187892055
0.0019204056
0.00196538801
0.00201183887
0.00200957344
0.00205746739
0.00210188308
0.00256915774
0.00255982594
0.00255526355
0.00260066914
0.00342485145
0.00343953101
0.00347028651
0.000507681525
0.000552548113
0.000548198903
0.000538489629
0.0014216507
0.00145253318
0.00146271979
0.00146681534
0.00187458584
0.00191780774
0.00193166891
0.00191843424
0.00196366058
0.00196650764
0.00201140781
0.00205537828
0.00206833251
0.00205506221
0.00210338602
0.00210100819
0.00214605008
0.00251590336
0.00256126484
0.00254744275
0.00343040704
0.00346111749
0.00347562701
0.000514434719
0.000503204447
0.000500260518
0.00054484217
0.00146388575
0.0014952326
0.00150731797
0.00150850017
0.00182849418
0.00183116613
0.00187443263
0.0018626719
0.00187642037
0.00192041201
0.00196589684
0.00201128842
0.00205704214
0.00210218489
0.00215095123
0.00213836981
0.00215028579
0.00219111985
0.00251804181
0.00251570901
0.00250454726
0.0034722268
0.00347518078
0.00348615422
0.00351773522
0.00046855148
0.000455337453
0.000455682549
0.000500233137
0.0015101041
0.00154289357
0.00155561066
0.0015558331
0.00173951361
0.00173944966
0.00179350065
0.00178029171
0.00178010886
0.0018287058
0.00215001883
0.00219401996
0.0022068584
0.00219197468
0.00223944305
0.00223973689
0.00242486816
0.00242516323
0.00247117183
0.00246930269
0.00245705049
0.00351806689
0.00352032906
0.00353193943
0.00356397571
0.00356378266
0.000409559947
0.00160209752
0.00164526991
0.00169097592
0.0022872317
0.0023313391
0.00237693762
0.0016472022
0.00164653453
0.00169391032
0.00168052601
0.00169384162
0.00173700902
0.0017824651
0.00182782932
0.00182748303
0.00186211005
0.00187610284
0.0018766672
0.00192024482
0.00191991116
0.00196547327
0.00196561354
0.00201135692
0.00201162612
0.00205711552
0.00205749027
0.00210175879
0.00210219354
0.0021507935
0.00215116477
0.00213716474
0.00219233598
0.00219470287
0.00223915625
0.0022845856
0.00228719761
0.00233358899
0.00231977556
0.00233311737
0.000411911912
0.000410165771
0.00155721087
0.00160204023
0.00158942614
0.00160315331
0.00164252439
0.00192301226
0.00196595187
0.00201144232
0.00205617557
0.00237924709
0.00237719399
0.0024240925
0.00241032929
0.00242165775
0.00356746356
0.00041116725
0.000459023353
0.000444941635
0.00155001531
0.00156418739
0.00155397887
0.00159538987
0.00243680846
0.00242143146
0.00246705256
0.0035246118
0.00356563016
0.00355501044
0.00356988092
0.000458096613
0.000467336949
0.000453902188
0.00049916863
0.00150912231
0.00152275441
0.00155405187
0.00246694499
0.00247674073
0.00246262753
0.0035173857
0.00353154046
0.00356181197
0.000458684487
0.000503875936
0.000489230822
0.00150424761
0.00151853842
0.00155054744
0.0024807661
0.00246622638
0.00251135704
0.003479009
0.00352044971
0.00351108755
0.00352518551
0.00046078427
0.000506120978
0.000491569915
0.00150863441
0.00150010808
0.00151420906
0.00246921856
0.00251423002
0.00250003219
0.00347795585
0.00350817874
0.00352297889
0.000461269694
0.000506567165
0.000491931815
0.00146809411
0.00149919195
0.00151408145
0.00246993761
0.00251640369
0.00250152159
0.00347736998
0.00350781746
0.00352272275
0.000460220901
0.000505450043
0.000490774817
0.00150406555
0.00150903029
0.00151790428
0.0015487056
0.00248203825
0.0024678048
0.00251211161
0.00347851734
0.00350900159
0.0035238978
0.00047055425
0.000456314049
0.000501444903
0.00150560825
0.00152088414
0.00155161064
0.00247972217
0.00246503826
0.00251039755
0.00351553135
0.00352001354
0.00352925334
0.0035602993
0.000462089764
0.000458169423
0.000448171218
0.00151280456
0.00154311057
0.00155358056
0.00155707543
0.00242541335
0.0024707228
0.00246716432
0.00245704589
0.0035208274
0.00355160102
0.00356570667
0.000423035276
0.000409588431
0.00040974498
0.000454734382
0.00155347639
0.00156747926
0.00159930725
0.00243242975
0.00242134562
0.00241812406
0.00246383696
0.00356313742
0.00356553009
0.00357681548
0.000409383974
0.00160143084
0.00160219723
0.00163344996
0.00164682882
0.00164648815
0.00187662277
0.00187673876
0.00192018922
0.00192003419
0.00196580983
0.00196556143
0.00201144047
0.00201147378
0.00205677599
0.00205728311
0.00210194115
0.00210222132
0.00233327933
0.0023338627
0.00237950601
0.00237957263
0.00236681489
0.00169366032
0.00173694256
0.00178251748
0.00182754189
0.00215022343
0.00219449269
0.00223918936
0.0022843968
0.00173928367
0.00173996446
0.00178002928
0.00179407784
0.00178074902
0.00182799752
0.00182887888
0.00187408924
0.00187149037
0.00191987234
0.00196543105
0.00201140141
0.00205709432
0.0021028897
0.0021489654
0.00214921908
0.00219137377
0.0022058211
0.00219216604
0.00223972086
0.00223994807
0.00168807435
0.00170212229
0.00169067938
0.0017347113
0.0022860678
0.00229774958
0.00228368833
0.00233050336
0.00164282045
0.00165620859
0.00164522956
0.00168896801
0.00233267219
0.00234291325
0.00232927061
0.00237568027
0.000409022425
0.00160020371
0.0016316557
0.00164676879
0.00233560632
0.00238254016
0.00236806658
0.00237815897
0.00241775033
0.000411273903
0.00159602262
0.00161074202
0.00164237087
0.00238958028
0.00237443182
0.00242043716
0.00356994375
0.000411098765
0.00155931944
0.00159973001
0.00159100954
0.00160541248
0.00163993347
0.00237723422
0.00242374607
0.0024086087
0.00356840251
0.000411375533
0.00155911024
0.00158973969
0.00160502448
0.0023772587
0.00242470476
0.0024101414
0.003568297
0.000410865987
0.00159500857
0.00159994442
0.001609136
0.00164111855
0.00239127002
0.00237674745
0.00242223731
0.00356946375
0.000410459124
0.00159871683
0.00161272662
0.00164410274
0.00238738608
0.0023776933
0.00237321495
0.00241853925
0.000407989243
0.0016020458
0.0016345535
0.00164518857
0.00164899814
0.00233281992
0.00237977172
0.0023653679
0.00164595947
0.00167957829
0.00169051619
0.00169285455
0.00228821402
0.00233501316
0.00233216065
0.00232103518
0.00237299422
0.00169276574
0.00172614467
0.00173889858
0.00173986988
0.00178075001
0.0017804918
0.00224000129
0.00224015477
0.00228754009
0.00228586059
0.00227344438
0.00182826426
0.001874137
0.00191996573
0.00196546292
0.00201142871
0.00205710722
0.00210278968
0.00214892198
0.00219159139
0.00192083751
0.0019205855
0.00196585863
0.00196569598
0.00201132072
0.00201171259
0.00205683454
0.00205717041
0.00210031746
0.00210085383
0.00178307183
0.00183166733
0.00181800448
0.00183111184
0.00187207306
0.00187418234
0.00191773841
0.002103342
0.00214878057
0.00214810149
0.00219675446
0.002182055
0.00219391801
0.00223780108
0.00173686616
0.00178201106
0.00177035212
0.00178520655
0.00182586009
0.0021946746
0.00224293255
0.00222923965
0.00224052686
0.00228310643
0.00169337895
0.00173767577
0.00172701511
0.00174178548
0.00178031152
0.00223941397
0.00228771515
0.00227309238
0.00169040823
0.00170446651
0.00173704095
0.00224393813
0.00228552697
0.00229502097
0.00228060789
0.00232764421
0.00168698276
0.0017024403
0.00173631469
0.00229749181
0.00228231866
0.00233105697
0.0016506363
0.00168709358
0.00170255149
0.00173466407
0.00229821786
0.00228255253
0.00233203368
0.00168791186
0.00170303329
0.00173731543
0.00224474438
0.00229687477
0.00228150597
0.00232919668
0.00169135478
0.00172430872
0.00173872807
0.00224139373
0.00229064372
0.00228593556
0.0022761001
0.00232702808
0.00169643214
0.00173434504
0.00173729202
0.00174796933
0.00178245586
0.00219735124
0.00225182544
0.00224069791
0.00223762828
0.0022853228
0.00173943367
0.0017798789
0.00178232792
0.00179376332
0.00182850194
0.00215059493
0.00220533437
0.00219421123
0.0021920744
0.0022404518
0.00182853785
0.00183084761
0.00187172344
0.00187178858
0.00188541213
0.00192078742
0.00192052795
0.00196573352
0.00196592051
0.00201161914
0.00201138665
0.0020570244
0.00205719638
0.00211438381
0.00210079413
0.00210094047
0.00214922657
0.00214861778
0.00219178757
0.00196618011
0.00201125438
0.00205515018
0.00187476315
0.0019200156
0.0019657123
0.00196635696
0.00201118329
0.00201180273
0.00205725754
0.00205456892
0.00210296394
0.00214604106
0.00182890286
0.00187189645
0.00188594056
0.00187521614
0.00191792484
0.00192078839
0.00196601036
0.00201140769
0.00205679659
0.00210094064
0.00211397143
0.00209995127
0.00214882291
0.00219139243
0.00178732408
0.00182759759
0.00186172179
0.00187706846
0.00192015368
0.00196575621
0.00201153005
0.00205729587
0.00210216932
0.00215340166
0.00213826825
0.00214841219
0.0021937904
0.00178397953
0.0018243404
0.00184025455
0.00187555672
0.00191978413
0.00196542345
0.00201147103
0.00205752271
0.00210264826
0.00215994843
0.00214406934
0.00219522878
0.00223523538
0.00178441122
0.00182411266
0.00184006396
0.00187580284
0.00191980282
0.00196540328
0.0020116681
0.00205730453
0.00210270257
0.00216028587
0.0021443458
0.00219581172
0.00223437451
0.00178468438
0.00182571543
0.00184096385
0.00187542045
0.00191999809
0.00196552016
0.00201148374
0.0020572267
0.0021024862
0.00215872132
0.00214863626
0.00214366694
0.00219424802
0.00178908632
0.00182801811
0.00186381613
0.00187488801
0.00187900743
0.00192069685
0.00196575631
0.00201147826
0.00205704502
0.00210136938
0.00215084309
0.00213602484
0.00219304557
0.00183120409
0.00187438691
0.00191718286
0.00191834146
0.0019304885
0.00196591598
0.00196639891
0.00201165693
0.00201135175
0.00206869682
0.00205483884
0.00205495063
0.00210377095
0.00210090096
0.00214818848
0.00187739427
0.00192023657
0.00196585382
0.00201140273
0.00205728663
0.0021023531
0.000893882937
0.000914585819
0.000937182121
0.0009833497
0.000959826774
0.000983024072
0.00102807972
0.00100568054
0.00102841434
0.0010514246
0.00107411165
0.00109692684
0.00111720545
0.00288258952
0.00290313131
0.00295094664
0.00292588766
0.00294854012
0.0029944684
0.00297155791
0.0029942958
0.00303797504
0.00301706729
0.00304015886
0.00306270708
0.00308551057
0.00310674077
0.000848587199
0.000825518464
0.000846325135
0.000891293593
0.000868856116
0.000893663898
0.000890488102
0.000939438734
0.000939487685
0.000936758505
0.00092557875
0.000912595835
0.000911945059
0.000960616031
0.000982916903
0.000960626307
0.000982807015
0.000982883679
0.0010056862
0.00102835549
0.00100561363
0.00102865102
0.00102854493
0.00105050423
0.00107147682
0.00105067477
0.00107179178
0.00107439385
0.00108590892
0.00111963018
0.00109729751
0.001100247
0.0011205402
0.00114256367
0.00116338825
0.0028598246
0.00283641781
0.00285725845
0.00290306263
0.00287953046
0.00291423275
0.00290291792
0.00290025122
0.00292830145
0.00294943655
0.00292813793
0.00294960992
0.00294872081
0.00297149646
0.00299441726
0.00297179991
0.00299387585
0.00299453166
0.00301700914
0.0030395008
0.00301732425
0.00303929255
0.00303989938
0.00306057537
0.00306036977
0.00308564969
0.00307401086
0.00308728245
0.00308757953
0.00313079252
0.00310621724
0.00310941616
0.00313125936
0.00315365066
0.00317392522
0.000804946266
0.000802329803
0.000845632513
0.000822905269
0.000858139078
0.000843393857
0.000894979248
0.000873512671
0.000893021519
0.000881048316
0.00086915244
0.000937383222
0.000914987657
0.000937235534
0.000982964639
0.00096001573
0.000982831393
0.00102843572
0.00100569517
0.00102853627
0.00107336279
0.00105126175
0.00107395564
0.00109620068
0.00111707038
0.00110857401
0.001119839
0.00112314633
0.00113095541
0.00116547938
0.00114183699
0.00114546262
0.00116592232
0.00118811173
0.0012072298
0.00281384521
0.00279308504
0.00281211452
0.00285662717
0.00283380432
0.00286881
0.00285744834
0.00285440947
0.00290578227
0.00288308782
0.00290373475
0.00289112486
0.00288010854
0.00294917846
0.002926211
0.00294883567
0.00299431166
0.00297148161
0.00299424731
0.00303978904
0.00301716791
0.00304003474
0.0030846949
0.00306279236
0.00308499151
0.00310733639
0.00312641177
0.00311923675
0.00313067402
0.00313343101
0.00314140806
0.00317634945
0.0031565471
0.00317731724
0.00319782901
0.000800580455
0.000781176279
0.000800425533
0.000850830028
0.000846170841
0.000855808345
0.000841368182
0.000836115716
0.000820983361
0.000892589646
0.000870034805
0.000892030999
0.000937181873
0.000914310791
0.000937038275
0.000982756404
0.000959929271
0.000982837415
0.00102855922
0.00100567341
0.00102872885
0.00107417745
0.00105155101
0.00107439901
0.00111847592
0.00109686014
0.00111840826
0.00113819292
0.00115258903
0.0011680089
0.00115414665
0.00117002213
0.00120899545
0.00118952509
0.00121024207
0.00122931856
0.00277107677
0.00281130382
0.00278978971
0.00281066081
0.00286163275
0.00286134773
0.00284708607
0.00284575716
0.00283033916
0.00290343277
0.00288129963
0.00290306748
0.0029485213
0.00292563878
0.00294854737
0.00299434864
0.00297117379
0.00299416689
0.00304010356
0.00301741504
0.0030401311
0.00308540557
0.00306295659
0.00308565489
0.00312872973
0.0031081022
0.00312989909
0.00314371272
0.00314884441
0.00315416573
0.00317798642
0.00316417935
0.00317924011
0.00321795722
0.00319950883
0.00321883943
0.000800103034
0.000780534443
0.000799656494
0.000850236569
0.000850028959
0.000834266609
0.000833677069
0.000818183176
0.000891916119
0.000870236445
0.000891824317
0.000936825164
0.000914086163
0.000936766787
0.000982784954
0.000959698902
0.000982699413
0.00102863937
0.00100565075
0.00102864673
0.00107444865
0.0010515238
0.00107449629
0.001119056
0.00109723208
0.00111964729
0.00114132115
0.00116028321
0.00115640014
0.00116611384
0.00117107324
0.0011751229
0.00121007684
0.00118983529
0.00121021763
0.00122969684
0.00277071536
0.00277049178
0.00281078595
0.00278957418
0.00282476927
0.00280994457
0.00285966731
0.00283968599
0.00285856035
0.00284444937
0.00283467579
0.00290293301
0.00288035838
0.00290283661
0.00294833093
0.00292552898
0.00294834186
0.00299429041
0.00297137016
0.00299442031
0.00304037628
0.00301733718
0.00304030608
0.0030856791
0.00306309939
0.00308577497
0.00312946689
0.0031082042
0.00312979481
0.00314969607
0.00316533647
0.00318108226
0.00316576606
0.00318157985
0.00321908179
0.00320049217
0.00321935938
0.000799441887
0.000781018439
0.000799587892
0.000850575881
0.000850431169
0.00083406058
0.000834288876
0.000818566075
0.000891829303
0.000870395774
0.000891881073
0.000936873945
0.000914333712
0.00093706209
0.00098259592
0.000959862869
0.000982712272
0.00102885579
0.00100572585
0.00102889025
0.0010744009
0.00105166955
0.00107438501
0.00111958271
0.00109706827
0.00111910044
0.00115989988
0.00114042347
0.00116569231
0.00117500698
0.00115623697
0.00117128543
0.00121012105
0.00118963589
0.00121002861
0.00122910228
0.00277073218
0.00277104789
0.00282498536
0.00281013974
0.00278978148
0.00281052292
0.0028585738
0.00285936581
0.00283478496
0.00284430611
0.00282947887
0.00290280345
0.00288077789
0.00290290592
0.002948531
0.0029255437
0.0029485034
0.00299435759
0.00297139097
0.00299423417
0.00304029699
0.00301720293
0.00304033309
0.00308598259
0.00306329648
0.00308595074
0.00313007088
0.00310814553
0.00312987116
0.00314963905
0.00316553053
0.00318158369
0.00316509398
0.00318098466
0.00321932931
0.00320016417
0.00321914083
0.000800349546
0.000782445772
0.000800652382
0.000850864777
0.000835998003
0.000846230882
0.00082217055
0.000856695482
0.000841625501
0.000891902654
0.000871292672
0.000892344004
0.000937095657
0.000914658256
0.000937143047
0.000982703419
0.000959803328
0.000982832953
0.00102865944
0.00100571419
0.00102858092
0.00107440894
0.00105142836
0.0010741717
0.00111862589
0.00109652085
0.00111846129
0.00113753273
0.00115452676
0.00117019396
0.00115243225
0.00114220288
0.00116772716
0.00121050084
0.00118844045
0.00120925818
0.00277129396
0.00281026546
0.00279093341
0.00281133181
0.00286113844
0.00286233251
0.00284542785
0.00284706806
0.00283195211
0.0028578164
0.00290312244
0.0028815319
0.00290332577
0.00294843869
0.00292578159
0.00294857714
0.00299413192
0.00297132757
0.00299423791
0.00304016227
0.00301727974
0.00304022807
0.00308567968
0.00306285761
0.00308541011
0.00312989633
0.00310750358
0.00312852309
0.00314357202
0.00316374242
0.00315396888
0.00317885558
0.00315869962
0.00317768437
0.00321878385
0.00319935417
0.00321815834
0.0008019346
0.000804428591
0.00085888014
0.000843867646
0.000823660453
0.000845773974
0.000892984213
0.00089448211
0.000869225625
0.00088062948
0.000866274502
0.000893444206
0.000937302178
0.000915412842
0.000937374654
0.000912486292
0.000982803263
0.000960236412
0.000982886919
0.0010285448
0.00100572666
0.00102833611
0.00107379764
0.0010509698
0.00107358668
0.00111689056
0.00109473409
0.00112001384
0.00113083134
0.00110896021
0.00109721151
0.00112263676
0.0011660831
0.00114330597
0.00116550428
0.00120684326
0.00118589821
0.00281219052
0.00281403081
0.00286889501
0.00285426785
0.00283449019
0.00285642232
0.00290365643
0.00290577848
0.0028797946
0.00289137754
0.00287687774
0.00290267224
0.00294869785
0.00292655484
0.0029490829
0.00299428142
0.0029715104
0.00299427226
0.00304001889
0.0030170844
0.00303964618
0.00308492699
0.0030625112
0.00308454498
0.00308796004
0.00312607847
0.00310568789
0.00313072943
0.00314070709
0.00311955419
0.00310644056
0.00313358241
0.00317703521
0.00315414824
0.00317597235
0.0031948236
0.000846209191
0.000848200568
0.000890406254
0.000869286103
0.000891020057
0.000939592803
0.000925685977
0.0009394424
0.000914184168
0.000936746911
0.000982977148
0.000960710309
0.000982988399
0.000960150492
0.000983000312
0.00102833493
0.00100573254
0.00102844783
0.0010053807
0.00102866894
0.00107162405
0.0010502175
0.00107210864
0.00108573318
0.0010514204
0.00107429143
0.00112022578
0.00109697549
0.00111961108
0.00116325937
0.00114021341
0.0028572038
0.00285960958
0.00291461159
0.00290041237
0.00288011551
0.00290294389
0.00294962108
0.00292882287
0.00294915977
0.0029254279
0.00294883417
0.0029943472
0.00297125501
0.00299454759
0.00297152644
0.00299418134
0.00303938475
0.00301702563
0.00303934132
0.00301719553
0.00304003242
0.00307428657
0.00306055455
0.00308775174
0.00306304755
0.00308576045
0.00313114981
0.00310883195
0.00313075022
0.00317449352
0.00315170757
0.000893709693
0.000937274947
0.000982654235
0.000962058078
0.000983431216
0.00102837756
0.0010057077
0.00102810938
0.0010740114
0.00104899645
0.00111724836
0.00290333544
0.00294853254
0.00295085655
0.00299425
0.00297208841
0.00299425421
0.00304016406
0.00301647426
0.003037764
0.00308535173
0.00082285155
0.000846999104
0.0008445395
0.000893504235
0.000893523275
0.000893691994
0.000879399788
0.000866249961
0.000865877099
0.000914402498
0.000937228131
0.000915018777
0.000937304264
0.000937484979
0.00095981194
0.000982844701
0.000983256244
0.000960174302
0.000982861805
0.000982687985
0.00100575549
0.00102850219
0.00102770434
0.00100545676
0.00102868297
0.00102849994
0.00105143872
0.00107376979
0.00105158739
0.00107362766
0.00107367739
0.00109525673
0.00109526928
0.00110913764
0.00112283584
0.00112261895
0.0011432449
0.0011437432
0.00116324489
0.00116571947
0.00118632875
0.0028133658
0.00283674107
0.00283418873
0.00285690513
0.00285636572
0.00290485177
0.00290459375
0.00290486068
0.00289072598
0.00287739366
0.00287716921
0.00292608837
0.00294863354
0.00295088011
0.00292662695
0.00294842556
0.00294885501
0.00297160119
0.00299422475
0.002994117
0.00297156308
0.00299413016
0.00299417359
0.00301712084
0.0030402733
0.00303748644
0.00301706008
0.00304027073
0.00304001996
0.00306282579
0.00308531482
0.00306266566
0.00308498224
0.00308503189
0.0031065953
0.00310637091
0.0031201714
0.00313345327
0.00313362698
0.00315293693
0.00315522113
0.00317692635
0.000733709623
0.000754253861
0.000802290332
0.00080201273
0.000799433811
0.000789000743
0.000777212388
0.000774438606
0.000847417956
0.000823263385
0.000844555403
0.000847592625
0.000833881746
0.000821086448
0.000893343798
0.00089093852
0.000879981967
0.000866500153
0.000934497413
0.00093508647
0.00107651096
0.00107632758
0.00111787603
0.00112013673
0.00113091096
0.0011638642
0.00114525827
0.00116632679
0.00117668566
0.0011880064
0.00120851542
0.00119042085
0.00120871714
0.00121147859
0.00122162617
0.00123322086
0.00123601159
0.00125468701
0.00276812115
0.00274545741
0.00277846813
0.00276678728
0.0027640111
0.00279192494
0.00281194339
0.00279078464
0.00280982654
0.00282309283
0.00280946969
0.00285753146
0.00283379846
0.00285509406
0.00286916382
0.0028572444
0.00290286722
0.00290215582
0.00308575355
0.00308614228
0.00313100119
0.00312046804
0.00313374411
0.00313382059
0.0031552274
0.00317650012
0.00316607481
0.00317908156
0.0031791258
0.00319783859
0.00319793918
0.00322107216
0.00321137763
0.00322314032
0.00322601274
0.00324581614
0.00326596647
0.000713368551
0.000710287484
0.000757337562
0.000754046649
0.000765415345
0.000751299361
0.00074331337
0.000732655358
0.000729392084
0.000800045851
0.000777318667
0.00079786624
0.000811599739
0.000800800152
0.00116648218
0.00116932998
0.00117765345
0.00121055855
0.0011914869
0.00121174542
0.00123274551
0.0012439264
0.00125868197
0.00124735126
0.00125799624
0.00126183374
0.00128072695
0.00130001784
0.00272201318
0.00269988785
0.00271936278
0.00277067484
0.00276742043
0.00275551393
0.00275297699
0.00274240488
0.00273841433
0.00281099847
0.00278833478
0.00280830329
0.00282210053
0.00281097178
0.00317675737
0.00317923718
0.00318773033
0.00322017639
0.00320200276
0.00322277228
0.00323429731
0.0032429904
0.00324556513
0.00326809773
0.00325708805
0.00326778873
0.00327072517
0.00328964983
0.000722387082
0.000707154597
0.000686333776
0.000719646902
0.000704650887
0.000755000579
0.000735054553
0.000754268218
0.000787370174
0.000772312996
0.00121154941
0.00121368707
0.00122188682
0.0012544916
0.00123617245
0.00125652309
0.00126854154
0.00127440297
0.00127919994
0.00130208646
0.00128892908
0.00130362953
0.0013218355
0.0026795654
0.00267827671
0.0027254187
0.00272038375
0.00273113025
0.00271715349
0.0027107578
0.00269644512
0.00276540148
0.00274346383
0.00276376178
0.00277837453
0.00322480126
0.00321287655
0.00322750271
0.00322255234
0.0032630979
0.0032454906
0.00326463017
0.00327760317
0.00327957005
0.00331082319
0.00329497513
0.00331364008
0.000667033482
0.000666400079
0.000713114357
0.000708094133
0.000717477387
0.00070311171
0.000698884396
0.00068448962
0.000752690812
0.000730984123
0.000750420649
0.000765941168
0.00125679052
0.00124389596
0.00125803804
0.00127659381
0.00129047311
0.00130619516
0.00129261082
0.00130827858
0.00132609109
0.00134323283
0.00267539354
0.00265697114
0.00267388856
0.00272432783
0.00272314985
0.00270906236
0.00270787268
0.00269239948
0.00276604782
0.00276139943
0.00275610375
0.00274161249
0.00323412205
0.00326748659
0.00324962229
0.00326894927
0.00328217243
0.0032866584
0.00329195321
0.00331476582
0.00330113558
0.00331563418
0.0033336071
0.000665580183
0.000665088049
0.000712833816
0.000713030815
0.00069774252
0.000697534381
0.000682096261
0.000749559635
0.000730880552
0.000749608536
0.000765052407
0.00125993249
0.00124549429
0.00126091598
0.00127978866
0.00129752032
0.00129401066
0.0013027887
0.00130859014
0.00131167835
0.00134343199
0.00132566728
0.00134391635
0.00267465807
0.00265639703
0.0026885428
0.00267414237
0.00272112093
0.00270279348
0.0027200517
0.00270648766
0.00269741593
0.00275468428
0.00273873701
0.00323545335
0.00326902248
0.00325123413
0.00326928656
0.00328752055
0.00330227649
0.00331762563
0.00330319939
0.00331810062
0.00333487057
0.000665173393
0.000665660211
0.000712895029
0.000712803634
0.000697306943
0.000697460719
0.0006824763
0.00074963287
0.000731019007
0.000749464941
0.000765263162
0.00126103845
0.00124488757
0.00126036233
0.00129778127
0.00127894472
0.0013031117
0.00131215128
0.00129320867
0.00130742751
0.00134363782
0.00132514962
0.00134339918
0.00268864234
0.00267414306
0.00265630601
0.00267487513
0.00272003389
0.00272096918
0.00269743298
0.00270686621
0.00269279294
0.00275536578
0.00273946906
0.00323499248
0.00326901542
0.00325041741
0.00326875832
0.00328671716
0.00330289492
0.00331774156
0.00330172254
0.0033170199
0.00333439957
0.000666573891
0.000667498573
0.000713080847
0.000698412161
0.000707944784
0.000685261001
0.00071761077
0.000703128578
0.000750065965
0.000732543929
0.000752496342
0.000767762769
0.00122423941
0.00125821079
0.00123847523
0.00125657679
0.00127522289
0.0012918687
0.00130747695
0.0012909514
0.00130668532
0.00134321185
0.00132487227
0.00267421715
0.00267546223
0.00272313266
0.00272441621
0.0027082655
0.00270872947
0.00269346993
0.00276615648
0.00274340859
0.00276157536
0.00277605102
0.00323268864
0.00322291824
0.00326900404
0.00324746606
0.00326749043
0.00328250622
0.00330029683
0.00329159981
0.00331543299
0.0032968939
0.00331484293
0.00333227663
0.000719653175
0.000704446213
0.000689017787
0.000722425376
0.000707049534
0.000754577251
0.000737324732
0.000755313407
0.000732767776
0.000789932028
0.000775381622
0.000800593926
0.00121106527
0.00120057034
0.00121424934
0.00125638917
0.00123440891
0.00125459487
0.00126944265
0.00125784224
0.00128890198
0.00127936769
0.00130356756
0.0012831937
0.00130174946
0.00131980044
0.00267810433
0.00267962684
0.00272509997
0.00271051264
0.00272084368
0.00269806186
0.00273130122
0.00271732879
0.00276373516
0.00274536548
0.00276534801
0.00274194404
0.00279943224
0.00278558549
0.00281111732
0.00322744555
0.00320972585
0.00322472467
0.00326519959
0.00324491339
0.00326345962
0.00328084629
0.00327803942
0.00326738877
0.00331356988
0.0032928854
0.00331064507
0.000710194026
0.000713286079
0.000757141854
0.000743061641
0.000754017604
0.000732100857
0.000764970298
0.000751187971
0.000797401365
0.000779624622
0.00079997362
0.000776820445
0.000834613399
0.000820688282
0.000847614841
0.00116578616
0.00115434983
0.00116880161
0.00121164594
0.00118905295
0.0012107827
0.00123004688
0.00124701626
0.00126180798
0.00124469044
0.0012337839
0.00125922282
0.00129986924
0.00127824615
0.00271921614
0.00272191782
0.00276736004
0.00277091188
0.00275269731
0.00275605135
0.00274095987
0.00276723005
0.00280876277
0.00278956308
0.0028107516
0.00284550372
0.00283136585
0.00285688851
0.00313404186
0.00317701125
0.00316522607
0.00317931916
0.00322267241
0.00320003608
0.00322040226
0.00323470543
0.00322309951
0.003256932
0.00324571038
0.00327081868
0.00324854404
0.00326842375
0.00328706247
0.000754168655
0.000802202807
0.000788549371
0.000801885065
0.000779215125
0.000799297728
0.000844761207
0.000847376643
0.000820484389
0.000834030913
0.000820606352
0.000847274093
0.000893511012
0.000869089608
0.000891060428
0.000866509407
0.000934653352
0.000913709024
0.000935184302
0.000948798925
0.000983517025
0.00102765043
0.0010767266
0.00106276514
0.00107628634
0.00111762699
0.00109790709
0.00111998081
0.00112275086
0.00116645705
0.00114223204
0.00116382058
0.00114277713
0.0011772843
0.00116320579
0.00120816267
0.00119021419
0.00120926072
0.0012215345
0.00119072148
0.0012113036
0.00125463339
0.00123144312
0.00277824607
0.00276401354
0.00276812696
0.00281219446
0.00279092259
0.00280978215
0.0027886511
0.00282291184
0.0028092091
0.00285484697
0.00283599916
0.00285733109
0.00283666646
0.00285691419
0.00290283656
0.00287996819
0.00290216043
0.00287758778
0.00293721128
0.00292363967
0.00295128708
0.00299429897
0.0030514184
0.00303707559
0.00308605923
0.00306534819
0.0030863178
0.00313382632
0.00310904368
0.00313076747
0.00313328517
0.00317664692
0.00315258896
0.00317916539
0.00316564781
0.00315281911
0.00317928413
0.00321126626
0.00319839661
0.00322593702
0.00320070659
0.00322092266
0.0032661904
0.000844462731
0.000893275358
0.000879780597
0.000893319792
0.000893960786
0.000937249741
0.000915008827
0.000937199481
0.000915130178
0.000937251444
0.000983007798
0.000959713322
0.000982835093
0.000959894098
0.000982638797
0.00102841946
0.00100568574
0.00102877515
0.00100578027
0.00102834989
0.00107377347
0.00105125845
0.00107364453
0.00105157368
0.00107392268
0.00110878196
0.00109477062
0.00112246706
0.00109448229
0.00116563133
0.00281364635
0.00285648071
0.00290442049
0.00289058172
0.00290469047
0.00290495869
0.00294840868
0.00292628095
0.00294858408
0.00292632507
0.00294846927
0.00299433607
0.0029711858
0.00299450937
0.00297151926
0.00299407345
0.00304024497
0.00301715048
0.00304008053
0.00301740379
0.00304047626
0.00308541996
0.00306288043
0.0030849846
0.00306257288
0.00308472318
0.00311970573
0.00310643056
0.00313393782
0.00310656933
0.00317693747
0.000823287565
0.000845712992
0.000893612412
0.000868703882
0.000891302362
0.0009374004
0.000914435152
0.000937189264
0.00098295016
0.000959816779
0.00098283733
0.0010286601
0.00100576819
0.00102861263
0.00107383108
0.00105156854
0.00107370455
0.0010972444
0.00111986089
0.00114295237
0.00116504162
0.0011862553
0.00281383915
0.00283498454
0.00285708302
0.00290509097
0.00288015059
0.00290281823
0.00294861923
0.00292544176
0.00294856904
0.00299436531
0.00297140514
0.00299425868
0.00304009306
0.00301723835
0.00304027578
0.00308464639
0.00306263772
0.00308571908
0.00310848784
0.00313138497
0.00315433078
0.00317681183
0.000688285931
0.00071037727
0.000707773943
0.00075520395
0.000755374444
0.000755705184
0.000742145499
0.000728587618
0.000728979957
0.000802021893
0.000802302404
0.000788529723
0.000774740191
0.000802052846
0.000787939604
0.000775012287
0.000801718053
0.000845208153
0.000845043071
0.00112260723
0.00112189314
0.00116529293
0.00116556916
0.00120005703
0.00121370586
0.00121340587
0.00120031174
0.00121351132
0.00121361979
0.00123488302
0.00125511
0.00123415416
0.00125463169
0.00125463038
0.00126858462
0.00128190167
0.00128195789
0.00130065325
0.00130135177
0.0026994514
0.00269858841
0.0027315255
0.0027183467
0.00271844515
0.00274473556
0.00276507694
0.00276729013
0.00274478414
0.00276540844
0.0027660252
0.0028133531
0.00281374427
0.00279938863
0.00278603009
0.00280005736
0.00278664532
0.00285585578
0.00285646905
0.0031341373
0.00313372022
0.00317659895
0.00317630281
0.00321105118
0.00319783033
0.0032247973
0.00322323729
0.00321109934
0.00319772414
0.00322436649
0.0032249236
0.00324471739
0.00324473631
0.00325790864
0.00327123393
0.00327144468
0.00328998147
0.00329204524
0.00331197474
0.0006646049
0.000641718087
0.000674026324
0.000662320067
0.000659971148
0.000710889852
0.000688290654
0.000706309768
0.000720323055
0.000709449216
0.000697653331
0.000685386733
0.000751896654
0.00075112539
0.00125692324
0.00125992546
0.00126833281
0.00130027687
0.00128270289
0.00130264898
0.00131318422
0.0013213809
0.00132465902
0.00134618384
0.00133578223
0.00134995836
0.0013683793
0.00263164579
0.00267884202
0.00267522002
0.00268695755
0.00267276766
0.00266428962
0.00264979134
0.00272039708
0.00269734674
0.00271714496
0.0027312019
0.00271913489
0.00326626286
0.00326912021
0.00327918282
0.00329332388
0.00331187066
0.00330316786
0.00331461493
0.00331676517
0.00332636922
0.00333738546
0.00334000353
0.00335799272
0.000619624495
0.000598589727
0.000630014089
0.000615828311
0.000664833501
0.000644626921
0.000662708085
0.000651335693
0.000640569951
0.000695609383
0.000680873628
0.00130264935
0.00130546194
0.0013140432
0.00132827393
0.00134602144
0.00133958874
0.00135005625
0.00135378504
0.00136055968
0.00138917384
0.00137095618
0.00137442406
0.00139212675
0.00262836604
0.00260743908
0.00263969496
0.00262917182
0.00262603813
0.002675596
0.00265346632
0.00267194925
0.00268633537
0.00267514292
0.00266065818
0.00265002038
0.00331639161
0.00330466864
0.00331945464
0.00331490888
0.00333745803
0.0033548934
0.00334866954
0.00335916162
0.00336233967
0.00336930973
0.00338425468
0.00340128904
0.00057625657
0.000621526402
0.000617304954
0.000627178344
0.000613052292
0.000607496184
0.00059318917
0.000660652789
0.000639745151
0.000657997026
0.000672176612
0.000662316721
0.00134920446
0.00133694106
0.0013519683
0.00136861246
0.0013810495
0.00139540694
0.00138351699
0.00139815974
0.0014156631
0.00258713942
0.00258403461
0.00263305684
0.00263124124
0.00261876128
0.00261599681
0.00260148832
0.00266365189
0.0026486617
0.00332765605
0.00335849868
0.00334196673
0.00336005143
0.0033728722
0.00337763006
0.00338274152
0.00340407417
0.00339175967
0.00340680771
0.00342390346
0.000575116248
0.000573835012
0.000620650203
0.000619746896
0.000605787676
0.00060503651
0.000590317077
0.000651659932
0.000636873409
0.00134808946
0.00135303055
0.00135769534
0.00137225943
0.0013897028
0.00138542855
0.00139461547
0.00139975943
0.00140386034
0.00143422824
0.00141759247
0.00143500562
0.0025830838
0.00256455496
0.00259663403
0.00258249449
0.00262957515
0.00261057377
0.00262774931
0.00264271712
0.002614343
0.00260549308
0.00336114883
0.00334852932
0.0033633596
0.00338038517
0.003393825
0.00340874217
0.00339512364
0.0034097329
0.00342601594
0.00057299566
0.000572834855
0.00061893359
0.00061868456
0.000604151756
0.000603625561
0.000589056252
0.00065069178
0.000635958131
0.00135908211
0.00139000533
0.00137379682
0.00139060373
0.0014049206
0.00140540347
0.00143579554
0.00141991415
0.00143629769
0.00259524811
0.00258069085
0.00256385101
0.00259467452
0.00258002476
0.0026264945
0.00260936987
0.0026259911
0.00264102922
0.00336434313
0.00335014899
0.00336497467
0.00338129392
0.0033958139
0.00341064023
0.00339600073
0.00341086751
0.00342737913
0.000572708631
0.00057301814
0.000618619354
0.000618800406
0.000603755172
0.000603977737
0.000589376985
0.000650371096
0.000635422351
0.00135851171
0.00139072579
0.00137336943
0.00139026401
0.00140551461
0.00140510904
0.00143655526
0.00141953941
0.00143619186
0.00259466082
0.00257989064
0.00256386077
0.00259531069
0.00258043013
0.00262583466
0.00261004438
0.00262639185
0.00264119215
0.00336470153
0.00334924369
0.00336410819
0.00338097619
0.003395581
0.00341044333
0.0033958629
0.00341067559
0.00342697995
0.00057388366
0.000574790633
0.000619513548
0.000620829008
0.000604900293
0.000606309361
0.000591734932
0.00065307739
0.000638789563
0.000662550926
0.00134829464
0.00133911549
0.0013532035
0.00138938483
0.00137049301
0.00139430024
0.00140367309
0.00138521952
0.00139952547
0.00143509688
0.00141682283
0.00143465021
0.00259618373
0.00258218744
0.00256604969
0.00258307159
0.00262756503
0.00262944368
0.00260543411
0.00261507404
0.00260083295
0.00266075308
0.00264645224
0.003363577
0.00334680402
0.00336143486
0.00337901483
0.00339570303
0.0034102031
0.00339396593
0.00340866644
0.00342483974
0.000576399396
0.000621927781
0.000607959878
0.000617086772
0.000596047679
0.000626696322
0.000612818519
0.000658128033
0.000641370444
0.000660591472
0.000674548919
0.00135204202
0.00133470953
0.00134951203
0.00136686338
0.0013833542
0.00139812627
0.00138081938
0.00137090227
0.00139558377
0.0014125847
0.00258410501
0.00258691088
0.00263146761
0.00263314956
0.00261661003
0.00261882231
0.00260423237
0.00262879931
0.00266530961
0.00265076673
0.00267505465
0.00332463264
0.00331501457
0.00336037197
0.00333915448
0.00335834128
0.00337281767
0.00339210082
0.00338290114
0.00340664132
0.00338722701
0.00340404561
0.000629864575
0.000615870387
0.000619329329
0.000662737189
0.000664931773
0.000640487263
0.000651404044
0.000637464743
0.000662619061
0.000699098115
0.000684061249
0.000709991307
0.00130288522
0.00129209062
0.00130550815
0.00134621707
0.00132450128
0.00134980311
0.0013603097
0.00133988434
0.00135387647
0.00139232748
0.00137143243
0.0013889393
0.00263978805
0.00262606483
0.00261074572
0.00262854322
0.00267126079
0.0026754334
0.00265081997
0.00266140286
0.0026469553
0.00270823092
0.00269443659
0.0027191969
0.00331889737
0.00330148541
0.00331603488
0.00335560152
0.00333474818
0.00335963315
0.00337004971
0.00334834669
0.00333726841
0.00336252104
0.00340178797
0.00338049385
0.000673763062
0.00065993147
0.0006644372
0.000706803969
0.000710614887
0.000685510269
0.000697037477
0.000683179288
0.000709809144
0.000751621119
0.000731117235
0.000751443178
0.000764999574
0.000728808828
0.00121361416
0.00125716803
0.00124525166
0.00125987806
0.00130218115
0.00127977486
0.00129893506
0.00128173653
0.00131187184
0.00130010783
0.00133604154
0.00132430152
0.00135003997
0.00132726377
0.00134613868
0.00263121726
0.00267915494
0.00266465995
0.0026756174
0.00265348262
0.0026868338
0.00267261103
0.00271685566
0.00270022525
0.00272055089
0.00269965832
0.00271824123
0.00275437799
0.00274019725
0.0027678753
0.00323530954
0.00322318912
0.00326655386
0.00324862088
0.00326883808
0.00327147918
0.00331199669
0.0032891589
0.00331444879
0.00332602056
0.00330256417
0.00328973646
0.00331661754
0.00335796668
0.00333511899
0.000707700757
0.000755512552
0.000742016073
0.000755212347
0.000755462876
0.000802800079
0.000802660829
0.000802180564
0.000775286154
0.000788609949
0.000775154775
0.000802113912
0.000844836559
0.000823429773
0.000844787422
0.000823074888
0.000845619503
0.000880072026
0.000865933127
0.000893620338
0.000868675458
0.000891317921
0.000937296417
0.000914443676
0.000937132045
0.000982859196
0.000959757088
0.000982799683
0.00102867224
0.00100568562
0.00102863339
0.00107375196
0.00105150751
0.0010737451
0.00112261623
0.00110886507
0.00112289773
0.00109717072
0.00111974777
0.00116543937
0.00114351354
0.00116553945
0.00114276755
0.0011650366
0.00121417234
0.00118626622
0.00121301132
0.00119979283
0.00118625129
0.00121340784
0.00125529382
0.00123431874
0.0012545973
0.00126870223
0.00123374035
0.00125426184
0.00130145933
0.0027318868
0.00271853279
0.00276527042
0.00274505289
0.00276547076
0.00274517238
0.00276533732
0.00281344668
0.00281356764
0.00278596046
0.00279970458
0.00278619433
0.00281355173
0.00285630359
0.00283487192
0.00285624268
0.00283504957
0.00285714346
0.00289109316
0.00287737162
0.00290482195
0.00288008676
0.00290269128
0.00294863655
0.00292552002
0.00294859906
0.00299435606
0.00297138574
0.00299433646
0.0030398982
0.00301723536
0.00304016187
0.00308502614
0.00306266713
0.00308573054
0.00313364271
0.00311992759
0.00313419445
0.00310839911
0.00313135108
0.00317673357
0.00315482512
0.0031766025
0.00315446971
0.0031762541
0.00322503091
0.00319727111
0.00322535327
0.00321183327
0.0031977091
0.00322489962
0.00325833776
0.00324478769
0.00327148679
0.00324442539
0.00331176382
0.000688629937
0.00070965767
0.000756478651
0.000731756716
0.000754062189
0.000799844482
0.00077745202
0.000799596971
0.000845733016
0.000822325119
0.000843853137
0.000891569773
0.000936938638
0.000982470407
0.0010288496
0.00107415191
0.00111981016
0.00116516483
0.00116780167
0.00121118844
0.00118887291
0.00121145935
0.00125461846
0.00123379118
0.00125711819
0.00127951716
0.00130089655
0.0026991965
0.00272055667
0.0027663905
0.0027427667
0.0027660837
0.0028114159
0.00278860074
0.00281127932
0.00285721717
0.00283243558
0.00290286809
0.00294812054
0.00299421701
0.00304013968
0.00308550387
0.00313160277
0.00317715271
0.00315644337
0.00317701591
0.00322236536
0.00320008994
0.00322289713
0.00324615192
0.00326827422
0.00329032331
0.00331094319
0.000595714774
0.000628520555
0.000616326908
0.00061462055
0.000641812888
0.000660578382
0.000674722883
0.000662391658
0.000641301976
0.000661404926
0.000674997105
0.000660953035
0.00070811638
0.000709013824
0.000802187212
0.000857596789
0.000843697949
0.000892182463
0.000871285876
0.00089227512
0.000870526752
0.000891903248
0.000937115197
0.000914338697
0.000937121603
0.000914637284
0.000936805647
0.000983108822
0.000959805557
0.000982750303
0.000960102723
0.000982817797
0.00102864512
0.00100537386
0.00102874043
0.00100583768
0.0010284709
0.00107443837
0.00105179412
0.00107429321
0.00105119752
0.00107458169
0.00111939421
0.00109675571
0.00111870979
0.00109671828
0.00111912526
0.00115370838
0.001140407
0.00116770504
0.00114011235
0.00120891174
0.00130114652
0.00130090823
0.00131399931
0.00131416288
0.00132821643
0.00134750881
0.00134683426
0.00132756921
0.00134797723
0.00134750831
0.00136076952
0.0013735713
0.00137373724
0.0013927736
0.00139307583
0.00260738001
0.00260641523
0.00263888477
0.00262614326
0.00262581996
0.00265242078
0.00267203841
0.00268549821
0.00267229316
0.00265179059
0.00267200822
0.00268568002
0.00267203429
0.00271821879
0.00271808429
0.00281170373
0.00285995891
0.00284595075
0.00285980551
0.00286029856
0.00290327705
0.00288136074
0.00290332095
0.00288115267
0.00290344924
0.00294866546
0.00292557232
0.0029483627
0.00292562973
0.00294853129
0.00299441516
0.00297114522
0.0029945623
0.00297146388
0.00299400292
0.00304017172
0.00301696662
0.00304034084
0.00301727643
0.00303991447
0.00308535736
0.00306299461
0.0030856173
0.00306323822
0.00308547418
0.00312812292
0.0031073709
0.00312879747
0.00314214982
0.00310807523
0.00312941501
0.00317740122
0.0032714971
0.003270824
0.00331149395
0.00331092119
0.0033249975
0.00332496269
0.00333913197
0.00335838592
0.00333878671
0.00335870617
0.00335829645
0.0033715634
0.00338376638
0.00338535971
0.00340433323
0.000572753806
0.000550285972
0.000581864475
0.000570493586
0.000568425013
0.00061860868
0.000595625935
0.000614069656
0.000628168806
0.000616702127
0.000604758912
0.000593423228
0.000939621245
0.00098288679
0.00102835769
0.00107141266
0.00139209727
0.00138239808
0.00139617392
0.00139302622
0.00140569286
0.00141376399
0.00141670182
0.00143794062
0.00142763847
0.00143871025
0.00144149144
0.00145910832
0.00254048503
0.00258579154
0.0025831333
0.00259444414
0.00258070671
0.00257189708
0.00256106983
0.00255829425
0.00262923172
0.00262676059
0.00261799193
0.00260364318
0.00294927058
0.00299414379
0.00303943556
0.00336095181
0.00336313716
0.00337253739
0.0033865043
0.003404322
0.00339589174
0.0034067741
0.00340907469
0.00341852472
0.00342950458
0.00343214344
0.00344997741
0.000528475324
0.000507924531
0.000538630989
0.000524833629
0.000573398267
0.000552470168
0.000570246131
0.00058448633
0.000559698571
0.000549151875
0.00140769008
0.00143513148
0.0014217618
0.00143811752
0.00144917078
0.00145242976
0.00148111789
0.00146269758
0.00146647575
0.0014838497
0.00255078232
0.00253674248
0.00251632666
0.00254740398
0.00253738629
0.00253336705
0.00258201
0.00256176082
0.00257893705
0.00259299902
0.00258311036
0.00340522715
0.00340867733
0.00341514103
0.00342989492
0.00344691228
0.00344004082
0.00345082174
0.00345423315
0.003461054
0.00347549657
0.00349239385
0.000485394118
0.000530578593
0.000525774191
0.000535540945
0.000521856859
0.000516289551
0.000502087616
0.000571687558
0.000567441984
0.000562359157
0.000547500677
0.00144121169
0.00142981987
0.00144361373
0.00143933932
0.00145950048
0.00147239377
0.00148672748
0.00147491124
0.00148949494
0.00150586962
0.0024967703
0.00249460509
0.00254183405
0.00254058387
0.00252778691
0.00252556939
0.00251084838
0.00256985052
0.00255620552
0.00344952496
0.00343782907
0.00345238035
0.00346403732
0.00346900184
0.00347375114
0.00349549954
0.00348316909
0.00349802562
0.0035149068
0.000484267927
0.000482904511
0.000529146722
0.000528028913
0.000514616144
0.000513553067
0.000499088803
0.000559143229
0.000544215211
0.00144990356
0.0014651719
0.00148082012
0.00147695517
0.00148576208
0.00149101765
0.00149468212
0.00150927245
0.00152562635
0.0024924277
0.00247380535
0.00250480979
0.00249071353
0.00253741193
0.00251871482
0.00253478139
0.0025497128
0.00252312666
0.00251367462
0.00345445973
0.00344085776
0.00345570418
0.00347163351
0.00348541848
0.00349998464
0.00348648617
0.00350133873
0.00351694327
0.000482086395
0.000481648011
0.000527537098
0.000527181349
0.00051332408
0.000512413938
0.000497685486
0.00055826833
0.000543566114
0.00145100125
0.00148137231
0.00146562787
0.00148189946
0.00149583621
0.00149643649
0.00152620458
0.00151097843
0.00152740672
0.0025039374
0.00248976059
0.00247347644
0.00250367638
0.00248935981
0.00253463795
0.0025179847
0.00253423425
0.00254911921
0.00345678763
0.00344274985
0.00345728844
0.00347264973
0.00348708507
0.00350192217
0.00348733605
0.00350180217
0.00351778383
0.000481844968
0.000482365584
0.000527134301
0.000527550662
0.000511941007
0.000512807825
0.000498252489
0.000558357734
0.000543839306
0.00145112232
0.0014818607
0.00146550405
0.00148144651
0.00149641993
0.00149587418
0.00152750338
0.00151036699
0.00152667333
0.00250343652
0.002489143
0.00247304796
0.00250364091
0.00248962261
0.00253433754
0.00251796668
0.00253491748
0.00254944816
0.00345685311
0.00344172122
0.00345622407
0.00347214381
0.00348739523
0.00350210562
0.00348730957
0.00350206082
0.00351774026
0.000483156959
0.000484130945
0.000528182411
0.000529064539
0.000513632926
0.000514691725
0.000500348606
0.00056003573
0.000545404186
0.00144886364
0.00143976857
0.00148087745
0.00146259617
0.00148588509
0.00149471696
0.00147692376
0.00149070832
0.00152620472
0.00150733767
0.00250521062
0.00249104787
0.00249274231
0.00253485743
0.00253725527
0.00255181486
0.00251427476
0.00252350764
0.00250985688
0.00345558157
0.00343961603
0.00345449239
0.00347087297
0.00348660965
0.00350114148
0.00348544785
0.00349978005
0.00351581102
0.000485549873
0.000530340483
0.000516419562
0.000526166131
0.000505153105
0.000535749099
0.00052168754
0.000571850885
0.000550185459
0.000567367263
0.000581714189
0.00144389582
0.00142704357
0.001441528
0.00145816007
0.00147477817
0.00148937886
0.00147234689
0.00146237812
0.00148689021
0.00150350241
0.00249439803
0.00249671149
0.00254049246
0.00254166064
0.00252553277
0.00252736549
0.00251295521
0.00253726975
0.00257293187
0.00255875543
0.00258298372
0.00341869508
0.00345249421
0.00343270573
0.00344979583
0.00346424438
0.0034836525
0.00347409739
0.00349762018
0.00347820748
0.00349499652
0.00053890745
0.000524423233
0.000528118718
0.0005700607
0.000573557025
0.000549123422
0.000559467944
0.000545630793
0.000570465078
0.000605070623
0.000591139536
0.000616738857
0.00140310373
0.00139302979
0.00143841774
0.0014178373
0.00143549121
0.00145225169
0.00144950987
0.00143888212
0.00148386471
0.00146343805
0.00148069285
0.00254769216
0.00253355445
0.00251930362
0.00255102631
0.00253644161
0.00257870474
0.00256484578
0.0025816763
0.00259637987
0.00256105878
0.00340545826
0.00339485405
0.00340866743
0.00344724765
0.00342588739
0.00345111011
0.00346113363
0.00343989421
0.00342909906
0.0034539643
0.00349239758
0.00347201194
0.000581785983
0.00056801377
0.000572849772
0.000614520839
0.000618471254
0.000592838151
0.000604247907
0.000590795836
0.00061648032
0.000650807819
0.000637122553
0.000662610903
0.000939029986
0.00096045846
0.000983062414
0.0010056716
0.00102822386
0.00105072473
0.00107232096
0.00135949564
0.00134666993
0.00139630883
0.00137384347
0.00139203631
0.00137357665
0.0014050029
0.00139255737
0.00142801266
0.00141705799
0.00144176146
0.00141921752
0.00143747787
0.00254074574
0.00258574399
0.00257157149
0.00258293007
0.00256243855
0.00259462386
0.00258060913
0.00262889763
0.00260810221
0.00262618417
0.00263963017
0.00260735045
0.00262620038
0.00267258448
0.00292810159
0.00294934653
0.00297160239
0.00299443518
0.00301691943
0.00303952542
0.00306056079
0.00336075654
0.00334957486
0.0033635098
0.00340451112
0.00338139377
0.00340688524
0.00341862931
0.00339533669
0.00338351393
0.00340917255
0.00344979297
0.00342714421
0.000628569195
0.000614719445
0.000660554483
0.000641869923
0.000661428769
0.000642244426
0.000674904377
0.000661308487
0.000708076519
0.000688856354
0.000709122302
0.000688622567
0.0007095623
0.00074231176
0.000728579283
0.000756098188
0.00073174391
0.000754030053
0.000799746511
0.000777344866
0.00079961171
0.000802201795
0.000845694462
0.000822171209
0.000822576163
0.000857141291
0.000843160304
0.000843602125
0.00087085763
0.000892029794
0.000891590996
0.000870693516
0.000891911113
0.000892293692
0.000914413835
0.000936963422
0.000937101922
0.000914564956
0.000936998403
0.000937128665
0.000959821539
0.000982851296
0.000982780383
0.0009599926
0.000982655679
0.000982924241
0.0010059873
0.00102841036
0.00102870115
0.00100588527
0.00102858722
0.0010285225
0.00105139784
0.00107423851
0.00107424314
0.00105148414
0.00107429738
0.00107437158
0.00109665561
0.00111916759
0.0011196761
0.0010967523
0.00111860839
0.0011189978
0.00114027957
0.00116527885
0.00114075467
0.00115468682
0.00116780862
0.00116775441
0.00121106454
0.00118886837
0.00118817754
0.00121128375
0.00120858212
0.0012684873
0.00125451549
0.00123354653
0.00125703138
0.00130160007
0.00128201793
0.00130114482
0.001279366
0.00131392295
0.00130073152
0.00134764258
0.00132735776
0.00134779891
0.00136078045
0.00132793862
0.00134757356
0.00139336517
0.00263898652
0.00262617337
0.00267201389
0.00265203118
0.00267250618
0.00265248435
0.00268573515
0.00267202227
0.00271833529
0.00269856788
0.00271788401
0.00273133014
0.00269917595
0.00272062143
0.00276637512
0.00274268072
0.00276612548
0.0028114084
0.0027886247
0.00279093733
0.00281155454
0.00281175167
0.00286019158
0.0028571419
0.0028599228
0.002860176
0.0028464536
0.00283251325
0.00283252873
0.00288064857
0.00290305868
0.00290293056
0.00288108567
0.00290312595
0.00290333645
0.00292584943
0.00294813117
0.00294818678
0.00292553549
0.0029485955
0.00294851953
0.00297148968
0.00299399943
0.0029944217
0.00297134791
0.0029942105
0.00299431908
0.00301739877
0.00304029639
0.00304031394
0.00301731962
0.00303996471
0.00303999647
0.00306308092
0.00308538572
0.00308532396
0.00306296495
0.00308568969
0.00308538831
0.00310788721
0.00312950712
0.00313157353
0.00310774274
0.00312900843
0.00312973418
0.00314279714
0.00317716599
0.00315588439
0.0031564037
0.00317712762
0.00317677808
0.00322238271
0.00319995674
0.00319755794
0.00322278723
0.00327093542
0.00325741865
0.00327096509
0.00324599667
0.00326812223
0.0033117186
0.00329107797
0.00331139323
0.00329036365
0.00332523206
0.00331108546
0.00335881962
0.00333843548
0.00335837059
0.00337189156
0.00333850116
0.00335728624
0.00340401857
0.000596809449
0.000618235532
0.000663984285
0.000640116322
0.000663344111
0.000709206363
0.000685483012
0.000706904818
0.000753976253
0.00125785816
0.00130373001
0.00128269031
0.00130429635
0.00134700722
0.00132657626
0.00134914028
0.00136999032
0.00139264789
0.00260729223
0.00262841403
0.0026743653
0.00265043011
0.00267371503
0.00272001258
0.00269578773
0.00271777071
0.00276365258
0.00322500758
0.00326851317
0.00331370662
0.0032926751
0.00331438809
0.00335757464
0.00333662802
0.00335985924
0.0033817775
0.00340318726
0.000504986222
0.000536832035
0.000525391926
0.000523507854
0.000550052658
0.000568919693
0.000582342701
0.000570856972
0.000550240952
0.00057038428
0.000583709706
0.000570063901
0.000615422093
0.000615439625
0.000720020628
0.000707293747
0.000754519257
0.000733914307
0.000754649553
0.000734537979
0.000755077403
0.000802153184
0.0008022852
0.000775012806
0.000788750844
0.000775234252
0.000802120375
0.000842969575
0.000823200463
0.000843566788
0.000856678879
0.000821092858
0.000890959117
0.00111972831
0.00116728031
0.00115344702
0.00116736513
0.00120911326
0.00118768632
0.00120891874
0.00119040673
0.00122230465
0.0012090692
0.0012553208
0.00123560711
0.00125560915
0.00126896133
0.00123574797
0.00125517947
0.00130154004
0.0013935157
0.00139272563
0.00140730544
0.00140602989
0.00142048691
0.00143930924
0.00143889545
0.0014199465
0.0014396551
0.00143856395
0.00145269072
0.0014649783
0.00146534198
0.00148364406
0.00148460593
0.00251640378
0.00251564515
0.00254732678
0.00253491336
0.00253435204
0.00256103651
0.00257957606
0.00259272192
0.00258028261
0.00256025567
0.00257975748
0.00259340044
0.0025802169
0.00262600537
0.00262630023
0.00273113821
0.00271786186
0.00276430954
0.00274454743
0.00276439041
0.00274457421
0.00277752117
0.00276419568
0.00281213124
0.00279123251
0.00281241414
0.00279102555
0.00280991883
0.00284619975
0.00283275233
0.00286017259
0.00290052634
0.00308788068
0.00314283359
0.00312905277
0.00317682332
0.00315645708
0.0031767376
0.00317927649
0.00322572907
0.00319775957
0.00322530239
0.00321177304
0.00319815995
0.00322490112
0.00326495169
0.00324510732
0.00326637415
0.00327967892
0.00324496089
0.00326579863
0.00331198253
0.00340412556
0.00340340771
0.00341687751
0.00341667915
0.00343088155
0.00344979736
0.00343015034
0.00344947194
0.00344883036
0.00346252193
0.00347470113
0.0034765615
0.00349510785
0.000482059498
0.000459659823
0.000490864441
0.000479797738
0.000477575696
0.000527327189
0.000504214887
0.000521963116
0.000535652013
0.000524635737
0.000513526198
0.000501984987
0.000799920245
0.000803021022
0.000848421725
0.000834363039
0.000845895419
0.000823348884
0.000857833108
0.000843661685
0.00089109556
0.000871326135
0.000891978925
0.000870585241
0.000889162338
0.000939608326
0.000914341533
0.000937126085
0.000982940645
0.000960214676
0.000982947336
0.00102817626
0.00100564461
0.00102858981
0.00107169557
0.00105115374
0.00107419046
0.0011201243
0.00109663491
0.00111772869
0.00113213208
0.00112012083
0.00116293333
0.00114498629
0.00116347418
0.00117675262
0.00114551359
0.00116624958
0.00120955146
0.00118619691
0.00148281306
0.00147292992
0.00148712435
0.00148401957
0.00149626931
0.00150346824
0.00150758715
0.00152832456
0.00151807812
0.00153243215
0.00154934854
0.00245008412
0.00249664647
0.0024925959
0.00250385785
0.00248966015
0.00248175011
0.00246743484
0.00253768979
0.00253533962
0.00252641472
0.00251305819
0.00282329073
0.00281004552
0.00281412482
0.00285796572
0.0028367715
0.00285485344
0.00283389159
0.00286738044
0.00285438116
0.00290139083
0.00288209328
0.00290338354
0.00287931645
0.00294909032
0.00292585876
0.00294892856
0.00299426087
0.00297134178
0.00299433197
0.00303950849
0.00301715977
0.00303994254
0.00308840648
0.00306291479
0.00308565276
0.00313133587
0.00310780802
0.00312862799
0.00311046534
0.00314246665
0.00312958259
0.003166004
0.0031542845
0.00317946206
0.00315662649
0.00317668577
0.00321986871
0.00319670098
0.00345242892
0.00345475877
0.00346366971
0.00347756861
0.00349545068
0.0034864179
0.00349796387
0.00350033814
0.00350897057
0.00351987042
0.00352258909
0.00354048079
0.00043917992
0.000448435743
0.000434702746
0.000482775078
0.000462427862
0.000479550597
0.000494030635
0.000469005114
0.000458694668
0.000846606657
0.000848982995
0.000902038562
0.000888713007
0.000868970497
0.000891139744
0.000937655731
0.000939600661
0.000914562862
0.000926102986
0.000911808234
0.000938989918
0.000983009008
0.000960654529
0.000982949806
0.000958488581
0.0010283602
0.00100572859
0.00102788542
0.00103104461
0.00107338663
0.00104919564
0.00107614354
0.00106280121
0.00104936857
0.00107642524
0.00110907803
0.00109531856
0.00112263123
0.00109785429
0.0011194698
0.00116353845
0.0011408203
0.00149881558
0.00151312548
0.00152912516
0.00152192069
0.00153246804
0.00153574027
0.0015427317
0.0015527439
0.00155678268
0.00157313498
0.00244683692
0.00242683677
0.00245715748
0.00244744014
0.00244365739
0.00249139019
0.0024709134
0.0024867868
0.00250171481
0.00249210557
0.00247764825
0.0024673987
0.00285676253
0.00285933221
0.00290535727
0.00289145252
0.00290499266
0.00288055003
0.00290210241
0.00294879852
0.00295087548
0.00292390333
0.00293697611
0.00292356714
0.00295017614
0.00299438787
0.00297225075
0.00299419139
0.0029692541
0.00303972727
0.00301710307
0.00303891269
0.00304156359
0.00308327567
0.0030599232
0.00308572556
0.00309783042
0.00307374655
0.00306094213
0.00308832529
0.003131872
0.00310887148
0.00313103682
0.00317365214
0.00315134299
0.00349622793
0.00349956309
0.00350638481
0.00352059315
0.00353706598
0.00353094065
0.00354135908
0.00354432225
0.00355133085
0.00356552319
0.000445823093
0.00043034822
0.000411340102
0.000442877016
0.000434121785
0.000428708152
0.000480650573
0.000476830201
0.000471402543
0.000457420784
0.000891538236
0.000893416545
0.00093635974
0.000914967379
0.000937028772
0.000984637679
0.000971376624
0.000984502217
0.000960045772
0.00098275516
0.00101749019
0.00100420938
0.00103070499
0.00100605991
0.00102876216
0.00107442347
0.00105189849
0.00107404152
0.0011188215
0.00109654665
0.00111683129
0.00153188445
0.00151985219
0.00153407148
0.00155042889
0.00156249636
0.00157693999
0.00156511364
0.00158029995
0.00159617354
0.00240355639
0.00245147915
0.00244946337
0.00243756631
0.00243459823
0.00241964032
0.00247997756
0.00246557919
0.00286229813
0.00290296116
0.00288275865
0.00290334649
0.0029474117
0.002925849
0.00294828596
0.00299567701
0.00298281061
0.00299607593
0.00297114636
0.00299392931
0.00302851669
0.00301523045
0.00304267656
0.00301791847
0.00304042094
0.00308590329
0.00306320665
0.00308522209
0.00312875183
0.00310654954
0.0035388978
0.0035286562
0.00354254423
0.00355411055
0.00355654364
0.00358891143
0.00356594382
0.0035703894
0.00358881472
0.000439090718
0.00043775014
0.000425455456
0.000423702373
0.00040882925
0.000468443847
0.000453935133
0.000895669926
0.000896243942
0.000937372326
0.000915506967
0.000937649687
0.000982943738
0.000960179604
0.000982885243
0.00102866223
0.00100569862
0.00102842767
0.00107358485
0.00105092361
0.00107289528
0.00109305885
0.00153065199
0.00153555839
0.00153960129
0.00155412731
0.00156698809
0.00158142017
0.00156828847
0.00157697178
0.00158208707
0.00159777583
0.00240288092
0.00240235077
0.00244859318
0.00244593731
0.00245990558
0.00243340353
0.00243166768
0.002422751
0.00241824777
0.00290494541
0.00290670401
0.0029487537
0.00292725835
0.0029491257
0.00299426361
0.00297159378
0.0029942741
0.00304012027
0.00301705679
0.00303980301
0.00308450088
0.00306211344
0.00308429062
0.00310356372
0.0035454104
0.00353145872
0.00354617333
0.00356189934
0.00357493005
0.00358967266
0.0035759903
0.00359118668
0.000436825506
0.000436692811
0.000422763088
0.00042260268
0.000408320026
0.000467179756
0.000452907023
0.000938153097
0.000918389848
0.000938551387
0.00098288536
0.00096038219
0.000982930245
0.00102826646
0.00100559104
0.00102823026
0.0010723348
0.00105043371
0.00107223505
0.00109225299
0.00154195202
0.00157232843
0.00155635562
0.00157225766
0.00158582006
0.00158666855
0.00160216644
0.00161796757
0.00241417473
0.00240012306
0.00238198482
0.00241339523
0.00239810116
0.00244373342
0.00242800049
0.00244356976
0.00245858568
0.00290746269
0.00290785483
0.0029493602
0.00292806597
0.00294939745
0.00299435013
0.00297174603
0.00299438418
0.00303968561
0.00301706659
0.0030396187
0.00308312091
0.00306144835
0.00308138919
0.00354726563
0.00353297388
0.00354764796
0.00356315443
0.0035766468
0.00359145943
0.00357735144
0.00359175886
0.000436910987
0.000437153677
0.000422801281
0.00042274838
0.000408145183
0.000467640606
0.000452957406
0.000938802252
0.000916943146
0.000938504766
0.000982920515
0.000960364766
0.000982926861
0.00102822795
0.00100561845
0.00102827017
0.00107244826
0.00105073562
0.00107272869
0.00109257716
0.00154132066
0.00157238407
0.00155620018
0.00157227473
0.00158688997
0.00158594211
0.00157731872
0.00161808244
0.00160000312
0.00241334426
0.0023981284
0.00241409802
0.00240011562
0.00244333988
0.00242776148
0.00244346783
0.0024583114
0.00242281897
0.00290768676
0.00290751121
0.00294927268
0.00292746739
0.00294907226
0.00299437197
0.00297166497
0.00299434841
0.00303956188
0.00301706408
0.00303970243
0.00308119082
0.00306188986
0.00308302278
0.00354708534
0.00353201845
0.00354657736
0.00356283543
0.00357754197
0.0035918444
0.00357712401
0.0035917586
0.000437822326
0.000438630221
0.000423403095
0.000425009441
0.000410110989
0.000434172942
0.000469596862
0.000454543161
0.000896566941
0.00089547448
0.000937855238
0.000915762321
0.000937388265
0.000982890395
0.000959899489
0.000982801151
0.00102841708
0.00100581564
0.00102862735
0.00107292658
0.00105132357
0.00107334103
0.00109512583
0.00153058104
0.00152144212
0.0015353724
0.00155155657
0.00156850646
0.00158210089
0.00156669132
0.00158097394
0.00159706037
0.00240242405
0.00240285252
0.00244610535
0.0024486508
0.00243174757
0.00243326154
0.00241881163
0.00247804744
0.00246419516
0.00290681803
0.00290460366
0.00294896524
0.00292641718
0.002948754
0.00299429277
0.00297154178
0.00299425736
0.00303988175
0.00301713172
0.00304001164
0.00308408737
0.00306253643
0.00308391425
0.0031040884
0.00354607212
0.00353055009
0.00354554032
0.00356130676
0.0035761805
0.00359114787
0.00357472953
0.00356606658
0.00358968306
0.000443547597
0.000429326406
0.000410986304
0.000445492075
0.000430305749
0.000480658561
0.00046077537
0.000476579667
0.000490668217
0.000893265097
0.000871067523
0.00089165607
0.000936800173
0.000914273526
0.000939254183
0.000936434409
0.000984580969
0.000985117844
0.000982415954
0.000971707532
0.000958313772
0.000957842806
0.00100418724
0.00100373558
0.00102878169
0.00101724918
0.00103064773
0.00103073488
0.00107411578
0.00104975251
0.00105228854
0.00107461557
0.00111725447
0.00109706135
0.00111898976
0.0011380008
0.00153448627
0.00151771467
0.00153223225
0.00154854364
0.00156545679
0.00158030901
0.00156246029
0.00155301089
0.00157699254
0.00240368186
0.00244960014
0.00245086614
0.00243491367
0.00243688111
0.00242324242
0.00244652146
0.00248226847
0.00246780714
0.0024924353
0.00286149595
0.00290336124
0.00288121474
0.00290305261
0.00294838244
0.00292566197
0.00295030864
0.00294762192
0.00299553379
0.00299631492
0.0029940316
0.00298310481
0.00296954546
0.00296942039
0.00301572614
0.00301484936
0.00304038402
0.0030286769
0.00304198338
0.00304230594
0.00308508351
0.00306066678
0.00306417313
0.00308593729
0.00310856079
0.00312912328
0.00350931736
0.00354269218
0.00352322453
0.00353916023
0.00355699299
0.00355413986
0.00358894373
0.00356949309
0.00358896324
0.000448395169
0.00043460747
0.000438985468
0.000479509014
0.00048272807
0.000458561608
0.000468798116
0.00045543215
0.000479811206
0.000514264478
0.000500353693
0.000524927842
0.000848573755
0.000826148519
0.000846553643
0.000891099892
0.000870516795
0.00086797408
0.000902495522
0.00088951233
0.000889066825
0.000939627646
0.000916633263
0.000937727414
0.000926112412
0.000914089106
0.000982718525
0.000960200425
0.000982897446
0.00102795765
0.00100572821
0.00102833223
0.0010512694
0.00107329964
0.00106320799
0.00107597777
0.00107659807
0.00109423066
0.00109508269
0.00111956827
0.00110813292
0.0011197166
0.00112235398
0.00114327976
0.00116371028
0.00149449406
0.00148403059
0.00152919311
0.00150825512
0.00153264592
0.00154351038
0.00152224857
0.00153627489
0.00157340628
0.0015529592
0.00245690251
0.00244339196
0.00244672177
0.00248756091
0.00249142087
0.00250553001
0.00246715058
0.00247698656
0.00246330837
0.00285902404
0.00283656937
0.00285679623
0.00290542013
0.00290465617
0.00290222456
0.00289172608
0.00288019499
0.00287766585
0.00295047425
0.00292650258
0.00294875731
0.00293656647
0.00292369725
0.00299426316
0.00297182215
0.00299431299
0.00303891004
0.00301706392
0.00303970353
0.00306235323
0.00308330655
0.00307385725
0.00308600581
0.00308856819
0.00309765144
0.00313111409
0.00311005116
0.00311135756
0.00312900273
0.00313189077
0.00315352746
0.00317382422
0.00349629483
0.00348592944
0.00349949374
0.0035372539
0.00351705209
0.00354113131
0.00355110908
0.00353096239
0.00352015848
0.00354435823
0.00356089265
0.000491020948
0.000477437574
0.000482088703
0.000522228415
0.000527352605
0.000502328326
0.000513728183
0.000499920166
0.000525099252
0.000558851153
0.000545145837
0.00057071667
0.000802700983
0.000779885929
0.000802186503
0.000799895869
0.000848266624
0.000845918545
0.000857499039
0.000843610107
0.000833605305
0.00082072495
0.000820469793
0.000892038674
0.000868705809
0.000891192364
0.00089134861
0.000939435695
0.000937162041
0.000925101127
0.000911879039
0.000982901948
0.000982788418
0.00102886541
0.00102859492
0.00107142799
0.00107412841
0.00108580905
0.00111750885
0.0010989563
0.00112038341
0.00111951145
0.00113200502
0.00114227598
0.00116327185
0.00114520729
0.00116375408
0.00116629016
0.00117675541
0.00118974333
0.00119009404
0.0012091398
0.00120938815
0.00145055092
0.00143830531
0.00148652459
0.00146487959
0.00148276048
0.00146539958
0.00149615384
0.00148390892
0.00151828082
0.0015072435
0.00153230871
0.00151026913
0.00152830895
0.00245029413
0.00249606506
0.00248184833
0.00249251312
0.00247176265
0.00250425881
0.00248989273
0.00253785565
0.00251727446
0.00253522096
0.00254909641
0.00251650565
0.00253449932
0.00258029124
0.00281423727
0.00279085359
0.00279050066
0.00282369892
0.00280984002
0.00281009783
0.00283715749
0.00285795219
0.00285982536
0.00283660437
0.0028548328
0.00286771772
0.00285411544
0.00290359891
0.00287975409
0.00290109114
0.00291441573
0.0029005064
0.00294940668
0.00294871861
0.00299408798
0.00299445036
0.00303950434
0.0030398824
0.00308554444
0.00307391411
0.00308826528
0.00308822116
0.00312873464
0.00310926238
0.00313113128
0.00312914508
0.00314212289
0.00315145692
0.00315360089
0.00317670608
0.00316554607
0.00317926187
0.0031794822
0.00319833286
0.00320021988
0.0032199331
0.00345266372
0.00344098055
0.00345477006
0.00349527792
0.00347281842
0.00349808074
0.00350898694
0.00348669745
0.0034745262
0.00350045005
0.00354053874
0.00351797707
0.000537095871
0.000523574592
0.000569014781
0.000550230644
0.000569688503
0.000550674105
0.000583305301
0.00056968183
0.000615389186
0.000596494466
0.000615360514
0.00062921876
0.00059707167
0.00061827627
0.000664060132
0.000640220634
0.000663379606
0.000709230104
0.000685394184
0.000688437986
0.000721021932
0.000707061246
0.000707611985
0.000734243444
0.000754395755
0.000753900142
0.000734357096
0.000754554178
0.000755348593
0.0008024371
0.000802507361
0.000789067606
0.00077522264
0.000788753346
0.000775183217
0.000843425519
0.000843481248
0.00116758978
0.0011675734
0.00120859005
0.00120906799
0.00122247849
0.00122259726
0.00123586173
0.00125528572
0.0012577241
0.00123571466
0.00125520343
0.00125531438
0.00126871766
0.001303317
0.00128251851
0.00128201773
0.00130408026
0.00130140311
0.00136078374
0.00134746936
0.00132655661
0.00134916691
0.00139344447
0.00137369291
0.00139323935
0.001370379
0.00140588299
0.00139283614
0.001439086
0.00141962172
0.00143927573
0.00145293942
0.00141942773
0.00143888563
0.00148443824
0.00254723963
0.00253456077
0.00258031223
0.00256062116
0.00258014273
0.00256097116
0.00259307284
0.00257981378
0.00262611115
0.00260670899
0.00262594731
0.00263898699
0.00260721168
0.00262837517
0.00267434984
0.00265040968
0.00267374424
0.00271993217
0.00269581777
0.00269850072
0.00273120044
0.00271746501
0.00271784705
0.00274471801
0.00276440201
0.00277742438
0.00276349127
0.00274454458
0.00276419547
0.00277764405
0.00276432194
0.00281163117
0.00281187949
0.00317693553
0.00317690227
0.00321217579
0.00322562755
0.00322556926
0.00321157321
0.00322517334
0.00322493835
0.00324524684
0.00326605709
0.00326845525
0.00324539415
0.00326586267
0.00326511134
0.0032798868
0.00331358374
0.0032928547
0.00329252727
0.00331429487
0.0033113605
0.00337088546
0.00335736332
0.00333639244
0.00335964413
0.00340388501
0.00338445812
0.00340339327
0.00338166668
0.00341694595
0.00340334572
0.003449803
0.00343014563
0.00344915404
0.00346231769
0.00343019533
0.00344901249
0.00349508248
0.000505109647
0.000527329442
0.000572678855
0.000549088329
0.000572147585
0.00061778777
0.000594177418
0.000615379988
0.000660871116
0.00134883149
0.00139410144
0.00137347818
0.00139390456
0.00143802047
0.00141657329
0.00144047211
0.00146257224
0.00148368485
0.00251591518
0.00253721512
0.00258280406
0.00255908686
0.0025821715
0.00262791877
0.00260398077
0.00262545498
0.00267120537
0.00336037992
0.00340539602
0.00338485519
0.00340599843
0.0034487178
0.00342785145
0.00345092046
0.00347254634
0.00349386152
0.000412100066
0.000446970035
0.000435121956
0.000432854078
0.000459588535
0.000478101092
0.000492381642
0.000480065768
0.000459229906
0.000478424879
0.000491411347
0.000478195506
0.00052430896
0.000524273365
0.000628919851
0.000615980804
0.000661685405
0.000642231796
0.000661793986
0.00064232844
0.000675217329
0.000661544507
0.000707788648
0.000688503065
0.000707554114
0.000721112368
0.000687983463
0.000706790268
0.000752641764
0.00126824659
0.00125513119
0.00130114766
0.00128170776
0.00130070572
0.00131466922
0.00130240321
0.00134708961
0.00132804914
0.00134710976
0.0013602269
0.00132783673
0.00134648723
0.00139257482
0.00148460584
0.00148463909
0.00149847512
0.0014972576
0.00151164134
0.00152991202
0.00152891133
0.00151075473
0.00153051683
0.00153027474
0.00154333894
0.00155509521
0.0015574684
0.00157622401
0.00242427703
0.00245712443
0.0024451964
0.00244279866
0.0024700873
0.00248883626
0.00250215984
0.00248910047
0.00246976577
0.00248904123
0.00250193855
0.00248849025
0.00253523595
0.00253460271
0.00263900804
0.00262566218
0.00267135446
0.00265246958
0.00267208966
0.00265342459
0.00268466947
0.002672062
0.00271781487
0.00269896863
0.00271802228
0.00273085118
0.00269717084
0.00276394886
0.00327924458
0.00326639191
0.00331195556
0.0032923582
0.00331148994
0.00329300138
0.00332504188
0.00331209574
0.00335793422
0.00333825585
0.00335814914
0.00337151642
0.00333852618
0.00335775389
0.00340273202
0.00349515063
0.0034939437
0.0035083232
0.00350764361
0.00352171344
0.00354026598
0.00352104921
0.00354012769
0.0035397203
0.00355312308
0.00356535761
0.00356694032
0.00358786486
0.000436586734
0.000412677822
0.000432185792
0.000445757227
0.000434978421
0.000423331073
0.000409811614
0.000719349634
0.00070608359
0.000710127734
0.00075240515
0.000756709034
0.000731006688
0.000742685562
0.000728989213
0.000753455009
0.000789070608
0.000775262498
0.000800457645
0.00121205537
0.00120036895
0.00121435004
0.00125745566
0.00123401318
0.00125395645
0.00126811542
0.00125646143
0.0012903547
0.00127920478
0.00130453869
0.00128182779
0.00130027017
0.00156344629
0.00157723574
0.00156661971
0.00157803685
0.00158057785
0.00159066613
0.0016018368
0.00160406936
0.00162176656
0.00240117319
0.00237835739
0.00241013897
0.00239864322
0.00239656355
0.00244682436
0.00244564183
0.00243595679
0.00242277774
0.00243370361
0.00242204397
0.00267726553
0.00272328243
0.00270888497
0.0027205868
0.00269993488
0.00273225661
0.00271822937
0.00276291325
0.00274615946
0.00276580627
0.00274384141
0.00279954097
0.00278535153
0.00281087233
0.00322224967
0.00321082881
0.00322490737
0.00326639592
0.00324357573
0.00326892117
0.00328017816
0.00325764998
0.00324631054
0.00327109566
0.00331264607
0.00329012579
0.00354325683
0.00354556012
0.00355429021
0.00356815987
0.00358803183
0.00357704744
0.00359048856
0.00358996456
0.000421454675
0.000408152582
0.000713436333
0.000763990601
0.000749859171
0.000734087211
0.000767452263
0.000752853735
0.000798306568
0.000782098552
0.000800738004
0.000778098387
0.000834560639
0.000820628552
0.000845641962
0.00116636412
0.00115584306
0.00117056577
0.00121164073
0.00118919083
0.00120936954
0.00122383697
0.00121250988
0.00124561223
0.00123447138
0.00125939487
0.00123701249
0.00125558432
0.00157770732
0.0015819301
0.00158769041
0.00160194294
0.00161918722
0.00161236806
0.00162296402
0.00162620148
0.00163307554
0.00164729349
0.00166423959
0.00235624759
0.00233539213
0.00236695803
0.00235269513
0.00240165315
0.00238100188
0.00239797041
0.00241201673
0.00238755547
0.00237712362
0.00272257991
0.00276835538
0.00275459764
0.00276567005
0.00274453976
0.00277619577
0.00276287456
0.00280794517
0.00279048527
0.00281074935
0.00278740923
0.0028444994
0.00282989764
0.00317639061
0.00316548707
0.00317947888
0.00322100762
0.00319928415
0.00321822944
0.00323567475
0.00323236916
0.00322224511
0.00326827711
0.0032471406
0.00326602128
0.00358974579
0.00357809512
0.00359131561
0.00359067609
0.000756115177
0.00075826939
0.000802815648
0.000788911739
0.00079925946
0.000776382935
0.000809258311
0.000794648752
0.00084259766
0.000824043861
0.000844633297
0.000878378798
0.000863704978
0.00113096332
0.00112049811
0.00116720012
0.00114548613
0.00116517721
0.00118436499
0.00120212586
0.00121681335
0.00119970892
0.00121516033
0.00125287809
0.00123330562
0.00162188715
0.00160991614
0.00162441899
0.00163662352
0.0016413931
0.00164627003
0.00166714115
0.00165580391
0.00167014694
0.00168717204
0.00231309692
0.0023584999
0.00235404042
0.00236424018
0.00234980432
0.00234409878
0.00233009378
0.00239886335
0.00239472441
0.00238962601
0.00237559325
0.00276495945
0.00276655679
0.00281258305
0.00281553718
0.00279784909
0.00280025899
0.00278508155
0.00285810361
0.00283510668
0.0028548142
0.00286885124
0.00313213865
0.00312200278
0.00313680307
0.00317743162
0.00315509733
0.00317577637
0.00319070267
0.00321153274
0.00320099232
0.00322528107
0.00320551623
0.00322376297
0.00324158159
0.000811013529
0.000795758175
0.000779838234
0.000812466288
0.000797160832
0.000845501335
0.000827865632
0.000846613113
0.000881100827
0.000866599889
0.000891157808
0.00112534831
0.0011091207
0.00112483268
0.00116496457
0.00114365951
0.00116377506
0.00117900414
0.00119769799
0.00118843217
0.00121237126
0.00119353348
0.00121108231
0.0012292843
0.00162647584
0.0016131163
0.00162739617
0.00164351504
0.00165760773
0.00167204432
0.00165846541
0.00167310591
0.00168949947
0.00231198807
0.00231058591
0.00235750931
0.00235654121
0.0023427715
0.00234164781
0.0023268521
0.00238746411
0.0023728968
0.00276919688
0.00277057573
0.00281678047
0.00280207437
0.00281147544
0.00278909389
0.00282086
0.00280648847
0.00285629715
0.00283623017
0.00285644759
0.00289045949
0.00287529131
0.00313560061
0.00311819027
0.00313346444
0.00317338633
0.00315372313
0.00317243611
0.0031887251
0.00318788437
0.00322244957
0.00320291641
0.00322035819
0.000813501295
0.000799120215
0.000781596566
0.000800125011
0.000846582096
0.000847085052
0.000822741371
0.000831584654
0.000817261401
0.000886296166
0.000867387903
0.000887177189
0.000902741945
0.00112399098
0.00110809079
0.00112392276
0.00116195581
0.00114266972
0.00116136113
0.0011773687
0.00117700589
0.00121181808
0.00119288687
0.00121137248
0.00162272213
0.00162738623
0.0016314333
0.00164517609
0.00165912391
0.00167415859
0.00166052637
0.001673965
0.00169122434
0.00170845221
0.00230907744
0.00229146861
0.00230892914
0.00235624924
0.00235475393
0.00236843453
0.00234048378
0.00233930809
0.002326092
0.00277098089
0.00282206116
0.0028066749
0.00278873919
0.00282253606
0.00280711752
0.00285697995
0.00283824874
0.0028571827
0.00289192224
0.00287629954
0.00309725256
0.00313247813
0.00311338479
0.0031329447
0.00317219201
0.00315279765
0.00317669154
0.00318640797
0.00316742143
0.00318187013
0.0032193082
0.00319981547
0.00321845801
0.000800049787
0.000780895699
0.000813534129
0.000799142617
0.000847150715
0.000828109764
0.000846617213
0.000831468261
0.000822816457
0.000887547122
0.000867844226
0.000886787514
0.000901372873
0.000891366199
0.00112432762
0.00110837118
0.00112419865
0.00116165967
0.00114299674
0.00116217884
0.00117765557
0.00117798934
0.00121126937
0.00119321668
0.00121166987
0.00122932984
0.00162285477
0.00161405198
0.00162757308
0.00164349381
0.00166001133
0.00167341914
0.00165873052
0.00167347243
0.00170820771
0.00169107723
0.00230856389
0.00230850344
0.00235463947
0.0023560104
0.00233992708
0.00234122199
0.00232641735
0.0023863882
0.00237253737
0.00277069136
0.00282305187
0.00280726755
0.00278814626
0.00282262606
0.00280704091
0.00285711341
0.00283810487
0.00285684988
0.00289149482
0.00287571916
0.00309835194
0.00313293332
0.00311362567
0.00313250482
0.00315360099
0.00317168649
0.00316809035
0.00317714959
0.00318267435
0.00318617804
0.00321831098
0.00320090676
0.00321923637
0.00081205344
0.000796890004
0.000777606189
0.000810866433
0.000795752275
0.000846487901
0.000826485427
0.000845592648
0.000879946047
0.000864514618
0.00112404827
0.00111024593
0.00112488034
0.00112062054
0.00116361271
0.00114387959
0.00116477928
0.00117881275
0.00118258552
0.00118811379
0.00121086241
0.00119761861
0.00121231356
0.0012304139
0.00162725834
0.00161156664
0.00162610825
0.0016429417
0.00165884319
0.00167336631
0.00165801103
0.00167224269
0.00168837876
0.002310418
0.0023119358
0.00235629908
0.002357454
0.00234171359
0.00234287848
0.00232814775
0.00238836125
0.002373709
0.00277037871
0.00276928176
0.00281725579
0.00281209772
0.00282106371
0.0028065858
0.00280231828
0.00278751575
0.00285648148
0.00283529597
0.00285628154
0.0028895931
0.00287535161
0.003133441
0.00312004752
0.00313519824
0.00317265034
0.00315424976
0.00317361002
0.00318804629
0.0031893545
0.00322039753
0.00320431003
0.0032224898
0.000757917758
0.000755849704
0.000803009371
0.000799042433
0.000808620689
0.000794329888
0.000789302835
0.000778252877
0.000775092072
0.000844805765
0.000822544856
0.000843083839
0.000857020318
0.000845417731
0.00116518098
0.00115256207
0.00116730328
0.00118730906
0.00119958402
0.001215216
0.001201976
0.00121254783
0.00121662564
0.00123502887
0.00125280963
0.00159136581
0.00162414562
0.00160506523
0.00162143557
0.00163563201
0.00165597832
0.0016460821
0.00166999569
0.00165015896
0.00166731654
0.00231273155
0.00235880438
0.00234456073
0.00235385235
0.00233256775
0.00236373131
0.00234966277
0.00239886417
0.00237840227
0.0023949002
0.00240862623
0.00276663872
0.00274743866
0.00276501679
0.00281572713
0.00281272549
0.00280035169
0.00279871654
0.00278783168
0.00278370252
0.00285756514
0.00285463574
0.00284654564
0.00283244557
0.00313218558
0.00313630755
0.00314328483
0.00317570249
0.00315724711
0.00317744414
0.00319067243
0.00319724022
0.00320087083
0.00322361192
0.00321129567
0.00322202571
0.00322526117
0.00324395623
0.00359115642
0.00042480378
0.000410417373
0.000435110462
0.000713372136
0.000767724564
0.000752779923
0.000731655931
0.000764733274
0.000753536064
0.000750009321
0.000800812825
0.000779123226
0.000798425857
0.000812765938
0.000800755346
0.00116651696
0.0011704911
0.00117777452
0.00120943254
0.00119187227
0.0012115992
0.00122345625
0.00123154486
0.00123434414
0.00125557934
0.00124566337
0.00125627293
0.00125939163
0.00127755198
0.00157773202
0.00156728078
0.00158195212
0.00161884096
0.00159860457
0.00162296318
0.00163275534
0.00161261307
0.00160149686
0.00162641316
0.0016645177
0.00164388434
0.00236682499
0.00235262943
0.00235603242
0.00239817332
0.00240172713
0.0023772312
0.00238835584
0.00237406836
0.00239860587
0.00243273978
0.00241853477
0.00272266093
0.00276848954
0.00276539879
0.00277649717
0.00276301964
0.00275460857
0.00274362771
0.00274057078
0.00281047982
0.00278826366
0.00280867355
0.00282282742
0.00281149097
0.00317633943
0.00317937552
0.00318787481
0.00321780029
0.00320159279
0.00322066399
0.00323269941
0.00323596683
0.00326627464
0.00324695001
0.00325077717
0.00326861813
0.0032871914
0.00359251296
0.0035755957
0.00359004431
0.000432030219
0.000436679455
0.000409692143
0.000423698284
0.000410422824
0.000434751208
0.000468529374
0.000454871117
0.000479794969
0.00071020722
0.000687872315
0.000687593468
0.00071997754
0.000707225088
0.000706744476
0.000756445716
0.000733429307
0.000752219574
0.000765555712
0.000752692281
0.000742454517
0.000730952841
0.00121183202
0.00121444563
0.00122333009
0.0012540346
0.00123669044
0.00125732027
0.00125536487
0.00126774931
0.00127634389
0.00127901322
0.00129965996
0.00129022728
0.00130247571
0.00130447166
0.00132290727
0.00154083558
0.00152876551
0.00157735792
0.00155425563
0.00157860418
0.00158988892
0.0015673717
0.00155527314
0.00158102149
0.00162187418
0.00159909036
0.00240940511
0.00239583426
0.00240105434
0.00244679402
0.00244575425
0.00245856793
0.00242162928
0.00243308804
0.00241908024
0.0024450014
0.00248946108
0.00267727352
0.00272354739
0.0027208785
0.00273239879
0.00271813586
0.00270924915
0.00269738418
0.00269514774
0.00276571535
0.00274276365
0.00276270769
0.00277596386
0.00276326166
0.00322196931
0.00322490592
0.00323375495
0.00324736248
0.00326646766
0.00326606602
0.00325740404
0.00326861687
0.00327108399
0.00327993056
0.00329285334
0.00329345849
0.0033125425
0.00331238103
0.0035433074
0.00353154082
0.00354538366
0.00358799766
0.00356327882
0.00359035898
0.00357675272
0.00356490222
0.00359018507
0.000446707005
0.000432678491
0.000478227905
0.000459544427
0.000478613876
0.000459092962
0.000491953634
0.000478289233
0.000524501742
0.000505836098
0.000524516564
0.000537367146
0.000505792631
0.000527255146
0.000572696598
0.000548937751
0.000572104886
0.000617771177
0.000594079687
0.00059640952
0.000629407671
0.000615617599
0.000615932371
0.000642390292
0.000661488472
0.000675157752
0.000661055246
0.000642174427
0.000661648119
0.000674757181
0.000661447218
0.000707801837
0.000707514595
0.00130153997
0.00130072157
0.00131542553
0.00131461999
0.00132836438
0.00134692769
0.00134880274
0.00132773603
0.00134712313
0.00134641488
0.0013604688
0.0013941721
0.00137358025
0.00137332217
0.00139401479
0.00139212239
0.00145173664
0.0014381801
0.00141647222
0.0014404628
0.00148449764
0.00146505231
0.00148428226
0.00146260493
0.0014978345
0.00148382657
0.00153046441
0.00151084745
0.00153031088
0.00154390791
0.00151161823
0.00153011295
0.00157587121
0.0024565872
0.00244281385
0.00248941006
0.00246968855
0.00248928017
0.00246967643
0.00250248636
0.00248863553
0.00253453751
0.00251580414
0.00253422612
0.0025472125
0.00251619004
0.00253743162
0.00258280846
0.00255905588
0.00258211314
0.0026277865
0.00260390253
0.00260640998
0.00263874713
0.00262547571
0.00262542655
0.00265231334
0.00267148448
0.00268505634
0.00267112871
0.00265237095
0.00267171459
0.00268501503
0.00267200339
0.00271823455
0.00271849672
0.00331261013
0.00331201923
0.00332564495
0.00332571814
0.00333845118
0.00335789466
0.00336027706
0.00333855728
0.00335748018
0.00335779382
0.0033707743
0.00340541028
0.00338425993
0.00338421157
0.00340586149
0.0034035603
0.00346235296
0.0034488354
0.00342788927
0.00345095235
0.00349453963
0.00347571585
0.00349417942
0.00347258375
0.00350719211
0.00349371171
0.00354027956
0.00352098557
0.00354024158
0.00355276883
0.00352093981
0.00353957175
0.00358829769
0.000435882863
0.000479950088
0.000456764666
0.000479466422
0.000526410556
0.00050116299
0.000523687506
0.000569634737
0.0014414336
0.00148635464
0.00146567044
0.00148673681
0.00152986783
0.00150875095
0.0015318725
0.00155376054
0.00157517269
0.00242505744
0.0024462458
0.00249163342
0.0024680475
0.00249127052
0.00253672311
0.00251323901
0.00253476704
0.00257963959
0.00345144225
0.00349640942
0.0034755697
0.00349712957
0.00353927745
0.00351921636
0.00354238208
0.00356320811
0.000432578402
0.000434605572
0.000422556152
0.000409618453
0.000538130192
0.000524078413
0.000570113792
0.00055125993
0.000570554664
0.000550237237
0.000583186137
0.000570416639
0.000616150493
0.000596479549
0.000615883963
0.000628844934
0.000596447848
0.000615108341
0.000660560361
0.00136059593
0.00134828714
0.00139244191
0.00137356663
0.00139244562
0.00140647384
0.00139439586
0.00143871492
0.00141954901
0.00143888991
0.00145235592
0.00141904447
0.00143805274
0.00148406788
0.00157604524
0.00157555422
0.00158952897
0.00158865812
0.00160288409
0.00162153506
0.00160246178
0.00162166334
0.00162138801
0.00163468731
0.00164666965
0.00164839241
0.00166707849
0.00233270626
0.00236527882
0.00235337921
0.00235142202
0.00237829453
0.00239743704
0.00241148823
0.00239888993
0.00237864998
0.00239771203
0.00241124245
0.00239761128
0.00244330149
0.0024436056
0.00254798404
0.00253502593
0.00257995165
0.00256136224
0.00258023538
0.00256218451
0.00259331517
0.00258077501
0.00262622137
0.0026074219
0.00262584836
0.00263885424
0.00260579062
0.00337100769
0.00335831157
0.00340311146
0.00338420598
0.00340304542
0.00338458322
0.00341634615
0.00340359015
0.00344913484
0.00342950094
0.00344930542
0.00346255276
0.0034297799
0.00344857069
0.00349497035
0.0035883358
0.00357734281
0.00359046805
0.00359055549
0.000627443997
0.000614549608
0.000618187603
0.000659854064
0.000663729903
0.00063914872
0.000649991016
0.000635968857
0.000695496695
0.000680906574
0.00131401469
0.00130251301
0.00135049343
0.00132746773
0.00134599276
0.001360028
0.00134826599
0.0013824158
0.00137094887
0.00139601114
0.00137372169
0.00139138631
0.00162413162
0.00162649182
0.00163534135
0.00164952111
0.00166715657
0.00165859995
0.00167018658
0.00167263691
0.00168122693
0.00169233887
0.00169541297
0.00171404406
0.00173268539
0.00226736105
0.00230967105
0.00228588524
0.0023193008
0.00230729357
0.00230517079
0.00235517555
0.00233259071
0.00235010083
0.00236357733
0.00235285718
0.00234135022
0.00233027543
0.00258613455
0.00263149136
0.00261737042
0.00262886319
0.00260886671
0.00264059096
0.00262662395
0.00267484852
0.00265451456
0.00267233333
0.00268600876
0.00265159444
0.00331513016
0.00330507596
0.00331888748
0.00335880751
0.00333603378
0.00336140193
0.00337220334
0.00335012419
0.0033643748
0.00340412172
0.00338186983
0.000621866804
0.0006675549
0.000653258886
0.00066439376
0.000642490508
0.000675329485
0.000660431214
0.000709253972
0.000689111201
0.000706365332
0.000720487618
0.000685107126
0.00127038719
0.00130567729
0.00128461244
0.00130211742
0.00131701322
0.00133739955
0.00132719986
0.0013512946
0.00133097282
0.00134812714
0.00166845423
0.00167170763
0.00167815532
0.00169292165
0.00171043075
0.0017030612
0.00171421425
0.00171696622
0.00172468661
0.00173955597
0.00175837202
0.00226429542
0.002241384
0.00227508918
0.00226029865
0.0023104188
0.00228941251
0.00230691648
0.0023214778
0.00229619061
0.0022856286
0.00263081306
0.00267686071
0.00266241717
0.00267313027
0.00265182901
0.00268314413
0.00266870755
0.00271959861
0.00269801039
0.00271553251
0.00273021413
0.00327935975
0.00326870027
0.00331533193
0.00329375775
0.00331171879
0.00332590649
0.00331508691
0.00334636004
0.00333602306
0.00336114996
0.00333955895
0.00335760186
0.000663516844
0.00066601517
0.00070944353
0.000711920414
0.000694610754
0.00069713892
0.00068239382
0.000743624855
0.000729573743
0.000753638301
0.00125694222
0.00124732066
0.00126166172
0.00129943803
0.00127978946
0.00129775431
0.00131428219
0.00131188918
0.00130219249
0.00134493027
0.00132645406
0.00134276852
0.00171324914
0.00170147992
0.00171615765
0.00172812267
0.00173378141
0.00173801013
0.00176023604
0.0017476
0.00176161507
0.00178117293
0.00222181987
0.0022187777
0.00226645971
0.00226174648
0.00227184336
0.00225741384
0.00225221023
0.00223796642
0.00230835479
0.00230438476
0.00229894067
0.00228402063
0.00268605652
0.00267116799
0.00265662773
0.00268852314
0.00267366387
0.00271859985
0.00270275054
0.00272026574
0.00269774274
0.00275227969
0.00273816288
0.00327277349
0.00325571747
0.00327009734
0.00328792975
0.00330508992
0.00331941583
0.00330315077
0.00331795529
0.00333380367
0.000667318621
0.000713313186
0.00069920929
0.000708114152
0.00068604812
0.000717269061
0.000703074122
0.000748954604
0.000731794515
0.000749349454
0.000764425201
0.00126111095
0.00124463797
0.00125980914
0.00127637352
0.00129250181
0.00130655441
0.00129118643
0.00130604684
0.00132254844
0.0017181671
0.00170420308
0.00171926972
0.00173748094
0.00175526471
0.00174990751
0.00175950955
0.00176379286
0.00176927702
0.00180093034
0.00178328209
0.00180124662
0.00221744965
0.00219846966
0.00223090103
0.00221672432
0.0022640481
0.00224520443
0.00226251519
0.00225021311
0.00224029965
0.00229551569
0.00228027325
0.00267594768
0.00267781139
0.00272130324
0.00272346008
0.00270681387
0.00270883409
0.00269419074
0.00275531402
0.00274038851
0.00323562685
0.00326913713
0.00325048017
0.00326817266
0.00328304586
0.00330075413
0.00329193556
0.00331579664
0.0032971314
0.00331375466
0.000718861848
0.000703890259
0.000687723849
0.000719070153
0.000704364446
0.000750052569
0.000733844782
0.000750493235
0.000765818022
0.00122510592
0.00125785555
0.00123927263
0.00125692149
0.00127494005
0.00129094208
0.00130577396
0.00129046472
0.00130527008
0.00132107297
0.00171431321
0.00172002721
0.00172261405
0.00175474857
0.00173694325
0.00175437336
0.00176979336
0.00176982087
0.00180210626
0.00178557044
0.00180261917
0.00223028459
0.00221493968
0.00219716298
0.00222935882
0.00221426371
0.00226326739
0.00224480529
0.00226290006
0.00227743378
0.00267858166
0.00267882861
0.00272451997
0.00272476859
0.00270929781
0.00270935433
0.00269496953
0.00276565113
0.0027435232
0.00276092634
0.00277478781
0.00323422148
0.00326638533
0.00324946839
0.00326586045
0.0032812482
0.00328079758
0.00331246188
0.00329568408
0.00331207182
0.000719166681
0.000704506438
0.000687288495
0.000718819882
0.000704070184
0.000750757449
0.000733433519
0.000750375118
0.000765563138
0.00125661098
0.00124366461
0.00125749373
0.00127528429
0.00128988719
0.00130490867
0.00129011775
0.00130508095
0.00132182245
0.00171402227
0.00170554372
0.00171974196
0.00175496807
0.00173649759
0.00175509864
0.0017705129
0.00177017676
0.00180272905
0.00178487308
0.00180239543
0.00222900707
0.0022141744
0.00219756353
0.00222952754
0.00221488793
0.00226298147
0.00224475621
0.00226332087
0.00229453957
0.00228060911
0.00267863022
0.00267801977
0.00272469403
0.00272462787
0.00270960947
0.00270969006
0.0026947687
0.00276552729
0.00276087346
0.00275638494
0.00274224593
0.00323444311
0.00326631922
0.00324948251
0.00326686157
0.00328109852
0.00328169433
0.00331222429
0.00329613208
0.0033126628
0.000667066019
0.000713375907
0.000708125532
0.000717592922
0.000703355015
0.000698844661
0.000684313752
0.000749692091
0.000731046747
0.000748761411
0.000763140574
0.000753425085
0.00125959534
0.00124580773
0.00126111933
0.00127857548
0.00129134441
0.00130615583
0.00129280293
0.00130240631
0.00130717381
0.00132431956
0.00171967613
0.00170349574
0.00171841045
0.00175497564
0.00173596725
0.0017599246
0.00176895877
0.00175036155
0.00176448602
0.00180153037
0.00178242385
0.00180054324
0.00223090391
0.00221679208
0.00219938453
0.00221757478
0.002262609
0.00226410352
0.00224069065
0.0022504175
0.00223583609
0.00229717392
0.00228185655
0.00267742481
0.00267596521
0.00272372491
0.00272110105
0.00270880566
0.00270675295
0.00269748453
0.00269273561
0.00275422249
0.00273919613
0.00323640257
0.00326840045
0.00325103085
0.00326912275
0.00328267232
0.0032867667
0.00329179377
0.00331394621
0.00330093356
0.00331574484
0.00333262919
0.000665481438
0.000663410052
0.000712020659
0.000709556002
0.000697045155
0.000695022079
0.000684828742
0.000680761727
0.000741146964
0.000727302744
0.00125708478
0.0012621052
0.00126701147
0.0012975162
0.00128127346
0.00129935448
0.00131195579
0.0013140753
0.00134278561
0.00132848311
0.00134487973
0.00168171391
0.00171590264
0.00169592775
0.00171298417
0.00172813915
0.00174782189
0.00173819489
0.00176202105
0.00174265355
0.00176029902
0.00177880228
0.00221882614
0.00222150077
0.00226679486
0.00225318542
0.00226249569
0.00223982696
0.00227201221
0.00225771676
0.00230832745
0.00228666376
0.00230419495
0.00231833435
0.00268846426
0.002673647
0.00265528234
0.00268613934
0.00267116018
0.00272004865
0.00270098597
0.00271850217
0.00273302049
0.0032703138
0.00325868706
0.00327292412
0.00326904515
0.0032904693
0.00330298062
0.00331762752
0.00330492069
0.00331493176
0.00331912744
0.00333637573
0.000621973928
0.000667733994
0.000663310631
0.000673505448
0.00066030078
0.000653365554
0.000639130895
0.000709697039
0.000706565587
0.000698895005
0.00068471449
0.00130219465
0.00129174634
0.00130586245
0.00130267722
0.00131673129
0.00132390695
0.00132705311
0.00134813647
0.00133777457
0.00134835797
0.00135145181
0.00136932941
0.00166816047
0.00165772837
0.00167161982
0.00171049124
0.00168928582
0.00171438217
0.00172499011
0.00170320866
0.00169265958
0.00171685331
0.00175843775
0.00173563689
0.00227514581
0.00226033875
0.00226404899
0.0023068427
0.00231060628
0.00228537856
0.00229621758
0.00228262803
0.00230760615
0.00234229284
0.00232852068
0.00235305996
0.00263069801
0.00267633779
0.00267301422
0.00268305214
0.00266902329
0.00266249465
0.00265152024
0.00264832461
0.0027195773
0.00271524159
0.00270859414
0.00269410495
0.00331149991
0.00330091911
0.00331490808
0.0033258175
0.00333313662
0.00333658465
0.00335723454
0.00334737306
0.00336073007
0.00337794583
0.0006181725
0.00059680643
0.00059611392
0.000627214475
0.000614760448
0.000614338764
0.00066395698
0.000641658168
0.000659834192
0.000672943088
0.000660475529
0.000650100062
0.000639005906
0.00134559897
0.00133713965
0.00135065438
0.00134847104
0.00135933935
0.00136860539
0.00137124988
0.00139161488
0.00138254267
0.00139387562
0.00139626568
0.00141408723
0.00162415457
0.00161266143
0.00162615922
0.00166733688
0.00164451285
0.00167033639
0.00168157503
0.00165811868
0.00164673259
0.00167232055
0.00171418312
0.00169082673
0.00226735401
0.00231873245
0.00230416127
0.00230932803
0.00235073303
0.00235538942
0.00233001602
0.00234165043
0.00232759346
0.00235339729
0.00238674823
0.00237322193
0.00239877032
0.00258575162
0.00263110883
0.00262891799
0.00263996819
0.00262655636
0.00261770049
0.00260600088
0.00260391294
0.00267488934
0.00267247904
0.00266333181
0.00264940686
0.00331522218
0.00331872962
0.00332685829
0.00333998586
0.00335816133
0.0033579815
0.00335008451
0.00336106329
0.00336439041
0.00337237781
0.00338488066
0.00338553352
0.00340367979
0.00340383825
0.00043241844
0.000434499435
0.000446183186
0.000409519204
0.000422569231
0.00040946228
0.000436145519
0.000480112676
0.000456812253
0.000479384127
0.000526279989
0.000501259448
0.000505080801
0.000537989478
0.000523749589
0.000524205538
0.000551446027
0.000570144683
0.000583035207
0.000569450126
0.000551203284
0.000570724079
0.000584050059
0.000570159116
0.000615873648
0.000615834107
0.00139308094
0.00139240338
0.0014066374
0.0014059223
0.00141995042
0.00143868737
0.0014414867
0.00141909673
0.00143806313
0.00143756493
0.00145141386
0.00148625415
0.00146529573
0.00146499443
0.00148663239
0.00148378963
0.00154338861
0.00153001627
0.0015086191
0.00153181571
0.00157560786
0.0015562752
0.00157525976
0.00155360165
0.00158791869
0.00157468906
0.00162159868
0.00160203534
0.00162144816
0.00163482957
0.00160172241
0.00162064206
0.0016670198
0.00236580263
0.00235179652
0.00239688357
0.00237874231
0.00239832383
0.00237904459
0.00241151922
0.00239804381
0.00244396296
0.00242481955
0.00244393338
0.00245753935
0.00242479615
0.00244625003
0.00249148788
0.00246814785
0.0024911395
0.00253681459
0.00251309068
0.00251586051
0.00254775622
0.0025343424
0.00253469814
0.00256146227
0.00258014733
0.00259282026
0.00257961822
0.00256122414
0.00258090553
0.00259413278
0.00258095362
0.00262624908
0.00262645404
0.00340330746
0.00340328872
0.00341644381
0.00341651077
0.00342972313
0.00344900149
0.00345141787
0.00342956188
0.00344917489
0.00344878991
0.00346240451
0.0034963918
0.00347585006
0.00347517185
0.00349707389
0.00349438325
0.00355278903
0.00353954254
0.00351925746
0.00354245642
0.00358822022
0.00356514735
0.00358994973
0.00357692766
0.00356353263
0.00359056363
0.0004337155
0.000411399757
0.000431969159
0.000477245309
0.00153214663
0.00157723286
0.00155570192
0.0015774651
0.00162051496
0.00159972303
0.00162294457
0.00164484511
0.00166615898
0.0023339301
0.0023551115
0.00240070563
0.00237708411
0.0024001336
0.00244591777
0.00242245107
0.00244366746
0.0024888308
0.00354440719
0.0035883975
0.00356861811
0.00358888473
0.000446330735
0.000434425368
0.000477468028
0.000459563685
0.000479688446
0.000481726684
0.000524303488
0.000526408175
0.000537678047
0.000499674942
0.000513729232
0.00050038605
0.000525552996
0.000569641415
0.00145186165
0.00143974079
0.00148409204
0.00146468748
0.00148305511
0.00149657561
0.00148465381
0.0015291322
0.00150980459
0.00152933868
0.00154209365
0.00150966039
0.00152853382
0.00157496658
0.00166684155
0.00166634061
0.00167941477
0.00168004766
0.0016936912
0.00171308623
0.00169361251
0.00171335274
0.00171279332
0.00172611578
0.00173924956
0.00173955658
0.00175828544
0.00176034695
0.00224208085
0.00223933894
0.00227384872
0.00226042069
0.00226021962
0.00228668016
0.00230591842
0.00231969824
0.00230744923
0.00228698012
0.00230618572
0.00231975443
0.00230624702
0.00235256343
0.00235277218
0.0024569781
0.00244390964
0.00248941354
0.00247058972
0.002489804
0.00247154958
0.00250273403
0.0024899486
0.00253602743
0.00251666051
0.00253569564
0.00254878769
0.00251509703
0.00346125539
0.00344854884
0.00349522573
0.00347392435
0.00350020604
0.00348728033
0.00347484129
0.00350018654
0.00354294284
0.00352024803
0.00354091586
0.00355528593
0.00351787126
0.000537047677
0.000523003686
0.000527863269
0.000568627183
0.000572865565
0.000547807796
0.000558699289
0.000545007802
0.000569348769
0.000603636943
0.000589379502
0.00140454138
0.001393748
0.00144145499
0.00141867741
0.00143642139
0.00145009672
0.00143918246
0.00147275632
0.00146163645
0.00148673494
0.00146432455
0.00148220426
0.00171745618
0.00171816057
0.00175719965
0.0017464616
0.00176155256
0.0017708152
0.00178100086
0.00178311556
0.0018037883
0.00179442173
0.00180587525
0.00180870456
0.00182857511
0.0018490803
0.00215104755
0.00217133889
0.00221939001
0.00221709658
0.00222887187
0.00221503492
0.00220546102
0.00219404028
0.00219140346
0.00226531506
0.00226265914
0.00225330096
0.00223873825
0.0024950941
0.00254059119
0.00252701441
0.00253837292
0.00251822922
0.00254892545
0.00253575405
0.00258418912
0.00256294302
0.00258141876
0.00259520329
0.00256027541
0.00340658163
0.00339571077
0.00341053802
0.00344940543
0.00342726669
0.00345165921
0.00346339234
0.00344037632
0.00343017029
0.00345433842
0.00349483886
0.00347255351
0.000579843612
0.000566132271
0.000552624015
0.000584343542
0.000569727274
0.000618667726
0.000598870147
0.000615112709
0.000628618212
0.000594004496
0.0013627806
0.00139699616
0.00137687615
0.00139379766
0.00140757287
0.00142855155
0.00141777464
0.00144231617
0.00142131079
0.00143840374
0.0017613291
0.00176517016
0.00177212776
0.00180327258
0.00178560418
0.00180562486
0.00181737689
0.0018259668
0.00182865621
0.0018517157
0.00184008817
0.00185071585
0.00185405789
0.00187465053
0.00189659933
0.00191749882
0.00208217331
0.0021277903
0.00210353649
0.00212536482
0.0021744959
0.00217151446
0.00218260632
0.00216855278
0.00216043997
0.00214939314
0.00214603902
0.00221630492
0.00219433281
0.00221425887
0.00222809125
0.00221774038
0.00254062292
0.00258527553
0.00257152862
0.00258209962
0.0025613245
0.00259226843
0.00257839143
0.00262730382
0.00260631056
0.00262374178
0.00263765902
0.00337140358
0.00336139247
0.00340571277
0.00338473256
0.00340150259
0.00341977773
0.00341611598
0.00340595483
0.00345060695
0.00343032173
0.00344717485
0.000572764926
0.000575266619
0.000618069945
0.000620288497
0.000603400306
0.000605933511
0.000591611547
0.000651554453
0.000636911372
0.00135687843
0.0013478302
0.00139101586
0.00137154057
0.00139521224
0.00140452137
0.00138569705
0.00139941173
0.00143588933
0.00141634845
0.00180785253
0.00179575751
0.00181015043
0.00180588866
0.00184654826
0.00182861815
0.00184938638
0.00186137152
0.00186409758
0.00189755476
0.00187396484
0.00187863598
0.00189805066
0.00194172695
0.00192015836
0.00194248269
0.00196560742
0.00198829327
0.00203642317
0.00201180866
0.00203438751
0.00208018212
0.00205747611
0.00207964178
0.00213855639
0.00212360606
0.00210171057
0.00213583113
0.0021256873
0.0021210291
0.00217203865
0.00215066664
0.00217119505
0.00220395879
0.00218943638
0.00259485642
0.00258101633
0.00258359147
0.00262505235
0.00262845911
0.00264253275
0.00260490599
0.00261495425
0.0026007002
0.00336522302
0.0033483124
0.00336321587
0.00337954442
0.00339620059
0.00341043161
0.00339427752
0.00340889476
0.00342492838
0.000576819813
0.000621499495
0.000607417301
0.000616613663
0.000595117558
0.00062579861
0.00061181156
0.000662188099
0.00064050839
0.000657040714
0.00067120347
0.00135245465
0.00133703522
0.00135162232
0.00136784441
0.0013831091
0.00139807949
0.00138245639
0.00139705012
0.0014131576
0.0018165629
0.00185103734
0.00183260468
0.00185186893
0.00187232617
0.00188461879
0.00189961334
0.00188728463
0.00189721075
0.00190183432
0.00194303702
0.00192120201
0.00194331283
0.00198862781
0.00196588405
0.00198861265
0.00203428735
0.00201141877
0.00203412909
0.00207924146
0.00205680434
0.00207951606
0.00213040931
0.00212792146
0.00211570878
0.00211315651
0.00210323534
0.00209882317
0.00216952974
0.00214817841
0.00216751002
0.00218329071
0.00258553008
0.00258689119
0.00263154539
0.00263217365
0.00261642068
0.0026176075
0.00260305012
0.00266313477
0.00264831229
0.00332859596
0.00336129858
0.00334275189
0.00335958241
0.00337396851
0.00339263097
0.00338314566
0.00340682259
0.0033880144
0.00340485066
0.000627232289
0.000612865526
0.00059705094
0.00062767394
0.000613154311
0.000658301636
0.000642173019
0.000658522125
0.000673018736
0.00135123202
0.00133574706
0.0013508196
0.00136648192
0.00138183099
0.00139642509
0.00138101156
0.00139604453
0.00141228644
0.00181820318
0.0018525997
0.00183409239
0.00185271426
0.00189211902
0.00187276892
0.00189197403
0.00190710435
0.00190779125
0.00194365867
0.00192390463
0.00194398357
0.00198861956
0.00196608528
0.00198862459
0.00203400004
0.00201134436
0.00203397947
0.00209327029
0.002078054
0.00205577698
0.00209203827
0.00207612573
0.00212646695
0.00210737737
0.00212688489
0.00216703396
0.00214737039
0.00216668302
0.00218216943
0.00258762668
0.00258771965
0.00263283119
0.00263284651
0.00261850617
0.0026183748
0.00260397217
0.0026637964
0.00264898681
0.00332693453
0.00335812144
0.00334157426
0.00335741467
0.00337303317
0.00337229446
0.00340360657
0.00338735586
0.00340323754
0.000627314949
0.000612852405
0.000596445584
0.000626526596
0.000612013794
0.000657882479
0.00064160822
0.000657488836
0.000672188231
0.00135069555
0.00133652391
0.00135107129
0.00136750424
0.00138130306
0.00139611355
0.00138206825
0.00139659997
0.0014128054
0.00181785207
0.00185260157
0.00183324053
0.00185237694
0.00189156424
0.00187311805
0.00189171958
0.00190767256
0.00190669467
0.00189666851
0.00194404686
0.0019223051
0.00194375724
0.00198863552
0.00196596956
0.00198862371
0.00203398273
0.00201138916
0.00203403766
0.00209215446
0.0020762429
0.00205621384
0.00209365658
0.00207766453
0.00212721282
0.00210854254
0.00212675215
0.00210331973
0.00216696631
0.0021476007
0.00216690082
0.00218230054
0.00258790446
0.00258752398
0.00263295057
0.0026328345
0.00261843568
0.00261859583
0.00260397125
0.00266321465
0.00264891329
0.00332745606
0.00335771378
0.00334208982
0.00335840185
0.00337272422
0.00337354458
0.00340305764
0.00338824574
0.00340341101
0.000576518699
0.000622051351
0.000617133418
0.000625665917
0.000611670307
0.000608201832
0.000593472037
0.000662478698
0.000657347563
0.000653344279
0.000638777069
0.00135154709
0.00133872375
0.00135244767
0.00134789603
0.00136835801
0.00138240556
0.00139712956
0.00138346007
0.00139811549
0.00141451925
0.00181502533
0.00180575023
0.00185165608
0.0018302488
0.00185107784
0.00187011635
0.00188686243
0.00190152203
0.00188488693
0.00187469391
0.00189961022
0.00194330212
0.00192082515
0.00194297996
0.00198857796
0.00196557919
0.0019886056
0.00203417224
0.00201146845
0.0020345066
0.00207873678
0.00205708963
0.00207914283
0.002127845
0.0021300311
0.00211284637
0.00211517645
0.00210019432
0.00212539229
0.00216711086
0.00214880154
0.00216944769
0.00218446421
0.00258671422
0.00258563254
0.00263202598
0.00263142769
0.00261735177
0.0026162048
0.00260152484
0.00266160034
0.00264754897
0.00335959429
0.00334693347
0.00336132811
0.00337426835
0.00337796421
0.00338310176
0.00340477113
0.0033921664
0.00340672831
0.00342357983
0.000574938104
0.000572475628
0.000620516225
0.000617983209
0.00060589876
0.00060372079
0.000594072473
0.000589520858
0.000648931393
0.000635008849
0.00135977685
0.00137508627
0.00139082964
0.00138579892
0.00139514506
0.0013997163
0.00140480108
0.00141901709
0.00143574761
0.0018104478
0.00179323278
0.00180763517
0.00184892814
0.0018282668
0.00184648938
0.00186363142
0.00186074158
0.00185097408
0.00189840834
0.00187651876
0.00189780056
0.00194245476
0.00191997725
0.00194188782
0.00198814975
0.00196316616
0.00203460047
0.00203635223
0.0020797803
0.00205799061
0.00208001748
0.00213600153
0.00212126575
0.00210235749
0.00213872222
0.00212364342
0.00217118942
0.00215325146
0.00217177374
0.00214894872
0.00220694698
0.00219232442
0.00221726226
0.0025835001
0.0025640497
0.00259517827
0.00258110728
0.00262856136
0.00260886474
0.00262515203
0.00264078257
0.00261462207
0.00260478011
0.00336303282
0.00335045363
0.0033646704
0.0033608113
0.00338176594
0.00339365931
0.00340839231
0.00339596171
0.00340658804
0.00341044117
0.0034274312
0.000584291205
0.000569782737
0.000549358347
0.0005810699
0.000570178185
0.000566786714
0.000618793682
0.000614830535
0.00060828147
0.00059428213
0.00139355345
0.0013829649
0.00139693207
0.00139372736
0.00140789813
0.00141462954
0.00141797891
0.00143845248
0.00142853984
0.00143941544
0.00144235511
0.0014594604
0.0017614504
0.0017500571
0.00176471243
0.00180553319
0.00178371709
0.00180338042
0.00181741535
0.00180624257
0.0018404458
0.00182863527
0.00185413769
0.00183139927
0.00185164061
0.00189648973
0.0018720883
0.00208201182
0.0021252662
0.00212762659
0.00217443766
0.00216020234
0.00217126222
0.00214848208
0.00218273539
0.00216859886
0.00221418002
0.00219670504
0.00221632855
0.00219411938
0.00224935176
0.00223501798
0.00253988984
0.00258487743
0.00258190972
0.00259240753
0.00257872787
0.00257137824
0.0025611719
0.00255788431
0.00262710947
0.00262317174
0.0026171809
0.00260310784
0.00340176008
0.00339236913
0.00340599163
0.00341656048
0.00341959594
0.00344729742
0.00343009901
0.00343330818
0.003450386
0.000527488156
0.000505069721
0.000537114628
0.000525510176
0.000522870499
0.000572661796
0.000550819753
0.000568557919
0.000582108958
0.000569227546
0.000558964688
0.00054808454
0.00143699565
0.00142768809
0.00144166423
0.00143947788
0.00145038193
0.00146000033
0.00146152855
0.00148177745
0.0014734115
0.00148492809
0.00148710421
0.00150554312
0.00171697976
0.00170472187
0.00171807648
0.00176116871
0.00173734712
0.0017570712
0.00173975991
0.00177071664
0.00175798721
0.00179508956
0.00178296763
0.00180916605
0.00178489204
0.00180408498
0.00184934757
0.00217144195
0.00221928986
0.00220540489
0.00221681843
0.00219611853
0.0022292445
0.00221474791
0.00226543027
0.00224249389
0.00226264867
0.00224248527
0.00226051718
0.00229526659
0.00228242738
0.00230789709
0.00249496397
0.00254051544
0.00253806176
0.0025501944
0.00253591973
0.00252646522
0.00251489508
0.00251302671
0.00258377364
0.00258121359
0.00257231446
0.0025586526
0.00340676296
0.00341073748
0.0034177722
0.00343107319
0.00344924682
0.0034495671
0.00344066275
0.00345175448
0.00345434087
0.00346334942
0.00347465259
0.00347697479
0.00349496738
0.000433784907
0.000411393656
0.000445751226
0.000431960522
0.000434181228
0.000458303626
0.000477776578
0.000490761667
0.000477268583
0.000459619964
0.000479563417
0.000481850933
0.000524307148
0.000526030287
0.000512959039
0.000499928802
0.00148395015
0.00148308571
0.0014971349
0.00149724133
0.00151029947
0.00152928419
0.00153203773
0.00151025455
0.00152918355
0.0015287685
0.00154196564
0.00157706127
0.00155573046
0.00155560119
0.00157738719
0.00157475117
0.00163380718
0.00162070918
0.00159955797
0.00162276
0.0016666195
0.0016474123
0.00166654782
0.00164473436
0.00167980247
0.00166641453
0.00171330536
0.00169332475
0.00171334834
0.00172646743
0.00169342472
0.0017129435
0.00176041953
0.00227342977
0.0022602908
0.00230585904
0.00228667965
0.00230664304
0.00228701962
0.00232030607
0.00230668747
0.00235261136
0.00233340964
0.00235231891
0.0023656962
0.00233369312
0.00235520317
0.00240091858
0.0023772552
0.00240032639
0.00244591894
0.00242254918
0.00242534923
0.00245768862
0.00244425103
0.00244419428
0.00247075188
0.00248976424
0.0025031856
0.00248922878
0.00247083944
0.00249019667
0.00250344042
0.00249046032
0.00253535058
0.00253539449
0.0034946611
0.00350830435
0.00348709051
0.00350025741
0.00350056642
0.00352244532
0.00354344737
0.0035443261
0.00352073217
0.00354146131
0.00355605255
0.00358827305
0.00356879182
0.00356620307
0.00358880765
0.00162346522
0.00166869146
0.00164763456
0.00166902293
0.00171278785
0.00169135023
0.00171461844
0.00173684073
0.00175917767
0.00223979068
0.00226251623
0.00230902731
0.00228507031
0.00230855829
0.00235465269
0.00233101874
0.00235233402
0.00239754337
0.000436530269
0.000436605089
0.000409536185
0.000422656345
0.000409411698
0.000433805279
0.000468299781
0.000455086727
0.000479816253
0.00154273269
0.00153078148
0.00157504951
0.00155589897
0.00157528216
0.00155689332
0.00158839449
0.00157537443
0.0016205525
0.001601385
0.00162064823
0.00163371335
0.00160152256
0.00162097846
0.00166617738
0.00176007276
0.00175977899
0.00179333591
0.00178017595
0.00180823712
0.00180584642
0.00179371388
0.00177988355
0.00180730405
0.00180752615
0.00182886183
0.00184969496
0.00182833625
0.00184891065
0.00184842739
0.00186287617
0.00187639866
0.00187638573
0.00189532541
0.00189811822
0.00192018567
0.00194303239
0.00196588302
0.00198856065
0.00201142109
0.00203404436
0.00205671382
0.00207984829
0.00210446288
0.00210177715
0.00213719858
0.00212410996
0.0021234794
0.00215053218
0.00217120147
0.0021503924
0.00217153564
0.00217192827
0.00221976648
0.00221930509
0.00220648455
0.00219178847
0.00222003063
0.00220594212
0.00219230582
0.00221939567
0.00226065244
0.00226027863
0.00236613821
0.0023527799
0.00239799738
0.00237933319
0.00239856633
0.00237926185
0.00241178527
0.00239845568
0.00244445594
0.00242539415
0.00244417212
0.00245771599
0.00242457782
0.00244307853
0.00354518433
0.00353222705
0.00354543084
0.00359058979
0.00359064498
0.00356372403
0.00359041692
0.0035773976
0.00356545929
0.00359056347
0.000445088873
0.000431753689
0.000437015896
0.000477553481
0.000482356122
0.000457237617
0.000468677194
0.000454713168
0.000479749487
0.000514333996
0.000500178435
0.000524771387
0.00149571711
0.00148461539
0.00153174984
0.0015086007
0.00153239615
0.00154422603
0.00152212621
0.00153609943
0.00157587792
0.00155336734
0.00184974326
0.00185265581
0.00186262031
0.00189535395
0.0018766701
0.00189781863
0.00190912372
0.00192047938
0.0019429397
0.00192263967
0.0019437109
0.00194358096
0.00196564881
0.00198874934
0.00196573792
0.00198834587
0.00198867584
0.00201128914
0.00203437458
0.00201161148
0.00203402466
0.00203407089
0.00205671121
0.00207959979
0.00205639975
0.0020768054
0.00209078955
0.00207687472
0.00212609747
0.00210209784
0.00212371111
0.00213842698
0.00212559644
0.0021682494
0.00216780878
0.00245582725
0.00244300943
0.00244658692
0.00249262452
0.00249156819
0.0025048221
0.00246737971
0.00247784909
0.00246355139
0.00349698
0.00348633759
0.00349994982
0.00354054816
0.00351799066
0.00354267389
0.00355393124
0.00353161405
0.00352069567
0.00354518103
0.00358781492
0.00356289958
0.000490133949
0.000476090836
0.000462238689
0.000493455776
0.000479193481
0.000521243377
0.000507317388
0.000524462002
0.000538868573
0.000503478172
0.0014529384
0.00148727833
0.00146695799
0.00148349947
0.00149829226
0.00151890077
0.00150855094
0.00153274668
0.00151322563
0.00152919643
0.00189962753
0.00189992956
0.00194323014
0.00193139939
0.00194533136
0.00194465408
0.00198878057
0.00196670399
0.00198851821
0.0020339102
0.00201140971
0.00203349025
0.00203613774
0.00208181929
0.00207883342
0.00206847511
0.00205459344
0.00245072225
0.00249608243
0.00248117302
0.00249131723
0.00247072008
0.00250145751
0.00248663864
0.00253734069
0.00251627769
0.00253308307
0.00254713034
0.00346131814
0.00345113166
0.00349633828
0.00347570325
0.0034927017
0.00351083928
0.00350688272
0.00349652339
0.00354092057
0.00352089744
0.00353762187
0.00048191629
0.000484286271
0.000527680401
0.000529610584
0.00051340987
0.000515725857
0.000501598011
0.00052503751
0.000560671056
0.000545579667
0.00144020361
0.00143114375
0.00144493254
0.00148067813
0.00146146395
0.00148485671
0.00149475677
0.00147569781
0.0014896905
0.00150541077
0.00198990044
0.00199017411
0.00250504782
0.0024909361
0.00249444324
0.00253587458
0.002538496
0.0025148655
0.00252398598
0.00251026278
0.00256910611
0.0025552013
0.00345567029
0.00343947068
0.00345461307
0.00347023153
0.00348689492
0.003500562
0.00348405191
0.00347440361
0.00349845782
0.0035154264
0.000534182494
0.000520265755
0.000505319584
0.000535945672
0.000521162767
0.000572012388
0.00055141198
0.000567002536
0.000580666525
0.00144390506
0.00142789686
0.00144263831
0.00145873783
0.00147423878
0.00148851641
0.0014732243
0.00148791169
0.001503318
0.00249525285
0.00249586767
0.0025406374
0.00254182909
0.00252599749
0.00252735825
0.00251214517
0.00257208529
0.00255751828
0.00341902264
0.00345153224
0.00343291896
0.00344885192
0.00346487121
0.00346398949
0.00349621704
0.00347860978
0.00349456616
0.000536506001
0.00052198093
0.00050656446
0.000536783614
0.000522535865
0.000567255257
0.000551401808
0.00056748576
0.000582240676
0.00144262897
0.00142699784
0.00144194475
0.00145508452
0.00147175273
0.00146323957
0.00148566372
0.00146826202
0.00148383154
0.00254177557
0.00252801082
0.00253626376
0.00251629848
0.00254486447
0.00253172756
0.00257319613
0.00255815307
0.00341775584
0.00344863651
0.00343238121
0.00344820776
0.00346329612
0.00346270241
0.00349373341
0.00347732363
0.00349295729
0.000536806981
0.00052246704
0.000506184659
0.000536779048
0.000522121764
0.000567709492
0.000551558959
0.000567383116
0.000581867426
0.00144183187
0.00142729728
0.00144231374
0.00145464498
0.00145770664
0.00146281421
0.00148392259
0.00147133027
0.00148588792
0.00254174061
0.0025368234
0.00254509524
0.00253200821
0.00252818466
0.00251430239
0.00257274774
0.00255741838
0.00341787087
0.00344825963
0.00343264855
0.00344867794
0.00346280204
0.00346355147
0.00349321952
0.00347805596
0.00349386313
0.000536216479
0.000521642097
0.000503903183
0.000534859927
0.000525587502
0.000521059937
0.000572064311
0.000566858106
0.000562535641
0.000548509447
0.00144238019
0.0014291428
0.00144347118
0.00145923825
0.00147296919
0.00148818245
0.00147405344
0.00148878969
0.00150469057
0.00249588171
0.00249533017
0.00254145855
0.00254082207
0.00252715773
0.00252615781
0.00251131325
0.00257100727
0.00255646469
0.00344871251
0.00343746056
0.00345126424
0.0034641106
0.00346590766
0.0034942849
0.00347486068
0.0034798252
0.00349601041
0.000484468061
0.000482080597
0.000529953968
0.000527728658
0.000516058271
0.000513296934
0.000503411665
0.000498897161
0.000557961046
0.000544251056
0.00144008812
0.00144470082
0.00144976289
0.00146415967
0.00148099381
0.00147586287
0.00148490817
0.00148972894
0.00149467355
0.00150884701
0.00194495296
0.00199049932
0.0019763868
0.00198973445
0.00202331482
0.00201019885
0.00203591031
0.0024944523
0.0025046348
0.0024909838
0.00253862489
0.00251847781
0.00253582672
0.00255006699
0.0025243821
0.00251500478
0.00345452578
0.00344196409
0.0034560525
0.00345158183
0.00347276287
0.00348417144
0.00349858494
0.00348695496
0.00349677107
0.00350066659
0.00351769508
0.000493399146
0.00047910492
0.000458739996
0.000489658392
0.000479273826
0.000475607911
0.000524426141
0.000504050938
0.000521303227
0.00053540022
0.000524834204
0.00148440949
0.00147325185
0.00148724776
0.00148405017
0.00149879187
0.00150421068
0.00150837131
0.00152916797
0.00151831383
0.00153245806
0.00154959953
0.00189967486
0.00188629442
0.00189973429
0.00194523281
0.00192122147
0.0019432025
0.0019883674
0.00196607084
0.00198862701
0.00203345085
0.00201135374
0.00203410754
0.00208144535
0.00205675083
0.00207905136
0.00211345458
0.00209997432
0.00212633672
0.00245026965
0.00249634046
0.00249155963
0.00250128563
0.00248709437
0.00248194849
0.00246738293
0.00253695052
0.00253365608
0.00252610847
0.00251256333
0.00346429706
0.00349291183
0.00347847715
0.00349594988
0.00350670843
0.00351011845
0.00353750684
0.00352053772
0.00352382301
0.00354125044
0.000436766782
0.000411967713
0.000446054773
0.00043436591
0.000431808356
0.00048211123
0.000459592814
0.000477385191
0.000491005525
0.000479370951
0.000468747524
0.000457701188
0.00151895055
0.0015315381
0.00153099098
0.00152244951
0.00153284526
0.0015361565
0.00154446332
0.00155662185
0.00155756333
0.001575284
0.00157553296
0.00181801812
0.0018058217
0.00184979187
0.00183131256
0.00185236477
0.00189759
0.00187373175
0.00189572895
0.00187615235
0.00190928195
0.00189547242
0.00194309605
0.00192277469
0.00194337354
0.00192256655
0.00194354759
0.00198863356
0.00196580962
0.00198884616
0.00196590226
0.00198852485
0.00203432278
0.00201138285
0.00203416012
0.00201136984
0.00203403866
0.00207965408
0.00205638451
0.00207705452
0.00205636952
0.00209055008
0.00207729697
0.00212384988
0.00210453426
0.00212621726
0.0021043909
0.00212374226
0.00216870499
0.00214747567
0.00216808659
0.00218177505
0.00244646142
0.00242441396
0.00242419467
0.00245554479
0.00244328244
0.0024423971
0.00249228187
0.00249157772
0.00248112472
0.00246846865
0.00247815168
0.00246708424
0.00349719663
0.00350003098
0.00350871801
0.00352232176
0.00354063933
0.00353152094
0.0035430071
0.00354525252
0.00355439849
0.00356583945
0.00356779847
0.00358799591
0.000436450354
0.000436450126
0.000422402337
0.000409609894
0.000422715245
0.000409567761
0.00157516456
0.00157486712
0.00158853865
0.00158850663
0.00160154983
0.00162040341
0.00162312331
0.00160138853
0.00162099021
0.00162061533
0.001633306
0.00166863478
0.00164686487
0.00164672405
0.00166904402
0.00166624744
0.00172621804
0.00171254024
0.00169132783
0.00171457425
0.00176025518
0.00173965578
0.00175959436
0.00173676779
0.00175917931
0.00180797945
0.00178025097
0.00180692574
0.00179314283
0.0017798671
0.00180729614
0.00184939803
0.00182828053
0.00184921427
0.00186290276
0.00182798709
0.00184886542
0.00189809256
0.00194317873
0.00198854131
0.0020341767
0.0020798429
0.00213657159
0.00212334848
0.00217118875
0.00215088333
0.00217147785
0.00215090798
0.00217156694
0.00222003634
0.00221959309
0.00221906398
0.00219256223
0.00220597646
0.00219212653
0.00221945848
0.00226021479
0.0022398289
0.00225990426
0.00227351663
0.0022398051
0.00226244676
0.0023090802
0.00228502213
0.0023083499
0.0023546385
0.00233084786
0.00233340483
0.00236610724
0.00235242881
0.00235303092
0.00237982114
0.00239855189
0.0024114749
0.00239815512
0.00237897767
0.00239871401
0.00241165708
0.00239854069
0.00244460991
0.00244400455
0.003545026
0.00354530916
0.00357742073
0.00359042971
0.00359040624
0.00357734514
0.00358999079
0.003590737
0.00171535697
0.00175928092
0.0017391423
0.00176011051
0.00180488381
0.00178282729
0.00180491078
0.00184812233
0.00182741363
0.00185062123
0.00187372125
0.00189703768
0.00191985394
0.00194247402
0.00196551918
0.00198864936
0.00201124523
0.00203440346
0.00205732708
0.00207992069
0.00210284181
0.00212607184
0.00217204789
0.00214906045
0.00217112635
0.00221744668
0.00219423387
0.00221675836
0.00226209488
0.00223990116
0.00225991606
0.00230606911
0.00163362295
0.00162053604
0.0016667012
0.00164683186
0.00166612827
0.00167970136
0.0016677089
0.0017130247
0.00169316009
0.00171268387
0.00172590544
0.00169311216
0.0017125563
0.00176022531
0.00189791695
0.00189763443
0.00194277931
0.00194260131
0.00198868875
0.0019885409
0.00203419593
0.00203407354
0.00207970518
0.00207977405
0.00212302177
0.00212317261
0.00221961509
0.00227383999
0.00226018066
0.00230635582
0.0022872318
0.00230704098
0.00228800171
0.00231997199
0.00230719342
0.00235322083
0.00233359101
0.00235306598
0.00236656421
0.00233172279
0.0023978685
0.000423444543
0.000409744148
0.000433975472
0.00157818171
0.00156739849
0.00158178508
0.00162273323
0.00159920331
0.00162558645
0.0016134666
0.0016271908
0.00165578303
0.00164292386
0.00166971228
0.00164585284
0.00166511003
0.00231185884
0.00235776638
0.00234457206
0.00235697193
0.00233547964
0.00235415957
0.00239642039
0.00240027319
0.00237420241
0.0023863903
0.00237273429
0.0024326568
0.00241795021
0.00358993344
0.00357662711
0.00359057581
0.000430179508
0.000434523872
0.000448605687
0.000409012044
0.000421245195
0.000408301506
0.00154322878
0.00153235089
0.00157831413
0.00155725163
0.00157446869
0.00158831083
0.00157806559
0.00160926263
0.00159896007
0.00162420902
0.00160207297
0.00162046437
0.00235685815
0.00240447889
0.00239069068
0.00240096626
0.00237938324
0.00241138997
0.00239764226
0.00244702927
0.00242527892
0.00244285917
0.00245701591
0.00242201289
0.00355171181
0.00354169219
0.00358864826
0.003565645
0.00359157859
0.00357925442
0.00359215167
0.000438560696
0.00043998745
0.00042413432
0.00042603645
0.000410403395
0.000434829429
0.000470260075
0.000456445201
0.000479826347
0.00153689523
0.0015204657
0.00153541926
0.00155171369
0.00156862927
0.00158285397
0.00156633915
0.00158119252
0.00161771432
0.00159859528
0.00239964623
0.00240136357
0.00244575749
0.00244856715
0.00243221391
0.00243400993
0.00241882957
0.00247938665
0.00246457343
0.00354573724
0.00352975406
0.00354376333
0.00356063033
0.00357636236
0.00359112289
0.0035745182
0.00356517191
0.00358952331
0.000443818747
0.000429695245
0.000410980863
0.000445631846
0.000430569381
0.00047536204
0.000460225533
0.000476398201
0.000490863913
0.00153362303
0.00151711407
0.00153246405
0.00154921062
0.00156521003
0.00157969162
0.0015632703
0.00155409145
0.00157789315
0.00159502173
0.0024043077
0.00240555756
0.00244986222
0.00245031293
0.00243526098
0.00243638416
0.00242219595
0.00244570463
0.00248196424
0.00246759128
0.00249109792
0.00350919706
0.00354152669
0.00352385364
0.00353991032
0.00355612013
0.0035543032
0.00358838689
0.00356916305
0.003589012
0.000446265621
0.000431092279
0.000411460951
0.000446890202
0.000431682204
0.000477010796
0.000461142756
0.000477357243
0.000492015822
0.00149930506
0.00153091649
0.00151424086
0.00153006362
0.0015455724
0.00154465337
0.00157626427
0.00155924624
0.00157516245
0.00245486471
0.00244075727
0.00242459663
0.00245539108
0.00244069483
0.00248594131
0.00247023742
0.00248633981
0.00250101623
0.00350754223
0.00353915875
0.00352279776
0.00353871361
0.00355333747
0.00355287396
0.00358871796
0.00356803023
0.00358844135
0.000446687174
0.000431476608
0.00041121717
0.000445987124
0.000430668304
0.000477345926
0.000460929519
0.000476904971
0.000491524148
0.00149986054
0.00153007817
0.00151395472
0.00153064032
0.00154458982
0.00154484921
0.00157513481
0.00155345496
0.00155898054
0.00157622817
0.00245512595
0.0024407933
0.00242378093
0.0024543564
0.002445716
0.00244058621
0.00248666393
0.00246896028
0.00248610894
0.00250011643
0.00249099152
0.0035083657
0.00353854852
0.00352300147
0.00353902
0.00355295304
0.0035538272
0.00358855407
0.00356913435
0.00358864038
0.000445690742
0.000430661766
0.000411274606
0.000444378423
0.000434892035
0.000430351654
0.000476165476
0.000458502438
0.000475169383
0.000489159463
0.000479765646
0.00153196946
0.00151906548
0.00153353597
0.00155013771
0.00156308186
0.00157792614
0.00156507332
0.00157964209
0.00159635268
0.0024056728
0.00240420214
0.00245108638
0.00244986989
0.00243700711
0.00243500729
0.00242036566
0.00248082526
0.00246630383
0.00351075273
0.00353998959
0.00352484863
0.00354156472
0.00355463963
0.00355599903
0.00358882049
0.00356546076
0.00356981573
0.00358860134
0.000439574828
0.000438379672
0.000425688408
0.000423569236
0.000408496519
0.000467911475
0.000454205778
0.00153530083
0.00152287473
0.00153684429
0.00153265304
0.00155393393
0.00156648457
0.00158126648
0.00156840009
0.0015784452
0.00158285531
0.00160027993
0.0016173967
0.00240118824
0.00238218102
0.0023996076
0.00244819168
0.00244617935
0.00243318458
0.00243170309
0.00242204158
0.00241719958
0.00247720307
0.00246333552
0.00354351136
0.00353217477
0.00354571446
0.00354169844
0.00356149275
0.00357423757
0.00358950218
0.00357612449
0.00359119641
0.000434355032
0.000411189514
0.000430206279
0.000444929303
0.000434012792
0.000420970656
0.000408779883
0.00157460952
0.00156412276
0.00157808165
0.00158865952
0.00159529545
0.001598693
0.00162021566
0.00160937775
0.00162414343
0.00164281002
0.00235764612
0.00240387
0.00240055717
0.00241153963
0.00239768418
0.0023898723
0.00237598229
0.00244682635
0.00244297316
0.0024366016
0.00242175943
0.00355498759
0.00356920255
0.0035882979
0.00357938689
0.00359152884
0.00359227707
0.00157827986
0.00158150628
0.00158954924
0.0016033867
0.0016228942
0.00162039829
0.00161430552
0.00162617783
0.00162780194
0.00164274469
0.00164316702
0.00166544223
0.00165597737
0.00166809025
0.00166951674
0.0016880418
0.00231199555
0.00235726341
0.00235679386
0.00235398687
0.00234427271
0.00233201038
0.00233052917
0.00240029581
0.00237718325
0.00239678636
0.00241053532
0.00239779156
0.00238673777
0.00237450494
0.00359042291
0.00359036739
0.00166655566
0.00166618971
0.00167997833
0.00168019166
0.00169350894
0.00171249302
0.0017153316
0.00169308513
0.00171271191
0.00171220361
0.00172648146
0.00175924492
0.00173947311
0.0017399686
0.001760244
0.00175985456
0.00180489406
0.00178283865
0.00178058215
0.00180505726
0.00186265384
0.00184833332
0.00182768277
0.00185071045
0.00189822017
0.00187677852
0.00189755315
0.00187381896
0.00189707649
0.00194286806
0.00192011267
0.00194250829
0.00191972014
0.00194261149
0.00198860546
0.00196568936
0.00198841382
0.00196551079
0.00198863802
0.00203434482
0.00201157182
0.00203467671
0.0020116602
0.00203452668
0.00207982073
0.00205762504
0.00207974945
0.00205749685
0.00207979026
0.00212388442
0.00210222504
0.00212369849
0.00213722277
0.00210277391
0.00212601945
0.00217205141
0.00214893272
0.00217107644
0.0022174234
0.00219424618
0.00221668593
0.00221956014
0.00226195058
0.00223952037
0.00223986161
0.00227405252
0.00225966426
0.00225987602
0.00228693769
0.0023064586
0.00231926064
0.00230553026
0.00228737599
0.0023065166
0.00231987741
0.00230687727
0.00235336498
0.00235296159
0.0018073962
0.00185080541
0.0018969049
0.00189935667
0.00194287334
0.00192029711
0.00194289248
0.00198846912
0.0019655326
0.00198854049
0.00203426336
0.00201136401
0.00203423394
0.002080053
0.0020571155
0.00207948242
0.0021257793
0.00210016047
0.00217144319
0.00172698078
0.00171404358
0.00175998931
0.00174008117
0.0017596057
0.00176206016
0.00180795264
0.00178049354
0.00180850339
0.0017943778
0.00178095077
0.00180776419
0.00185045225
0.00182895983
0.00185073035
0.00182864925
0.00185063218
0.00188532367
0.00187175782
0.00189908069
0.00187216385
0.00194291748
0.00198860895
0.00203470789
0.00207902406
0.00212880613
0.0021139477
0.002127799
0.00212838594
0.00217105368
0.00214976192
0.00217100584
0.00214922763
0.00217146112
0.00221913159
0.00221942683
0.00219203915
0.00220571964
0.00219180281
0.00221910511
0.00226016107
0.00224019945
0.00226018758
0.00227393178
0.00223777395
0.00167908604
0.00166750171
0.00171642829
0.00169335266
0.00171121477
0.00172527183
0.00171407305
0.00174852809
0.00173699429
0.00176233681
0.00173985932
0.00175964265
0.00180336573
0.00177967199
0.00221698479
0.00221991618
0.00226481953
0.00225066897
0.00226219171
0.00224021024
0.00227465414
0.00226048133
0.00230956252
0.00228872707
0.00230697724
0.00232161424
0.00228585652
0.00163462672
0.00167073542
0.00164926452
0.00166713046
0.00168168008
0.00170299327
0.00169225561
0.00171704355
0.0016962368
0.00171484714
0.00175636016
0.00173415629
0.00226327621
0.0022656607
0.00231121031
0.0022970077
0.00230782012
0.00228526458
0.0023183533
0.00230346137
0.00235422847
0.00233307205
0.00235067738
0.00236471532
0.00162188512
0.00161229716
0.00162650765
0.00166423998
0.00164413969
0.00166838547
0.00167872829
0.0016587881
0.00167336257
0.00171257577
0.00169149963
0.00170983606
0.00232134163
0.00230695176
0.00229067653
0.00230855903
0.00235310112
0.00235584448
0.00233103272
0.0023409448
0.00232623716
0.00238754539
0.00237330796
0.00162546251
0.00160898302
0.00162299093
0.00164087037
0.00165712301
0.00167215
0.00165605076
0.0016708532
0.00168824012
0.00230962066
0.00231182052
0.00235819388
0.00235958582
0.00234326598
0.00234457632
0.0023289667
0.00239150007
0.00237669662
0.0024000072
0.00159013059
0.00162263106
0.00160557064
0.00162304285
0.00163700591
0.00165431411
0.0016452446
0.00166877134
0.00165100034
0.00166802124
0.00168670111
0.00231265916
0.00231370624
0.00235988387
0.00234549697
0.0023546019
0.00233205622
0.00236350614
0.00234925259
0.00239433145
0.00237721105
0.00239472731
0.00240977586
0.00159070224
0.00162311346
0.00160486295
0.00162281489
0.00163684439
0.00164007983
0.00164515695
0.00166814347
0.0016542112
0.00166890054
0.00168708841
0.00231395363
0.0023132043
0.00235954256
0.00235421453
0.00236283776
0.00234862035
0.00234531518
0.00233118007
0.00239507877
0.00237711408
0.00239503781
0.00240930346
0.00240028495
0.0016231719
0.00161079126
0.00162534221
0.00164210768
0.00165608402
0.00167095362
0.00165691336
0.00167213877
0.00169040296
0.00231206678
0.00230972608
0.00235840593
0.00235731292
0.00234373647
0.00234238584
0.00232787951
0.00238956241
0.00237459572
0.00162197342
0.00162669131
0.00163176981
0.00164678193
0.0016643765
0.00165861039
0.00166838772
0.00167301815
0.00167888471
0.00170978426
0.00169327396
0.00171247834
0.00230857191
0.0022874859
0.00232146677
0.00230708705
0.00235575074
0.00233552919
0.00235328099
0.00236809239
0.0023415806
0.00233178217
0.00166708322
0.00165650445
0.00167070957
0.00166835238
0.00168219111
0.00168848349
0.00169201741
0.00171455942
0.00170263794
0.00171438173
0.00171700771
0.001736935
0.00175726938
0.00226570612
0.00224332103
0.00226339061
0.00231111958
0.0023080764
0.00231876963
0.00230434171
0.00229683521
0.00228554061
0.00228295357
0.00235509845
0.00235069849
0.0023439993
0.0023292876
0.0017116931
0.00170206318
0.0017159728
0.00171382006
0.00172570962
0.00173479351
0.00173718364
0.00175970491
0.00174903949
0.00176217715
0.00176227502
0.00178090741
0.00178306535
0.00180318193
0.00221984468
0.0021967339
0.00221933605
0.00221705743
0.00226482228
0.00226262194
0.00227400236
0.00226048327
0.00225084042
0.00223783328
0.00223774631
0.0023095534
0.00230683579
0.00229747502
0.00228360963
0.00175980026
0.00175946803
0.00179446951
0.00180758945
0.00180763213
0.00179420178
0.00180787717
0.00180799623
0.00182919949
0.00185059499
0.00185111529
0.0018286108
0.00185043569
0.00185082879
0.00187174169
0.00189680854
0.00187213691
0.00188595589
0.00189933721
0.00189931213
0.00194279296
0.00192046064
0.00192075126
0.00194297348
0.00194276877
0.00198852645
0.00196546229
0.00196563976
0.00198853539
0.00198876008
0.00203434911
0.00201141433
0.00201127664
0.00203431728
0.00203433483
0.00208015824
0.00205709805
0.0020572299
0.00207948674
0.00207926465
0.00212825467
0.00212565322
0.00212848604
0.0021280787
0.00211451368
0.00210059338
0.00210063274
0.00214939292
0.00217098323
0.0021713084
0.00214934917
0.00217095023
0.00217127992
0.00221920434
0.00221914623
0.00220587234
0.00219203807
0.00220547613
0.00219163368
0.00226016316
0.00226013674
0.00185174408
0.00189923437
0.00188599872
0.00189912273
0.00194294011
0.00192050659
0.00194275157
0.00194516212
0.00198873563
0.00196578705
0.00198862313
0.00196655052
0.00198861906
0.00203394143
0.00201147945
0.00203405845
0.0020110957
0.00203374812
0.00207889804
0.00205702487
0.00207937343
0.00205469277
0.00211511993
0.00210102531
0.0021285246
0.00216898641
0.00180533036
0.0017932748
0.00180783696
0.00185193704
0.00182853433
0.00184923118
0.00186356673
0.00185181888
0.00189647654
0.00187704189
0.00189708252
0.00187718111
0.00189775674
0.00193185693
0.001917941
0.00194552186
0.00192022273
0.0019427041
0.00198858035
0.00196580992
0.00198854465
0.00203345817
0.00201144123
0.00203424287
0.00208220689
0.00206899901
0.00208239535
0.0020572118
0.00207960107
0.00212562948
0.00210283673
0.00212266786
0.0021020875
0.00213604108
0.00212290454
0.00216889735
0.00215075204
0.002171566
0.00214868984
0.00220565461
0.00219185297
0.00221759091
0.00175920695
0.00174844718
0.00176264331
0.00180560275
0.00178258537
0.00180290885
0.00181691743
0.00180562131
0.00184003641
0.0018285942
0.00185454951
0.00183117904
0.00185197803
0.0018970984
0.00187412157
0.00189606319
0.00194246517
0.00191770972
0.0019886628
0.00203435254
0.00207985399
0.00208178429
0.0021252863
0.00210369398
0.00212594136
0.00217422407
0.00216004195
0.00217139513
0.00214830936
0.00218337841
0.00216885654
0.00221517322
0.00219733886
0.00221737357
0.00219469842
0.00225188273
0.00223758771
0.0022626975
0.00172423901
0.00171412928
0.00176056677
0.00173869123
0.00175864717
0.00177387484
0.00179412002
0.00178371039
0.00180857603
0.00178872521
0.00180701561
0.00185102242
0.00182789364
0.00184903247
0.00212843872
0.00217113947
0.00215092894
0.00217180965
0.00221928342
0.00220534461
0.00221621787
0.00219332798
0.00222661833
0.00221196624
0.00225831872
0.0022413885
0.00226107581
0.00227576125
0.00171907001
0.00170339033
0.00171866367
0.00175570767
0.00173746843
0.00175509425
0.00177136917
0.00176967752
0.00176005542
0.00180657193
0.00178489266
0.00180545268
0.00184632911
0.00182580927
0.00217234232
0.00217381551
0.00222830873
0.00221299994
0.00219460878
0.00222946386
0.00221507356
0.00226304141
0.00224428624
0.00226279171
0.0022397294
0.00229694382
0.00228171049
0.001717822
0.00170233991
0.00171736538
0.00173454397
0.00175041749
0.00176515589
0.00174960601
0.00176536558
0.00180466102
0.00178434055
0.00180448794
0.00182452655
0.00217565816
0.00217602855
0.00221625627
0.00219568758
0.00221597079
0.00226366389
0.00226528482
0.00224958586
0.00224985334
0.00223446889
0.00229797982
0.00228261544
0.00171741132
0.00170240702
0.00171787943
0.00173622401
0.00174985937
0.00176554186
0.00175128956
0.00176029197
0.00176602057
0.0018044025
0.00178379419
0.00180472053
0.00182393664
0.00217633489
0.00217593745
0.00221567919
0.00219526275
0.00221609069
0.00226533488
0.00226362638
0.00225003494
0.00224893206
0.00223972767
0.00223427887
0.0022976534
0.00228195707
0.0017187528
0.00170484154
0.0017194443
0.00171433265
0.00175491184
0.00173699531
0.00175571735
0.00176956212
0.00177128798
0.00180555456
0.00178715573
0.00180641565
0.00182743097
0.00184648302
0.00217372401
0.00215329539
0.00217226839
0.00223013432
0.00221506923
0.00219353894
0.00222820629
0.00221295428
0.00226270578
0.00224381812
0.00226304475
0.00229532824
0.00228087495
0.0017268918
0.00175855143
0.00174142187
0.00176038745
0.00177412668
0.00178054979
0.00178413473
0.00180693771
0.0017949994
0.00180562037
0.00180903967
0.00184901029
0.00182897559
0.00185106883
0.00187198434
0.00212800998
0.00217190478
0.00214891801
0.00217113125
0.00221974754
0.00221622147
0.00222656972
0.00221160586
0.00220547368
0.00219444823
0.00219127313
0.0022612311
0.00223956526
0.00225792632
0.0022725379
0.00226216607
0.00175920176
0.00176223865
0.00177074042
0.00180262601
0.00178464134
0.00180532015
0.00181653321
0.00182572584
0.00182856174
0.00185180323
0.00184018632
0.00185151501
0.00185442724
0.00189661613
0.00187480428
0.00189714435
0.00191974572
0.00194235265
0.00196594314
0.0019885395
0.00201151381
0.00203417917
0.00208256203
0.00205734304
0.00208015767
0.00212553252
0.00210283183
0.00212517362
0.00217437489
0.0021713686
0.00218315073
0.00216883704
0.00216047619
0.00214854801
0.00214586276
0.00221758105
0.00219455345
0.00221494128
0.00222904773
0.0022172614
0.00180551139
0.00180820077
0.0018174618
0.00184925983
0.00183142864
0.00185193047
0.00185129477
0.0018640631
0.00187434352
0.00189656947
0.00187701934
0.00189730147
0.00189751758
0.00191791623
0.00191768294
0.00194290093
0.00193175689
0.00194509956
0.00194551129
0.00198867185
0.00196648005
0.00196615152
0.00198862462
0.00198876316
0.00203412532
0.0020114498
0.00201128318
0.0020338015
0.00203397406
0.00208205846
0.00208206718
0.00207953625
0.00206793732
0.00205478741
0.00205490288
0.00210351972
0.00212569396
0.00212808293
0.00210277367
0.00212288318
0.00213610156
0.00212266857
0.00217177607
0.00214809501
0.00216893219
0.00218226652
0.00216894985
0.00189922564
0.00189915975
0.00194293018
0.00194282451
0.00198842105
0.00198857417
0.0020342722
0.00203409632
0.0020794728
0.00207944543
0.00189892104
0.00194532101
0.00193139686
0.00194513299
0.00198859088
0.00196640713
0.00198903547
0.00203341629
0.00201134915
0.00203374912
0.00206811476
0.00205476167
0.00208117587
0.00186440194
0.00189965911
0.00187950217
0.00189846568
0.00194290921
0.00192048047
0.00194297666
0.0019886356
0.00196569357
0.00198860522
0.00203395812
0.0020114162
0.00203437329
0.00207889107
0.00205711637
0.00207949881
0.00212513074
0.00210170013
0.00212081436
0.00213545814
0.00185116927
0.00184088054
0.00185632734
0.00189811671
0.00187570463
0.00189758315
0.00194290875
0.00191999815
0.00194273384
0.00198850651
0.00196557377
0.00198850378
0.0020344097
0.00201146065
0.00203454403
0.00207983204
0.00205750542
0.00208005643
0.00212321256
0.00210260068
0.00212456416
0.00215835902
0.00214352178
0.00185587788
0.00184045841
0.00185562965
0.00189735225
0.00187532542
0.00189727448
0.00194251679
0.0019197049
0.00194241303
0.00198847703
0.00196534209
0.00198847559
0.00203461002
0.00201163427
0.00203443872
0.00208026792
0.00205742266
0.0020802825
0.00212421504
0.00210266241
0.00212426832
0.00216032209
0.00214436083
0.00185599836
0.0018396215
0.00185608371
0.00189734389
0.00187586547
0.00189742612
0.00194251136
0.00191983491
0.00194263219
0.00198841635
0.00196552223
0.00198860925
0.00203449113
0.00201154302
0.00203436045
0.00208020145
0.00205725516
0.00208020153
0.00212446491
0.00210272113
0.00212435978
0.00216007757
0.00214399046
0.00185123245
0.00185641952
0.00186121956
0.00189750438
0.00187647513
0.0018979343
0.00194270379
0.00192027876
0.00194285791
0.00198849359
0.00196557391
0.00198846575
0.00203429721
0.00201146187
0.00203440386
0.00208011233
0.00205718548
0.00207971331
0.00212454211
0.00210192976
0.00212336799
0.00213836401
0.00189849752
0.00188610889
0.00189985233
0.00189939248
0.00194317887
0.00192126369
0.00194324782
0.00198852249
0.00196601759
0.00198857513
0.00203428747
0.00201136004
0.00203411829
0.00207945452
0.00205694803
0.00207897736
0.00208185763
0.00212516019
0.00212113053
0.00211366063
0.00210012171
0.00194483071
0.00194532492
0.00198893255
0.00198868358
0.00203399236
0.00203368354
)
;
    }
}


// ************************************************************************* //
