/*--------------------------------*- C++ -*----------------------------------*\
  =========                 |
  \\      /  F ield         | OpenFOAM: The Open Source CFD Toolbox
   \\    /   O peration     | Website:  https://openfoam.org
    \\  /    A nd           | Version:  9
     \\/     M anipulation  |
\*---------------------------------------------------------------------------*/
FoamFile
{
    format      ascii;
    class       volScalarField;
    location    "0";
    object      Cy;
}
// * * * * * * * * * * * * * * * * * * * * * * * * * * * * * * * * * * * * * //

dimensions      [0 1 0 0 0 0 0];

internalField   nonuniform List<scalar> 
15188
(
-0.000215722229
-0.000215302579
-0.00021538228
-0.000214970965
-0.000215294574
-0.000170514624
-0.000171802409
-0.000174193721
-0.000174149035
-0.000173937533
-0.000171334593
-0.000170768417
-0.000171618417
-0.000172378382
-0.000174471214
-0.000174322847
-0.000172823408
-0.000171982695
-0.000169765843
-0.00012585943
-0.000126917579
-0.000128303426
-0.000114894784
-0.000114877197
-0.000126522475
-0.000128160038
-0.00012624084
-0.000124937857
-0.000126382217
-0.000127574806
-0.000127810141
-0.000114899303
-0.000114898651
-0.000128118229
-0.000127597478
-0.000125798197
-0.000124027981
-7.8235454e-05
-7.99805914e-05
-8.08990951e-05
-6.8720976e-05
-6.87567185e-05
-6.87845953e-05
-6.88468216e-05
-8.05314268e-05
-8.10632241e-05
-8.01373568e-05
-8.06151229e-05
-8.04882287e-05
-8.18560077e-05
-6.87613941e-05
-6.87884037e-05
-6.88086239e-05
-6.87193505e-05
-8.01583716e-05
-8.10458391e-05
-8.06841622e-05
-3.42836857e-05
-3.4337879e-05
-3.43041584e-05
-2.28777455e-05
-2.2910458e-05
-2.29214699e-05
-2.29429594e-05
-2.29767859e-05
-3.54439114e-05
-3.44789995e-05
-3.38775957e-05
-3.41788365e-05
-3.56553683e-05
-2.30099816e-05
-2.28810077e-05
-2.29316199e-05
-2.29571085e-05
-2.28896667e-05
-3.43439397e-05
-3.42261356e-05
-3.44105625e-05
1.14670897e-05
1.1512948e-05
1.14936598e-05
2.29306885e-05
2.29729059e-05
2.2978617e-05
2.2938157e-05
2.29343173e-05
1.2994202e-05
1.14826077e-05
1.13343701e-05
1.14039817e-05
1.20578404e-05
2.28864979e-05
2.29260233e-05
2.29639398e-05
2.29805377e-05
2.29215441e-05
1.14557725e-05
1.13031403e-05
1.13553374e-05
5.67593433e-05
5.72062161e-05
5.87717325e-05
6.87714022e-05
6.88114794e-05
6.88141855e-05
6.87615171e-05
5.73371108e-05
5.73685112e-05
5.74114945e-05
5.53278829e-05
5.75522414e-05
5.74267285e-05
5.73185153e-05
6.87481539e-05
6.88141165e-05
6.87973951e-05
6.87204956e-05
5.7347192e-05
5.79535412e-05
5.71271013e-05
0.000102823984
0.000103813327
0.00010332541
0.000114844772
0.00011481989
0.000103175521
0.000104687837
0.000104456707
0.000103265746
0.000101014795
0.000103128137
0.000104911196
0.000103214308
0.00011487007
0.000114828694
0.000103144022
0.000104340829
0.00010343653
0.000103426216
0.000147241146
0.000148494223
0.00015136083
0.000151458504
0.000151793463
0.000151211133
0.000150091474
0.000149498135
0.000147886274
0.000149092414
0.00015080794
0.00015189039
0.000152046216
0.00015080355
0.000150054798
0.000148822132
0.000193684601
0.000195106166
0.000194954031
0.000195184843
0.000193173777
0.00019259109
0.000193905225
0.000194604113
0.000194761798
0.000194347778
0.000193260736
-0.000261237587
-0.000262990086
-0.000262878172
-0.00026305089
-0.000263309257
-0.000261785373
-0.000262570169
-0.000262707765
-0.000263227521
-0.000261493289
-0.000217953908
-0.000220436766
-0.00020894541
-0.000207256824
-0.000207001939
-0.000206988499
-0.000207619478
-0.000209934776
-0.000222069945
-0.000221184591
-0.000216458066
-0.000218027531
-0.000220470878
-0.000209632769
-0.00020739153
-0.000206938904
-0.000207121615
-0.000207451681
-0.000208927102
-0.000220940492
-0.000219081731
-0.000172233198
-0.000162172401
-0.000161508546
-0.000161300516
-0.00016105513
-0.000160905792
-0.00016090523
-0.000161278026
-0.000161659489
-0.000161625746
-0.000161802335
-0.000172929823
-0.000171293575
-0.000172533837
-0.000161683922
-0.000161518791
-0.000161524989
-0.000161215449
-0.0001609671
-0.000161043173
-0.000161206605
-0.000161335626
-0.00016152968
-0.000162309486
-0.000173252834
-0.000169814366
-0.000124741022
-0.000126795122
-0.000114907849
-0.000114962683
-0.000114934744
-0.000114952883
-0.000114923438
-0.000114957815
-0.000115112721
-0.000115216505
-0.00011521736
-0.000115180969
-0.000116266757
-0.000127253828
-0.00012380931
-0.000126038676
-0.000115952896
-0.000115048776
-0.000115217866
-0.000115146751
-0.0001150871
-0.000115026423
-0.000115039049
-0.000115063788
-0.000115005078
-0.000115044909
-0.000115066547
-0.000127757892
-0.000126825862
-8.04936006e-05
-6.92927673e-05
-6.8903139e-05
-6.88733544e-05
-6.88512158e-05
-6.88132445e-05
-6.87997761e-05
-6.88262711e-05
-6.89111548e-05
-6.90437841e-05
-6.90664956e-05
-6.90855513e-05
-6.88962582e-05
-8.01443344e-05
-8.11483399e-05
-7.99887746e-05
-6.88751238e-05
-6.90389833e-05
-6.90758092e-05
-6.9015892e-05
-6.88876317e-05
-6.88634419e-05
-6.88785048e-05
-6.88694234e-05
-6.89040399e-05
-6.89325208e-05
-6.89491668e-05
-6.92744083e-05
-8.14703078e-05
-7.81112705e-05
-3.4312675e-05
-2.2933179e-05
-2.29440355e-05
-2.29293845e-05
-2.29110896e-05
-2.2897844e-05
-2.28940664e-05
-2.29036002e-05
-2.29307012e-05
-2.29854562e-05
-2.30539696e-05
-2.30485209e-05
-2.30498933e-05
-3.53330219e-05
-3.40977699e-05
-3.40494146e-05
-3.53827344e-05
-2.29554255e-05
-2.30266776e-05
-2.30595487e-05
-2.29954963e-05
-2.29255686e-05
-2.2922939e-05
-2.29353073e-05
-2.29329479e-05
-2.29523895e-05
-2.29641619e-05
-2.2963572e-05
-2.30283702e-05
-3.427672e-05
-3.43118744e-05
1.15295231e-05
2.29165514e-05
2.29399936e-05
2.29773025e-05
2.29854598e-05
2.29654197e-05
2.29519982e-05
2.29425045e-05
2.29275638e-05
2.29407787e-05
2.29872296e-05
2.29927581e-05
2.29526106e-05
1.27824307e-05
1.15806656e-05
1.12935537e-05
1.23158699e-05
2.29504684e-05
2.29549906e-05
2.29433343e-05
2.29098209e-05
2.29076859e-05
2.29253853e-05
2.29387882e-05
2.29447956e-05
2.29677688e-05
2.29533722e-05
2.29405354e-05
2.29654294e-05
1.13601027e-05
1.12942064e-05
5.72658967e-05
6.92664817e-05
6.88433719e-05
6.88670462e-05
6.89094472e-05
6.88902641e-05
6.88728412e-05
6.88515016e-05
6.88562068e-05
6.89650111e-05
6.90235771e-05
6.90107257e-05
6.89814901e-05
5.75625901e-05
5.76628124e-05
5.52591958e-05
5.73325182e-05
6.88776217e-05
6.89267601e-05
6.89488069e-05
6.89259636e-05
6.88312648e-05
6.88383507e-05
6.88560058e-05
6.88574481e-05
6.89030501e-05
6.89399458e-05
6.89682539e-05
6.93024762e-05
5.8048487e-05
5.69479747e-05
0.000103827904
0.000103297625
0.000114769478
0.000114892824
0.000114988008
0.000115067078
0.000114995589
0.000114949261
0.000114978316
0.000115109427
0.000115239648
0.00011506334
0.000116006149
0.000103750078
0.000102955181
0.000103064627
0.000115912277
0.000114998783
0.000115053995
0.000115000596
0.000114962846
0.000114962911
0.000114976475
0.000115000753
0.000114980726
0.000115059114
0.000114931312
0.000103292263
0.000103332377
0.000149987523
0.000162028263
0.000161220133
0.000161353752
0.000161173546
0.000160923891
0.00016091283
0.000161205875
0.000161599964
0.000161673514
0.000161729246
0.000150411701
0.000149428194
0.000147639927
0.000150198436
0.000161478112
0.000161404043
0.000161395969
0.000161143415
0.000160930125
0.000160981451
0.000161129369
0.00016126286
0.000161419738
0.000162262206
0.000150638114
0.000149284125
0.000193051594
0.000197014062
0.000197517854
0.000209237668
0.000207307658
0.000206996833
0.000207036028
0.000207631933
0.000209986122
0.000196855194
0.000197848263
0.000196266931
0.000193617106
0.000196417649
0.000197506986
0.000209755475
0.000207453809
0.000207015285
0.000207047689
0.000207409044
0.000209068963
0.000197693447
0.00019756105
0.000193963458
0.000239453651
0.000244469697
0.000242952888
0.000243835045
0.00024401028
0.000243888103
0.000245531329
0.000244260999
0.000240570345
0.000240902683
0.000245795555
0.000243462658
0.000243801828
0.000244058157
0.000243358834
0.000244305975
0.00024143145
0.000238827647
-0.000264012322
-0.000263464681
-0.000265047228
-0.000262266387
-0.000260257097
-0.000259764126
-0.000260704731
-0.000263851391
-0.000265915827
-0.000266007835
-0.000264777634
-0.000262168318
-0.000265319106
-0.000265046011
-0.000264679473
-0.000262085754
-0.000260135027
-0.000259926259
-0.000261935719
-0.000263596369
-0.000264871544
-0.000264753991
-0.000263908146
-0.000220243485
-0.00020975835
-0.000208552111
-0.000208560401
-0.000208624891
-0.000218696014
-0.000217579241
-0.000217278831
-0.000218359811
-0.00022018491
-0.000209902477
-0.000209232804
-0.000209495158
-0.000221539302
-0.000219111404
-0.000216551268
-0.000220913179
-0.00020908393
-0.000209080148
-0.000210229724
-0.000220803878
-0.000219013808
-0.0002175522
-0.000217450059
-0.000218390561
-0.000208755665
-0.00020881955
-0.000208703751
-0.000210040705
-0.000220732673
-0.000217755986
-0.000173875024
-0.000162107421
-0.000161752799
-0.000161737786
-0.000161558483
-0.000161112643
-0.000160550125
-0.000160200009
-0.000160307226
-0.000160964987
-0.000161442773
-0.000161562066
-0.000161664441
-0.000161824882
-0.000161559571
-0.000173028984
-0.000172193264
-0.000169756317
-0.0001734068
-0.000161494268
-0.000161639945
-0.000161618212
-0.000161592608
-0.000161390049
-0.00016100343
-0.000160426858
-0.000160521062
-0.000160861675
-0.000161200868
-0.000161553781
-0.000161703639
-0.000161648867
-0.000162022722
-0.000173756381
-0.000171328862
-0.000126233857
-0.000115315986
-0.000115260512
-0.000115247074
-0.000115219522
-0.000115118093
-0.000114859656
-0.000114727644
-0.000114665327
-0.000114788168
-0.000114930117
-0.00011500845
-0.000115105381
-0.000115212009
-0.000115289634
-0.000115227951
-0.000115596194
-0.000126888136
-0.000124085058
-0.000126889711
-0.000115551117
-0.000115130221
-0.000115145412
-0.000115150895
-0.000115112402
-0.00011502574
-0.000115025366
-0.000114942146
-0.00011496441
-0.000115028203
-0.00011494022
-0.000115093719
-0.000115209005
-0.000115191138
-0.000115104027
-0.000115201478
-0.000126876438
-7.99977769e-05
-6.88017534e-05
-6.90374634e-05
-6.90583867e-05
-6.89937496e-05
-6.89603488e-05
-6.88119472e-05
-6.87025701e-05
-6.87257701e-05
-6.87689326e-05
-6.87606262e-05
-6.88854491e-05
-6.90318995e-05
-6.90544396e-05
-6.90310541e-05
-6.90073665e-05
-6.9034317e-05
-8.13807855e-05
-8.05059081e-05
-7.79158466e-05
-8.10713637e-05
-6.89442103e-05
-6.89021019e-05
-6.89629954e-05
-6.90132964e-05
-6.90064851e-05
-6.88698074e-05
-6.8788161e-05
-6.88572476e-05
-6.88790131e-05
-6.8822213e-05
-6.88428022e-05
-6.89408872e-05
-6.89702581e-05
-6.90367463e-05
-6.90234733e-05
-6.88220634e-05
-8.00398204e-05
-7.97007121e-05
-3.45348209e-05
-2.28856494e-05
-2.29839274e-05
-2.30098824e-05
-2.30147667e-05
-2.29804991e-05
-2.29400695e-05
-2.28826432e-05
-2.28473936e-05
-2.28446789e-05
-2.28708608e-05
-2.29305564e-05
-2.29850137e-05
-2.30082036e-05
-2.30152838e-05
-2.29989797e-05
-2.30154744e-05
-3.45252097e-05
-3.42444177e-05
-3.42995636e-05
-3.41010102e-05
-2.29284651e-05
-2.29650545e-05
-2.29835526e-05
-2.30020384e-05
-2.29820153e-05
-2.29348256e-05
-2.2899415e-05
-2.28794612e-05
-2.2890585e-05
-2.2924066e-05
-2.29470394e-05
-2.297085e-05
-2.2984243e-05
-2.29988919e-05
-2.2954291e-05
-2.29066864e-05
-3.4403334e-05
-3.42799512e-05
1.15241217e-05
2.2883915e-05
2.29781066e-05
2.29651802e-05
2.29674273e-05
2.30128246e-05
2.30412266e-05
2.2944107e-05
2.288906e-05
2.28801958e-05
2.28894836e-05
2.29344221e-05
2.29786392e-05
2.3018724e-05
2.30315474e-05
2.30370454e-05
2.30095454e-05
1.14708906e-05
1.13916047e-05
1.13297207e-05
1.14981115e-05
2.30041274e-05
2.30548864e-05
2.30171556e-05
2.29866543e-05
2.29568137e-05
2.29019111e-05
2.28636811e-05
2.28641187e-05
2.28843223e-05
2.29144508e-05
2.29994235e-05
2.30028957e-05
2.29988556e-05
2.30155534e-05
2.30035169e-05
2.29533454e-05
1.13973913e-05
1.13611107e-05
5.73793095e-05
6.88609123e-05
6.90060363e-05
6.89909969e-05
6.89217287e-05
6.89622951e-05
6.89401752e-05
6.882576e-05
6.88197873e-05
6.88083432e-05
6.87467081e-05
6.88699057e-05
6.90025377e-05
6.90425394e-05
6.90579033e-05
6.90013222e-05
6.90048946e-05
5.88383329e-05
5.71542469e-05
5.685959e-05
5.76696025e-05
6.89659922e-05
6.89743235e-05
6.89959607e-05
6.89984072e-05
6.89783118e-05
6.88156985e-05
6.87002264e-05
6.87969328e-05
6.8845184e-05
6.87880001e-05
6.88526224e-05
6.89385014e-05
6.89751819e-05
6.90718642e-05
6.91294299e-05
6.89110576e-05
5.72445246e-05
5.72489457e-05
0.000103746835
0.000115306188
0.000115119646
0.000115095383
0.000115063487
0.000115034853
0.000114950758
0.000114972959
0.00011488086
0.000114822288
0.000114891606
0.000115027862
0.000115126906
0.000115180029
0.000115224292
0.000115262118
0.000115562577
0.000103189688
0.000103409519
0.000103257521
0.000115585747
0.000115174347
0.000115164011
0.000115136844
0.00011503519
0.000114859577
0.000114803468
0.000114822242
0.000114873259
0.000114931967
0.000114846967
0.000115010927
0.00011516741
0.000115192144
0.000115226417
0.000115458244
0.000103902671
0.000100847881
0.000147521418
0.00015001833
0.000161921281
0.000161475239
0.000161471887
0.000161423347
0.000161171088
0.000160753871
0.000160390308
0.000160368591
0.000161009687
0.000161405035
0.000161661837
0.000161693307
0.00016176508
0.000161614179
0.000151568439
0.000150146645
0.000149285511
0.000151400734
0.000161507246
0.00016165425
0.000161588211
0.000161490612
0.000161184398
0.000160821664
0.000160386889
0.000160415913
0.000160754257
0.000160963073
0.00016126797
0.000161580189
0.000161574798
0.000162064658
0.000151202676
0.00014983145
0.000194733214
0.000197405238
0.000209857768
0.000208406752
0.000208557268
0.000208937407
0.000195395863
0.000194831841
0.000194657635
0.000195739332
0.000196416219
0.000210117185
0.00020920429
0.000209439845
0.000196512798
0.000195861079
0.000193675212
0.000195608328
0.000197092802
0.000209028789
0.000209007214
0.000210096026
0.000196693288
0.000195880314
0.000195109446
0.000194801938
0.000195341018
0.000208765988
0.000208396476
0.000208387061
0.000209944776
0.00019761437
0.000197565968
0.000239724079
0.0002448099
0.00024516893
0.000243124558
0.000245929417
0.000243444213
0.000241485021
0.000240884117
0.000242094545
0.000245022262
0.000247075218
0.000246635474
0.000245348651
0.00024392513
0.000241362478
0.000244582332
0.000246530023
0.00024627158
0.000246271843
0.000243352579
0.000241416773
0.000241153199
0.000242647559
0.000245241453
0.000245036959
0.000244621952
0.000245957482
0.000241881109
-0.000262422527
-0.000264499211
-0.000265123318
-0.00026192976
-0.000263406308
-0.000265263904
-0.000265540081
-0.000263559689
-0.000264670056
-0.000264421597
-0.000263507308
-0.00026595186
-0.00026446049
-0.000220818424
-0.000209415892
-0.000209757209
-0.00020929191
-0.000221288907
-0.000219896897
-0.000216932543
-0.000215082313
-0.000216399475
-0.000218352203
-0.000221092066
-0.00022214587
-0.00020940252
-0.000209616248
-0.000210125612
-0.000219153438
-0.000216646217
-0.000210238215
-0.000209755053
-0.0002092192
-0.000220605855
-0.000221968539
-0.000221956038
-0.000217012933
-0.000216239043
-0.000219631083
-0.000221275723
-0.000209362238
-0.000209937355
-0.000209298087
-0.000221096725
-0.000218240801
-0.000174192232
-0.000162262544
-0.000161915019
-0.000161774122
-0.00016153592
-0.000162447383
-0.000172898663
-0.000174284246
-0.000172920743
-0.000171297502
-0.000170610471
-0.0001714198
-0.000173839904
-0.000173740184
-0.000172753726
-0.000161577218
-0.000161794339
-0.00016162957
-0.000161269282
-0.000173527753
-0.000172303263
-0.000169537475
-0.000172162782
-0.000161376449
-0.000161681257
-0.000161725656
-0.000161411109
-0.000173037565
-0.000172790538
-0.000173855522
-0.000172620441
-0.000171012536
-0.000170754
-0.000171703471
-0.000173442871
-0.000174541148
-0.000162337385
-0.000161574074
-0.000161757089
-0.000161941028
-0.000162591132
-0.000174813507
-0.00017104715
-0.000126110462
-0.000115247316
-0.000115129676
-0.000115272352
-0.00011529552
-0.000115257119
-0.000115184152
-0.00012677428
-0.000126366291
-0.00012748939
-0.000127649183
-0.000128212103
-0.000128095855
-0.000126161045
-0.000126303166
-0.000114941325
-0.000115180244
-0.000115206416
-0.000115157776
-0.000115035447
-0.000115250081
-0.000126571735
-0.000123856822
-0.000126871211
-0.000115320356
-0.000115094792
-0.000115158445
-0.000115110601
-0.000115003276
-0.00011483781
-0.000126490828
-0.000126303259
-0.000127988357
-0.000128172262
-0.000128576017
-0.000128540719
-0.000126244239
-0.000126464564
-0.000115133848
-0.000115182447
-0.000115203894
-0.000115254588
-0.000115256778
-0.000115427399
-0.000126921375
-7.98842299e-05
-6.8767863e-05
-6.88960288e-05
-6.9001028e-05
-6.90680456e-05
-6.90585212e-05
-6.89596003e-05
-6.89086591e-05
-8.02332607e-05
-8.00720321e-05
-8.00391581e-05
-8.0087593e-05
-8.01215296e-05
-8.02485148e-05
-6.94623153e-05
-6.89516772e-05
-6.89963245e-05
-6.90135261e-05
-6.90410478e-05
-6.90167543e-05
-6.89264193e-05
-8.10505072e-05
-8.07683788e-05
-8.12004625e-05
-6.89186353e-05
-6.89587671e-05
-6.89827078e-05
-6.89265046e-05
-6.88911925e-05
-6.89226218e-05
-6.9349903e-05
-8.03120363e-05
-8.01989231e-05
-8.01678479e-05
-8.02648367e-05
-8.02254909e-05
-8.02238192e-05
-6.87767534e-05
-6.88754067e-05
-6.89588377e-05
-6.89917438e-05
-6.89695607e-05
-6.8893411e-05
-6.87748494e-05
-8.010199e-05
-7.96508865e-05
-3.42933525e-05
-2.28936853e-05
-2.29467675e-05
-2.29773389e-05
-2.30099711e-05
-2.30156197e-05
-2.3099407e-05
-2.30422311e-05
-3.44894521e-05
-3.44179039e-05
-3.4316717e-05
-3.42464708e-05
-3.43001084e-05
-3.44045263e-05
-2.2918315e-05
-2.29585342e-05
-2.29869547e-05
-2.29776672e-05
-2.29938098e-05
-2.29871177e-05
-2.29196227e-05
-3.43777425e-05
-3.41552226e-05
-3.39608969e-05
-3.42599136e-05
-2.29410814e-05
-2.29389462e-05
-2.29634066e-05
-2.29739269e-05
-2.30051466e-05
-2.29925569e-05
-2.28903395e-05
-3.44243946e-05
-3.43896328e-05
-3.43072246e-05
-3.42989745e-05
-3.44117113e-05
-3.44346506e-05
-2.29550349e-05
-2.29705115e-05
-2.29283496e-05
-2.29472624e-05
-2.29481261e-05
-2.29203394e-05
-2.29268382e-05
-3.44079258e-05
-3.41639131e-05
1.15727017e-05
2.28985188e-05
2.29648993e-05
2.29745585e-05
2.29740336e-05
2.29394674e-05
2.29666443e-05
2.3046863e-05
1.15598637e-05
1.14671278e-05
1.14182436e-05
1.14158198e-05
1.14360397e-05
1.14764443e-05
2.29402333e-05
2.30657929e-05
2.31371476e-05
2.30875945e-05
2.30619675e-05
2.30141398e-05
2.29493177e-05
1.143977e-05
1.13807193e-05
1.13350568e-05
1.14048239e-05
2.29535233e-05
2.29873536e-05
2.30168468e-05
2.30207419e-05
2.30338507e-05
2.29889123e-05
2.29320526e-05
1.1466802e-05
1.14116395e-05
1.13959487e-05
1.14122366e-05
1.14223828e-05
1.1509377e-05
2.30428208e-05
2.30182743e-05
2.30082702e-05
2.30213131e-05
2.29905885e-05
2.29235047e-05
2.29347234e-05
1.14222702e-05
1.1341922e-05
5.7237844e-05
6.88440398e-05
6.89989726e-05
6.90376326e-05
6.90318032e-05
6.89725277e-05
6.88670698e-05
6.88975736e-05
5.75616414e-05
5.74169557e-05
5.71530624e-05
5.7133418e-05
5.71596757e-05
5.73293576e-05
6.9415533e-05
6.90402324e-05
6.90759522e-05
6.91208015e-05
6.91326193e-05
6.90403195e-05
6.8932539e-05
5.8917752e-05
5.79471779e-05
5.54184962e-05
5.80134185e-05
6.89642903e-05
6.89903542e-05
6.90439826e-05
6.9041035e-05
6.89741264e-05
6.8993178e-05
6.94361742e-05
5.73190031e-05
5.72013873e-05
5.71275871e-05
5.7198358e-05
5.72286804e-05
5.73902075e-05
6.88073216e-05
6.89050664e-05
6.91043106e-05
6.91396946e-05
6.90500188e-05
6.8914907e-05
6.87992779e-05
5.72211486e-05
5.71515894e-05
0.000103564757
0.000115509535
0.000115375776
0.000115333376
0.000115244674
0.000115092936
0.000115016323
0.000103456675
0.000103388059
0.000103205354
0.000104627432
0.000105379801
0.000103065388
0.000103243199
0.000103302583
0.000114895321
0.000115114207
0.000115293609
0.000115299253
0.000115156721
0.000115588771
0.000103392359
0.000102816016
0.000103246585
0.000115306295
0.000115042132
0.000115243741
0.000115276339
0.000115140812
0.000114884238
0.000103405777
0.000103267849
0.00010296587
0.000104667282
0.000105584601
0.000103168041
0.000103121916
0.000103180714
0.0001152042
0.000115416342
0.000115399363
0.000115356428
0.000115164523
0.000115301503
0.000103743176
0.000100693831
0.000147333809
0.000150367937
0.000162578917
0.000161940838
0.000161731996
0.000161344297
0.000162012286
0.000149529786
0.000149358583
0.000150970872
0.000149975906
0.00014911454
0.00015083139
0.000151644129
0.000149547531
0.000149643882
0.000161407572
0.0001617873
0.000161807995
0.000161492695
0.000149481863
0.000149660609
0.000149346385
0.000149670446
0.000161327426
0.000161764989
0.000161875028
0.000161526188
0.000149840941
0.000149538257
0.000150631206
0.000150413687
0.000149735779
0.00014904818
0.000151133742
0.000150696644
0.000149182309
0.000162355233
0.000161673123
0.000161883443
0.000161989645
0.000162385928
0.000151006914
0.000149731177
0.00019485716
0.000198039059
0.000209367065
0.00020982017
0.00020931844
0.000196170113
0.000197228325
0.000197142997
0.000194252119
0.000192335442
0.000191713933
0.000193704023
0.000195309429
0.000197017966
0.000197987988
0.000196756381
0.000209322482
0.000209897821
0.000210452177
0.000196722594
0.000192913301
0.000195951332
0.000209971845
0.000209523577
0.00020913024
0.000196793544
0.000196514278
0.000197885981
0.000195784798
0.000193978158
0.000192503402
0.00019200591
0.000193225039
0.000194995097
0.000196483533
0.000196021877
0.00020939615
0.000209981941
0.00020942458
0.000198542692
0.000197739376
0.000240228361
0.000244974503
0.000245747884
0.000246369907
0.000244550286
0.000240520038
0.000241943354
0.000245330792
0.000245858924
0.000246767964
0.000245318231
0.000242863235
0.000245745417
0.000245713738
0.000245464812
0.000244388169
0.000241173346
0.00023932427
0.000243254452
0.000245242839
0.000246534191
0.000244947372
0.000242656274
-0.000262612276
-0.000264754181
-0.000264624704
-0.000261625267
-0.000264337507
-0.0002654412
-0.000263526675
-0.000264450502
-0.000264197061
-0.000262948959
-0.00026463582
-0.000264384396
-0.000220402504
-0.000209328076
-0.000209597984
-0.000209818704
-0.000222111003
-0.000219160937
-0.000216300723
-0.0002203976
-0.000221004306
-0.000208933603
-0.000209541778
-0.00020997232
-0.000218334705
-0.000216047279
-0.000209925369
-0.000209717378
-0.000209235241
-0.000220395284
-0.000221228919
-0.000217326698
-0.000216827932
-0.000222002404
-0.000209848232
-0.000209608128
-0.000209495912
-0.000220891317
-0.000217284688
-0.000172834949
-0.000161909667
-0.00016177689
-0.000161705027
-0.000161456016
-0.000173217226
-0.000173930344
-0.000172688205
-0.000170407259
-0.000173267714
-0.000174452833
-0.000162059025
-0.000161546462
-0.000161539236
-0.000161373882
-0.000173506926
-0.000172619611
-0.000172995922
-0.000161395878
-0.000161701695
-0.000161710562
-0.000161811483
-0.000173004071
-0.000173922953
-0.000172137547
-0.000171271811
-0.000173120642
-0.000173078192
-0.00016155058
-0.00016189555
-0.000161960527
-0.000162120039
-0.00017401713
-0.000170193714
-0.000124451456
-0.000115191219
-0.000114942889
-0.000115164386
-0.000115204876
-0.000115205263
-0.000115594949
-0.000126493253
-0.000128101992
-0.000126191816
-0.000125903664
-0.000127973017
-0.000115166141
-0.000114981694
-0.000115052721
-0.000115048551
-0.000115052919
-0.000115453842
-0.000126761875
-0.000126600473
-0.000115154533
-0.000115065606
-0.000115123983
-0.000115106913
-0.00011492664
-0.000115056675
-0.000126296864
-0.000126646096
-0.000126479429
-0.00012468715
-0.000127233659
-0.000128141342
-0.000115438898
-0.000115254017
-0.000115319618
-0.000115282709
-0.000115016902
-0.000114908632
-0.000126696089
-8.02708411e-05
-6.99945067e-05
-6.8899742e-05
-6.89558859e-05
-6.9006684e-05
-6.90224789e-05
-6.90127086e-05
-8.05375056e-05
-8.03545149e-05
-8.00927692e-05
-7.98148865e-05
-8.03403819e-05
-8.09983462e-05
-8.04051334e-05
-6.88278634e-05
-6.89796177e-05
-6.90217748e-05
-6.89762021e-05
-6.89626443e-05
-6.894015e-05
-8.03769439e-05
-7.99999265e-05
-8.0470937e-05
-6.88874876e-05
-6.89728537e-05
-6.90042966e-05
-6.90101782e-05
-6.89601797e-05
-6.8743942e-05
-8.02016259e-05
-8.11201012e-05
-7.97928153e-05
-7.79321604e-05
-7.99977367e-05
-8.00491972e-05
-8.03007618e-05
-6.88487214e-05
-6.89331478e-05
-6.89965734e-05
-6.89621428e-05
-6.88396224e-05
-6.95381249e-05
-8.05006875e-05
-3.42355888e-05
-2.29244789e-05
-2.29510786e-05
-2.29781512e-05
-2.30110909e-05
-2.30280978e-05
-2.30273335e-05
-3.45139785e-05
-3.45894188e-05
-3.56175213e-05
-3.47436981e-05
-3.43776131e-05
-3.42069442e-05
-3.4546173e-05
-2.29196345e-05
-2.29233909e-05
-2.29603022e-05
-2.2971128e-05
-2.29854115e-05
-2.30183642e-05
-3.59323561e-05
-3.53211206e-05
-3.48484575e-05
-2.30103458e-05
-2.30005535e-05
-2.29956656e-05
-2.29731104e-05
-2.29461565e-05
-2.29398571e-05
-3.45535056e-05
-3.44718264e-05
-3.42792266e-05
-3.41771447e-05
-3.23469623e-05
-3.42758579e-05
-3.53240064e-05
-3.43633662e-05
-2.29001704e-05
-2.29517737e-05
-2.29678122e-05
-2.29519097e-05
-2.28903509e-05
-2.28405956e-05
-3.43030527e-05
1.13867673e-05
2.29073585e-05
2.29321291e-05
2.2960179e-05
2.29899776e-05
2.29967932e-05
2.29562395e-05
1.14083553e-05
1.14072957e-05
1.22306847e-05
1.13739066e-05
1.14471332e-05
1.14301743e-05
1.17184221e-05
2.30606107e-05
2.30693569e-05
2.30538072e-05
2.30243704e-05
2.302772e-05
2.3075719e-05
1.14984663e-05
1.21555017e-05
9.76107482e-06
1.13327147e-05
2.31387029e-05
2.30610663e-05
2.29966648e-05
2.2972387e-05
2.29840516e-05
2.29470089e-05
1.15026534e-05
1.14482534e-05
1.13088544e-05
1.15163274e-05
1.10983399e-05
1.16850825e-05
1.28402724e-05
1.15194978e-05
2.29462069e-05
2.30044673e-05
2.30041502e-05
2.29786493e-05
2.29230923e-05
2.2888522e-05
1.14280557e-05
5.7101214e-05
6.97928915e-05
6.89082478e-05
6.90059955e-05
6.90536906e-05
6.9044185e-05
6.8943792e-05
5.73420805e-05
5.72876648e-05
5.75209978e-05
5.8058561e-05
5.71177397e-05
5.8282413e-05
5.76336982e-05
6.90627486e-05
6.92423739e-05
6.91704368e-05
6.90729238e-05
6.9038102e-05
6.89376301e-05
5.80968709e-05
5.7391494e-05
5.8451441e-05
6.90927675e-05
6.90688335e-05
6.90062173e-05
6.89960777e-05
6.90367112e-05
6.89345222e-05
5.74517892e-05
5.91652265e-05
5.72883008e-05
5.66843203e-05
5.7293426e-05
5.73848404e-05
5.74401629e-05
6.90804943e-05
6.90366691e-05
6.90433818e-05
6.89844216e-05
6.88632084e-05
6.95739124e-05
5.69423148e-05
0.000102234045
0.000115206009
0.000115111958
0.000115348458
0.000115390758
0.000115253212
0.000115573221
0.000103313268
0.000104979053
0.000102993618
0.000100974073
0.000102062436
0.00010329119
0.000103280937
0.000115358644
0.000115237635
0.000115255709
0.00011521048
0.00011511873
0.00011548068
0.000103143996
0.00010132482
0.000103852374
0.000115394006
0.000115142263
0.00011507926
0.000115089553
0.000115098879
0.000115338534
0.000103362452
0.000103212837
0.000103479447
0.000102735084
0.000103767042
0.000103788277
0.000115748202
0.000115276477
0.000115333987
0.000115282146
0.000115038369
0.000114854379
0.000103928606
0.00014960574
0.000162230176
0.000161973953
0.000161899996
0.000161536548
0.000149893145
0.000149534414
0.000150049274
0.00014791165
0.000148708032
0.000150999537
0.000149750002
0.000162136158
0.000161798195
0.000161691219
0.000161264569
0.000151043831
0.000151063616
0.000147187081
0.000150460544
0.000161207818
0.000161478337
0.000161677056
0.000162254865
0.00014994959
0.000151449134
0.000150024936
0.000147024647
0.000149660345
0.000150814859
0.000149887345
0.000161493361
0.000161851469
0.00016196851
0.000162303998
0.000150593893
0.000149580149
0.00019404561
0.000197944348
0.000209380854
0.000209488858
0.000209613098
0.000196450109
0.000197012234
0.000193620219
0.000194922329
0.000197115774
0.000196694555
0.000209173059
0.000209831906
0.000209975036
0.00019571375
0.000192938001
0.000195018437
0.000209324668
0.00020939821
0.000209159116
0.000197058623
0.000197919176
0.000196465417
0.000193613031
0.000196520459
0.000197667562
0.000209885345
0.000209559021
0.000209504543
0.000198503645
0.000197334565
0.000239587924
0.000244866477
0.000245689676
0.000245642216
0.000244303944
0.000240213392
0.000244473535
0.00024549957
0.000246626794
0.000245344914
0.000241918083
0.00024585169
0.000245871977
0.000244917714
0.000242223913
0.000242360303
0.000246391916
0.000245630738
0.000245316616
0.000242515105
-0.000260923658
-0.000264417542
-0.000264967553
-0.00026171895
-0.000264540937
-0.000264761815
-0.000262842531
-0.00026471129
-0.000264217007
-0.000263143713
-0.000264955474
-0.000264233817
-0.000218171312
-0.000208447698
-0.000209343363
-0.00020973712
-0.000222012397
-0.000218790286
-0.000219479023
-0.000220928457
-0.000209470442
-0.000209722108
-0.000222158492
-0.000218816421
-0.000220856161
-0.000209211793
-0.00020928014
-0.000220603848
-0.000221074664
-0.000217268768
-0.000216001931
-0.000221606357
-0.00021014209
-0.000209700956
-0.000208702705
-0.000219375998
-0.000160493756
-0.000161167588
-0.000161389606
-0.000161169532
-0.000172823115
-0.000173006808
-0.000172932095
-0.000173548593
-0.000174094996
-0.000161974216
-0.000161964415
-0.000162123053
-0.000162688825
-0.000174467956
-0.00017141784
-0.000174715573
-0.000162469005
-0.000161842037
-0.00016183739
-0.000162340615
-0.000173365213
-0.000173830342
-0.000170356104
-0.000173332125
-0.000172902538
-0.000161348532
-0.000161606156
-0.000161390727
-0.000160409034
-0.00011497911
-0.000115091293
-0.000115022071
-0.000115009709
-0.000115431876
-0.000126463464
-0.000126614086
-0.000123715424
-0.000126281562
-0.000126321612
-0.000115153011
-0.000115014603
-0.00011526761
-0.00011535367
-0.000115350108
-0.000115480935
-0.000127221628
-0.000126510722
-0.000115538577
-0.000115313957
-0.000115239005
-0.000115244888
-0.000115165362
-0.000115190352
-0.000126433656
-0.000126092253
-0.000126169386
-0.000127961411
-0.000115426398
-0.00011507345
-0.000115113517
-0.000115067582
-0.000114788069
-6.89074627e-05
-6.90581191e-05
-6.90261332e-05
-6.90228697e-05
-6.89933586e-05
-8.03854267e-05
-8.13619597e-05
-8.04550093e-05
-8.01503557e-05
-8.18273156e-05
-6.98887594e-05
-6.89261402e-05
-6.89892146e-05
-6.90478246e-05
-6.90469356e-05
-6.89676253e-05
-8.02893518e-05
-7.99437922e-05
-8.00032739e-05
-6.89184269e-05
-6.90400304e-05
-6.9030961e-05
-6.89994799e-05
-6.89542254e-05
-6.97794162e-05
-8.0435903e-05
-8.0703251e-05
-7.95716368e-05
-7.78785899e-05
-8.08416017e-05
-8.01401293e-05
-6.8975396e-05
-6.89872528e-05
-6.89861868e-05
-6.89490358e-05
-6.87184486e-05
-2.29258918e-05
-2.29837775e-05
-2.30207967e-05
-2.30409723e-05
-2.30276447e-05
-3.4486869e-05
-3.45002248e-05
-3.42763465e-05
-3.43315247e-05
-3.43937787e-05
-2.29439765e-05
-2.29531827e-05
-2.29841241e-05
-2.30158134e-05
-2.30411626e-05
-2.30346047e-05
-3.45239844e-05
-3.51539958e-05
-3.45509096e-05
-2.30702464e-05
-2.30412416e-05
-2.30239821e-05
-2.29962346e-05
-2.29710627e-05
-2.29311028e-05
-3.44561906e-05
-3.44184298e-05
-3.53935377e-05
-3.42125592e-05
-3.41790761e-05
-3.43472486e-05
-2.29664619e-05
-2.29806444e-05
-2.29733826e-05
-2.29465311e-05
-2.28917699e-05
2.28890761e-05
2.29641066e-05
2.29839254e-05
2.29739922e-05
2.29275899e-05
1.1434422e-05
1.14166267e-05
1.13479814e-05
1.02768281e-05
1.14924145e-05
1.15871921e-05
2.29849095e-05
2.29486434e-05
2.30163209e-05
2.30743779e-05
2.30899178e-05
2.30963709e-05
1.15178939e-05
1.18242729e-05
9.79616448e-06
1.18080965e-05
2.30681707e-05
2.31191442e-05
2.30794574e-05
2.29995764e-05
2.29210099e-05
2.28477017e-05
1.14540838e-05
1.14057736e-05
1.20114956e-05
1.14625777e-05
1.1277186e-05
1.14287811e-05
2.30160442e-05
2.30334141e-05
2.29874471e-05
2.29313246e-05
2.28529655e-05
6.88202176e-05
6.90214121e-05
6.90346118e-05
6.90049929e-05
6.89217589e-05
5.74482178e-05
5.90591937e-05
5.70674394e-05
5.71455093e-05
5.76083532e-05
7.01199643e-05
6.90166966e-05
6.90661576e-05
6.91083604e-05
6.91023951e-05
6.89929403e-05
5.73989959e-05
5.73702426e-05
5.73522609e-05
6.89928495e-05
6.91231201e-05
6.9109845e-05
6.90305767e-05
6.89056246e-05
6.95936436e-05
5.73369961e-05
5.72052816e-05
5.75044737e-05
5.68302254e-05
5.76196493e-05
5.73512203e-05
6.9038284e-05
6.90416734e-05
6.8974294e-05
6.88933344e-05
6.86718311e-05
0.000114817487
0.000115136185
0.000115194294
0.000115165947
0.000115550464
0.000103476067
0.000103121747
0.000103367585
0.000103542639
0.000104666204
0.000115486522
0.000115172382
0.000115335855
0.000115371359
0.000115375925
0.000115524268
0.000104063383
0.000101404889
0.000103716862
0.000115635837
0.000115365746
0.00011532893
0.000115282415
0.000115079902
0.000115061619
0.000103279134
0.000104218357
0.000100978911
0.000103280102
0.000103400515
0.000115714475
0.00011520597
0.000115093211
0.000114955807
0.000114674321
0.000160426084
0.000161284742
0.000161586616
0.000161369229
0.000149876177
0.000151840879
0.000150579388
0.000147013044
0.000149406649
0.000149701347
0.000162173034
0.000161830855
0.000162005041
0.00016243918
0.000151491651
0.000149974036
0.000147517052
0.000150778499
0.000162683308
0.000162046756
0.000161827741
0.000161889001
0.000149818487
0.00015086402
0.000149425871
0.000147903953
0.000151142367
0.000149954018
0.00016158795
0.000161620835
0.000161166592
0.000160338821
0.000196514141
0.000208305947
0.000209301325
0.000209562632
0.000196249159
0.000195416802
0.000192772177
0.000194330519
0.000197714598
0.000196626488
0.000209333874
0.000209570932
0.000198315055
0.000197584177
0.000195205739
0.000198389508
0.000209610428
0.000209278765
0.000196566986
0.000197436746
0.000197387234
0.00019509
0.000197100209
0.000209990644
0.000209618681
0.000208628873
0.000196599097
0.000237266697
0.000243046727
0.00024511823
0.000245452733
0.000244617172
0.000238996843
0.00024418021
0.000245456382
0.000245884114
0.000243192785
0.000241046762
0.000245519127
0.000245758642
0.000245020689
0.000242125807
0.000242049387
0.000245746159
0.000245986647
0.000244781405
0.000241442931
-0.000265137346
-0.000266341918
-0.000262909523
-0.00026466501
-0.000264098851
-0.000262774475
-0.000264447327
-0.000264691525
-0.000265260407
-0.000266760531
-0.000208335231
-0.00020879354
-0.000221153808
-0.000218893376
-0.000220879304
-0.000222152849
-0.000209519055
-0.000209464836
-0.00022134571
-0.00021890708
-0.000220879467
-0.000209596794
-0.000209493941
-0.000220856378
-0.000221161342
-0.000218090134
-0.000216525807
-0.000221368049
-0.000209119923
-0.000208435284
-0.000161181522
-0.000161121811
-0.000161519159
-0.000173357502
-0.000172519283
-0.000173479933
-0.000174962984
-0.000162596743
-0.000162135371
-0.000162150733
-0.000162586391
-0.000174639524
-0.000172387231
-0.000173143586
-0.000162296979
-0.000162056072
-0.000162020499
-0.000162412261
-0.000173353379
-0.000174385707
-0.0001708446
-0.000172524453
-0.000161800869
-0.000161342805
-0.000161256802
-0.000115100251
-0.000115084645
-0.000115561415
-0.000126188075
-0.000126510147
-0.000123868852
-0.000125449147
-0.000126833708
-0.000115368262
-0.000115309161
-0.00011539803
-0.000115396403
-0.000115291706
-0.000115415395
-0.000127023101
-0.000123713716
-0.000126233058
-0.000115424911
-0.000115234274
-0.000115382864
-0.000115320669
-0.000115242991
-0.000115311873
-0.000126659075
-0.000126917136
-0.0001263302
-0.000127645519
-0.000115810667
-0.000115314816
-0.000115142811
-6.90607392e-05
-6.90807952e-05
-6.90639984e-05
-8.05679727e-05
-8.13775546e-05
-8.07683963e-05
-8.09505831e-05
-8.02973846e-05
-6.88278495e-05
-6.9003014e-05
-6.90767233e-05
-6.90800092e-05
-6.90096604e-05
-6.8916175e-05
-8.09012947e-05
-8.02891872e-05
-7.79905163e-05
-8.11519068e-05
-6.89254974e-05
-6.90188393e-05
-6.9066908e-05
-6.90742235e-05
-6.90306616e-05
-6.88679531e-05
-8.04040631e-05
-8.00957253e-05
-7.82096643e-05
-8.11225028e-05
-8.04382184e-05
-6.90391201e-05
-6.91503599e-05
-6.90354633e-05
-2.29991295e-05
-2.29880304e-05
-2.30109054e-05
-3.45879167e-05
-3.45084998e-05
-3.41127077e-05
-3.4592166e-05
-3.44701454e-05
-2.30417179e-05
-2.29999016e-05
-2.30302785e-05
-2.30342453e-05
-2.30252539e-05
-2.30239525e-05
-3.44020839e-05
-3.42031896e-05
-3.43045799e-05
-3.42639347e-05
-2.30345718e-05
-2.3006268e-05
-2.30237607e-05
-2.3056979e-05
-2.3086928e-05
-2.30619539e-05
-3.44634782e-05
-3.43927555e-05
-3.43493781e-05
-3.39130851e-05
-3.42039915e-05
-3.44424809e-05
-2.29743998e-05
-2.299617e-05
-2.29679961e-05
2.29544905e-05
2.2985968e-05
2.29772456e-05
1.14349955e-05
1.14054646e-05
1.13521457e-05
1.15174318e-05
1.13345479e-05
2.30393162e-05
2.31289436e-05
2.31184918e-05
2.30793924e-05
2.30187553e-05
2.30050936e-05
1.14428787e-05
1.14175849e-05
1.13472906e-05
1.14195679e-05
2.31110887e-05
2.30894197e-05
2.30884256e-05
2.30787427e-05
2.30451045e-05
2.29880913e-05
1.1384925e-05
1.13344188e-05
1.14203272e-05
1.12717206e-05
1.14610541e-05
1.14901724e-05
2.29560092e-05
2.29489958e-05
2.29578981e-05
6.900262e-05
6.90960552e-05
6.9072855e-05
5.74654249e-05
5.85910819e-05
5.78694959e-05
5.72333479e-05
5.73876806e-05
6.89527373e-05
6.91417667e-05
6.91713396e-05
6.91485198e-05
6.9080061e-05
6.89394598e-05
5.85945086e-05
5.7055593e-05
5.68141793e-05
5.81013607e-05
6.90752912e-05
6.91034098e-05
6.91429361e-05
6.91218553e-05
6.903576e-05
6.88730754e-05
5.73254419e-05
5.71799749e-05
5.6907183e-05
5.53531584e-05
5.79896292e-05
5.75282315e-05
6.89726015e-05
6.8983395e-05
6.89656466e-05
0.000115076135
0.000115245898
0.000115942176
0.000103471725
0.000103115467
0.000102938517
0.000104264132
0.00010496185
0.000115505289
0.000115327491
0.000115427219
0.000115482147
0.000115380247
0.000115454419
0.000103933094
0.000103566088
0.000103390707
0.000115468567
0.000115453582
0.000115514434
0.0001154138
0.000115320785
0.000115422944
0.000103485127
0.000103894347
0.000103163166
0.000103447613
0.000115660151
0.00011508602
0.00011506545
0.000161135224
0.000161135778
0.000161821221
0.000149383501
0.000150581143
0.000146804267
0.000149915279
0.000149985244
0.000162546426
0.000162048117
0.000162129733
0.000162503343
0.000150854153
0.00015024456
0.000148304198
0.000149922292
0.0001628929
0.000162258895
0.000162175813
0.00016271113
0.000150243948
0.000150646416
0.000149700508
0.000148635423
0.000150394375
0.000161759998
0.000161189388
0.000161214233
0.00020815344
0.00020865868
0.000196099436
0.000196540233
0.00019264333
0.000194580716
0.000197320786
0.00019715025
0.000209450106
0.000209525126
0.000198414599
0.000197963124
0.000192600837
0.00019440535
0.00019902387
0.000209734593
0.000209660901
0.000197698771
0.000198864558
0.000197206986
0.000196100619
0.000197642637
0.00020901355
0.000208437159
0.000245736567
0.000246816075
0.0002445258
0.000240562934
0.000245459099
0.0002456351
0.000245575773
0.000242935102
0.000240796506
0.000245157502
0.000245896472
0.000245617034
0.000242609022
0.000242997041
0.000246965087
0.000248458803
-0.000261024697
-0.000262942324
-0.000264745345
-0.000264659095
-0.000263217697
-0.000265130309
-0.000264580654
-0.000221052144
-0.000219379589
-0.000220851819
-0.000209369475
-0.000209418302
-0.000209552197
-0.000208710729
-0.000219501709
-0.000217344477
-0.000208569884
-0.000209517581
-0.000209677361
-0.000209787787
-0.000221753222
-0.000219245709
-0.000217022941
-0.000220476735
-0.000162284402
-0.000174045701
-0.000172411129
-0.000173940576
-0.000172953489
-0.000161383816
-0.000161943098
-0.000161901128
-0.000161303922
-0.000162042302
-0.00017313333
-0.000170489403
-0.000172029369
-0.00016192263
-0.000161354417
-0.00016189319
-0.000161894726
-0.000161346385
-0.000172850356
-0.000173542854
-0.0001707922
-0.000169703289
-0.000172776584
-0.000162355426
-0.00011604415
-0.000126573387
-0.000126867321
-0.000123696357
-0.000126729731
-0.000127203359
-0.000115586683
-0.000115166568
-0.000115304702
-0.000115289944
-0.000115005678
-0.000114797243
-0.000127624725
-0.00012625337
-0.00012592693
-0.000124517621
-0.000124135436
-0.000125644912
-0.000126620664
-0.000114953203
-0.000115096733
-0.000115306021
-0.000115323761
-0.00011519688
-0.00011536592
-0.000126528056
-0.000127070523
-0.000126862336
-0.000128619435
-0.000116184895
-6.91862371e-05
-8.07204454e-05
-8.19228327e-05
-8.11733054e-05
-7.9909584e-05
-8.0352424e-05
-6.89560663e-05
-6.90560571e-05
-6.90729328e-05
-6.9039524e-05
-6.89451554e-05
-6.88419195e-05
-6.93662573e-05
-8.09886688e-05
-8.02453259e-05
-7.96909516e-05
-7.94273153e-05
-7.99336005e-05
-8.07459787e-05
-6.93217479e-05
-6.8883382e-05
-6.90341016e-05
-6.908115e-05
-6.90919589e-05
-6.90426514e-05
-6.89219559e-05
-8.04605051e-05
-8.01614932e-05
-7.9741262e-05
-8.09464374e-05
-8.08560083e-05
-6.91935244e-05
-2.30234402e-05
-2.28718613e-05
-3.44420319e-05
-3.42672277e-05
-3.5548931e-05
-3.43912674e-05
-2.31648919e-05
-2.31156582e-05
-2.30484037e-05
-2.3010079e-05
-2.29740851e-05
-2.28971586e-05
-2.29752003e-05
-3.59006462e-05
-3.45023107e-05
-3.42919137e-05
-3.42320869e-05
-3.44226411e-05
-3.48819477e-05
-2.29285651e-05
-2.29054498e-05
-2.29875464e-05
-2.30185492e-05
-2.30238654e-05
-2.3033103e-05
-2.31312301e-05
-3.46331898e-05
-3.56827235e-05
-3.42830044e-05
-3.3969419e-05
-3.42892009e-05
-2.2903815e-05
-2.29669783e-05
2.29655194e-05
2.29448135e-05
1.14924271e-05
1.13585399e-05
1.21788308e-05
1.1626516e-05
2.32215561e-05
2.31442712e-05
2.3085958e-05
2.30330279e-05
2.29663187e-05
2.28912048e-05
2.29612172e-05
1.14735697e-05
1.1328349e-05
1.1429376e-05
1.13963815e-05
1.14847798e-05
1.13455975e-05
2.29391558e-05
2.29736263e-05
2.30495667e-05
2.31011418e-05
2.31584075e-05
2.32043085e-05
2.31566962e-05
1.14521283e-05
1.3230076e-05
1.1626255e-05
1.13781067e-05
1.14467688e-05
2.28691524e-05
2.3023729e-05
6.90869869e-05
5.75422479e-05
5.74659861e-05
5.77579308e-05
5.75936533e-05
5.75661223e-05
6.9074908e-05
6.91210525e-05
6.91511146e-05
6.91070427e-05
6.90176115e-05
6.8909223e-05
6.94581109e-05
5.8109961e-05
5.71753367e-05
5.7054407e-05
5.69700022e-05
5.71485149e-05
5.82911789e-05
6.94268244e-05
6.88979268e-05
6.91145486e-05
6.92048716e-05
6.92245724e-05
6.91510941e-05
6.89845598e-05
5.73581861e-05
5.75492582e-05
5.72660408e-05
5.50660027e-05
5.71589001e-05
5.73869354e-05
6.9133944e-05
0.000116021067
0.000103611395
0.000104485672
0.000102941057
0.00010378979
0.000105217997
0.000115607158
0.000115340635
0.000115419318
0.000115359459
0.000115137023
0.000114960787
0.000103337199
0.000104196083
0.000102839253
0.000102494685
0.00010164697
0.000102279261
0.000103026767
0.000103948359
0.00011487515
0.000115264388
0.000115465619
0.000115503085
0.00011528143
0.000115423809
0.000103432218
0.000103834726
0.000101256498
0.000103801186
0.000103466141
0.000116213119
0.000162291786
0.000149513854
0.000150210009
0.000147396478
0.000149953712
0.000149908714
0.000161581542
0.000162004989
0.000161900455
0.000161404993
0.000161933414
0.000150758093
0.000148991251
0.000147337886
0.000147805823
0.000149836833
0.000162057024
0.000161514256
0.00016204656
0.000162181817
0.000161513029
0.00014971049
0.000151491077
0.00014988986
0.000149288579
0.000150422352
0.000162492803
0.000196673611
0.000196158161
0.000193368536
0.000194984991
0.000197180393
0.000209656334
0.00020947283
0.000209421882
0.000208583031
0.000196769609
0.000194081586
0.000193636159
0.000197381138
0.000208593468
0.00020963227
0.000209955546
0.00020979839
0.000196262645
0.000196878662
0.00019621538
0.000197254965
0.00024376982
0.000239242606
0.000241603627
0.000245806529
0.000245876161
0.000245395525
0.000243816349
0.000239014756
0.000240442849
0.000245524591
0.000246183081
0.000246161562
0.000244254831
0.000242156149
-0.0002628331
-0.000263756686
-0.000264256534
-0.000262879808
-0.000261221759
-0.000264466129
-0.000264742625
-0.000265092931
-0.000215831465
-0.000221711625
-0.000221946876
-0.000208466731
-0.000208295223
-0.000208653072
-0.000208649784
-0.000220216526
-0.000218194924
-0.000217513785
-0.000219227765
-0.000208592972
-0.000208749167
-0.000208284283
-0.00020878198
-0.000220903978
-0.000221906988
-0.00021837728
-0.000172755349
-0.000172461543
-0.000172990485
-0.000162195484
-0.000161630962
-0.000161588578
-0.000161353912
-0.000161188468
-0.000160969001
-0.000160408138
-0.000160374627
-0.000160987762
-0.000161407058
-0.000161477484
-0.000161569497
-0.000161695359
-0.000162337889
-0.000173314716
-0.000173003511
-0.000172181915
-0.000169726075
-0.000126486405
-0.000124605472
-0.000126600833
-0.000127592185
-0.00011536287
-0.000115163724
-0.000115163415
-0.000115167832
-0.0001150649
-0.000114957139
-0.00011500205
-0.000114893235
-0.000114900973
-0.00011503037
-0.000115086773
-0.000115101941
-0.000115175844
-0.000115219827
-0.000115217464
-0.000115398392
-0.00012658796
-0.000126447009
-0.000123547011
-0.000127061393
-8.23970368e-05
-8.10685648e-05
-8.02796024e-05
-8.04134302e-05
-6.8939024e-05
-6.89665453e-05
-6.90336716e-05
-6.89949588e-05
-6.89921519e-05
-6.89326382e-05
-6.88473976e-05
-6.88280475e-05
-6.88416232e-05
-6.88362883e-05
-6.89336321e-05
-6.89870705e-05
-6.89989447e-05
-6.90771523e-05
-6.90376805e-05
-6.89844936e-05
-8.05736216e-05
-8.05695667e-05
-8.05039983e-05
-7.85160889e-05
-8.10602641e-05
-3.46471407e-05
-3.4383767e-05
-3.21379432e-05
-3.52822017e-05
-3.47170089e-05
-2.31010867e-05
-2.29738472e-05
-2.30007326e-05
-2.30032984e-05
-2.30108909e-05
-2.3017184e-05
-2.29407109e-05
-2.28874124e-05
-2.28865651e-05
-2.29323284e-05
-2.29887508e-05
-2.29872787e-05
-2.29856922e-05
-2.30164352e-05
-2.30316399e-05
-2.30838688e-05
-3.4515123e-05
-3.60031953e-05
-3.50417264e-05
-3.42095942e-05
-3.4491833e-05
1.13930226e-05
1.14421282e-05
1.110923e-05
1.131178e-05
1.15184197e-05
2.31677166e-05
2.30233462e-05
2.30164289e-05
2.29988021e-05
2.29973018e-05
2.29728865e-05
2.28978016e-05
2.28628418e-05
2.28599249e-05
2.28903331e-05
2.29914726e-05
2.30064202e-05
2.3028326e-05
2.30387077e-05
2.30449258e-05
2.32262501e-05
1.16710403e-05
1.1601738e-05
1.123724e-05
1.12979925e-05
1.15274372e-05
5.77051412e-05
5.71910025e-05
5.85584307e-05
5.75695922e-05
6.90331786e-05
6.90824621e-05
6.91174466e-05
6.90394095e-05
6.90373539e-05
6.89293171e-05
6.87722421e-05
6.87952125e-05
6.87854132e-05
6.87579697e-05
6.89180993e-05
6.90176635e-05
6.90343972e-05
6.91624181e-05
6.91435519e-05
6.91228357e-05
5.7722085e-05
5.86156345e-05
5.79490598e-05
5.68300088e-05
5.72812721e-05
0.000104507519
0.000103473301
0.000102821003
0.0001034515
0.000115555124
0.000115301512
0.00011528766
0.000115213016
0.000115129449
0.000114989199
0.000114904798
0.000114814515
0.000114779119
0.000114876887
0.000115013137
0.000115090642
0.000115200918
0.000115330698
0.000115419374
0.000115605438
0.000103620504
0.0001029885
0.000102773845
0.000104209203
0.000150089829
0.000148257934
0.00015101369
0.00014991471
0.00016232622
0.000161587036
0.000161546466
0.00016146937
0.000161250776
0.000160860034
0.000160355
0.000160313323
0.00016078971
0.000161336371
0.000161467302
0.000161615842
0.000161759741
0.000162515377
0.00015022058
0.000151120539
0.000150468683
0.000149743212
0.000194888078
0.00019502611
0.000198108653
0.000197044736
0.000208405595
0.000208270277
0.000208746442
0.000208642151
0.000197711402
0.000196524174
0.000196468828
0.000197238191
0.000208485927
0.000208693913
0.00020833266
0.000208738723
0.000197320876
0.000198585365
0.000196229488
0.000192356909
0.000240979955
0.000244918637
0.00024466043
0.000245004893
0.000243878265
0.000243595424
0.000239403396
0.000237420887
0.00023692465
0.000238381301
0.000241206676
0.000243862912
0.000244827972
0.000243536784
0.000245083858
0.000243278248
-0.00026234187
-0.000265487019
-0.00026319489
-0.000263353823
-0.000262749146
-0.000264085754
-0.000264633482
-0.000264290014
-0.000262816656
-0.000219325441
-0.000221071734
-0.000219829468
-0.000209533735
-0.000207394384
-0.000207025791
-0.000206993723
-0.000207469135
-0.000209359333
-0.000220407103
-0.000221303333
-0.000219964926
-0.000217720189
-0.000173678497
-0.000174506042
-0.000162361134
-0.000161406221
-0.000161306209
-0.000161192411
-0.000160956474
-0.000160941813
-0.000161155603
-0.000161328189
-0.000161348728
-0.00016221112
-0.000173103863
-0.000174344107
-0.000170832738
-0.000126643645
-0.000126986682
-0.000126612178
-0.000115250094
-0.000115199652
-0.000115046753
-0.000115092458
-0.000115027298
-0.000115022495
-0.000115095708
-0.000115073614
-0.000115104449
-0.000115054692
-0.000126678995
-0.000126588414
-0.000127028312
-8.01637266e-05
-8.03648478e-05
-6.95495033e-05
-6.90399385e-05
-6.90033751e-05
-6.89749576e-05
-6.89228857e-05
-6.88900204e-05
-6.88885761e-05
-6.89300055e-05
-6.89922375e-05
-6.89906462e-05
-6.89869725e-05
-6.95927803e-05
-8.0566873e-05
-8.02018558e-05
-8.01889842e-05
-3.21397711e-05
-3.54706224e-05
-3.43880475e-05
-2.30375185e-05
-2.30762255e-05
-2.30055027e-05
-2.30083795e-05
-2.29738963e-05
-2.29548052e-05
-2.29552659e-05
-2.29653022e-05
-2.2993757e-05
-2.29747705e-05
-2.29971146e-05
-2.30355377e-05
-3.45695566e-05
-3.56350344e-05
-3.48118186e-05
1.10027558e-05
1.21425419e-05
1.15232013e-05
2.30025249e-05
2.30319289e-05
2.29761523e-05
2.29768987e-05
2.29346487e-05
2.29221124e-05
2.29277725e-05
2.29387758e-05
2.29768245e-05
2.29939394e-05
2.30589292e-05
2.29998327e-05
1.14472115e-05
1.3075554e-05
1.15520582e-05
5.76024825e-05
5.7480279e-05
6.96703884e-05
6.90440922e-05
6.90327485e-05
6.90020706e-05
6.89034521e-05
6.88724399e-05
6.88762242e-05
6.88919135e-05
6.89553681e-05
6.89971011e-05
6.8997344e-05
6.97670909e-05
5.75385444e-05
5.75035606e-05
5.83724899e-05
0.000104015783
0.000104881689
0.000103761578
0.000115148722
0.000115195383
0.000115077305
0.000115047169
0.000114958416
0.0001149652
0.000115058433
0.000115052505
0.000115179951
0.00011517006
0.000103658161
0.000103720801
0.000104091422
0.000101356696
0.000147591294
0.000150210812
0.000149956879
0.000162330711
0.000161333272
0.00016121392
0.00016107822
0.000160794312
0.000160823117
0.000161107673
0.00016124343
0.000161361103
0.000162304478
0.000149746372
0.000151466785
0.000149937085
0.000195204576
0.000197176128
0.000196263598
0.000196361773
0.000209034534
0.000207223782
0.000206890359
0.000206921751
0.000207346772
0.000209210821
0.000196417986
0.000196271314
0.000197128884
0.000197587744
0.000238627095
0.000243447017
0.000243859494
0.00024572757
0.000242326772
0.000241674148
0.000241348701
0.000242200159
0.000245118146
0.000245278732
0.000244610136
0.00024058057
-0.000215531218
-0.000218542218
-0.000219962613
-0.00021978161
-0.000219858959
-0.000219408598
-0.000220169918
-0.000216296649
-0.000171287951
-0.000173293306
-0.000173788943
-0.000172774124
-0.00017278347
-0.000172838974
-0.000172659342
-0.000172570917
-0.000173974683
-0.000172501318
-0.000124229467
-0.00012711303
-0.000128312246
-0.000126419378
-0.000126678953
-0.000114942852
-0.000114928568
-0.000126673396
-0.00012644952
-0.000126378307
-0.000127628797
-0.000126042566
-8.07999799e-05
-8.05178934e-05
-8.05087197e-05
-8.03649532e-05
-6.88014543e-05
-6.8839096e-05
-6.88357073e-05
-6.88116772e-05
-8.04437078e-05
-8.05346459e-05
-8.04132806e-05
-8.01737964e-05
-7.84628506e-05
-3.45014966e-05
-3.61365413e-05
-3.44640735e-05
-3.45089679e-05
-2.29541384e-05
-2.29847038e-05
-2.29914878e-05
-2.29233852e-05
-3.44819034e-05
-3.44986827e-05
-3.4422462e-05
-3.51328634e-05
-3.44738399e-05
1.1344348e-05
1.14569335e-05
1.14170827e-05
1.14465938e-05
2.29050241e-05
2.29290714e-05
2.29609577e-05
2.29292058e-05
1.14828283e-05
1.15408144e-05
1.15080736e-05
1.13704609e-05
1.13564225e-05
5.69727609e-05
5.83381709e-05
5.75554072e-05
5.74783075e-05
6.8806643e-05
6.88420453e-05
6.88818484e-05
6.87960138e-05
5.73896053e-05
5.73605415e-05
5.73807736e-05
5.84744541e-05
5.68399644e-05
0.000103788824
0.000103932393
0.000103506757
0.000103536596
0.000103536773
0.000114861903
0.000114917971
0.00010358908
0.000103477599
0.00010349368
0.000104804852
0.000103255001
0.000149321434
0.000151154837
0.000149443334
0.000149634699
0.000149513734
0.000149599671
0.000149827145
0.000149501513
0.000150968105
0.000150418054
0.000147964156
0.000194950515
0.000196280433
0.000197577619
0.000195396056
0.000195305863
0.000197178626
0.000197155801
0.000195470564
0.000194082792
0.000238987306
0.000241124914
0.000241356629
0.000239815509
0.000239830382
-0.000124349056
-0.000125164225
-0.000125196707
-0.000125730962
-0.00012409425
-8.02842496e-05
-8.00299479e-05
-8.04780592e-05
-8.05571003e-05
-8.03086272e-05
-7.97520025e-05
-3.42247991e-05
-3.44922146e-05
-3.46271008e-05
-3.46633217e-05
-3.4463872e-05
-3.43723768e-05
-3.40078135e-05
1.13148953e-05
1.13966461e-05
1.14522264e-05
1.15096441e-05
1.14274264e-05
1.1448992e-05
1.15714216e-05
5.73611741e-05
5.73019883e-05
5.74236843e-05
5.76426478e-05
5.73882997e-05
5.70979185e-05
5.49612593e-05
0.000101155508
0.000102418182
0.000103074764
0.000103202906
0.000102938741
0.000102580376
0.000146620814
0.000146805808
0.000147657535
-0.000147258208
-0.000146928385
-0.000147302967
-0.000147271078
-0.000147123892
-0.000146913713
-0.000146910217
-0.00014640047
-0.000146725572
-0.000147416094
-0.000147237361
-0.000147053964
-0.000146784554
-0.000147209144
-0.000123932923
-0.000100994157
-0.000102726134
-0.000124383884
-0.000125709726
-0.000102372774
-0.000102805557
-0.000125002011
-0.000125273122
-0.00010295652
-0.000103043478
-0.00012533299
-0.000125240529
-0.000103032606
-0.000102980656
-0.000125117895
-0.000125809607
-0.000102876366
-0.000102752393
-0.000124914539
-0.000103029313
-0.000102138939
-0.000124822545
-0.000101772288
-0.000103047456
-0.000125360242
-0.000124903395
-0.000102671428
-0.000102842816
-0.000125217998
-0.00012527315
-0.000102973756
-0.000103055325
-0.000125207913
-0.000125041261
-0.00010311546
-0.000102994427
-0.000125709132
-0.000124317132
-0.000102820772
-0.000102268503
-0.000123801406
-0.000102420059
-0.00010071896
-5.49872717e-05
-8.0378328e-05
-7.9705557e-05
-5.72853806e-05
-5.69757466e-05
-7.99616529e-05
-8.01546179e-05
-5.72140271e-05
-5.73089951e-05
-8.02746367e-05
-8.0338331e-05
-5.73873392e-05
-5.74337695e-05
-8.03528278e-05
-8.03441355e-05
-5.74752545e-05
-5.74895884e-05
-8.02905569e-05
-8.01390832e-05
-5.74854521e-05
-5.73507536e-05
-7.99691777e-05
-8.03167697e-05
-5.7209321e-05
-5.70988858e-05
-7.81565159e-05
-5.70566796e-05
-7.82408661e-05
-5.70013005e-05
-8.01949571e-05
-7.99051798e-05
-5.71083196e-05
-5.7221374e-05
-8.01816618e-05
-8.03679594e-05
-5.73528362e-05
-5.73242611e-05
-8.03684676e-05
-8.03816729e-05
-5.74551701e-05
-5.76164086e-05
-8.04801932e-05
-8.04036235e-05
-5.75488782e-05
-5.74511301e-05
-8.01466891e-05
-7.99020835e-05
-5.73132041e-05
-5.72242998e-05
-7.96527981e-05
-8.05096506e-05
-5.70423753e-05
-5.74059909e-05
-5.5214762e-05
-3.37573241e-05
-1.13175516e-05
-3.40589375e-05
-3.42424407e-05
-1.13398483e-05
-1.13810595e-05
-3.43714932e-05
-3.45090765e-05
-1.14194907e-05
-1.14782344e-05
-3.45560026e-05
-3.456176e-05
-1.14548091e-05
-1.1502137e-05
-3.461063e-05
-3.45716597e-05
-1.14056088e-05
-1.14342029e-05
-3.45483931e-05
-3.44949425e-05
-1.1519679e-05
-1.14883193e-05
-3.43860542e-05
-3.4238002e-05
-1.1414242e-05
-1.14023309e-05
-3.49779109e-05
-1.225545e-05
-9.99174021e-06
-3.52895421e-05
-1.01392964e-05
-1.2145249e-05
-3.42933093e-05
-3.43291231e-05
-1.14602953e-05
-1.14068751e-05
-3.4429494e-05
-3.43548958e-05
-1.13977965e-05
-1.13751605e-05
-3.44085545e-05
-3.47828042e-05
-1.1477525e-05
-1.15507346e-05
-3.4680724e-05
-3.44377782e-05
-1.15511718e-05
-1.14886384e-05
-3.44749354e-05
-3.43656576e-05
-1.14079232e-05
-1.14702165e-05
-3.427259e-05
-3.40532136e-05
-1.13795958e-05
-1.13157738e-05
-3.37501089e-05
-1.14127376e-05
1.14806971e-05
3.39874099e-05
1.14269336e-05
1.14565442e-05
3.42099404e-05
3.4334632e-05
1.14606676e-05
1.15198963e-05
3.44839321e-05
3.45299684e-05
1.15081406e-05
1.15860666e-05
3.4595984e-05
3.46077644e-05
1.15600918e-05
1.15530805e-05
3.45631593e-05
3.46039863e-05
1.14423757e-05
1.14434468e-05
3.46454411e-05
3.44509784e-05
1.14645153e-05
1.13575537e-05
3.43647421e-05
3.42561585e-05
1.20932487e-05
9.99265727e-06
3.51286832e-05
9.78000272e-06
1.19175653e-05
3.49163842e-05
1.13500097e-05
1.14712956e-05
3.42188286e-05
3.43957009e-05
1.15188505e-05
1.15139779e-05
3.445865e-05
3.45261456e-05
1.14790137e-05
1.15107026e-05
3.45428919e-05
3.4683414e-05
1.15274155e-05
1.15295596e-05
3.46832486e-05
3.46397469e-05
1.14606457e-05
1.14294014e-05
3.45578623e-05
3.44637511e-05
1.14196481e-05
1.14079441e-05
3.43178924e-05
3.42124674e-05
1.13172753e-05
3.38285765e-05
5.51822039e-05
5.74427324e-05
5.70544926e-05
8.022088e-05
7.96583133e-05
5.72707774e-05
5.73924071e-05
7.9977418e-05
8.02504374e-05
5.75068371e-05
5.75466438e-05
8.03508604e-05
8.05039462e-05
5.74543841e-05
5.74525039e-05
8.04869697e-05
8.03784103e-05
5.74990174e-05
5.73111132e-05
8.0262093e-05
8.0106932e-05
5.71767693e-05
5.69419226e-05
7.98119789e-05
8.00967936e-05
5.6818328e-05
7.83871884e-05
5.69685912e-05
7.83369376e-05
5.68662252e-05
5.71662338e-05
8.00731868e-05
7.9848704e-05
5.73644383e-05
5.7400391e-05
8.01511535e-05
8.03234526e-05
5.74840386e-05
5.76290019e-05
8.04611592e-05
8.04520814e-05
5.7633423e-05
5.74710182e-05
8.04505462e-05
8.03221099e-05
5.73585919e-05
5.72378696e-05
8.0131684e-05
7.99433443e-05
5.70714885e-05
5.76990434e-05
7.96572299e-05
8.02934931e-05
5.54510083e-05
0.000100990057
0.000102596574
0.000123876755
0.000102353687
0.000102765928
0.000124362503
0.000125749802
0.000102949325
0.000103077259
0.000125124579
0.000125122243
0.000103161992
0.000103027496
0.000125245432
0.000125139976
0.000102822672
0.000102601329
0.000124852117
0.000125277033
0.000102872172
0.000101877899
0.000124441781
0.000101739531
0.000102757305
0.000124324995
0.000102541803
0.000102872007
0.000125147566
0.000125006247
0.00010307283
0.000103072278
0.000125253459
0.000125282302
0.000103055851
0.000102953892
0.000125286436
0.000125043545
0.000102667738
0.000102319199
0.00012541847
0.000124106182
0.000102491943
0.000100941591
0.000123900464
0.000147567424
0.000146792477
0.000146712783
0.000147112507
0.000147043251
0.000146448911
0.000146430875
0.000146848752
0.000147131191
0.000147213658
0.000147174902
0.000147318602
0.000146734746
0.000146920547
-0.000239046736
-0.000238900044
-0.000239337857
-0.000240313592
-0.000241642449
-0.000241546103
-0.000240959905
-0.000240228959
-0.000239569499
-0.000240341633
-0.000240283847
-0.000239301246
-0.000239959617
-0.000240946072
-0.000241432446
-0.000241268962
-0.000240321206
-0.00023969996
-0.00023912933
-0.000239250393
-0.000193423838
-0.000217455779
-0.000194153535
-0.000196795613
-0.000193040472
-0.000217586112
-0.000219149174
-0.000197144184
-0.000196808136
-0.00019365699
-0.000194435065
-0.00021944553
-0.000220160362
-0.000197668892
-0.000197959171
-0.000215263572
-0.000195357484
-0.000194637771
-0.000219572292
-0.000219887446
-0.00019727511
-0.000195551058
-0.000215001903
-0.000194605072
-0.000194574686
-0.000219952827
-0.000219657873
-0.000195448533
-0.000195451615
-0.000195222847
-0.000193963033
-0.000219553538
-0.000219889622
-0.000197102661
-0.000197652575
-0.000193037037
-0.000192931527
-0.000220520213
-0.000218800599
-0.000197486765
-0.000196972503
-0.000217068575
-0.000216295371
-0.000196104753
-0.00019522478
-0.000193723924
-0.000192850404
-0.000192745773
-0.000193686172
-0.00021636315
-0.000216927702
-0.000195253561
-0.000196013871
-0.000192737093
-0.000193296794
-0.000218601711
-0.000220737783
-0.000196839062
-0.000197666534
-0.000215341951
-0.000194012607
-0.000195170544
-0.000219969153
-0.000219348759
-0.000197611311
-0.000197019177
-0.000215149475
-0.000194519235
-0.000194618954
-0.000219585259
-0.000219865689
-0.000195441288
-0.000195460593
-0.000215865538
-0.000194866073
-0.00019550526
-0.000219907387
-0.000219790596
-0.00019567643
-0.000197454808
-0.000194285596
-0.000193579025
-0.000220262223
-0.000219655642
-0.000198058313
-0.000197750778
-0.00019336519
-0.000219184297
-0.000217456229
-0.000196966086
-0.000196859607
-0.000217261151
-0.000196363605
-0.000194114824
-0.00019386702
-0.000147755241
-0.000170910596
-0.000172095497
-0.000149215181
-0.000149993672
-0.000170068402
-0.00014776609
-0.000148763718
-0.00017294706
-0.000173925948
-0.000150586824
-0.000150663644
-0.000171888063
-0.000148548062
-0.000149551854
-0.000174384902
-0.000173855845
-0.000149395926
-0.000149344898
-0.000173054317
-0.000151049746
-0.00015133984
-0.000172652932
-0.000172910773
-0.000149521161
-0.000149773921
-0.000174303982
-0.000151879241
-0.000152082816
-0.000172914642
-0.000172780042
-0.000149903952
-0.00014990542
-0.000174074196
-0.000151961451
-0.000151848445
-0.000172665197
-0.000172658752
-0.000149830048
-0.00014979942
-0.000172543304
-0.000151685509
-0.000151095731
-0.000172764637
-0.000172733366
-0.000149808149
-0.000149786249
-0.000171761231
-0.000150466984
-0.000149230821
-0.000172681694
-0.000174143043
-0.000149722412
-0.000149754112
-0.000149545139
-0.000148303123
-0.000174178686
-0.000173755692
-0.000151331339
-0.000151225799
-0.000172057201
-0.000171651661
-0.000150564597
-0.000149139615
-0.000169721383
-0.000149597679
-0.000169687347
-0.000149630466
-0.000171801509
-0.000171861639
-0.000148997598
-0.00015038101
-0.000170644418
-0.000148090555
-0.000149267635
-0.000173521088
-0.000174080546
-0.000151048965
-0.000151116473
-0.000171491697
-0.000149151575
-0.000150469319
-0.000173943417
-0.000172692776
-0.000149634934
-0.000149647741
-0.000173743577
-0.000150674979
-0.000151618494
-0.000172634556
-0.000172684843
-0.000149592316
-0.00014974969
-0.00017424229
-0.000152246183
-0.000151988673
-0.000172801309
-0.000172731647
-0.00014994462
-0.000149881547
-0.000174063004
-0.000151891683
-0.000151671481
-0.000172810615
-0.000172918225
-0.000149863427
-0.000149854207
-0.000171823479
-0.000151172246
-0.000151401428
-0.000172880592
-0.000172691901
-0.000149761418
-0.00014966848
-0.000170235631
-0.000149885507
-0.000148616011
-0.00017388379
-0.000174141285
-0.000149487243
-0.00014942467
-0.000148789218
-0.000147684788
-0.000173718778
-0.000173045414
-0.000150880364
-0.000150870703
-0.000172287591
-0.000171202857
-0.00014997536
-0.000149313894
-0.000147935569
-0.000123919062
-0.000126015002
-0.000102783419
-0.000102768741
-0.000123952456
-0.000103353108
-0.000126072517
-0.000126691286
-0.000103799468
-0.000103915613
-0.000125761647
-0.000102954426
-0.000103416323
-0.00012756655
-0.000126298195
-0.000103207466
-0.000103243299
-0.000127573891
-0.000103836467
-0.000104631777
-0.000126300083
-0.000126357089
-0.000103303707
-0.000103377188
-0.000128090963
-0.000103292183
-0.000103312548
-0.000126537865
-0.000126640207
-0.000103412219
-0.00010345399
-0.000128224459
-0.000103339275
-0.000103504706
-0.00012667816
-0.000126804631
-0.000103541102
-0.000103632941
-0.000127451893
-0.000105037452
-0.000105209285
-0.000126750281
-0.000126644425
-0.000103719635
-0.000103704442
-0.000126157133
-0.000104247262
-0.000102823911
-0.000126644808
-0.000127897194
-0.000103512479
-0.000103410868
-0.000103070867
-0.000101148189
-0.000127914782
-0.000127345473
-0.000104694262
-0.000104090693
-0.000126891116
-0.000125599376
-0.000103527242
-0.000103486721
-0.000101051064
-0.000100798909
-0.000125111018
-0.000126525785
-0.000103200474
-0.000103311043
-0.000125110497
-0.000101700871
-0.000103542891
-0.000127439524
-0.000128137679
-0.000104318036
-0.000105276517
-0.000126107681
-0.000103211358
-0.000104460725
-0.000128078759
-0.000126598303
-0.000103698725
-0.000103592767
-0.000127963702
-0.000104865837
-0.000105015465
-0.000126623288
-0.000126647733
-0.000103567997
-0.000103624013
-0.000126385835
-0.000103383254
-0.000103277062
-0.000126614393
-0.000126591734
-0.000103523819
-0.000103476604
-0.000128449192
-0.000103317307
-0.000103210626
-0.000126669431
-0.000126614257
-0.000103470248
-0.000103391657
-0.000126927974
-0.00010428738
-0.000103662386
-0.000126383234
-0.000126323536
-0.000103274535
-0.000103279118
-0.000125936985
-0.000103556292
-0.000103014244
-0.000126411744
-0.000127775896
-0.000103359677
-0.000103366889
-0.000103410795
-0.000127087658
-0.000126279646
-0.000104235266
-0.000104263449
-0.00012625875
-0.000123776193
-0.000102797625
-0.000103003081
-5.54380028e-05
-8.10116803e-05
-8.01242245e-05
-5.79207057e-05
-5.72007196e-05
-8.05150157e-05
-5.67840226e-05
-5.71514032e-05
-8.08297614e-05
-8.17886817e-05
-5.71065898e-05
-5.73223437e-05
-8.08993645e-05
-5.74066102e-05
-5.75887496e-05
-8.02794405e-05
-8.02203428e-05
-5.73369992e-05
-5.72521885e-05
-8.01937059e-05
-5.85948885e-05
-5.72086395e-05
-8.02349203e-05
-8.03045393e-05
-5.7274438e-05
-5.72971942e-05
-8.21052906e-05
-5.74373259e-05
-5.75162446e-05
-8.06273609e-05
-8.06935143e-05
-5.75440664e-05
-5.75658442e-05
-8.0408811e-05
-5.7569371e-05
-5.75005679e-05
-8.05847204e-05
-8.04669902e-05
-5.75394128e-05
-5.74815903e-05
-8.06580152e-05
-5.74320053e-05
-5.76977155e-05
-8.04728285e-05
-8.13637063e-05
-5.75121302e-05
-5.90738723e-05
-5.55072175e-05
-8.11470442e-05
-7.99982441e-05
-5.81739336e-05
-5.71252743e-05
-7.96709159e-05
-5.72565769e-05
-7.96143727e-05
-5.73626227e-05
-5.51391097e-05
-7.99604686e-05
-8.11463155e-05
-5.73181833e-05
-5.79346556e-05
-8.01312909e-05
-5.7524135e-05
-5.73230222e-05
-8.12549637e-05
-8.05642752e-05
-5.88642544e-05
-5.74719492e-05
-8.10771074e-05
-5.77073799e-05
-5.75095926e-05
-8.05730459e-05
-8.06181896e-05
-5.75567217e-05
-5.75556736e-05
-8.04459407e-05
-5.74756724e-05
-5.74055678e-05
-8.05959478e-05
-8.05493009e-05
-5.75417274e-05
-5.75019834e-05
-8.10966742e-05
-5.72695977e-05
-5.87383967e-05
-8.03092568e-05
-8.03457962e-05
-5.73522705e-05
-5.73984028e-05
-8.01681687e-05
-5.79151125e-05
-5.7267735e-05
-8.0354095e-05
-8.04255709e-05
-5.74128659e-05
-5.73558888e-05
-7.82394611e-05
-5.71534305e-05
-5.6664748e-05
-8.20158295e-05
-8.08521062e-05
-5.73856591e-05
-5.71593287e-05
-8.00971731e-05
-8.09713717e-05
-5.73770441e-05
-5.80630977e-05
-5.54276953e-05
-3.39901676e-05
-1.12717984e-05
-3.42226201e-05
-3.42820497e-05
-1.13284227e-05
-1.13533709e-05
-3.43908385e-05
-1.14318668e-05
-1.14283851e-05
-3.43363137e-05
-3.44055993e-05
-1.13942741e-05
-1.14286449e-05
-3.42299304e-05
-1.14535185e-05
-1.14259407e-05
-3.44137729e-05
-3.43770828e-05
-1.14446173e-05
-1.14289281e-05
-3.43066845e-05
-1.14035498e-05
-1.14047971e-05
-3.4355982e-05
-3.43500129e-05
-1.14165583e-05
-1.14229693e-05
-3.58808476e-05
-1.31313249e-05
-1.21134136e-05
-3.45605128e-05
-3.46675568e-05
-1.16166168e-05
-1.15691442e-05
-3.42506036e-05
-1.17043422e-05
-1.14152914e-05
-3.45752516e-05
-3.4525101e-05
-1.15561446e-05
-1.15081618e-05
-1.12897082e-05
-3.43498534e-05
-3.43441216e-05
-1.14602422e-05
-1.14429717e-05
-3.53258291e-05
-1.20066968e-05
-9.75357403e-06
-3.53680561e-05
-9.76519395e-06
-1.19779493e-05
-3.38491561e-05
-1.13178481e-05
-3.42979739e-05
-3.42583533e-05
-1.12432578e-05
-1.14076239e-05
-3.43752928e-05
-1.1415156e-05
-1.16074127e-05
-3.44487801e-05
-3.4518991e-05
-1.1472998e-05
-1.15116067e-05
-3.57350669e-05
-1.23734563e-05
-1.33131029e-05
-3.46463994e-05
-3.46852235e-05
-1.16394018e-05
-1.17162213e-05
-3.43497925e-05
-1.14247763e-05
-1.14176513e-05
-3.4394044e-05
-3.44159586e-05
-1.14550506e-05
-1.14533379e-05
-3.42472232e-05
-1.14112855e-05
-1.14517214e-05
-3.44248382e-05
-3.44158072e-05
-1.14638506e-05
-1.14710147e-05
-3.43247316e-05
-1.13872724e-05
-1.15342737e-05
-3.44511608e-05
-3.44571857e-05
-1.14682458e-05
-1.15432279e-05
-3.44960444e-05
-3.43443671e-05
-1.14828279e-05
-1.14430716e-05
-3.39322825e-05
-1.14478558e-05
1.13952976e-05
3.40346781e-05
1.13924761e-05
1.14283915e-05
3.42708364e-05
3.42921494e-05
1.14418081e-05
3.43884423e-05
3.44138825e-05
1.14605592e-05
1.14662213e-05
3.4431138e-05
3.44398586e-05
1.15109155e-05
3.45118008e-05
3.43435468e-05
1.15022537e-05
1.15089036e-05
3.44852636e-05
3.4463728e-05
1.14862025e-05
3.44209775e-05
3.43995307e-05
1.15037816e-05
1.15058788e-05
3.44523892e-05
3.44359905e-05
1.21294549e-05
3.5369e-05
3.53608577e-05
1.14785906e-05
1.14524397e-05
3.44637965e-05
3.44577516e-05
1.13410991e-05
3.43672918e-05
3.4234912e-05
1.14064375e-05
1.14098063e-05
3.44709513e-05
3.44561045e-05
3.38766298e-05
1.13334687e-05
1.13320083e-05
3.42263055e-05
3.41500747e-05
1.19389692e-05
9.76073048e-06
3.50596601e-05
1.00915356e-05
1.22487371e-05
3.51876322e-05
1.13740833e-05
3.39335962e-05
1.1433847e-05
1.14732979e-05
3.42404246e-05
3.42404068e-05
1.1687921e-05
3.42393244e-05
3.42862068e-05
1.146344e-05
1.1477446e-05
3.43913924e-05
3.44123812e-05
1.2888039e-05
3.54206082e-05
3.51750107e-05
1.14342247e-05
1.14104176e-05
3.44205193e-05
3.43607077e-05
1.14402602e-05
3.43937541e-05
3.44083861e-05
1.14769272e-05
1.14546402e-05
3.44282458e-05
3.44386432e-05
1.13988561e-05
3.40537898e-05
3.40799325e-05
1.14021716e-05
1.14162564e-05
3.43588512e-05
3.43481581e-05
1.14631759e-05
3.44115256e-05
3.42952667e-05
1.14164127e-05
1.14349499e-05
3.44411781e-05
3.44939017e-05
1.13571409e-05
1.14236538e-05
3.45873691e-05
3.42074446e-05
1.13038915e-05
3.40031469e-05
5.53802716e-05
5.78016325e-05
5.71852263e-05
8.09800951e-05
8.01979499e-05
5.71129548e-05
7.7969403e-05
8.03321267e-05
5.71363493e-05
5.7275535e-05
8.06810044e-05
8.15495683e-05
5.78249989e-05
7.99638562e-05
8.11079454e-05
5.7279334e-05
5.73473378e-05
8.02030653e-05
8.02622946e-05
5.72937942e-05
8.10202707e-05
8.02067077e-05
5.73773408e-05
5.73730049e-05
8.02924502e-05
8.03418506e-05
5.73633756e-05
8.03279191e-05
8.18899021e-05
5.74283334e-05
5.74437606e-05
8.04398373e-05
8.05457598e-05
5.76294419e-05
8.1152793e-05
8.0399955e-05
5.74343034e-05
5.74691799e-05
8.05777799e-05
8.04742606e-05
5.77370177e-05
8.00568955e-05
8.0732319e-05
5.74844594e-05
5.90572582e-05
8.04281376e-05
8.11890519e-05
5.80210717e-05
5.73813767e-05
8.12113628e-05
7.99806858e-05
5.75651783e-05
7.9629973e-05
5.74766692e-05
7.97012255e-05
5.50447472e-05
5.73401491e-05
5.76477255e-05
7.99973102e-05
8.10176762e-05
5.73493564e-05
8.05559732e-05
8.01820017e-05
5.86429544e-05
5.73485355e-05
8.09492645e-05
8.03595858e-05
5.74145241e-05
8.05302826e-05
8.10146961e-05
5.73662324e-05
5.74021185e-05
8.04510283e-05
8.05140025e-05
5.73241957e-05
8.16316476e-05
8.02968923e-05
5.74039759e-05
5.74068144e-05
8.04831263e-05
8.04280653e-05
5.90845092e-05
8.01867395e-05
8.11846353e-05
5.74047553e-05
5.74979162e-05
8.03334825e-05
8.03852749e-05
5.7282204e-05
8.14121325e-05
8.01282328e-05
5.74301468e-05
5.73570682e-05
8.04696459e-05
8.0426924e-05
5.69123756e-05
8.06629973e-05
7.82941119e-05
5.73947527e-05
5.73204315e-05
8.19733805e-05
8.09082697e-05
5.72694634e-05
5.78099471e-05
8.01989486e-05
8.09598309e-05
5.52799572e-05
0.000102822398
0.000102786577
0.000123903827
0.000126137764
0.00010332044
0.000123842342
0.000103772816
0.000103835016
0.000126077663
0.000126542723
0.000103229719
0.00012588428
0.000125638345
0.000103121422
0.000103151892
0.000127512331
0.000126199699
0.000104622085
0.000126904031
0.000127579908
0.000103281535
0.000103389204
0.000126299581
0.00012643892
0.000103343601
0.000128469755
0.000128197957
0.000103463248
0.000103500922
0.000126657
0.000126691913
0.000103183919
0.000126185986
0.000127433578
0.000103351001
0.000103348286
0.000126399673
0.000126374156
0.000104937748
0.000127461161
0.000127357518
0.00010342067
0.000103527221
0.000126372171
0.000126521409
0.000103082215
0.000126296921
0.000126314576
0.000103573778
0.000103555285
0.000126699406
0.000128034415
0.000100978902
0.00012492301
0.000104807203
0.000103892264
0.00012778383
0.00012731481
0.000103369374
0.000103577062
0.000126545144
0.000125370232
0.000101041147
0.000100921268
0.00010330738
0.000103333572
0.000125082753
0.000126543667
0.000103217208
0.000124675103
0.00010374521
0.000104663345
0.000127385785
0.00012765904
0.000104234913
0.000126118706
0.000126282752
0.0001034437
0.000103434896
0.000127687643
0.000126461991
0.000104754954
0.000127457298
0.00012757922
0.000103489825
0.000103448246
0.000126469702
0.000126394269
0.000103247936
0.000127438599
0.000126374894
0.000103382565
0.000103415172
0.000126422819
0.000126531689
0.000103159122
0.000127628202
0.000128186349
0.000103331144
0.000103321315
0.000126422649
0.000126466618
0.000103576918
0.000127671
0.000126944259
0.00010328907
0.000103264769
0.000126402629
0.00012635408
0.00010304266
0.000125827545
0.000126138398
0.000103349785
0.000103406772
0.00012647015
0.000127945765
0.000124136405
0.000104220646
0.000104224831
0.000127006168
0.000126163855
0.000102789265
0.000102798417
0.000126144446
0.000123605286
0.000147700489
0.00014913115
0.000149872878
0.000171132443
0.00017218573
0.000148532093
0.000169869473
0.000150307893
0.000150443626
0.000172678914
0.000173568961
0.000149888116
0.000170629341
0.000172605035
0.000149433466
0.000149640072
0.000174532604
0.000174530659
0.000151259829
0.000171995606
0.000172787831
0.000149718487
0.000149741248
0.000172888862
0.000172828213
0.000151477768
0.000173586928
0.000174069247
0.000149670526
0.000149627055
0.00017263264
0.000172622712
0.000151795328
0.000174379395
0.000174172091
0.000149711167
0.00014969298
0.000172706159
0.000172672518
0.00015046408
0.000173601237
0.000172362654
0.000149524043
0.000149424036
0.00017261893
0.000172653861
0.000149043658
0.00017145685
0.000171847756
0.00014947963
0.000149683266
0.000172737052
0.000174268873
0.000148407436
0.000171116683
0.000151464091
0.000151476805
0.000174597087
0.000173835051
0.000150564452
0.000149119813
0.000172025719
0.000171691666
0.000149577369
0.000169694138
0.000149593557
0.00016962532
0.000149050514
0.000150505514
0.000171725683
0.000171990881
0.000149131841
0.000170404509
0.00015082294
0.000150713925
0.000173436309
0.000173822525
0.000150072946
0.000171556398
0.000171416101
0.000149462095
0.000149430141
0.000173830469
0.000172624075
0.000151872187
0.000172662607
0.000174148763
0.000149568713
0.000149796738
0.000172715999
0.000172790826
0.000151932945
0.000174145282
0.000174187786
0.000149797781
0.000149816254
0.000172687965
0.000172688318
0.000151494672
0.000174381662
0.000173939351
0.000149857704
0.000149720186
0.000172801744
0.000172831106
0.000151111132
0.000172776521
0.000171864367
0.000149538104
0.000149535306
0.000172781685
0.000172704402
0.000148664498
0.000172216036
0.000170372425
0.000149576194
0.000149476831
0.000174077529
0.000174187181
0.000147733509
0.000170091303
0.000150902429
0.000150982993
0.000173930885
0.000173071589
0.000150149074
0.000149081944
0.000172518251
0.000171305116
0.000147599468
0.000193562877
0.000193674661
0.000196001963
0.000216835812
0.000193415298
0.000197165398
0.00019725165
0.000217476415
0.000219213107
0.000194349892
0.000197896069
0.000198061828
0.000219647742
0.000220149354
0.0001948316
0.00021579292
0.000215131155
0.000197180438
0.000195587633
0.000219685144
0.00021987743
0.000194649294
0.000215256039
0.000215140296
0.00019557814
0.000195559757
0.000219962023
0.000219842719
0.00019400131
0.000215344472
0.00019717931
0.000197889266
0.000219578873
0.000220207383
0.000192719176
0.000197796906
0.000196920147
0.000220840784
0.000218761513
0.000196327658
0.000195583991
0.000217100745
0.00021660229
0.000193662917
0.000192512678
0.000192704575
0.000193394449
0.000195249608
0.000196056825
0.000216293606
0.000216979934
0.000193129988
0.00019680573
0.000197642941
0.000218881313
0.00022091959
0.000195068303
0.00021524986
0.000197602672
0.000196928096
0.000219945646
0.000219374228
0.000194654976
0.000215089867
0.000215260759
0.000195477842
0.00019549203
0.000219757858
0.00021998768
0.000195603479
0.000215143132
0.000215760633
0.000195653444
0.000197484823
0.000219955607
0.000219737393
0.00019349551
0.000197937521
0.000197760306
0.000220278076
0.000219574421
0.000196857952
0.000197155133
0.000219361975
0.000217512079
0.000196274753
0.00019404949
0.000217083681
0.000193765742
0.000239450736
0.000239017921
0.000239489009
0.00024042207
0.000241391043
0.00024152918
0.000241410499
0.000240328111
0.000239506307
0.00024055908
0.000240431504
0.000239304161
0.000240169746
0.000241201108
0.000241596978
0.000241542079
0.000240174387
0.000239360678
0.000239102544
0.000239259561
-0.000241559624
-0.000238921816
-0.000260838329
-0.000242594059
-0.000243794075
-0.000239690168
-0.00024206938
-0.000261941356
-0.000263710269
-0.0002436373
-0.000245122703
-0.000261242701
-0.000244287515
-0.000243940112
-0.000264992101
-0.000264103826
-0.000245828598
-0.000244896406
-0.000262289995
-0.000242787402
-0.000243234798
-0.000263148145
-0.00026337373
-0.000242297155
-0.000241846931
-0.000262995473
-0.000243771533
-0.000244170496
-0.000263324404
-0.000262747058
-0.000241659467
-0.000241438239
-0.000262582161
-0.000243996886
-0.000243723562
-0.000262694786
-0.000262735667
-0.000241371963
-0.000241505657
-0.000263430196
-0.00024392908
-0.000244077527
-0.000263566203
-0.000264993077
-0.000242159895
-0.000243266182
-0.00024523779
-0.000245927262
-0.00026557094
-0.000265964304
-0.000245789696
-0.000247027464
-0.000244652568
-0.000241730717
-0.000265553632
-0.000264748178
-0.000247038607
-0.000245837288
-0.000240590475
-0.000263877472
-0.000245961549
-0.000244886478
-0.00024188082
-0.000240269222
-0.000239784016
-0.00024129124
-0.000240193751
-0.000263144108
-0.000244432784
-0.000245355054
-0.000241401083
-0.000243881762
-0.000263965006
-0.000265110162
-0.000245350979
-0.000246564742
-0.000261979569
-0.00024539606
-0.000244751581
-0.000265606876
-0.000264332531
-0.000246537521
-0.000245128678
-0.000262145811
-0.000243374678
-0.000243438764
-0.000263335029
-0.000262960975
-0.000242508892
-0.000241791676
-0.000262865474
-0.000243639337
-0.000243929991
-0.000262730127
-0.000262695542
-0.000241427016
-0.000241352047
-0.000262967811
-0.000243877899
-0.000243850759
-0.00026271669
-0.000263425691
-0.000241433296
-0.000241854394
-0.00026218837
-0.00024378887
-0.000243260969
-0.000264653089
-0.000264391866
-0.000242513412
-0.000242863113
-0.000243884781
-0.000244003019
-0.0002640971
-0.000265052749
-0.000244776047
-0.000245789926
-0.000241875778
-0.000239545916
-0.000264301021
-0.000262517326
-0.000245309613
-0.000243809818
-0.000238866463
-0.000261150797
-0.000243757369
-0.000242343808
-0.000241431873
-0.000216843357
-0.000193845867
-0.000196593045
-0.000193544141
-0.000194735143
-0.000218841592
-0.000222073092
-0.000197401096
-0.000198565432
-0.000219197987
-0.000197430027
-0.000197267145
-0.000221412559
-0.000221082287
-0.00019844062
-0.000196563739
-0.000221202028
-0.000198213217
-0.000198310571
-0.000219827066
-0.000220335126
-0.000196650298
-0.000196799946
-0.000220621181
-0.000196679224
-0.000197627703
-0.00022132581
-0.00022089507
-0.00019721098
-0.000196975908
-0.000218525382
-0.000197790602
-0.000196858256
-0.000222260347
-0.000222227405
-0.000196898149
-0.000196747997
-0.000196356913
-0.000194057806
-0.000220928503
-0.000220503329
-0.000197839368
-0.000197427718
-0.000217318653
-0.000216042179
-0.000196208784
-0.000195091946
-0.000192782444
-0.000192697456
-0.000215991931
-0.000216982865
-0.000194910981
-0.000196003828
-0.000216265796
-0.0001936609
-0.000196154364
-0.000219868729
-0.00022029333
-0.000196844898
-0.000197332755
-0.000220837289
-0.000196658741
-0.000197603989
-0.000221584968
-0.000221789927
-0.000196393746
-0.000196647148
-0.000221725044
-0.000197583169
-0.000196487663
-0.000220628687
-0.00022105731
-0.000196823654
-0.000197024728
-0.000220500219
-0.000197945817
-0.000198225317
-0.000220319688
-0.000219878006
-0.000196700284
-0.000196670058
-0.000217401557
-0.000197615849
-0.000197496998
-0.000220907307
-0.000221090875
-0.000196609474
-0.000198240803
-0.000194511362
-0.00019338186
-0.000222038903
-0.00021888267
-0.000198154889
-0.000197027573
-0.000216736415
-0.000196421555
-0.000193974436
-0.000170893464
-0.000147031367
-0.000149379806
-0.000169919096
-0.000149600656
-0.000172594828
-0.000172929512
-0.000150426082
-0.00015065485
-0.000173340258
-0.000149965079
-0.000150736843
-0.000174233203
-0.000173153303
-0.000149714888
-0.000149692197
-0.000172630595
-0.000150607261
-0.000150772453
-0.000173107278
-0.000174326822
-0.000149915729
-0.000150019215
-0.00014982266
-0.000148090493
-0.000174499899
-0.000173278752
-0.000151444393
-0.000151012925
-0.000172108732
-0.000150468156
-0.000147781236
-0.000172537079
-0.000148224517
-0.00015077268
-0.000170976763
-0.000148230707
-0.000149756855
-0.000173552006
-0.000174225629
-0.0001511458
-0.00015142143
-0.000172699885
-0.000149967287
-0.000150334272
-0.000174042231
-0.000172821969
-0.000149627965
-0.000149628151
-0.000171982987
-0.000150927274
-0.000149947417
-0.000173014118
-0.000173983999
-0.000149711267
-0.000149568639
-0.000149425796
-0.000172842791
-0.000172751382
-0.000150300393
-0.000150043157
-0.000170622946
-0.00014905467
-0.000146797179
-0.000100991821
-0.000126513162
-0.000126381988
-0.000103600418
-0.000103891994
-0.000127082121
-0.000103740719
-0.000103400438
-0.000127490844
-0.000128468071
-0.000104123513
-0.00010354846
-0.000127589596
-0.000103360146
-0.000103277532
-0.00012666612
-0.000126578951
-0.000103506811
-0.000103451465
-0.000126066507
-0.000103958128
-0.000103010957
-0.000126736233
-0.000127834347
-0.000103531756
-0.00010340373
-0.000102750099
-0.00012665785
-0.000126717856
-0.00010331681
-0.000103381469
-0.000124191888
-0.000102919196
-0.000123993589
-0.000103057418
-0.000123731912
-0.000102790922
-0.00012644388
-0.000126730138
-0.000103106446
-0.000103252836
-0.00012693593
-0.000102908312
-0.000103484521
-0.000127756105
-0.000126525087
-0.000103276127
-0.00010326214
-0.000126757562
-0.000103352726
-0.000103369506
-0.000126623594
-0.000126546096
-0.000103480265
-0.000103466202
-0.000124490566
-0.000103198806
-0.000103764711
-0.000128027138
-0.000127145468
-0.00010341954
-0.000104173269
-0.000126410661
-0.000126588566
-0.000104003853
-0.000103535607
-0.000101005789
-7.97712186e-05
-5.72350404e-05
-7.8034854e-05
-5.69893714e-05
-8.02408411e-05
-8.08243303e-05
-5.70653938e-05
-5.72294961e-05
-8.13514809e-05
-5.72875007e-05
-5.80438083e-05
-8.17736024e-05
-8.05096704e-05
-5.74110463e-05
-5.74886405e-05
-8.01930378e-05
-5.74293662e-05
-5.76067137e-05
-8.04215555e-05
-8.04368042e-05
-5.73736901e-05
-5.74260546e-05
-5.78471735e-05
-5.52011404e-05
-8.14281488e-05
-8.11552555e-05
-5.88673307e-05
-5.79640374e-05
-8.1007684e-05
-5.81303934e-05
-5.54301103e-05
-8.06080577e-05
-5.50825622e-05
-5.77494377e-05
-8.06787631e-05
-5.50158671e-05
-5.77811752e-05
-8.11986259e-05
-8.09893845e-05
-5.75053024e-05
-5.86743848e-05
-8.00406333e-05
-5.764443e-05
-5.76338291e-05
-8.02164032e-05
-8.02880742e-05
-5.7382736e-05
-5.73988934e-05
-8.04381199e-05
-5.79604724e-05
-5.71877836e-05
-8.05573278e-05
-8.18483007e-05
-5.74761285e-05
-5.73602134e-05
-5.69022143e-05
-8.08511788e-05
-8.00963706e-05
-5.71467522e-05
-5.71839944e-05
-7.97619479e-05
-5.7309198e-05
-3.42905439e-05
-1.14463895e-05
-3.42193773e-05
-1.16058425e-05
-3.44451864e-05
-3.43235097e-05
-1.13165485e-05
-1.14983215e-05
-3.43525185e-05
-1.14884448e-05
-1.13809493e-05
-3.44364214e-05
-3.44958542e-05
-1.1484429e-05
-1.14561222e-05
-3.52171292e-05
-1.29460982e-05
-1.20365292e-05
-3.44349827e-05
-3.43930034e-05
-1.14826052e-05
-1.14378756e-05
-3.39129139e-05
-1.14723232e-05
-1.13143113e-05
-3.44252369e-05
-3.42885017e-05
-1.14201087e-05
-1.13748429e-05
-3.41632014e-05
-3.39575644e-05
-1.13517351e-05
-1.13780419e-05
-3.38542888e-05
-3.40747314e-05
-1.1292186e-05
-1.14939121e-05
-3.41327407e-05
-1.1282129e-05
-1.14958147e-05
-3.42597897e-05
-3.44073198e-05
-1.14028069e-05
-1.14086971e-05
-3.54287211e-05
-1.19978607e-05
-1.28553257e-05
-3.44344361e-05
-3.44612263e-05
-1.13897608e-05
-1.14055845e-05
-3.4301318e-05
-1.14941127e-05
-1.1376889e-05
-3.44735725e-05
-3.44136089e-05
-1.14862467e-05
-1.14391574e-05
-1.13340128e-05
-3.43264685e-05
-3.4294809e-05
-1.14171891e-05
-1.15585008e-05
-3.43163294e-05
-1.15551704e-05
1.13967467e-05
3.4452079e-05
1.16000268e-05
3.43804874e-05
1.12342761e-05
1.14552669e-05
3.43821953e-05
3.44189919e-05
1.14885959e-05
3.42963996e-05
3.43053075e-05
1.1493925e-05
1.14851588e-05
3.44415256e-05
3.44644267e-05
1.21070779e-05
3.52608234e-05
3.54009152e-05
1.1414048e-05
1.14648024e-05
3.43945005e-05
3.4429274e-05
1.14069793e-05
3.42364254e-05
3.39112563e-05
1.14798704e-05
1.14373675e-05
3.44521547e-05
3.42461094e-05
1.14103136e-05
1.13736778e-05
3.4133158e-05
3.39197727e-05
1.14416448e-05
1.14634354e-05
3.38709155e-05
3.41509463e-05
1.16295185e-05
3.39705328e-05
3.42575568e-05
1.14332879e-05
1.15272574e-05
3.42905389e-05
3.45037939e-05
1.32326981e-05
3.55979318e-05
3.54692822e-05
1.16109106e-05
1.16436644e-05
3.45627073e-05
3.45378741e-05
1.13962097e-05
3.42954131e-05
3.43612434e-05
1.14407263e-05
1.14437552e-05
3.44891345e-05
3.44901144e-05
3.44234916e-05
1.13785653e-05
1.15790756e-05
3.44522719e-05
3.43669549e-05
1.14299072e-05
3.44830634e-05
5.7146269e-05
7.98693975e-05
5.69503872e-05
7.80438506e-05
5.72379388e-05
5.72317701e-05
8.0203695e-05
8.07542356e-05
5.79266857e-05
8.04663312e-05
8.12204633e-05
5.73747394e-05
5.74032719e-05
8.16926035e-05
8.04180613e-05
5.74196931e-05
8.01155486e-05
8.00925116e-05
5.73889154e-05
5.73520236e-05
8.03856626e-05
8.03476544e-05
5.51381795e-05
8.10381228e-05
5.87668991e-05
5.77854318e-05
8.12684817e-05
8.1163595e-05
5.77945844e-05
5.52671621e-05
8.08121928e-05
5.50414279e-05
5.76072637e-05
8.07866865e-05
5.78658482e-05
8.08748607e-05
5.77698937e-05
5.88619092e-05
8.11289878e-05
8.12143338e-05
5.74507787e-05
8.00623427e-05
8.01095773e-05
5.73607368e-05
5.73784136e-05
8.03110178e-05
8.03499763e-05
5.73241677e-05
8.1292341e-05
8.08420836e-05
5.7506052e-05
5.75056674e-05
8.05414231e-05
8.20708705e-05
7.84416062e-05
5.73205847e-05
5.72373712e-05
8.10813349e-05
8.03295802e-05
5.71516499e-05
7.98203212e-05
0.000101072524
0.000103497222
0.000103940706
0.000126473454
0.000126461683
0.000103315814
0.000124511377
0.000126803941
0.00010415587
0.000103437288
0.000127241683
0.000128130921
0.000103258915
0.000126638217
0.000127565018
0.000103411572
0.000103381054
0.000126491071
0.000126472203
0.000102950814
0.000127306773
0.000126187734
0.00010345305
0.000103409714
0.000126671957
0.000127899478
0.00012374655
0.000103430688
0.000103224194
0.000126789341
0.000126566903
0.000102816831
0.000124127247
0.000102998513
0.000124198001
0.000102675812
0.000123938328
0.000103204389
0.000103180129
0.00012642854
0.000126568565
0.000103760805
0.000126120002
0.000126924168
0.000103333187
0.000103370798
0.000127700842
0.000126440641
0.000103332852
0.000127554333
0.00012660862
0.00010341304
0.000103429232
0.000126478274
0.00012643274
0.000103694351
0.000126656578
0.000124483219
0.000103458904
0.000104358709
0.000127851846
0.000127157791
0.000104542045
0.000103885066
0.00012639003
0.000126645498
0.000101256531
0.000147010481
0.000149263151
0.000170725381
0.000149432005
0.000169712191
0.000150209856
0.000150338003
0.000172561327
0.000172857645
0.000150678711
0.000171819909
0.00017315184
0.000149504377
0.000149514465
0.000173755503
0.000172759701
0.000150207588
0.000172810513
0.000172694523
0.000149719574
0.000149711233
0.000173012847
0.00017432961
0.000147850259
0.000170937132
0.000151055989
0.000150897806
0.000174064419
0.000173293403
0.000151063891
0.000148056036
0.000172581758
0.000148248704
0.000151100749
0.000172977715
0.0001493336
0.000171261264
0.0001507243
0.000150818733
0.000173182657
0.000174170333
0.000150265001
0.000172915929
0.000172677676
0.000149622513
0.000149564569
0.000174367506
0.000172771051
0.000149983324
0.000173013739
0.000171993015
0.000149500023
0.000149485531
0.000172759185
0.00017392102
0.000169717458
0.000150153225
0.000149977095
0.000172940637
0.000172792048
0.000149464988
0.000147360763
0.000171084819
0.000193937815
0.000196392143
0.000216930138
0.000193930004
0.000196859178
0.000197648984
0.000218897054
0.000221688475
0.000197171364
0.000217381372
0.000219091472
0.000197681882
0.000196226316
0.000220742189
0.000220818125
0.000197390021
0.000219876261
0.000220404325
0.000196200878
0.000196321636
0.000219483226
0.000219967793
0.000198058101
0.000222166799
0.00022094937
0.000197263703
0.00019713111
0.000221289043
0.000220978154
0.000196607523
0.0002213712
0.000218125292
0.000196929775
0.000196560518
0.0002223183
0.000221763729
0.000194134704
0.000216224107
0.000197733373
0.000197571832
0.000220531149
0.000220639908
0.000196349443
0.000194907339
0.000217480894
0.0002160221
0.000192696723
0.000192734019
0.000195079917
0.000196488823
0.000216287978
0.000217002379
0.000195806645
0.000215998152
0.00019689805
0.000196962494
0.00021956968
0.000220033453
0.000197402729
0.0002177717
0.000220722495
0.000196221788
0.000196494388
0.00022154515
0.000221685836
0.000196457587
0.000220216047
0.000221630716
0.000196686089
0.000196909566
0.000220378864
0.000220863419
0.000198052597
0.000220543202
0.0002199406
0.00019640485
0.00019640197
0.000220023334
0.000219530452
0.000197203009
0.000219164044
0.000217418347
0.000196345124
0.000197648302
0.000220567579
0.000220367885
0.000193096255
0.000197664358
0.000197005509
0.00022158415
0.000218904368
0.000196369866
0.000193916499
0.000216865527
0.000241318687
0.000239060692
0.000242491153
0.000243722961
0.000260866775
0.000241835158
0.000243585717
0.000245090129
0.000261893156
0.000263755255
0.000244379757
0.000261428374
0.000246031173
0.000245152462
0.000265202732
0.000264252413
0.000243424958
0.000261282
0.000262478502
0.000242397823
0.000241952267
0.000263198696
0.000263468934
0.000243960584
0.000262979596
0.000262762701
0.000241688412
0.000241384986
0.000263339611
0.000262699272
0.000244055392
0.000262852797
0.000262808423
0.000241352556
0.000241542095
0.000262676403
0.000262770443
0.000243929866
0.000262552163
0.000263122217
0.000241992953
0.000243095888
0.000263042086
0.000264461449
0.00024578137
0.000263700479
0.000245986981
0.00024679116
0.000265637556
0.000265877451
0.000241629464
0.000246661568
0.000245619843
0.000265164015
0.00026461287
0.00024582066
0.000244571264
0.000263943128
0.000241367395
0.000240268965
0.000239650226
0.000241691388
0.000240210025
0.000244769945
0.000245188118
0.000262822763
0.000243444276
0.000244852338
0.000246046427
0.000263357696
0.000264670194
0.000245277508
0.000262247949
0.000246725505
0.000245587464
0.000265733213
0.000264541271
0.000243615068
0.000261822018
0.0002623337
0.00024264625
0.00024189402
0.000263399651
0.000263054887
0.000244015332
0.000262596764
0.000262862976
0.0002415107
0.000241409359
0.000262759959
0.000262718779
0.000243520646
0.000262881151
0.000262374376
0.000241446973
0.000241594999
0.000262743978
0.000262849561
0.000243282551
0.000262539406
0.000262207494
0.000242253537
0.000242919339
0.000264118651
0.000264467319
0.000244100435
0.000261588513
0.000245136517
0.00024576447
0.000264373868
0.000264958798
0.000239449263
0.000245002245
0.000243657444
0.000264058474
0.000262484404
0.000243296848
0.000241870874
0.000260978455
0.000241303281
-0.000239980295
-0.000242486302
-0.000239843061
-0.000241531776
-0.000262352601
-0.000263736975
-0.000244738312
-0.000245050995
-0.000262960604
-0.000244141534
-0.00024537012
-0.000264770108
-0.000264246876
-0.000245629488
-0.000245358403
-0.000263780836
-0.000245052587
-0.000244769723
-0.000264271721
-0.000264143805
-0.000245223881
-0.000245067936
-0.000264174296
-0.000243019413
-0.00024500711
-0.00026249209
-0.000261891393
-0.000243816884
-0.000243960265
-0.000263892956
-0.000245773398
-0.000245017408
-0.00024365266
-0.000242177162
-0.000261032555
-0.000243362682
-0.000242161227
-0.000239731385
-0.000238056431
-0.000259835242
-0.000241440441
-0.000240993535
-0.000237406127
-0.000236774734
-0.000260046962
-0.000240952671
-0.000241319077
-0.000236734042
-0.000237241163
-0.000262369289
-0.000242127887
-0.00024345128
-0.000238144183
-0.000239110803
-0.000264688385
-0.000244906942
-0.000245992515
-0.000240897613
-0.000243104547
-0.000266233703
-0.000246784504
-0.000246814494
-0.000264051262
-0.000245220402
-0.000245965099
-0.000265637878
-0.0002466097
-0.000246563095
-0.000264567649
-0.000265481892
-0.000245707815
-0.000246698412
-0.000263432665
-0.000245805168
-0.000245314501
-0.00026555828
-0.000265118071
-0.000246316789
-0.000245924356
-0.000243806716
-0.000241997976
-0.000265095244
-0.000263887276
-0.000245918665
-0.000246632897
-0.000244990847
-0.000242127907
-0.00024282923
-0.00024475101
-0.000241529776
-0.000243165772
-0.000262970271
-0.000264397672
-0.000245495642
-0.000245294345
-0.000263485587
-0.000244608079
-0.000245078922
-0.000264574618
-0.000265142233
-0.000245533075
-0.000246273004
-0.000265017747
-0.000246353978
-0.000246228662
-0.000265532247
-0.000263945273
-0.000246712319
-0.000245649616
-0.000265727177
-0.000246363325
-0.000246888076
-0.000263310942
-0.000246226635
-0.000245953633
-0.000263297709
-0.000246125345
-0.000244686122
-0.000243743756
-0.000241092205
-0.000261089369
-0.000243271175
-0.000242180543
-0.000239126843
-0.000238156491
-0.000259797783
-0.000241347596
-0.000240998965
-0.000237268815
-0.000236745647
-0.000260437376
-0.000241141997
-0.000241692433
-0.00023690341
-0.000237566328
-0.000262998823
-0.000242732972
-0.000243825966
-0.000238314854
-0.000240040301
-0.000264950382
-0.000244780086
-0.000245484789
-0.000242103972
-0.000243864668
-0.000264674424
-0.0002453607
-0.000243574903
-0.000261825992
-0.000263015851
-0.000244489932
-0.000244220824
-0.000264806913
-0.000245168698
-0.000245449903
-0.000264919762
-0.00026511878
-0.000245446444
-0.000245768612
-0.000246139325
-0.000245259238
-0.000265415783
-0.000265829688
-0.000246240121
-0.00024683371
-0.000242078842
-0.000239885766
-0.000264935736
-0.000263017349
-0.000245921617
-0.000244979105
-0.00024254574
-0.000240382661
-0.000218268119
-0.000194810227
-0.00019780522
-0.000217889931
-0.000194748281
-0.00019725289
-0.000220857908
-0.000221148506
-0.000197984706
-0.000198182214
-0.000220725819
-0.000197342723
-0.000197745105
-0.000221647646
-0.000220571023
-0.000196804698
-0.000196845089
-0.000218130697
-0.00019548049
-0.000195215553
-0.000219009772
-0.000219095885
-0.000196672416
-0.000196842451
-0.000217246027
-0.000194850637
-0.00019461605
-0.000218151559
-0.000217615464
-0.000196665293
-0.000196269614
-0.00021763483
-0.00019467043
-0.000194989266
-0.000217685104
-0.000218120145
-0.00019635608
-0.000196759637
-0.000219336848
-0.000195588137
-0.000196261292
-0.000219054565
-0.000220363745
-0.000197512162
-0.000198188788
-0.000220798938
-0.000196748566
-0.000196960211
-0.000220479396
-0.000221343513
-0.000198077306
-0.00019637975
-0.000221457662
-0.000196486685
-0.000197376424
-0.000221028905
-0.00022284944
-0.000197103749
-0.000197057131
-0.000216203101
-0.000195951911
-0.000195357203
-0.000222417095
-0.000221174617
-0.000196597092
-0.000197265051
-0.000193488767
-0.00021865509
-0.000216674861
-0.000196642073
-0.000196107738
-0.000193121046
-0.000193030039
-0.000193648157
-0.000216962269
-0.000219296807
-0.000196188835
-0.000196880296
-0.000218661269
-0.000195409844
-0.000195693695
-0.000221968171
-0.000222207073
-0.000197516669
-0.000196555699
-0.000221075792
-0.000197025094
-0.00019619718
-0.00022218205
-0.000220570518
-0.000196784052
-0.000196816182
-0.0002199482
-0.000196848345
-0.000196437069
-0.000221681883
-0.000220388246
-0.000196369345
-0.000197580558
-0.000218224359
-0.000195956557
-0.000195399053
-0.000219917707
-0.000218917587
-0.000197817782
-0.000197285064
-0.000217290928
-0.000194875979
-0.000194695435
-0.000217974274
-0.000217642328
-0.000196545167
-0.000196354282
-0.00021786202
-0.000194837651
-0.000195109209
-0.000217939103
-0.000218530536
-0.000196650365
-0.000197007571
-0.000218931195
-0.000195416792
-0.000195608778
-0.00021915229
-0.000219173185
-0.000197096215
-0.000196702355
-0.000220143308
-0.000197702394
-0.000197313155
-0.000220827946
-0.00022150814
-0.000196910746
-0.000196726014
-0.000197124086
-0.000194456799
-0.000220872563
-0.000220473353
-0.00019783642
-0.000197720441
-0.000218040184
-0.000197828624
-0.000195009691
-0.000171203438
-0.000147276457
-0.000149847049
-0.000171216084
-0.00014722906
-0.0001498822
-0.000173918738
-0.000174451728
-0.000149929167
-0.000151123281
-0.000174097397
-0.000150045553
-0.000151085145
-0.000174783992
-0.00017339995
-0.000149991415
-0.000150009011
-0.000172976253
-0.000150822123
-0.00015081248
-0.000172878357
-0.000172687656
-0.000149629601
-0.000149583267
-0.000169810217
-0.000150182416
-0.000149024883
-0.000173797767
-0.000172511159
-0.000149470701
-0.000149981916
-0.000172126469
-0.000169502287
-0.000149819993
-0.000148873518
-0.000169140853
-0.000172026597
-0.000148775961
-0.000149761063
-0.000172411964
-0.000149354095
-0.000150201575
-0.000172677129
-0.000174048578
-0.000150261472
-0.000149651219
-0.000173509939
-0.000151399149
-0.000151429129
-0.00017301429
-0.000173147588
-0.000149916633
-0.000149964804
-0.000173773972
-0.000150597934
-0.000149680796
-0.000173193941
-0.00017473558
-0.000149772418
-0.000149905649
-0.000149970382
-0.000147461224
-0.000174709129
-0.00017445802
-0.000151442965
-0.000150551899
-0.000171645566
-0.000150098302
-0.000147451494
-0.000100871477
-0.000100991533
-0.000126279014
-0.000126884952
-0.000103595203
-0.000103575533
-0.000126871216
-0.000103608683
-0.000103755595
-0.000126966024
-0.000126460603
-0.000104642935
-0.000103353076
-0.000126674581
-0.000103186919
-0.000103180474
-0.000126519646
-0.000127769222
-0.000103370668
-0.000103356505
-0.000103630951
-0.000126499179
-0.000126563147
-0.000104057334
-0.000103889974
-0.000123856546
-0.000102577966
-0.000124011656
-0.000102624185
-0.0001241697
-0.000103634332
-0.000126673882
-0.000126751609
-0.00010356469
-0.000103891331
-0.000127062602
-0.000103243863
-0.000103404734
-0.000128028077
-0.000126678745
-0.000103368003
-0.000103431095
-0.000126140102
-0.000103673307
-0.000103531034
-0.000126557472
-0.000127110643
-0.000103339056
-0.000104620709
-0.000100783463
-0.00012706811
-0.000126363175
-0.000103396466
-0.000103759197
-0.000101037717
-7.9742558e-05
-5.72021864e-05
-7.9798231e-05
-5.72063766e-05
-7.99595164e-05
-8.00949478e-05
-5.73989169e-05
-5.73211899e-05
-8.01289922e-05
-5.71773094e-05
-5.725557e-05
-8.0298229e-05
-8.03518874e-05
-5.73251125e-05
-5.73283943e-05
-8.12682438e-05
-5.92325588e-05
-5.79864112e-05
-8.05206777e-05
-8.04747418e-05
-5.76010323e-05
-5.74884107e-05
-7.80664296e-05
-5.72022655e-05
-5.67881941e-05
-8.18543054e-05
-8.07263629e-05
-5.73751019e-05
-5.70959798e-05
-8.08876476e-05
-5.76017571e-05
-5.51483182e-05
-8.10302954e-05
-5.54797641e-05
-5.78530002e-05
-8.04341561e-05
-5.66941497e-05
-5.71139369e-05
-8.06898553e-05
-8.16810397e-05
-5.71106348e-05
-5.72778394e-05
-8.10098731e-05
-5.75763976e-05
-5.86375838e-05
-8.03062125e-05
-8.03044439e-05
-5.72486104e-05
-5.72917705e-05
-7.9976124e-05
-5.72388552e-05
-5.71235827e-05
-8.03121785e-05
-8.02871183e-05
-5.73077025e-05
-5.72987359e-05
-5.72182552e-05
-8.01378085e-05
-8.00645561e-05
-5.73310035e-05
-5.72582842e-05
-7.97518537e-05
-5.71327099e-05
-3.44772132e-05
-1.1263657e-05
-3.46109307e-05
-1.12680872e-05
-3.4309022e-05
-3.45715388e-05
-1.16119945e-05
-1.13938414e-05
-3.43401722e-05
-1.13697766e-05
-1.14293065e-05
-3.44817386e-05
-3.44251054e-05
-1.1414984e-05
-1.141789e-05
-3.43216044e-05
-1.14583017e-05
-1.1401689e-05
-3.45421829e-05
-3.44676766e-05
-1.14724356e-05
-1.14556676e-05
-3.42115212e-05
-1.13661926e-05
-1.14061614e-05
-3.43916734e-05
-3.42752855e-05
-1.14155869e-05
-1.13643998e-05
-3.41693259e-05
-3.3951756e-05
-1.13230389e-05
-1.13027771e-05
-3.39495387e-05
-3.42119563e-05
-1.12723292e-05
-1.14722563e-05
-3.42010299e-05
-1.13433683e-05
-1.13266235e-05
-3.43225907e-05
-3.43516818e-05
-1.14095205e-05
-1.13969688e-05
-3.43292909e-05
-1.13064559e-05
-1.14361508e-05
-3.43195179e-05
-3.43771743e-05
-1.13857148e-05
-1.1411418e-05
-3.44986464e-05
-1.14929273e-05
-1.13197203e-05
-3.44333229e-05
-3.44242781e-05
-1.14539747e-05
-1.14262669e-05
-1.14634177e-05
-3.43671106e-05
-3.45689815e-05
-1.14526448e-05
-1.14380981e-05
-3.44497042e-05
-1.14980381e-05
1.12651013e-05
3.43667587e-05
1.14048565e-05
3.44259665e-05
1.14117493e-05
1.14309983e-05
3.44239608e-05
3.44570306e-05
1.14565783e-05
3.44585988e-05
3.44834123e-05
1.14839911e-05
1.14617649e-05
3.44726074e-05
3.44901398e-05
1.14495589e-05
3.44249579e-05
3.4234373e-05
1.14618553e-05
1.14640372e-05
3.44663598e-05
3.4404752e-05
1.14338827e-05
3.42237099e-05
3.42469604e-05
1.14420764e-05
1.14420473e-05
3.43639629e-05
3.42499677e-05
1.13718041e-05
1.13017063e-05
3.41413261e-05
3.40248635e-05
1.13145988e-05
1.1481306e-05
3.40357234e-05
3.4174174e-05
1.14238542e-05
3.42600792e-05
3.42717673e-05
1.13876511e-05
1.1448368e-05
3.43056474e-05
3.4397605e-05
1.14926471e-05
3.42003561e-05
3.43728521e-05
1.14876628e-05
1.14752358e-05
3.43899431e-05
3.44250483e-05
1.13854503e-05
3.42818675e-05
3.40639575e-05
1.1399186e-05
1.1405637e-05
3.43805591e-05
3.4323841e-05
3.44685213e-05
1.13988858e-05
1.15366094e-05
3.44712234e-05
3.44353438e-05
1.14979505e-05
3.43232171e-05
5.70474211e-05
7.98726128e-05
5.72787013e-05
7.98035312e-05
5.7307078e-05
5.7409353e-05
8.00100155e-05
8.02333652e-05
5.72448516e-05
7.99752766e-05
8.01338926e-05
5.74320185e-05
5.73781834e-05
8.04217205e-05
8.04340828e-05
5.78339193e-05
8.12154365e-05
8.10671522e-05
5.74237104e-05
5.73577062e-05
8.03967346e-05
8.03228209e-05
5.67425225e-05
8.05662113e-05
7.81751826e-05
5.72725834e-05
5.70038276e-05
8.16299595e-05
8.05414322e-05
5.77016223e-05
5.51057695e-05
8.10613977e-05
5.50199803e-05
5.75989855e-05
8.10195774e-05
5.70784968e-05
7.8240151e-05
8.06526668e-05
5.71444662e-05
5.73321992e-05
8.08159696e-05
8.19128439e-05
5.85763554e-05
8.09478824e-05
8.10950366e-05
5.72935195e-05
5.73003315e-05
8.03169658e-05
8.03251975e-05
5.73310618e-05
8.0188719e-05
8.00434688e-05
5.73304438e-05
5.73536688e-05
8.03923894e-05
8.03048757e-05
7.97706006e-05
5.73507001e-05
5.73200236e-05
8.01289444e-05
8.00294425e-05
5.71488555e-05
7.97545476e-05
0.000101300577
0.000101074273
0.000103887789
0.000103943321
0.000126576368
0.000127160818
0.000103842252
0.000126535146
0.000127053395
0.000105055573
0.000103550014
0.000127485125
0.00012677869
0.000103220791
0.00012675036
0.000126722149
0.000103358341
0.000103337636
0.000126550561
0.000128026313
0.000124376606
0.000103848524
0.000103776134
0.000126982268
0.000126826348
0.000102819732
0.000124251941
0.000102800688
0.000123742315
0.000103612148
0.000124025291
0.000103893658
0.000103996852
0.000126441617
0.000126686373
0.000103381943
0.000126695347
0.000126730936
0.000103330315
0.000103384026
0.00012781657
0.000126500432
0.000103540509
0.000127014917
0.000126021642
0.000103414592
0.000104533372
0.000126527236
0.000126831191
0.000103491466
0.000103791057
0.000126713273
0.000126336274
0.000101169982
0.00014734307
0.000150056997
0.000171305151
0.000150099154
0.00017121741
0.000150460161
0.000151636726
0.00017437007
0.000174853943
0.000150979874
0.000173763449
0.000173883617
0.000150083387
0.00014997031
0.000174721357
0.000173252895
0.000151098085
0.000173633742
0.000173568277
0.000150041204
0.000149852291
0.000173250625
0.000173084194
0.000149306094
0.000172246699
0.000169691872
0.000149587411
0.000150225139
0.000173920812
0.000172550687
0.000149845091
0.000149376657
0.000172168679
0.000169381611
0.000148980214
0.000149564863
0.000169506243
0.000172210128
0.000150018491
0.000169691749
0.000172159815
0.000149997467
0.000149493416
0.000172570982
0.00017386093
0.000151829017
0.000173618785
0.000173993309
0.000149914694
0.000150133562
0.000173038278
0.000173294067
0.000150075381
0.000174354888
0.000173978648
0.00015012272
0.000150046022
0.000173582277
0.000174778296
0.000147144636
0.000171072885
0.000151118536
0.000149827089
0.000174389495
0.000174025415
0.00014957453
0.000147228832
0.000170957116
0.000194859789
0.000197512178
0.00021818709
0.000196941195
0.00021761706
0.000197885193
0.000197854525
0.000220640607
0.000220925339
0.000197849667
0.000220207316
0.000220916354
0.000196755484
0.000196883921
0.000221593991
0.0002206696
0.000195105972
0.00021871595
0.000218024974
0.000196500654
0.000196763758
0.000219082736
0.000218730533
0.000194643122
0.00021758345
0.000217278321
0.000196641463
0.000196340573
0.000218185169
0.000217748632
0.000195093507
0.000217237696
0.000217687583
0.000196228846
0.000196975111
0.000217571142
0.00021822905
0.000196116805
0.000218462472
0.000219151292
0.000197970457
0.000197998178
0.000219402365
0.000219960057
0.00019684417
0.00021998272
0.000220797327
0.000197350465
0.000196250672
0.000220007432
0.000221347883
0.000197205792
0.000221630684
0.000221316281
0.000197060622
0.000197012603
0.000220959004
0.000222601532
0.000195627441
0.00021859047
0.000216233093
0.000196693877
0.000197696788
0.000222180466
0.000221940124
0.00019689186
0.00019612719
0.000219473162
0.000216666899
0.000193222846
0.000193061111
0.000193706506
0.000196088502
0.000196792945
0.000216674394
0.000218912749
0.000195932653
0.000216273003
0.000218326683
0.000197401877
0.000196408309
0.000221106329
0.000221320516
0.000196325658
0.000220737803
0.000221035963
0.000196652525
0.000196771553
0.000221618913
0.000220383978
0.000196271235
0.000220703762
0.00021987039
0.000196125981
0.000197193639
0.000221275973
0.000219889714
0.00019552195
0.000218982806
0.000218342538
0.000197602721
0.000197499697
0.000219703235
0.000219108626
0.000194794368
0.000217754377
0.000217394685
0.00019703407
0.000196467758
0.000218349272
0.00021778115
0.000195063663
0.000217430306
0.000217801446
0.000196505976
0.000196982002
0.000217861838
0.000218462815
0.000195585862
0.000218325079
0.000218953639
0.000196947443
0.000196714775
0.000219095662
0.000219218251
0.000197367042
0.000220691597
0.000219852659
0.000196890654
0.000196865074
0.000220722702
0.000221408161
0.000194846501
0.000217698471
0.000198477407
0.000198043747
0.000221205204
0.000220959955
0.000197737204
0.000194973957
0.000218264027
0.000240249898
0.000242469867
0.000241391738
0.000244745502
0.000245006804
0.000262430255
0.000263623791
0.000245990031
0.000263263977
0.000246182041
0.000246004908
0.000265105972
0.000264819519
0.000244747479
0.00026402825
0.000263894801
0.000245229885
0.000244953656
0.000264182584
0.000264107232
0.00024529644
0.000263581461
0.000264468739
0.000244107542
0.000244532241
0.0002626185
0.000262107194
0.000245117222
0.000265305437
0.000263790557
0.000244204968
0.000242610039
0.000242339592
0.00026226756
0.000261160123
0.000239898454
0.000238255866
0.000240977486
0.000260296734
0.000259784983
0.00023746103
0.000236843689
0.00024126851
0.000259675018
0.000260006872
0.00023668839
0.000237079616
0.000243393383
0.00026070803
0.000262345436
0.00023807768
0.000239096001
0.000246264365
0.000263958173
0.000264893596
0.000241058635
0.000243471889
0.000246755684
0.000265927233
0.000266267514
0.000245797062
0.000246153487
0.000264097208
0.000246396988
0.000266106355
0.000265446681
0.000245813474
0.000246274217
0.000264649386
0.000265272152
0.000245347551
0.000264433518
0.000263276155
0.000245854406
0.000245804442
0.000265122187
0.000265105431
0.000241859129
0.000245797637
0.000246299732
0.000265085637
0.0002639018
0.000245196777
0.000242618015
0.000241831873
0.000243992613
0.000243140242
0.000245254591
0.000245180677
0.000262836729
0.000264266454
0.000245187863
0.000262189887
0.000263705979
0.000245490207
0.000245636237
0.00026458639
0.000264716241
0.000246099471
0.000265411018
0.000264854195
0.000246200279
0.000245575969
0.000265347682
0.000263829705
0.000246735697
0.000264925239
0.000265794138
0.00024619165
0.000245796434
0.000263024993
0.000244926504
0.000264882451
0.000263490151
0.00024347476
0.000241007042
0.000242219135
0.000262204256
0.000261129358
0.000239164136
0.000238204309
0.000241079038
0.000260187462
0.000259855673
0.00023727143
0.000236848306
0.000241639371
0.00025994074
0.000260417278
0.00023695022
0.00023752627
0.000243823746
0.000261886275
0.000263004665
0.00023834001
0.00024008054
0.000245795061
0.000263942335
0.000264929474
0.000242694056
0.000243983235
0.000243355497
0.00026470123
0.000264588944
0.00024404856
0.000244075541
0.000261730908
0.000262932499
0.000244870519
0.000264209357
0.000264379943
0.000245204411
0.000245452772
0.000264740682
0.000265043124
0.000245285306
0.000263696016
0.00024615852
0.000246582208
0.000265455314
0.000265595516
0.000239507395
0.000245569445
0.000244493531
0.000264477318
0.000262859604
0.000242007711
0.000240159677
-0.000240208394
-0.000242920926
-0.000240200273
-0.000242579738
-0.000262725221
-0.00026443047
-0.000245035543
-0.000245323409
-0.000264187385
-0.000244643631
-0.000245106243
-0.000264535675
-0.000264867486
-0.000245596871
-0.000245981413
-0.000264834407
-0.000245624135
-0.000245994395
-0.000264760041
-0.000263384735
-0.000246154713
-0.000246181053
-0.000263280352
-0.000246312242
-0.000244989672
-0.000245231215
-0.000241525754
-0.000244471201
-0.000243352714
-0.000239640736
-0.000240333576
-0.000239131945
-0.000240868748
-0.000242002126
-0.000245012651
-0.000264486668
-0.000245717567
-0.000245696847
-0.000241653374
-0.000243767709
-0.000265547276
-0.00024604825
-0.000246414478
-0.000262951681
-0.000264252163
-0.000245127987
-0.000245077673
-0.000264379681
-0.000246454917
-0.00024634105
-0.000264868521
-0.000265890913
-0.000245532584
-0.000246271055
-0.000244893671
-0.000242761497
-0.000265671829
-0.000263669005
-0.000246341968
-0.000246218209
-0.000245049186
-0.000242734566
-0.000242314433
-0.000244202907
-0.000243287665
-0.000245407907
-0.000263462025
-0.000265116855
-0.000246147518
-0.000246416757
-0.00026478551
-0.000246475274
-0.000246141762
-0.00026494189
-0.000264470249
-0.000246048586
-0.000245531303
-0.000264552931
-0.00024570427
-0.000245403453
-0.000264225848
-0.000262630761
-0.000245219352
-0.000244775823
-0.000263616388
-0.000245459326
-0.000245891246
-0.000243513422
-0.00024164948
-0.00024509173
-0.000242055594
-0.000241152541
-0.000239297949
-0.00024053424
-0.00026245422
-0.000243649682
-0.000244833868
-0.000239909894
-0.000265392922
-0.000244706698
-0.000246579653
-0.000241023371
-0.00024537125
-0.000265179446
-0.00024693501
-0.000246005549
-0.000264080444
-0.0002651123
-0.000247084416
-0.000246423448
-0.000262565415
-0.000245209592
-0.00024457037
-0.000264895804
-0.00026448135
-0.000245934442
-0.000245328376
-0.000242457456
-0.000240348075
-0.000264266416
-0.00026270788
-0.000245152289
-0.000244907229
-0.0002425566
-0.000240388704
-0.000217859267
-0.000194566372
-0.000197695601
-0.000217949119
-0.000194594306
-0.000197180474
-0.000220484273
-0.00022112408
-0.000197725194
-0.000197960001
-0.000221453119
-0.00019784742
-0.000198552511
-0.000221825626
-0.000220887638
-0.000196995049
-0.000197219757
-0.000220980651
-0.000196460309
-0.000196212606
-0.000219952017
-0.000216957805
-0.000197511756
-0.000196393591
-0.000219528311
-0.000197393599
-0.00019740673
-0.000216003208
-0.00019537311
-0.000194342449
-0.000215723902
-0.000196951138
-0.000194912696
-0.000194497489
-0.000193204548
-0.000192505106
-0.000191953504
-0.000191841744
-0.0001921751
-0.000193127581
-0.000194444604
-0.000216626556
-0.000195834286
-0.000195963104
-0.000221134772
-0.000196597595
-0.00019743969
-0.000192891383
-0.000193688064
-0.000222194751
-0.000197707718
-0.000196549333
-0.000217237483
-0.000218940861
-0.000196575014
-0.000196714867
-0.000220826796
-0.000196878357
-0.000197032129
-0.000221065757
-0.000221375203
-0.000197386922
-0.000196514854
-0.000216825784
-0.000196581319
-0.000195958801
-0.000222177419
-0.00022180165
-0.00019643739
-0.000197429941
-0.000193239877
-0.000219009148
-0.000216413082
-0.000196895521
-0.000196209385
-0.000192616153
-0.00019236358
-0.000193370792
-0.000216356563
-0.000219005821
-0.000195987246
-0.000196907313
-0.000218972346
-0.000195963003
-0.000196401933
-0.000221815999
-0.000221908529
-0.000197507069
-0.000196343707
-0.000222046795
-0.000196859221
-0.000196797514
-0.000221225041
-0.000220949271
-0.000196361251
-0.00019729744
-0.000220934857
-0.000196499795
-0.000197662762
-0.000218661238
-0.000216996053
-0.000196749989
-0.000196486771
-0.000219691496
-0.000198006645
-0.000197352329
-0.000193750887
-0.000193205202
-0.000216420366
-0.000195864025
-0.00019517652
-0.000193948372
-0.000192941382
-0.000192110685
-0.000191965904
-0.000192277713
-0.000192759232
-0.000215408457
-0.000193306116
-0.000194434194
-0.000217352199
-0.00019498617
-0.000197127276
-0.000219720236
-0.000197300237
-0.000197078123
-0.000215993494
-0.000194111226
-0.000195085864
-0.000221643536
-0.000196165694
-0.000196503863
-0.000217278678
-0.000220215176
-0.000196244828
-0.000197470048
-0.000220879767
-0.000198485148
-0.000198201266
-0.000220710959
-0.000221806352
-0.000197237812
-0.000197264749
-0.000198058418
-0.000194967651
-0.000221384573
-0.000220571269
-0.000198494296
-0.000198092918
-0.000217886157
-0.000197410386
-0.000194546061
-0.000170628458
-0.000146277058
-0.000149181256
-0.000171135393
-0.0001471079
-0.000149677178
-0.000173559202
-0.000174217422
-0.000149773081
-0.0001509345
-0.00017420825
-0.000150185135
-0.000151236072
-0.000174784075
-0.000173399968
-0.000149982282
-0.000150032294
-0.000174367415
-0.000149777094
-0.000149623064
-0.000173425694
-0.000172620125
-0.000151235984
-0.000150405548
-0.000173654177
-0.000149370232
-0.000150672628
-0.000170530459
-0.000169939442
-0.000148694315
-0.000148799889
-0.000171781098
-0.000150625285
-0.000150643677
-0.000147963603
-0.000170749587
-0.000149734403
-0.000149066186
-0.000171015051
-0.000149021755
-0.000149835517
-0.000172553563
-0.000150799609
-0.000150632027
-0.000146825521
-0.000173724728
-0.000151072752
-0.000150692107
-0.000170478722
-0.000147170095
-0.000148991164
-0.000172571838
-0.000149314254
-0.000149418755
-0.000171533334
-0.000172628434
-0.000149095117
-0.000149808348
-0.0001729729
-0.000149582014
-0.000149706781
-0.000173450772
-0.000173714788
-0.000150691773
-0.000149529774
-0.000172386734
-0.000149243677
-0.00014968194
-0.000172843147
-0.000172677447
-0.000149472527
-0.000149330909
-0.000169819739
-0.000149525865
-0.000149104105
-0.000173972211
-0.000172887581
-0.000149279183
-0.000150002173
-0.00017276754
-0.000150536958
-0.000147868489
-0.000172533844
-0.000147272346
-0.00015038209
-0.000172132946
-0.000149209968
-0.000149695403
-0.000172550306
-0.000173887317
-0.000150210069
-0.000149403886
-0.000173413521
-0.00014976109
-0.000149292354
-0.000172621596
-0.000172820771
-0.000149396916
-0.000149527304
-0.000172860138
-0.000149703642
-0.00014966719
-0.000173891485
-0.000173580374
-0.000149468176
-0.000150719238
-0.000173910464
-0.00014956776
-0.000149450331
-0.0001726824
-0.000171521133
-0.00014992065
-0.000149236012
-0.000173793668
-0.000150919826
-0.000151294387
-0.000170582245
-0.000149186695
-0.000147390496
-0.000171500981
-0.000151031596
-0.000151261829
-0.00014711644
-0.000170602656
-0.000149877283
-0.000149030902
-0.000171290289
-0.00014915699
-0.000150062464
-0.000172711816
-0.000151373785
-0.000150842018
-0.000147720449
-0.000174522584
-0.000150501234
-0.000149411214
-0.000169727758
-0.000170891537
-0.000148509555
-0.000148822182
-0.000172799187
-0.000149613013
-0.000149654919
-0.000172898842
-0.000173340515
-0.000150432123
-0.00015105059
-0.0001742377
-0.000151636965
-0.00015033921
-0.00017380974
-0.000174947268
-0.000150359265
-0.000150140815
-0.000149682425
-0.000146945508
-0.000174317324
-0.000173614063
-0.000150938941
-0.000149660637
-0.000170756623
-0.000149414195
-0.000146594372
-0.000100770085
-0.000125528005
-0.000126621587
-0.000104099549
-0.000103516066
-0.000126755521
-0.000103503471
-0.000103517771
-0.00012683835
-0.000126326276
-0.000104587656
-0.000103217063
-0.000126634057
-0.000103566733
-0.000103522503
-0.000128176118
-0.000128120561
-0.000103496742
-0.000104883663
-0.000126166478
-0.000103332276
-0.000103119879
-0.000127155956
-0.000125591449
-0.000103878009
-0.000103099248
-0.00012760568
-0.0001030046
-0.000102935693
-0.000125729065
-0.000123805479
-0.000102764189
-0.000102236695
-0.000128022129
-0.000104646114
-0.000105122016
-0.000123964688
-0.000102655774
-0.000101406302
-0.000128124602
-0.000105359108
-0.000105039685
-0.000124730645
-0.000101501715
-0.000102879967
-0.000127682895
-0.000103206543
-0.000103154272
-0.000124597149
-0.00012569988
-0.00010237249
-0.000102755624
-0.00012622424
-0.00010316378
-0.000103264311
-0.000125383485
-0.00012596504
-0.000102839578
-0.000104143058
-0.000126358984
-0.000103367397
-0.000103401897
-0.000127115148
-0.000127004375
-0.00010480385
-0.000104833583
-0.000126634521
-0.000103075655
-0.00010313973
-0.000126292176
-0.000127691789
-0.000103203869
-0.000103243367
-0.000102895173
-0.000126340313
-0.000126105293
-0.000103098177
-0.000103030081
-0.000123708203
-0.000102616473
-0.000123314591
-0.000102586868
-0.000124249907
-0.000102861232
-0.00012591238
-0.000126709103
-0.000102856125
-0.000103021161
-0.000126576398
-0.000103055483
-0.000103087184
-0.00012808059
-0.000126419093
-0.000103278159
-0.000103277218
-0.000126406329
-0.000103434846
-0.000103324493
-0.00012721259
-0.000127276078
-0.000104900472
-0.000104621644
-0.000126292037
-0.000103257478
-0.000103242092
-0.000125982299
-0.000125478279
-0.000104066963
-0.00010297399
-0.000128483132
-0.000103217536
-0.000103256377
-0.000125722852
-0.000124607672
-0.000102684291
-0.0001022485
-0.000128531833
-0.000105017087
-0.000105713755
-0.000124612125
-0.000102664475
-0.000101698044
-0.000128197572
-0.000105671586
-0.000105065935
-0.000124625908
-0.000101912717
-0.000102939717
-0.000128163767
-0.000103300299
-0.000103239829
-0.000124681584
-0.000126169007
-0.000102341358
-0.000102812463
-0.000126300933
-0.000103136193
-0.000103167036
-0.0001255676
-0.000127037135
-0.000102978748
-0.000103397146
-0.000126577985
-0.000103342704
-0.000103412587
-0.00012778836
-0.000127849171
-0.000104555429
-0.000103327495
-0.000126223143
-0.000103757583
-0.00010359073
-0.000126451982
-0.000126863477
-0.00010336231
-0.000104689367
-0.000100844905
-0.000126693354
-0.000125527393
-0.000103523492
-0.000103864063
-7.86572897e-05
-5.6792989e-05
-7.95735234e-05
-5.71834043e-05
-8.11896104e-05
-8.00793246e-05
-5.70555148e-05
-5.72509881e-05
-8.00367227e-05
-5.71911303e-05
-5.72446798e-05
-8.02443312e-05
-8.02765075e-05
-5.7293138e-05
-5.73016142e-05
-8.01103477e-05
-5.72639062e-05
-5.71851336e-05
-8.0130733e-05
-8.01194604e-05
-5.81298461e-05
-5.79720322e-05
-8.00335691e-05
-5.71566563e-05
-5.71811312e-05
-8.00531953e-05
-7.98310436e-05
-5.69535802e-05
-5.71827857e-05
-8.00165985e-05
-5.71236921e-05
-5.70596879e-05
-7.96437238e-05
-7.93806004e-05
-5.70442133e-05
-5.68616115e-05
-8.01564022e-05
-5.70613829e-05
-5.71156024e-05
-7.94076179e-05
-7.96650828e-05
-5.68280827e-05
-5.69608218e-05
-8.01473983e-05
-5.71535689e-05
-5.72053336e-05
-7.98574303e-05
-7.99818329e-05
-5.70673895e-05
-5.71793904e-05
-8.03945701e-05
-5.72991199e-05
-5.73839255e-05
-8.02432425e-05
-8.08417573e-05
-5.72241615e-05
-5.73026695e-05
-8.09608857e-05
-5.87336725e-05
-5.77449782e-05
-8.0278712e-05
-8.02889097e-05
-5.7347501e-05
-5.73837894e-05
-5.79417736e-05
-5.52644777e-05
-8.13242786e-05
-8.11918356e-05
-5.89535526e-05
-5.7888215e-05
-8.00775834e-05
-5.80988466e-05
-8.02709972e-05
-5.81690782e-05
-8.06045185e-05
-5.50989805e-05
-5.78820959e-05
-8.1027302e-05
-8.09533084e-05
-5.77108933e-05
-5.88035883e-05
-8.13079314e-05
-5.80348814e-05
-5.91461987e-05
-8.03213996e-05
-8.04197017e-05
-5.74711674e-05
-5.75275927e-05
-8.02768555e-05
-5.73202504e-05
-5.72892138e-05
-8.06715561e-05
-8.0308229e-05
-5.71733276e-05
-5.71695881e-05
-8.01467699e-05
-5.72357066e-05
-5.71811979e-05
-8.00674036e-05
-7.98570355e-05
-5.72197361e-05
-5.70847871e-05
-8.02275845e-05
-5.71601109e-05
-5.71499343e-05
-7.96240228e-05
-7.94679399e-05
-5.70218034e-05
-5.69303265e-05
-8.02515681e-05
-5.7165808e-05
-5.72061717e-05
-7.95653679e-05
-7.97519548e-05
-5.69386879e-05
-5.70501209e-05
-8.02141591e-05
-5.7286025e-05
-5.73019823e-05
-7.99762642e-05
-8.01222189e-05
-5.72757322e-05
-5.72143091e-05
-8.02409551e-05
-5.72696566e-05
-5.73326235e-05
-8.03540822e-05
-8.0148784e-05
-5.80835432e-05
-5.83532862e-05
-7.99474795e-05
-5.71978452e-05
-5.71844915e-05
-8.03162824e-05
-8.02281617e-05
-5.72749572e-05
-5.72248168e-05
-5.70099367e-05
-7.9930665e-05
-8.04416318e-05
-5.70465069e-05
-5.69947541e-05
-7.79852801e-05
-5.67959903e-05
-3.41823651e-05
-1.13564861e-05
-3.4299688e-05
-1.14257477e-05
-3.43403059e-05
-3.43597253e-05
-1.146509e-05
-1.1431968e-05
-3.43916207e-05
-1.16986334e-05
-1.14419046e-05
-3.43781155e-05
-3.44196912e-05
-1.15067435e-05
-1.14492591e-05
-3.44514417e-05
-1.14623886e-05
-1.149239e-05
-3.60104493e-05
-3.5048437e-05
-1.15030021e-05
-1.15093357e-05
-3.4399134e-05
-1.14820858e-05
-1.14660908e-05
-3.45331716e-05
-3.45218026e-05
-1.14954729e-05
-1.15241683e-05
-3.42567298e-05
-1.14205486e-05
-1.13978871e-05
-3.43259549e-05
-3.42196048e-05
-1.14272971e-05
-1.13939255e-05
-3.42753218e-05
-1.13883421e-05
-1.13919082e-05
-3.42020778e-05
-3.42498489e-05
-1.13773852e-05
-1.13886061e-05
-3.43495973e-05
-1.1397812e-05
-1.13959126e-05
-3.4276459e-05
-3.43437911e-05
-1.139498e-05
-1.13778615e-05
-3.44362599e-05
-1.14048083e-05
-1.14031311e-05
-3.44063623e-05
-3.43961184e-05
-1.13889545e-05
-1.13728225e-05
-3.42325895e-05
-1.14059194e-05
-1.13590374e-05
-3.44266235e-05
-3.44198839e-05
-1.14262166e-05
-1.14371433e-05
-3.39040803e-05
-1.13938599e-05
-1.1346519e-05
-3.44431938e-05
-3.41825469e-05
-1.14534509e-05
-1.13978063e-05
-3.46754379e-05
-3.23403181e-05
-1.13209659e-05
-1.10431227e-05
-3.22634976e-05
-3.47872498e-05
-1.09698025e-05
-1.1370021e-05
-3.40464243e-05
-1.12994441e-05
-1.13663628e-05
-3.42098953e-05
-3.43979618e-05
-1.13808275e-05
-1.14260448e-05
-3.44795328e-05
-1.13636596e-05
-1.14656248e-05
-3.44421301e-05
-3.45021147e-05
-1.14350037e-05
-1.14541416e-05
-3.44321947e-05
-1.14351907e-05
-1.14222889e-05
-3.43729366e-05
-3.4476678e-05
-1.14469568e-05
-1.13604803e-05
-3.43309908e-05
-1.14438258e-05
-1.14377156e-05
-3.44010112e-05
-3.42991859e-05
-1.14637377e-05
-1.14518088e-05
-3.42910756e-05
-1.14176147e-05
-1.14096952e-05
-3.42721713e-05
-3.42432013e-05
-1.14059433e-05
-1.13906661e-05
-3.43376672e-05
-1.14124118e-05
-1.14309511e-05
-3.42481725e-05
-3.43007622e-05
-1.13945488e-05
-1.14319346e-05
-3.44838044e-05
-1.14704688e-05
-1.14719814e-05
-3.44467204e-05
-3.4679802e-05
-1.15256243e-05
-1.14471281e-05
-3.44125269e-05
-1.14190619e-05
-1.14023073e-05
-3.49661683e-05
-3.57869545e-05
-1.12887711e-05
-1.13862693e-05
-3.4307221e-05
-1.14792757e-05
-1.14095666e-05
-3.44028076e-05
-3.43172312e-05
-1.14443664e-05
-1.1430097e-05
-1.15082057e-05
-3.42017136e-05
-3.43509534e-05
-1.14240755e-05
-1.13359735e-05
-3.4244248e-05
-1.14769051e-05
1.14569105e-05
3.437439e-05
1.14582956e-05
3.43921149e-05
1.14805823e-05
1.14761904e-05
3.43768923e-05
3.44108563e-05
1.13552468e-05
3.4322798e-05
3.4373349e-05
1.1474125e-05
1.14058169e-05
3.43920361e-05
3.44115086e-05
1.15245354e-05
3.471401e-05
3.46711588e-05
1.15604051e-05
1.1389993e-05
3.62747323e-05
3.53097614e-05
1.14220856e-05
3.45109468e-05
3.43964277e-05
1.13939431e-05
1.13994422e-05
3.45725174e-05
3.44220963e-05
1.14158672e-05
3.43286056e-05
3.4291971e-05
1.14190937e-05
1.14044192e-05
3.43197729e-05
3.42574693e-05
1.14206826e-05
3.42907665e-05
3.43060471e-05
1.13976901e-05
1.14122735e-05
3.4254813e-05
3.42884779e-05
1.14390374e-05
3.4325015e-05
3.43798753e-05
1.14443384e-05
1.14192212e-05
3.42997624e-05
3.43733522e-05
1.14900004e-05
3.44465505e-05
3.44495625e-05
1.14908489e-05
1.15403368e-05
3.447075e-05
3.43869764e-05
1.13743603e-05
3.43891041e-05
3.4190214e-05
1.14648978e-05
1.14604354e-05
3.44720015e-05
3.44341424e-05
1.12989959e-05
3.40475035e-05
3.40355839e-05
1.14631413e-05
1.14222071e-05
3.44475708e-05
3.42371898e-05
1.13402642e-05
1.10943428e-05
3.47492156e-05
3.22881251e-05
1.11284027e-05
1.13905695e-05
3.24614121e-05
3.49877259e-05
1.1377996e-05
3.39501822e-05
3.41302861e-05
1.1413821e-05
1.14884622e-05
3.42926196e-05
3.45647811e-05
1.14790074e-05
3.42124729e-05
3.44262864e-05
1.14954123e-05
1.14887035e-05
3.45217452e-05
3.45272974e-05
1.14433552e-05
3.44412595e-05
3.43909748e-05
1.15214361e-05
1.14491275e-05
3.44220342e-05
3.43422128e-05
1.14077232e-05
3.43602647e-05
3.43124667e-05
1.14027019e-05
1.14115497e-05
3.43806785e-05
3.43139006e-05
1.14046225e-05
3.42850799e-05
3.42892003e-05
1.13791618e-05
1.139177e-05
3.42474542e-05
3.42425854e-05
1.14147475e-05
3.43109205e-05
3.43446214e-05
1.14010318e-05
1.14108685e-05
3.42728443e-05
3.43460781e-05
1.1441876e-05
3.43820852e-05
3.43915653e-05
1.14352577e-05
1.13944353e-05
3.44502776e-05
3.43879835e-05
1.15487464e-05
3.45130787e-05
3.46079556e-05
1.14361504e-05
1.1575533e-05
3.51012834e-05
3.62075255e-05
1.1296877e-05
3.43375296e-05
3.43673391e-05
1.14152242e-05
1.13942129e-05
3.43980035e-05
3.43932563e-05
3.4422316e-05
1.14208614e-05
1.15453144e-05
3.44257422e-05
3.42955302e-05
1.13978307e-05
3.4255162e-05
5.67146083e-05
7.82930376e-05
5.70463876e-05
7.97670516e-05
5.7108857e-05
5.7168458e-05
8.0745284e-05
8.00494368e-05
5.71970809e-05
7.98304059e-05
8.01255337e-05
5.7290148e-05
5.73061247e-05
8.02547372e-05
8.03604651e-05
5.75831182e-05
8.04587516e-05
8.04388391e-05
5.85625634e-05
5.86813059e-05
8.04275441e-05
8.06390525e-05
5.72516822e-05
8.02872116e-05
8.0150258e-05
5.74009949e-05
5.71792497e-05
8.02506247e-05
7.9913501e-05
5.71192504e-05
8.00530151e-05
8.00645915e-05
5.70366073e-05
5.69372578e-05
7.95298337e-05
7.92506774e-05
5.71312437e-05
8.01288608e-05
8.00950179e-05
5.69674091e-05
5.69914958e-05
7.93780085e-05
7.96372739e-05
5.72322036e-05
8.0083319e-05
8.02067486e-05
5.70751299e-05
5.72021996e-05
7.98091733e-05
8.01729287e-05
5.7345674e-05
8.03155419e-05
8.03690929e-05
5.72796597e-05
5.71839851e-05
8.0393241e-05
8.08086646e-05
5.77355918e-05
8.13099238e-05
8.13373033e-05
5.74666863e-05
5.7446341e-05
8.04458151e-05
8.04414941e-05
5.52508236e-05
8.08687815e-05
5.90445408e-05
5.80202007e-05
8.13137705e-05
8.10584322e-05
5.7911029e-05
8.01728495e-05
5.83123927e-05
8.02302896e-05
5.82157884e-05
8.0909035e-05
5.81464368e-05
5.94070736e-05
8.14991989e-05
8.14878329e-05
5.8951185e-05
8.1298708e-05
8.12961481e-05
5.76530015e-05
5.75485527e-05
8.05283487e-05
8.04893507e-05
5.72874709e-05
8.0338952e-05
8.01969379e-05
5.71562408e-05
5.72628303e-05
8.07685785e-05
8.01984455e-05
5.71350851e-05
8.00832245e-05
8.00174246e-05
5.72257036e-05
5.70654663e-05
7.99796325e-05
7.97517816e-05
5.71672147e-05
8.00962291e-05
8.02448509e-05
5.69974112e-05
5.69925099e-05
7.97034977e-05
7.96916637e-05
5.72067301e-05
8.02712226e-05
8.01980891e-05
5.70343609e-05
5.70981694e-05
7.96843901e-05
7.98336452e-05
5.72564481e-05
8.01640849e-05
8.01808419e-05
5.71654403e-05
5.71031686e-05
7.99365813e-05
8.01444965e-05
5.74490313e-05
8.02206329e-05
8.02808804e-05
5.84012095e-05
5.85065431e-05
8.02839327e-05
8.0274295e-05
5.72054043e-05
8.00616431e-05
7.98630951e-05
5.72919987e-05
5.72800636e-05
8.03063994e-05
8.02278415e-05
7.97487277e-05
5.72091983e-05
5.70879937e-05
8.00461251e-05
8.05822583e-05
5.66271299e-05
7.80946738e-05
0.000100718243
0.00010422513
0.000103631264
0.000125635248
0.000126777382
0.000103835105
0.000126184867
0.000127034688
0.000104732445
0.000103445415
0.00012693045
0.00012659175
0.000103459799
0.000126549651
0.000126438653
0.000103395335
0.000104755722
0.000127842511
0.000127715022
0.000103285256
0.000126310778
0.000126328304
0.000103888729
0.000103215344
0.000126924854
0.000125789347
0.000103120944
0.00012794796
0.000128248161
0.000102806413
0.000102258655
0.000126042765
0.000124418931
0.000105299399
0.000127867471
0.000128400542
0.000102528642
0.00010160781
0.000124452403
0.000104634569
0.000128401685
0.000127691758
0.000101742223
0.000102433435
0.00012422141
0.000103130423
0.000127970497
0.000127665306
0.000102183244
0.00010269838
0.000124304337
0.000125530675
0.000103303986
0.00012633876
0.000126404264
0.000102974819
0.00010416577
0.000125521161
0.000126045071
0.000103360517
0.000126349944
0.000126392364
0.00010460824
0.000104744962
0.000127044592
0.000127014554
0.000103178158
0.000126974741
0.000126480137
0.000103382622
0.000103292802
0.00012643807
0.000127632562
0.000123853138
0.000103128429
0.000103091724
0.000126604171
0.000126452549
0.000102834354
0.000123784169
0.000102607437
0.000123646937
0.000103025793
0.000124309102
0.000102874379
0.000103248651
0.000126155206
0.000126983981
0.000103351035
0.000126869803
0.00012659748
0.00010343438
0.000103393343
0.000128142815
0.000126408263
0.000103363897
0.000126424099
0.00012628846
0.000104817667
0.000104857613
0.000127075188
0.000127100838
0.000103102723
0.000126146865
0.000126028064
0.00010428891
0.000102880903
0.000125902915
0.000125418525
0.00010294594
0.000127376234
0.000127883098
0.000102529699
0.000102020089
0.000125330902
0.000123953377
0.000105568523
0.00012782905
0.000128320786
0.000102568876
0.000101932596
0.000124167287
0.000104697289
0.000128231026
0.000127980357
0.000101949899
0.000102723858
0.000124433442
0.000103124955
0.000128168433
0.000127643346
0.000102425797
0.000102835883
0.000124390762
0.000125883809
0.00010310306
0.000126160362
0.000126084934
0.000103088818
0.000103420577
0.000125580907
0.000126724637
0.000103325779
0.000126225606
0.000126476242
0.000104287508
0.000103254302
0.000127523664
0.000127833006
0.00010347652
0.000126990895
0.000126177469
0.000103345484
0.000104600917
0.000126536927
0.000127032887
0.000103486093
0.00010376751
0.000126676298
0.000125427634
0.000146565139
0.000149568577
0.000170815769
0.00014993983
0.000171036021
0.000149987829
0.000151308906
0.000173910071
0.000174417014
0.000151564977
0.000174124384
0.000174662111
0.000150241602
0.000150355768
0.000174913827
0.000173769308
0.000149476849
0.000172753375
0.000174487084
0.00015085314
0.000150072317
0.000173316704
0.000172614972
0.000150706375
0.000174586666
0.000173686275
0.00014849534
0.000148671471
0.000170721401
0.000169982869
0.000151175337
0.000172824029
0.000171630661
0.000147899075
0.00014926299
0.000171161695
0.000170673563
0.000149711288
0.000170546195
0.000171153473
0.000150868279
0.000171661825
0.00017280294
0.0001469726
0.000151339522
0.000174260063
0.000174219678
0.000147715318
0.000149459009
0.000171005347
0.000149513813
0.000173993068
0.000172808246
0.000149304176
0.000149779611
0.000171682829
0.000172696139
0.000149693499
0.000172956118
0.000173086033
0.000150692519
0.000149423996
0.000173744227
0.000173996603
0.000150155408
0.000173730353
0.000172413994
0.000149684127
0.00014952812
0.000172997126
0.000172619568
0.000148854792
0.000171828989
0.000169225419
0.00014919867
0.000149672675
0.000173303696
0.000172062249
0.000150299397
0.000147791409
0.000172277887
0.00014759284
0.000150687869
0.000172316691
0.000149397163
0.000169399646
0.000171954942
0.000150352077
0.000149245437
0.000172374763
0.000173427906
0.00014918097
0.00017233879
0.000173600767
0.000149269095
0.000149429191
0.000172462869
0.000172788583
0.000149805336
0.000173184662
0.000173084593
0.000149683245
0.000151028654
0.000174226303
0.000174053985
0.000149264941
0.000172803502
0.000173816576
0.000149926764
0.000148897192
0.000172831362
0.000171625991
0.000150825701
0.000173749845
0.000173620954
0.000148963778
0.000147133565
0.000170666594
0.00015080792
0.000172332593
0.000171398909
0.000146857696
0.000148911387
0.000171026185
0.000170553925
0.00014998402
0.00017068017
0.000171243276
0.000150776326
0.000171780243
0.00017317843
0.000147822163
0.000149113255
0.000173534001
0.000173687379
0.000148804629
0.000148588422
0.000169776443
0.000170073182
0.000149494948
0.000173517231
0.000172543682
0.000150003804
0.000151037966
0.000172044966
0.00017335693
0.000149987406
0.000174176925
0.000174126079
0.000150024177
0.000150019571
0.000173519884
0.000174929421
0.000147114965
0.000171282707
0.000151196135
0.000150002281
0.000174531976
0.000173965662
0.000149433051
0.000146533255
0.000170927894
0.000194962637
0.000197839948
0.000218181124
0.000197863423
0.000218358057
0.000197993055
0.000198530304
0.000220962841
0.000221507709
0.000198332873
0.000220860926
0.00022122832
0.000197224885
0.000197206293
0.000221866646
0.000220817294
0.000196056163
0.000221490514
0.000221179078
0.000196922827
0.00019622271
0.000220084045
0.000217345107
0.000197357671
0.000219881131
0.000219628251
0.00019528293
0.000194312023
0.000216103481
0.000195097213
0.00021755702
0.000216107288
0.000192924476
0.000215272057
0.000191834732
0.000192578149
0.0001943034
0.000195899193
0.0002158647
0.000216588196
0.000198057892
0.000218842
0.000221679028
0.000193171889
0.00019399696
0.000196568234
0.000221159362
0.000222028209
0.000196718811
0.000196762077
0.000217073794
0.000218742332
0.00019687075
0.000221995982
0.000220660688
0.000197145061
0.000196245269
0.000220882822
0.000221211006
0.000196096693
0.00021920516
0.000216619544
0.000196625241
0.000197482013
0.000222493948
0.000221999667
0.000196400911
0.00019558571
0.000219087266
0.000216357561
0.00019245935
0.00019186273
0.000192943041
0.000195507695
0.000196254578
0.000216260956
0.000218633459
0.000196576098
0.00021649555
0.000219147577
0.000197099191
0.00019636122
0.000221308303
0.000222259347
0.000196657379
0.000220433507
0.000221584385
0.000196384057
0.000197212582
0.000221048406
0.000220702907
0.000197955574
0.00022162496
0.000221108959
0.000196855886
0.000196883893
0.000218448653
0.000217088265
0.000196922277
0.000222009464
0.000219187236
0.000193962204
0.000193131969
0.000195126039
0.000216546198
0.000215794182
0.000193151447
0.000191907232
0.000192711772
0.00019455247
0.00021536984
0.000196362412
0.000216189646
0.000217392119
0.000196898273
0.000219538005
0.000219589274
0.000193855863
0.000195263937
0.000215860513
0.000196336006
0.000220736725
0.000221114467
0.000196436031
0.000197506776
0.000216983316
0.00022003169
0.000198092421
0.000221442525
0.000220998597
0.000197280958
0.000197215851
0.000220919697
0.000221978578
0.000195067445
0.000218144041
0.000198360055
0.000198163129
0.000221363691
0.000220936789
0.00019778797
0.000194835197
0.000218377471
0.000240420867
0.000242817206
0.000242609186
0.000244890477
0.000245346848
0.000262599913
0.000264412135
0.000245318349
0.000262770419
0.000264460804
0.000245699929
0.000245867341
0.000264617157
0.000264830055
0.000246270012
0.000264590682
0.00026493872
0.000245845932
0.000246572258
0.000264780333
0.000263448027
0.000245020176
0.000265260196
0.000263255585
0.000245274796
0.000241656415
0.000243355472
0.000261741243
0.000239830468
0.000239271023
0.000240945234
0.000244437712
0.000245458381
0.000263094523
0.000264403179
0.000241613775
0.000243513502
0.000246409407
0.000265205831
0.000265646278
0.000244908179
0.000245434633
0.000262808405
0.000264484619
0.000246873977
0.000265647829
0.000264406572
0.000246082627
0.000246595614
0.00026526842
0.000265916241
0.000243043066
0.000246743253
0.000246745301
0.000266150757
0.000264376338
0.000245298419
0.000242658644
0.000242311563
0.000244579694
0.000244952595
0.000246305148
0.000246253514
0.000263577013
0.000265005789
0.000245626644
0.000263241949
0.000264592105
0.000245874735
0.00024527587
0.000264921247
0.000264280345
0.000245612788
0.000264794952
0.000264726309
0.00024489159
0.000244926289
0.000264132033
0.000262774471
0.000245171202
0.000264616197
0.000263269739
0.000243698784
0.000241533769
0.000242127671
0.000240330839
0.000244578721
0.000262680584
0.000239694519
0.000246912817
0.000264137328
0.000265611553
0.000241784008
0.000245755758
0.000245663906
0.000265598526
0.000264937118
0.000246549153
0.000246248157
0.00026362905
0.000264897035
0.000244768164
0.000264196139
0.000262448576
0.000246130288
0.000245685264
0.000264982199
0.000264468574
0.000240391514
0.000245294666
0.000244954216
0.000264353697
0.000262498067
0.000242775809
0.00024047427
-0.000238825037
-0.000241381052
-0.000239797483
-0.000242563887
-0.00026182136
-0.000264147741
-0.000244033256
-0.000245054348
-0.000264540653
-0.000244971416
-0.00024552945
-0.000264607397
-0.000264822586
-0.000245658382
-0.000245882242
-0.000264785648
-0.000245824414
-0.000246029221
-0.000264565953
-0.000263225713
-0.000245956989
-0.000246158791
-0.000263274711
-0.00024594027
-0.000245959883
-0.000244591781
-0.000242037584
-0.000244699086
-0.000242269343
-0.000240157869
-0.000241803405
-0.000263510291
-0.000243872076
-0.000244392095
-0.000239248483
-0.00024129009
-0.000265019734
-0.000245044931
-0.000245749262
-0.000260785237
-0.000263172952
-0.00024359935
-0.00024417777
-0.000264009349
-0.000246253625
-0.00024638192
-0.000264249469
-0.00026490203
-0.000245053919
-0.000246008001
-0.00024496616
-0.00024219799
-0.000264928333
-0.000263303588
-0.000246285225
-0.000245778495
-0.000243948737
-0.000241355852
-0.000241380745
-0.000244182887
-0.000242038495
-0.000245147449
-0.000263034087
-0.000264886842
-0.00024590188
-0.000246290668
-0.000264436859
-0.000246347999
-0.000245538081
-0.000265077498
-0.000264150399
-0.000246160148
-0.000245105713
-0.000264504929
-0.000245487878
-0.000245580728
-0.000263846783
-0.00026230277
-0.000244648864
-0.000244490539
-0.000262209137
-0.000245024075
-0.000244513242
-0.000242161437
-0.000239722436
-0.000242442222
-0.000240332526
-0.000242853666
-0.000244968847
-0.000264382085
-0.000245918135
-0.00024560643
-0.000241944553
-0.000244271888
-0.00026461655
-0.000245556178
-0.000245698879
-0.000262890644
-0.000264664052
-0.000245682596
-0.000245839293
-0.00026230539
-0.000245337126
-0.000244679316
-0.000264796854
-0.000264330358
-0.000246015013
-0.000245504299
-0.000242082041
-0.000239599165
-0.000264085735
-0.000262201196
-0.00024483138
-0.000244344986
-0.000241806238
-0.000239371294
-0.000216918165
-0.000193082746
-0.000196065371
-0.000217276981
-0.000193860526
-0.000196809592
-0.0002194963
-0.000220225741
-0.000196606435
-0.000197340099
-0.000221165147
-0.000197546367
-0.000198270113
-0.000221148564
-0.000220530274
-0.000196535202
-0.000196883047
-0.000221795897
-0.000196453495
-0.000197463068
-0.000218668924
-0.000216322563
-0.000195638261
-0.000195276781
-0.000216673491
-0.000196904607
-0.000196397337
-0.000193650076
-0.000194131056
-0.000193433194
-0.000217238303
-0.000195290441
-0.000196466
-0.000220353637
-0.000197328226
-0.000197559927
-0.000217224854
-0.000194274475
-0.000197051204
-0.000220142299
-0.000196569318
-0.000196646022
-0.000220033217
-0.000220410911
-0.000197586563
-0.000197740237
-0.000215719495
-0.000195886132
-0.000195352321
-0.000221420937
-0.000221168241
-0.000196360193
-0.000197340384
-0.000192957218
-0.000219568023
-0.000197218524
-0.000195422501
-0.000192861566
-0.000218934845
-0.000194846821
-0.000196409415
-0.000218429114
-0.000195460026
-0.000195670725
-0.000220861772
-0.000221713509
-0.000197098718
-0.000196228145
-0.000221453442
-0.000196643611
-0.000196478577
-0.000220473128
-0.00022010671
-0.000197529215
-0.00019681475
-0.000220530504
-0.000197951713
-0.000197636345
-0.000217755325
-0.000196992334
-0.000194822686
-0.000216410099
-0.000196329205
-0.000195112946
-0.000193458842
-0.000194132668
-0.000219424515
-0.000196456461
-0.000197008618
-0.000193943557
-0.000222357286
-0.000197724445
-0.00019665961
-0.000216353058
-0.000218849447
-0.000195603326
-0.000195935155
-0.000220092793
-0.000198060848
-0.000197472391
-0.000220483137
-0.000221173867
-0.000196901038
-0.000196668646
-0.000197110644
-0.00019458872
-0.000220566204
-0.000219619172
-0.000197878808
-0.000197436694
-0.000216644164
-0.000196055888
-0.000192085734
-0.000169665882
-0.00014980768
-0.000172036863
-0.000172563682
-0.0001513251
-0.000150678569
-0.000173567417
-0.000149159568
-0.000150325991
-0.000173469305
-0.000172624629
-0.000149267932
-0.000149358822
-0.000172918077
-0.000150031021
-0.000149762475
-0.00017374515
-0.000173204835
-0.00015173677
-0.000151147699
-0.000172634284
-0.000149437025
-0.000150146847
-0.000172096993
-0.000169792796
-0.000149801262
-0.000149272035
-0.000171501465
-0.000150105498
-0.000149560695
-0.000148340656
-0.000146884601
-0.000171929883
-0.000148866597
-0.000150032814
-0.000174470628
-0.000151125321
-0.000151094112
-0.000171222949
-0.000148089715
-0.000149581499
-0.000173167266
-0.00014979817
-0.000149829343
-0.000173573781
-0.00017419857
-0.000149952574
-0.000150903085
-0.000173115054
-0.000151016638
-0.000150953877
-0.000173101677
-0.000172991708
-0.000149811401
-0.00014987901
-0.000150871792
-0.000147533343
-0.000173829586
-0.000174217995
-0.000151501984
-0.000150408221
-0.000171140854
-0.00014986525
-0.000147316598
-0.000171616987
-0.00014781887
-0.000150452511
-0.000172566254
-0.000147338755
-0.000150509645
-0.000173931448
-0.00017347153
-0.000150348968
-0.000151192247
-0.000173172006
-0.000150269075
-0.000150784259
-0.000172724738
-0.000172849171
-0.000149481293
-0.000149567139
-0.000174245065
-0.000149631498
-0.000149571263
-0.000173678171
-0.000173580688
-0.000150639761
-0.000149637902
-0.000173170867
-0.000150821026
-0.000150754969
-0.000170763622
-0.000149463605
-0.000147751015
-0.000170490669
-0.000149836185
-0.00014883831
-0.000146862407
-0.000148114886
-0.000173059743
-0.000149612714
-0.000150578208
-0.000174050608
-0.000150666178
-0.000149576734
-0.000170013094
-0.00017234202
-0.00014974083
-0.000149905603
-0.000173233564
-0.000149734346
-0.000149982113
-0.000173512486
-0.000173596394
-0.000150880503
-0.000151547659
-0.000173619643
-0.000150782265
-0.000149606693
-0.000173109079
-0.000174221646
-0.000149711647
-0.000149553203
-0.00015013498
-0.000172878395
-0.0001713309
-0.000150501496
-0.000150809305
-0.000127072602
-0.000102478282
-0.000104633834
-0.000128423503
-0.000128454163
-0.000103082781
-0.00010359091
-0.00012824295
-0.00010344746
-0.000103529667
-0.000126627761
-0.000126965959
-0.000104155996
-0.000104022816
-0.000127111051
-0.000104834443
-0.000103740321
-0.000125263095
-0.000103269317
-0.000100805259
-0.000124998988
-0.000102997752
-0.000103282691
-0.000101111917
-0.000126395642
-0.000102003232
-0.0001034635
-0.000126962184
-0.000103403802
-0.000103380891
-0.000123836615
-0.000102826178
-0.000126539271
-0.000103386576
-0.000103363747
-0.000126103912
-0.000126886309
-0.000102963523
-0.000103681019
-0.000126711559
-0.000103069123
-0.000103557335
-0.000126678821
-0.00012726038
-0.000103443235
-0.000104856329
-0.000101113105
-0.000127000736
-0.000126404868
-0.000103887351
-0.000103954048
-0.000101085189
-0.000101483111
-0.000101024582
-0.000126632036
-0.000127164445
-0.000104072295
-0.000103705147
-0.000126238287
-0.000103765714
-0.000102949829
-0.000127212282
-0.000126409152
-0.00010493687
-0.000103367895
-0.000127583415
-0.000103168363
-0.000103151469
-0.000126702736
-0.000125843411
-0.000103528698
-0.000102820586
-0.000125843932
-0.000103069795
-0.000103165686
-0.00012362275
-0.000102712091
-0.000103571057
-0.000101866136
-0.000100671367
-0.000126024818
-0.000103062084
-0.000102977086
-0.000128170335
-0.000103808816
-0.000104886939
-0.000125461091
-0.000100942025
-0.000103286914
-0.000126412499
-0.000103398985
-0.000103239195
-0.000126994935
-0.000126514085
-0.000103823006
-0.000103781133
-0.000124416183
-0.000103715419
-0.000101739079
-0.000128050674
-0.000128335394
-0.000102954362
-0.000102553896
-8.10488157e-05
-5.69083762e-05
-5.7121941e-05
-8.02228002e-05
-8.05299007e-05
-5.7140952e-05
-5.7327885e-05
-8.04810002e-05
-5.74491519e-05
-5.74107571e-05
-8.1937296e-05
-8.09402207e-05
-5.74002671e-05
-5.71618139e-05
-8.01002504e-05
-5.73673168e-05
-5.74581096e-05
-7.9985703e-05
-7.96410573e-05
-5.71133256e-05
-5.73169401e-05
-7.99537472e-05
-5.75963888e-05
-5.72535844e-05
-5.78467189e-05
-7.81180314e-05
-5.68736166e-05
-7.9900724e-05
-5.71426266e-05
-5.72101129e-05
-8.1306499e-05
-5.78225913e-05
-5.87985358e-05
-8.11124229e-05
-5.52520238e-05
-5.77312542e-05
-8.0413761e-05
-5.74361055e-05
-5.74722359e-05
-8.02559608e-05
-8.02017102e-05
-5.75920635e-05
-5.76909025e-05
-8.04335307e-05
-5.82865036e-05
-5.81322843e-05
-8.04345121e-05
-8.04749701e-05
-5.73902818e-05
-5.7436935e-05
-5.75325335e-05
-8.04432345e-05
-8.04659193e-05
-5.77587311e-05
-5.77361585e-05
-8.00247067e-05
-5.73941018e-05
-7.99812237e-05
-5.72318194e-05
-7.98951069e-05
-5.74929559e-05
-8.01527048e-05
-8.01871194e-05
-5.74226221e-05
-5.75640469e-05
-8.05855302e-05
-5.83308613e-05
-5.82724184e-05
-8.04536836e-05
-8.04778158e-05
-5.74523989e-05
-5.7394543e-05
-8.02300613e-05
-5.7263789e-05
-5.73046659e-05
-7.99261091e-05
-8.00757372e-05
-5.72452036e-05
-5.73014168e-05
-8.10177513e-05
-5.8837412e-05
-5.7826663e-05
-8.09188525e-05
-5.78171886e-05
-5.52375592e-05
-8.00545165e-05
-5.72211592e-05
-5.70403554e-05
-5.68407709e-05
-7.97211929e-05
-5.80931772e-05
-8.00029867e-05
-5.7114776e-05
-5.75012729e-05
-8.03055931e-05
-5.73029545e-05
-5.72382125e-05
-7.98096151e-05
-8.00188885e-05
-5.72253395e-05
-5.69836555e-05
-8.0325709e-05
-5.72816073e-05
-5.73005728e-05
-8.06636849e-05
-8.16365312e-05
-5.70779075e-05
-5.72642687e-05
-7.96458392e-05
-5.70341231e-05
-5.69206826e-05
-8.00553983e-05
-7.97537672e-05
-5.71438288e-05
-5.69993745e-05
-3.42533656e-05
-1.13480533e-05
-1.13700086e-05
-3.42841078e-05
-3.43453165e-05
-1.13933293e-05
-1.14083248e-05
-3.45057642e-05
-1.15107126e-05
-1.1549857e-05
-3.44487866e-05
-3.43947481e-05
-1.15018894e-05
-1.15261745e-05
-3.57959867e-05
-1.16239804e-05
-1.33572926e-05
-3.44267391e-05
-3.54147559e-05
-1.15052643e-05
-1.22561118e-05
-3.43054933e-05
-1.24561764e-05
-1.15589037e-05
-9.92581194e-06
-3.24303303e-05
-1.13306308e-05
-1.12024488e-05
-3.43312651e-05
-1.13902843e-05
-3.43666746e-05
-1.14877298e-05
-1.13149395e-05
-3.44259152e-05
-1.13880133e-05
-1.14437282e-05
-3.37702129e-05
-3.41675361e-05
-1.13361228e-05
-1.16205247e-05
-3.45333567e-05
-1.14271093e-05
-1.14525651e-05
-3.56966193e-05
-3.55555536e-05
-1.20640139e-05
-1.30435509e-05
-3.50226864e-05
-1.1474386e-05
-1.13255759e-05
-3.45124527e-05
-3.44919686e-05
-1.14559467e-05
-1.14567493e-05
-1.19389216e-05
-9.79631976e-06
-3.54811621e-05
-3.54083389e-05
-1.28546384e-05
-1.20775783e-05
-3.4400337e-05
-1.15732592e-05
-3.43910922e-05
-1.16738657e-05
-3.51502584e-05
-1.00260372e-05
-1.2424432e-05
-3.58177683e-05
-3.55057896e-05
-1.20802679e-05
-1.31918983e-05
-3.58804871e-05
-1.13710223e-05
-1.14815164e-05
-3.44705967e-05
-3.45000314e-05
-1.15448071e-05
-1.14643087e-05
-3.45475223e-05
-1.16458754e-05
-1.16096325e-05
-3.56376145e-05
-3.55846537e-05
-1.33068678e-05
-1.24665472e-05
-3.42737613e-05
-1.14993378e-05
-1.14759629e-05
-3.41953803e-05
-3.38646532e-05
-1.15594949e-05
-1.14355878e-05
-3.43493241e-05
-1.14403796e-05
-1.13630606e-05
-1.15036139e-05
-3.45848521e-05
-1.09625204e-05
-1.12693162e-05
-3.51863153e-05
-1.15030389e-05
-1.21111937e-05
-9.73301462e-06
-3.43828909e-05
-1.2900507e-05
-1.14182335e-05
-3.51747401e-05
-3.43434629e-05
-1.19642667e-05
-1.13678733e-05
-3.43920974e-05
-1.13967048e-05
-1.14051834e-05
-3.42907371e-05
-3.43590471e-05
-1.13486163e-05
-1.14152922e-05
-3.42746011e-05
-1.14920389e-05
-1.15091215e-05
-3.43192339e-05
-3.42664482e-05
-1.14530712e-05
-1.14484389e-05
1.14538765e-05
3.41792858e-05
3.43382557e-05
1.14070086e-05
1.1444838e-05
3.42647313e-05
3.43598666e-05
1.1419748e-05
3.44165097e-05
3.43945236e-05
1.14106679e-05
1.14296488e-05
3.4372547e-05
3.43221258e-05
1.28945075e-05
3.44130359e-05
3.54006398e-05
1.13445833e-05
1.20351524e-05
3.43481137e-05
3.5155379e-05
1.15698711e-05
3.54165589e-05
3.44787095e-05
9.82482356e-06
1.10742035e-05
3.49460846e-05
3.27087205e-05
1.15030063e-05
3.42517384e-05
1.14327146e-05
3.43461387e-05
3.42402656e-05
1.15569862e-05
3.43738131e-05
3.46634807e-05
1.12618423e-05
1.16181788e-05
3.40126448e-05
3.42778499e-05
1.17701729e-05
3.4804221e-05
3.47909124e-05
1.25051176e-05
1.34310512e-05
3.59462419e-05
3.58922069e-05
1.13613121e-05
3.58887817e-05
3.48594238e-05
1.15047725e-05
1.15716836e-05
3.45093591e-05
3.44931098e-05
1.00025522e-05
3.53902906e-05
1.31591798e-05
1.23356992e-05
3.55294318e-05
3.54824888e-05
1.15934716e-05
3.45539673e-05
1.15007079e-05
3.44611926e-05
1.19859949e-05
3.56361214e-05
1.24236728e-05
1.30386549e-05
3.53233052e-05
3.56544282e-05
1.15636714e-05
3.523641e-05
3.62841096e-05
1.15503651e-05
1.15642788e-05
3.46807068e-05
3.47303273e-05
1.15014478e-05
3.45675508e-05
3.45430525e-05
1.30103155e-05
1.222653e-05
3.56123639e-05
3.5516829e-05
1.13874083e-05
3.44937706e-05
3.41971293e-05
1.14932972e-05
1.14197742e-05
3.417745e-05
3.38640351e-05
1.13756754e-05
3.44012532e-05
3.44176009e-05
3.43267594e-05
1.1374651e-05
3.26113255e-05
3.49319843e-05
1.2031276e-05
3.44250947e-05
3.5327296e-05
9.74093146e-06
1.14945519e-05
3.52253795e-05
3.44150442e-05
1.20084323e-05
1.15149437e-05
3.50837643e-05
3.43829622e-05
1.14946847e-05
3.44578164e-05
3.44916397e-05
1.15459477e-05
1.14910582e-05
3.43674231e-05
3.43891093e-05
1.14288304e-05
3.43009076e-05
3.4230583e-05
1.14094708e-05
1.14000797e-05
3.42908546e-05
3.42173116e-05
5.71228318e-05
7.98404319e-05
8.09301908e-05
5.71504684e-05
5.72794035e-05
7.99505242e-05
8.0337383e-05
5.73276367e-05
8.03739658e-05
8.03454108e-05
5.72945051e-05
5.71451314e-05
8.16136148e-05
8.07069238e-05
5.73171766e-05
8.03374637e-05
8.00555393e-05
5.71082213e-05
5.72465044e-05
8.00134794e-05
7.96666017e-05
5.73193304e-05
8.00687234e-05
8.00249576e-05
7.99114416e-05
5.68149294e-05
7.80993654e-05
5.72811056e-05
8.01574193e-05
8.00052397e-05
5.94021805e-05
8.15066049e-05
8.16591718e-05
5.55668506e-05
5.81663153e-05
8.11818954e-05
5.76025256e-05
8.04776675e-05
8.04470017e-05
5.75650207e-05
5.77335555e-05
8.01399031e-05
8.01111916e-05
5.82323036e-05
8.03641807e-05
8.04189045e-05
5.73477424e-05
5.74457501e-05
8.04552847e-05
8.04908547e-05
7.99514607e-05
5.76388551e-05
5.76697004e-05
8.03154128e-05
8.03054559e-05
5.74258074e-05
7.98843308e-05
5.73097662e-05
7.99425957e-05
5.73331191e-05
8.00352782e-05
5.77644174e-05
5.76786532e-05
8.02430483e-05
8.03222512e-05
5.85610775e-05
8.05428751e-05
8.05701144e-05
5.75894942e-05
5.75838967e-05
8.05501846e-05
8.05475255e-05
5.75258351e-05
8.03750542e-05
8.03217601e-05
5.75610185e-05
5.76425495e-05
8.01088817e-05
7.99866448e-05
5.80492018e-05
8.12724186e-05
8.14221116e-05
5.80241605e-05
5.54431047e-05
8.08187962e-05
5.7053434e-05
7.98722042e-05
8.01919638e-05
7.803153e-05
5.80560905e-05
7.99489385e-05
5.77246141e-05
7.99716028e-05
8.00601872e-05
5.73188615e-05
8.02789226e-05
8.04673896e-05
5.72281751e-05
5.70308879e-05
7.99073344e-05
8.00974798e-05
5.75096513e-05
8.05951215e-05
8.07236877e-05
5.72232398e-05
5.74590831e-05
8.10045637e-05
8.21974402e-05
5.68299634e-05
8.04882322e-05
7.96756085e-05
5.7095045e-05
5.69405433e-05
8.0048006e-05
7.97570848e-05
0.000104150325
0.000124478405
0.000127062123
0.000102848831
0.000103306915
0.000128229589
0.000128284025
0.000103363018
0.000126460915
0.000127802548
0.000103953062
0.000103787085
0.000126826395
0.000126707169
0.000103876578
0.00012802268
0.000127380194
0.000103308143
0.000101078562
0.00012522678
0.000103120836
0.000126025267
0.000124861396
0.000103518154
0.000126413936
0.000103293787
0.000125870165
0.000126555332
0.000102655809
0.000123595648
0.000103386253
0.000127568516
0.000126490126
0.000102859897
0.000103770261
0.000125808501
0.000126905256
0.000103902577
0.000126579794
0.000126620402
0.000103543808
0.000105133985
0.000126668936
0.000127432847
0.000103853805
0.000103804661
0.000127396032
0.000126544443
0.000101190566
0.000101225835
0.000101260876
0.000103994264
0.000103794463
0.000126630916
0.000127317339
0.000103040634
0.000126363594
0.000126243288
0.000105046286
0.00010344035
0.00012717297
0.000126415655
0.000103287853
0.000126635189
0.000127760308
0.000103633844
0.000102891191
0.000127054928
0.000125988458
0.000102969812
0.000126637671
0.000125982079
0.000102909626
0.000123565859
0.000101960559
0.000126372158
0.000100583418
0.000102921315
0.00012450786
0.000125986609
0.000105034538
0.000127299868
0.000128470224
0.000100963359
0.000103347766
0.000125501212
0.000103741887
0.00012862483
0.000126922258
0.00010427705
0.000104466306
0.000127243909
0.000127273768
0.000102083155
0.000126747421
0.000124349703
0.000103009613
0.000102639915
0.000127903579
0.000127939403
0.000149926004
0.000169958034
0.000150847905
0.000150481685
0.000171231563
0.000172763852
0.000150881947
0.000173370282
0.000173909067
0.000149529541
0.000149716667
0.000174010492
0.000172952854
0.000149796449
0.000173116225
0.000172957064
0.000151280247
0.000151191892
0.000173540136
0.000173247175
0.000150128425
0.000173963871
0.000172708051
0.000150160972
0.000149412725
0.000172231361
0.000169862081
0.000149492125
0.000172570529
0.000170906453
0.000146680553
0.000149680957
0.000170645555
0.000172106564
0.000151207392
0.000173213444
0.000174088758
0.000148091088
0.00014967425
0.000170770256
0.000149841217
0.000174185993
0.000173158919
0.000149827283
0.000150928506
0.000173483258
0.000174042635
0.000150875172
0.00017318628
0.000173149882
0.000149786432
0.000149820047
0.000173010317
0.000172900718
0.000147434146
0.000172520165
0.000151382794
0.000150344097
0.000173524694
0.000173811218
0.000150033399
0.000147398998
0.00017132689
0.000148066576
0.000150200465
0.000171816702
0.000150516246
0.000172510816
0.000150294385
0.000151045291
0.00017407326
0.000173552727
0.000151180509
0.000173082884
0.000172999962
0.000149581281
0.000149738278
0.000172816541
0.000172814582
0.000149940423
0.000173366817
0.000174773972
0.000150946846
0.000149824919
0.000174216938
0.000173898961
0.000151128165
0.000174627581
0.000173626494
0.00014995023
0.000148230065
0.000171223792
0.000149011953
0.000172306752
0.000170836428
0.000148263725
0.00015059535
0.000171471204
0.000173013748
0.000149884769
0.000173137558
0.000174140018
0.000149836703
0.00015043879
0.000170135316
0.000172338927
0.000149851224
0.000172955712
0.000173075929
0.00015119052
0.000151065358
0.000173098023
0.000173237174
0.000149228792
0.000174090594
0.000172951648
0.000149488394
0.000149133832
0.000172869118
0.000173427954
0.00016965983
0.000150071381
0.000150769316
0.000172351086
0.000171358986
0.000192458399
0.000196015078
0.000216412447
0.000196866862
0.00021731849
0.000196868141
0.000197489544
0.000218992743
0.000220077903
0.000198618346
0.00022033428
0.000221367923
0.000196692653
0.000197050271
0.000221009451
0.000220537027
0.000197670991
0.000221865006
0.000221977288
0.000195810026
0.000195516674
0.000218496654
0.000216394214
0.000196084743
0.00021959928
0.000216582875
0.000193681966
0.000193541421
0.000196049156
0.000216131077
0.000217194511
0.000197854073
0.000220568349
0.000220844143
0.000194306978
0.00019729367
0.000217509958
0.000196796071
0.000221255546
0.000220348767
0.000197504648
0.000197805819
0.000219911772
0.000220370433
0.000195147903
0.000218952748
0.000215938647
0.000196493382
0.000197284832
0.000222317055
0.000221343649
0.000196798479
0.000194875478
0.000219270802
0.000193052766
0.000195056175
0.000196892968
0.000219510649
0.000195147856
0.000215894538
0.000217909522
0.000197126278
0.000196010726
0.000221189453
0.000221404911
0.000196924683
0.000220577607
0.000221527685
0.000198333053
0.000197915678
0.000221004037
0.000220487679
0.000197588125
0.000220877938
0.000220360499
0.000197197684
0.000194667599
0.000217726866
0.000195072222
0.000217177027
0.000216106755
0.00019409869
0.000197081717
0.000216697591
0.00021935624
0.00019371934
0.000196666052
0.000222041692
0.000222505806
0.000195460311
0.000195889795
0.000216414636
0.000218874613
0.000198004547
0.000221352839
0.000220356332
0.000197147922
0.000196816381
0.000220711809
0.000221250266
0.000194021641
0.000217365108
0.000197619932
0.000196664019
0.000220411127
0.000219610206
0.000195918959
0.000192483742
0.000216874654
0.000238431021
0.000241163684
0.000242209185
0.000243924687
0.000244883841
0.000261779317
0.000264077372
0.000245350577
0.000262609389
0.000264522741
0.00024553771
0.00024595319
0.000264548964
0.000264976492
0.000245814481
0.000264656606
0.000264769395
0.000246097106
0.000245703249
0.000264930488
0.000263241428
0.000245755054
0.000264580053
0.000263002116
0.00024386872
0.000241802304
0.00024244389
0.000242400671
0.000244789364
0.000262061859
0.000263687357
0.000239250914
0.000241463929
0.000246315548
0.000264964799
0.000265716826
0.000243736074
0.000244570229
0.000261133101
0.000263556382
0.000246596373
0.000265654894
0.000263932157
0.000245466857
0.000246108702
0.000264676003
0.000265063826
0.000242599437
0.000246337191
0.000246597278
0.000264849834
0.000263323945
0.000244681213
0.000241562914
0.000241716467
0.000244093668
0.000244226966
0.000245582527
0.000245516483
0.000263072223
0.000264652085
0.000245820236
0.00026331001
0.000264825352
0.000245640851
0.000245281363
0.000264697106
0.000264373282
0.000245442162
0.000264812914
0.000264426978
0.000244911327
0.000244372667
0.000264031929
0.000262174642
0.000244417188
0.000264101725
0.00026220772
0.000241964388
0.000239850972
0.000240205111
0.000245072947
0.000245781415
0.000263263388
0.000264450639
0.000242203818
0.00024409391
0.000245504725
0.00026450454
0.000264403237
0.000245631838
0.000245535142
0.000262933529
0.000264461127
0.000245172212
0.000264318439
0.000262633344
0.000245637395
0.000245774804
0.000264578856
0.00026456317
0.000239846221
0.000245214667
0.000244394831
0.000264375997
0.000262354906
0.000241753026
0.000239267794
-0.000237346261
-0.000241201696
-0.000264949861
-0.000243055167
-0.000245636854
-0.000263318109
-0.000243539187
-0.000244444471
-0.00026454978
-0.000265682025
-0.000245217772
-0.000246389678
-0.000264921277
-0.000245210622
-0.000245882506
-0.000265891204
-0.000263858322
-0.000246523652
-0.000246186009
-0.000263304743
-0.000245866811
-0.00024581303
-0.000244543563
-0.000242476448
-0.000244403871
-0.000242204468
-0.000239162872
-0.000241214565
-0.000264053062
-0.000243976569
-0.000245000731
-0.000239779197
-0.000242352107
-0.000264828558
-0.000245692385
-0.000245935545
-0.000262693187
-0.000264549883
-0.000244968844
-0.000245744424
-0.000263142241
-0.000245784915
-0.000245662727
-0.000264758319
-0.000264873506
-0.000245922634
-0.000246020339
-0.000243513405
-0.000240619444
-0.000264764876
-0.000262660838
-0.000245775654
-0.000244734622
-0.000242513958
-0.000240385354
-0.000240754878
-0.000242900969
-0.000240725493
-0.000242582676
-0.000262601438
-0.000264410015
-0.000245158256
-0.000245309583
-0.000264763012
-0.000244841653
-0.000245475431
-0.000264436725
-0.000264106905
-0.000245371183
-0.0002450736
-0.00026446559
-0.000245778599
-0.000245502938
-0.000263943141
-0.000262388204
-0.00024482684
-0.000244595021
-0.000262188018
-0.000245107126
-0.000244178144
-0.000242360447
-0.000239943892
-0.000241672021
-0.000239587766
-0.000242046223
-0.000244658278
-0.000264750455
-0.000246288133
-0.000246315121
-0.000242597424
-0.000245188034
-0.000264486739
-0.00024600238
-0.000245531667
-0.000263681918
-0.000265173706
-0.000246302926
-0.000246420999
-0.000261910393
-0.000244844889
-0.00024382392
-0.000265325484
-0.000264303023
-0.000246214866
-0.000245158047
-0.000241297532
-0.000237833514
-0.000264568312
-0.000245473112
-0.000243342792
-0.000219740102
-0.000196274413
-0.000196842585
-0.000218053243
-0.000219479984
-0.000194848576
-0.000195665223
-0.00022161759
-0.000196315172
-0.000197195195
-0.000218813132
-0.000216177346
-0.000195711371
-0.000195092955
-0.00021597655
-0.00019577637
-0.000195311813
-0.000192617304
-0.000192762828
-0.000217212575
-0.00019465713
-0.000197029596
-0.000219982762
-0.000196829614
-0.000197053863
-0.000217164324
-0.000193693249
-0.00019662823
-0.00022033453
-0.000196242039
-0.000196669639
-0.000220054529
-0.000220680669
-0.000196981828
-0.00019780015
-0.000198280792
-0.00019560603
-0.00022176056
-0.000221045568
-0.000199039422
-0.000198818042
-0.00021815412
-0.000198027296
-0.000195165752
-0.000218766571
-0.000195015406
-0.000198281047
-0.000218624194
-0.000195146035
-0.000198108803
-0.000221578085
-0.000221722129
-0.000198216934
-0.000198678726
-0.000221326982
-0.000197031598
-0.000196940819
-0.000220976546
-0.000220363893
-0.000198145098
-0.000197797527
-0.000220431939
-0.000198398362
-0.00019786522
-0.000217807338
-0.000197590616
-0.000194740805
-0.000196889022
-0.000193740092
-0.000192534865
-0.000218580796
-0.000195150276
-0.000195727229
-0.000192854358
-0.000222192043
-0.00019735256
-0.000196519589
-0.000216287108
-0.000218824897
-0.00019536625
-0.000195882363
-0.000218359121
-0.00019658384
-0.000196087614
-0.000219401922
-0.000218257891
-0.000195597201
-0.000194859383
-0.000172638145
-0.000149657957
-0.00014956309
-0.000173093413
-0.000173100244
-0.000151068278
-0.000150964994
-0.000172974498
-0.000150644546
-0.000150797429
-0.000172416951
-0.000150544757
-0.000147635809
-0.000151274691
-0.000148220268
-0.000170898624
-0.000147035118
-0.00014924237
-0.000173932285
-0.000149713404
-0.000150713335
-0.000170629447
-0.00014662573
-0.000149220457
-0.000172777854
-0.00014952132
-0.000149572436
-0.000173441557
-0.000173636144
-0.000149458077
-0.000150639946
-0.00017428196
-0.000151261492
-0.000150245795
-0.000173896233
-0.000175315302
-0.000150278483
-0.000150240509
-0.000149936165
-0.000147391091
-0.000174706083
-0.000174163208
-0.000151239343
-0.000150084191
-0.000171434001
-0.000149927808
-0.000147521799
-0.000170998401
-0.000147398676
-0.000150031937
-0.000171060294
-0.000147263961
-0.000149624588
-0.000173619663
-0.000174042373
-0.000150056942
-0.00015090028
-0.000175184407
-0.000150459198
-0.000151934121
-0.000175029297
-0.00017404388
-0.000150250466
-0.000150507251
-0.000174398116
-0.000149847568
-0.000149719522
-0.000174213504
-0.000173562832
-0.000150810633
-0.000149566578
-0.000173227605
-0.000150911074
-0.000149559254
-0.00017075627
-0.000149496437
-0.000146906866
-0.000149273942
-0.000146819781
-0.000172700625
-0.000148022779
-0.000151034579
-0.000173520988
-0.000151346695
-0.000151609642
-0.00017253983
-0.000148334288
-0.00015111704
-0.00017307862
-0.000149877353
-0.000149853951
-0.000173230817
-0.000173382538
-0.000150928294
-0.000151138893
-0.000127845289
-0.000103322731
-0.00010331935
-0.000126666605
-0.00012647955
-0.000103159922
-0.000103007509
-0.000126184032
-0.000103194565
-0.000103101612
-0.000123963705
-0.000102803562
-0.000103530955
-0.000100966644
-0.000126041741
-0.000103260018
-0.000104039879
-0.000126441804
-0.000104173825
-0.000103388836
-0.000125961132
-0.000126268735
-0.000103793679
-0.000104249803
-0.000126453946
-0.000103730755
-0.000103796047
-0.000126710629
-0.000127178661
-0.000103502561
-0.000104954369
-0.000101172455
-0.000127001446
-0.000126353952
-0.000103823032
-0.000103807033
-0.000101197087
-0.000101417737
-0.00010083412
-0.000126572075
-0.000127089576
-0.000103810462
-0.000103518086
-0.000127188808
-0.000103657186
-0.000104108505
-0.000127125632
-0.000126636037
-0.000104616292
-0.000103546371
-0.00012627888
-0.000103332949
-0.000104097985
-0.000126158097
-0.000125882125
-0.000104184063
-0.00010372712
-0.000126495433
-0.000103980555
-0.000103364478
-0.000100972964
-0.000123849309
-0.000103400898
-0.000126705716
-0.000102992692
-0.000103187987
-0.000123817202
-0.000102780018
-0.000126733849
-0.000103374425
-0.000103407771
-0.000126484193
-0.000126766662
-0.000103232667
-0.000103264554
-8.03907691e-05
-5.74599108e-05
-5.74943392e-05
-8.11685187e-05
-8.10689354e-05
-5.88224372e-05
-5.78327213e-05
-8.12138915e-05
-5.91129981e-05
-5.79299527e-05
-8.08782304e-05
-5.799952e-05
-5.53347108e-05
-7.82391561e-05
-5.71455403e-05
-5.66625421e-05
-7.97410245e-05
-5.75803631e-05
-8.06940225e-05
-5.71712558e-05
-5.71735626e-05
-7.81462e-05
-5.68634525e-05
-8.05140556e-05
-5.7345227e-05
-5.73681389e-05
-8.08284535e-05
-8.10068644e-05
-5.70411702e-05
-5.71487355e-05
-8.0122569e-05
-5.73870868e-05
-5.7316643e-05
-8.05152001e-05
-8.04797882e-05
-5.74533854e-05
-5.74521575e-05
-5.75171085e-05
-8.03314025e-05
-8.01001188e-05
-5.75591183e-05
-5.75461244e-05
-8.06144845e-05
-5.76048489e-05
-5.49597592e-05
-8.07085579e-05
-5.52760045e-05
-5.78189686e-05
-7.97728748e-05
-5.77128977e-05
-8.02843446e-05
-8.02690799e-05
-5.73811614e-05
-5.76735159e-05
-8.02982006e-05
-5.75144889e-05
-5.73742279e-05
-8.03888329e-05
-8.05116966e-05
-5.75230799e-05
-5.74627568e-05
-8.17766546e-05
-5.73824303e-05
-5.73723001e-05
-8.08615583e-05
-8.0765129e-05
-5.72214144e-05
-5.71491272e-05
-8.00477106e-05
-5.71799164e-05
-5.71730841e-05
-7.81786781e-05
-5.68571218e-05
-5.73069607e-05
-8.03962226e-05
-5.68951541e-05
-5.71495712e-05
-8.08198532e-05
-5.74038519e-05
-5.84024601e-05
-8.0558462e-05
-5.48793216e-05
-5.7610069e-05
-8.02758889e-05
-5.7177613e-05
-5.7287331e-05
-8.08568842e-05
-8.10565471e-05
-5.75908549e-05
-5.86681501e-05
-3.44605868e-05
-1.14797692e-05
-1.14727667e-05
-3.44278789e-05
-3.42107405e-05
-1.1463837e-05
-1.13661025e-05
-3.43505523e-05
-1.15078785e-05
-1.15173638e-05
-3.4090037e-05
-3.39568181e-05
-1.14190427e-05
-1.1454456e-05
-3.4239935e-05
-1.14265041e-05
-1.14449019e-05
-3.52776684e-05
-1.00041475e-05
-1.22187312e-05
-3.43492802e-05
-1.13900601e-05
-1.13728038e-05
-3.42708668e-05
-1.14486289e-05
-3.44088557e-05
-1.13989015e-05
-1.13766592e-05
-3.43250681e-05
-3.43167946e-05
-1.14203237e-05
-1.13659213e-05
-3.45344938e-05
-1.14943731e-05
-1.16322378e-05
-3.45428967e-05
-3.45220578e-05
-1.14922306e-05
-1.15472987e-05
-1.20199863e-05
-9.88193714e-06
-3.54490724e-05
-3.55145402e-05
-1.30146706e-05
-1.20010726e-05
-3.41372616e-05
-3.38820012e-05
-1.15156164e-05
-1.12614601e-05
-3.39011529e-05
-3.40325017e-05
-1.13424251e-05
-1.15096088e-05
-3.53070985e-05
-9.88652881e-06
-1.1886473e-05
-3.54474844e-05
-3.55426133e-05
-1.22072851e-05
-1.30912333e-05
-3.45447111e-05
-1.14488848e-05
-1.15253213e-05
-3.4554397e-05
-3.455707e-05
-1.1488427e-05
-1.14975419e-05
-3.44343049e-05
-1.14355289e-05
-1.14370454e-05
-3.44028947e-05
-3.43503325e-05
-1.14161316e-05
-1.1399966e-05
-3.43357747e-05
-1.14273556e-05
-1.14647153e-05
-3.43749275e-05
-1.1435236e-05
-1.2262821e-05
-1.01253277e-05
-3.42587671e-05
-1.1352377e-05
-1.140412e-05
-3.43199814e-05
-1.14845773e-05
-1.14691809e-05
-3.38243015e-05
-3.41076116e-05
-1.14589298e-05
-1.14276573e-05
-3.43940257e-05
-1.14514429e-05
-1.14295742e-05
-3.42224592e-05
-3.43861709e-05
-1.14245847e-05
-1.14231715e-05
1.14267066e-05
3.44465536e-05
3.4424405e-05
1.14132098e-05
1.13411323e-05
3.43598245e-05
3.41768985e-05
1.13781123e-05
3.44631869e-05
3.42816001e-05
1.13044037e-05
1.13372102e-05
3.41518237e-05
3.39073951e-05
1.14075515e-05
3.42271773e-05
3.42035152e-05
1.23930288e-05
3.54743866e-05
1.15471325e-05
3.45003447e-05
3.44192151e-05
1.15237064e-05
3.42576415e-05
1.15641741e-05
3.45510332e-05
3.46126961e-05
1.16371499e-05
1.15645794e-05
3.44421466e-05
3.45459685e-05
1.17246252e-05
3.4578389e-05
3.43017627e-05
1.14984409e-05
1.15157778e-05
3.45505175e-05
3.44164646e-05
9.80109183e-06
3.52733125e-05
1.29189056e-05
1.21752515e-05
3.52718552e-05
3.51993831e-05
1.15701373e-05
1.12503607e-05
3.40925457e-05
3.36939956e-05
1.13180214e-05
1.15970951e-05
3.401758e-05
3.42842502e-05
1.19306639e-05
3.54500172e-05
1.22286927e-05
1.29864107e-05
3.5437505e-05
3.55651653e-05
1.14292083e-05
3.43887573e-05
3.45297091e-05
1.15847878e-05
1.14872247e-05
3.45339337e-05
3.45569305e-05
1.14863058e-05
3.4425265e-05
3.44363507e-05
1.1461416e-05
1.15566363e-05
3.43125258e-05
3.43529942e-05
1.12724061e-05
3.43688257e-05
3.42859243e-05
1.14849989e-05
3.43508095e-05
9.90060397e-06
3.53627016e-05
1.14549266e-05
3.42149759e-05
3.40977201e-05
1.13783164e-05
3.4163912e-05
3.42992571e-05
1.11586111e-05
1.13270124e-05
3.39275022e-05
3.39843858e-05
1.14696053e-05
3.43873282e-05
3.44665943e-05
1.13628648e-05
1.14783505e-05
3.42095939e-05
3.44402658e-05
5.74690218e-05
8.04576219e-05
8.04686235e-05
5.88121905e-05
5.77500436e-05
8.12478424e-05
8.13831973e-05
5.79798471e-05
8.12931089e-05
8.10747602e-05
5.79469411e-05
5.54170199e-05
8.07679021e-05
5.67493432e-05
8.02871828e-05
7.79625199e-05
5.76318857e-05
7.97188386e-05
5.73168503e-05
8.01804193e-05
8.12576564e-05
5.69401862e-05
7.86130733e-05
5.76126549e-05
8.25066819e-05
8.09023815e-05
5.72125118e-05
5.72997246e-05
8.11934142e-05
8.13514136e-05
5.73009504e-05
8.03154053e-05
8.03093977e-05
5.74786534e-05
5.74190727e-05
8.06109698e-05
8.06009837e-05
7.992907e-05
5.73789598e-05
5.74482587e-05
8.02154584e-05
8.00155694e-05
5.76987654e-05
5.49274951e-05
8.05207253e-05
5.53544862e-05
5.79249314e-05
8.07266288e-05
5.76280933e-05
7.98794841e-05
5.76223262e-05
5.77065356e-05
8.03134286e-05
8.03396732e-05
5.73396997e-05
8.01058841e-05
8.02093478e-05
5.75031465e-05
5.74597934e-05
8.04935753e-05
8.05219699e-05
5.73768437e-05
8.04186245e-05
8.2141751e-05
5.71042592e-05
5.69774052e-05
8.06755429e-05
8.10665835e-05
5.72303328e-05
8.09874218e-05
8.01968649e-05
5.68861355e-05
7.83102139e-05
7.98370767e-05
5.71929192e-05
7.83132747e-05
8.08176137e-05
5.85223985e-05
8.10921607e-05
8.11684414e-05
5.48199718e-05
5.75639641e-05
8.07644105e-05
5.74462885e-05
8.03184543e-05
8.04075254e-05
5.78478408e-05
5.89471972e-05
8.1016102e-05
8.11894759e-05
0.000103346319
0.000126728904
0.000127769258
0.000103349084
0.000103076749
0.000126709874
0.000126241597
0.000102960023
0.000126652393
0.000126442253
0.000102807217
0.000123678734
0.000124175031
0.000100925638
0.000104379327
0.000126509751
0.000126119869
0.000103758931
0.000126222057
0.000126455523
0.000104017016
0.000104679921
0.000125757506
0.000126192217
0.000104219279
0.000127115408
0.000126803188
0.000103765674
0.000105471189
0.000126871551
0.000127797906
0.000104108988
0.000103806773
0.000127486854
0.000126631755
0.000101384963
0.000101470901
0.000101091009
0.000103924064
0.000104022767
0.000126510029
0.000126960487
0.000103850949
0.000126573865
0.000127264208
0.000104998399
0.000103584316
0.000127369063
0.000126870616
0.000104437811
0.000126391469
0.000126279411
0.000103841655
0.000103915491
0.000126036695
0.000125798981
0.000103492102
0.000126203721
0.000126495507
0.000103648703
0.000124318341
0.000103357506
0.000126446786
0.000126729863
0.000102900063
0.000123938388
0.000103414646
0.000127960491
0.000126686424
0.000103099038
0.000103185488
0.000126538458
0.000126897524
0.000149924603
0.000173013997
0.000172962609
0.000151143762
0.000150887104
0.000173356439
0.000173385068
0.000151411781
0.000173835048
0.000173441084
0.000151350185
0.000148456509
0.000172798002
0.000147937641
0.000172674153
0.000149344248
0.000170836058
0.000150490987
0.000173406339
0.000173767769
0.000146484869
0.000149003555
0.000170458335
0.000149903061
0.000174510768
0.000173326571
0.000149698131
0.000151042737
0.000173788451
0.000174297581
0.000150298923
0.000174680176
0.000174396641
0.000150323967
0.000150255045
0.000173805721
0.000175171069
0.000147495824
0.000171507163
0.000151248917
0.000150138736
0.000174627586
0.000174076315
0.000149693477
0.000147163472
0.000171015563
0.000147235372
0.000149963897
0.000171785276
0.000150113386
0.000171547675
0.000150457728
0.000151633757
0.000174859797
0.000175013436
0.000151824031
0.000174541062
0.000175148635
0.0001505577
0.000150595696
0.000175282215
0.000174103372
0.000149745474
0.000173048546
0.000174425826
0.000151023266
0.000149779179
0.000173906762
0.000173558867
0.000149716404
0.000174235099
0.000173617323
0.000149404282
0.000146913096
0.000170689241
0.000147192916
0.000170686375
0.000150593556
0.000172465036
0.000151127997
0.000172771846
0.000173230359
0.000147922596
0.000150688106
0.000172545049
0.000150078339
0.000172854932
0.000173172261
0.000151508101
0.000151663729
0.000173315323
0.000173703224
0.000196649357
0.000218460002
0.000219182766
0.000194945182
0.000195528022
0.000218164146
0.000219255385
0.000196963721
0.000221590976
0.000220874099
0.000195840046
0.000195207369
0.000218409176
0.000215952626
0.000195089911
0.000218068229
0.000215790051
0.000192448345
0.000197183896
0.000217297828
0.000197960532
0.000219943846
0.00022057244
0.000194566507
0.000197202264
0.000217499813
0.000196774691
0.000221005142
0.000220352631
0.000197417895
0.000197859685
0.000220013091
0.000220706538
0.000195239308
0.000218271852
0.000198505604
0.000198556321
0.0002214376
0.000221257957
0.000197993215
0.000195013944
0.000218634149
0.000195660898
0.000198312202
0.00021875273
0.000198048721
0.000218366273
0.000198266562
0.000198647837
0.000221151747
0.000221720981
0.000196312505
0.000220364587
0.000221135905
0.000197590242
0.000196902162
0.000220772566
0.000220006871
0.000197376723
0.000220558612
0.00022007024
0.000196614053
0.00019434605
0.00021738003
0.000194890704
0.000217713667
0.000192652335
0.000195571474
0.00021583343
0.000218375029
0.000192451654
0.000196325121
0.000221209573
0.000221715768
0.000195187885
0.000195813665
0.000215977177
0.000218650922
0.000196041058
0.000219710604
0.000218276343
0.00019560217
0.000194828611
0.000219556283
0.000218260725
0.000240963396
0.000243025213
0.000245565146
0.000264985052
0.000244183079
0.000261014124
0.000263463307
0.000245093897
0.000246472928
0.000264540471
0.000265796773
0.000245564898
0.000264486292
0.000264836449
0.000246627401
0.000245604822
0.000265999482
0.000263885494
0.000245604373
0.00026469528
0.000263282748
0.000243767016
0.00024176609
0.000242070122
0.000241428057
0.000244812037
0.000262059469
0.000264081359
0.000239637987
0.000241988646
0.00024621754
0.000264303169
0.000264925842
0.000244640609
0.000245544403
0.000262378809
0.000264526941
0.000245323281
0.000264945388
0.000262788401
0.000245923208
0.000245691018
0.000264694119
0.000264576298
0.000240753648
0.000245489701
0.000245022991
0.000264569873
0.000262841678
0.000242914222
0.000240661253
0.000240486644
0.000243126199
0.000243538905
0.000245530907
0.000245819688
0.000262775137
0.000264549019
0.000245702793
0.000263189002
0.000264901476
0.000245813131
0.000245434427
0.000264688672
0.000264296893
0.000245503448
0.000264814524
0.000264549184
0.000245081526
0.000244894625
0.00026426833
0.000262514483
0.0002443702
0.00026424927
0.000262305718
0.000242426768
0.000239931037
0.000239738129
0.000244035455
0.000246081638
0.000263075068
0.000264795626
0.000242342837
0.000244990638
0.000245434078
0.000264906165
0.000264437035
0.000246598453
0.000246352169
0.000263568375
0.000265230556
0.000243925185
0.000263949953
0.000261885771
0.000246262973
0.000245372869
0.000265182672
0.00026430932
0.000237710762
0.000245856319
0.000243528418
0.00026467557
-0.000266569035
-0.00024579022
-0.000248054906
-0.00026385733
-0.000264753886
-0.000244926522
-0.000246314387
-0.000265132835
-0.000246731303
-0.000246946913
-0.000244278236
-0.000242140704
-0.000244558253
-0.000242668187
-0.000239150293
-0.000240571651
-0.000243312866
-0.000264674039
-0.000245252537
-0.000245484592
-0.000240621965
-0.000242840879
-0.00026425719
-0.000245712195
-0.00024523217
-0.000262865484
-0.000264461525
-0.000245191432
-0.000245381282
-0.00026277677
-0.000245042967
-0.000244854325
-0.000264487471
-0.000264646231
-0.000245524248
-0.000245643398
-0.000242815278
-0.000240916092
-0.000264658559
-0.000262816851
-0.000245481089
-0.00024544144
-0.000243099049
-0.000241167965
-0.000241303365
-0.000242910489
-0.000240397472
-0.000242891097
-0.000262807944
-0.000264392666
-0.000244910602
-0.000245515553
-0.0002644103
-0.000245161577
-0.000245324593
-0.000264705132
-0.000264976536
-0.00024580486
-0.000246069264
-0.000264711081
-0.000245579964
-0.000245779743
-0.000264830569
-0.000263009777
-0.000245790477
-0.000245376134
-0.000262566731
-0.000245473894
-0.000244668936
-0.000243263117
-0.000240825436
-0.000242163595
-0.000240198068
-0.000242785243
-0.000244134155
-0.000238947289
-0.000266566094
-0.000246789939
-0.000247292102
-0.000242789261
-0.000245347085
-0.000265252326
-0.000248196142
-0.000245943004
-0.000265998381
-0.000264237001
-0.000246746738
-0.000245290116
-0.000220900589
-0.000196242393
-0.000197195957
-0.000219425928
-0.000216776246
-0.000196866281
-0.000196403904
-0.000216664878
-0.000196321415
-0.000195762076
-0.000193101175
-0.000192358675
-0.000217689675
-0.000194377319
-0.000197513826
-0.000221699162
-0.000198050896
-0.000198631379
-0.000218601727
-0.000195090226
-0.000198114047
-0.000220976475
-0.000197490758
-0.000197541933
-0.000221132742
-0.000221469825
-0.000198481904
-0.000198538875
-0.00022135075
-0.000198770569
-0.00019838857
-0.000220963945
-0.00022228709
-0.000197428217
-0.000197464979
-0.00019833781
-0.000194597345
-0.000221971697
-0.000222027388
-0.000198907297
-0.000198272653
-0.000192240872
-0.000218108267
-0.000215719149
-0.000195832229
-0.000195322001
-0.000193922969
-0.000193392226
-0.000192544643
-0.000215593481
-0.000218159172
-0.000195119682
-0.000195925662
-0.000218363011
-0.000194418971
-0.000197443927
-0.000221985669
-0.000221509269
-0.000198218912
-0.000198456318
-0.00022181722
-0.000197909535
-0.000198832724
-0.000221777663
-0.000221071497
-0.000197108982
-0.000197379717
-0.000221766416
-0.00019737348
-0.000197140069
-0.000221655792
-0.00022112443
-0.000198632907
-0.000198223416
-0.000220682393
-0.000198104805
-0.00019791212
-0.000218157642
-0.000197582753
-0.000194968926
-0.000197366671
-0.0001946989
-0.000192479873
-0.000219021963
-0.000195907473
-0.000196585827
-0.000193225836
-0.000221136068
-0.000197285745
-0.000196387514
-0.000216654433
-0.000219519567
-0.00019615856
-0.000197120929
-0.000172230843
-0.000149083681
-0.000149828884
-0.000172058488
-0.000169335178
-0.000149485438
-0.000148953122
-0.000150460577
-0.000147916812
-0.000170510613
-0.000146685793
-0.000149438703
-0.000174218153
-0.000149650541
-0.000150899755
-0.000171102812
-0.000146869571
-0.000149759485
-0.000173805709
-0.000150015939
-0.00015017621
-0.000174172207
-0.000174718811
-0.000150011384
-0.000151221448
-0.000173465906
-0.000151344985
-0.000150227159
-0.000173684405
-0.000173215781
-0.000150142824
-0.000149941111
-0.00015019632
-0.000148034633
-0.00017348741
-0.000173310917
-0.00015127159
-0.000150531327
-0.000172295874
-0.000171093342
-0.000149824079
-0.000149332713
-0.000148084324
-0.000147733929
-0.000170835957
-0.000172090595
-0.000149283299
-0.000149937102
-0.000172127114
-0.000148242528
-0.000150065427
-0.000172927943
-0.000173212367
-0.000150656172
-0.00015091268
-0.000174227511
-0.000150175603
-0.000151185294
-0.000172996095
-0.000173371599
-0.00014978449
-0.000149980142
-0.000174584597
-0.000149982012
-0.000149885478
-0.000174079205
-0.000174019908
-0.000151095275
-0.000149806306
-0.000173855997
-0.000151125448
-0.000150031194
-0.000171127918
-0.000149759074
-0.000147227549
-0.000149534197
-0.000146664103
-0.000172730536
-0.000147673841
-0.0001503825
-0.000173580076
-0.000149860211
-0.00014915317
-0.000169598034
-0.000172059679
-0.000149110985
-0.000149481218
-0.000127625227
-0.000103287862
-0.000103284915
-0.000126348686
-0.00012655451
-0.000103191793
-0.000103101398
-0.000126334429
-0.000103194532
-0.000103089816
-0.000123814008
-0.000102797613
-0.000102893037
-0.000126612471
-0.000104118539
-0.000103608291
-0.000100595227
-0.000126396592
-0.000104655567
-0.000103351174
-0.000126181458
-0.000126837101
-0.000103482754
-0.000103781203
-0.00012599866
-0.000103801953
-0.000103185997
-0.000126450377
-0.000127357311
-0.000103261799
-0.000103147358
-0.000103464851
-0.000126570587
-0.000126330688
-0.000103847113
-0.000103895886
-0.000126155477
-0.000123970812
-0.000102837454
-0.000103430825
-0.000124056162
-0.000126148469
-0.000103208305
-0.000102760243
-0.000124198899
-0.000103376978
-0.00012632455
-0.00012703816
-0.000104137218
-0.00010398178
-0.000127189554
-0.000103337272
-0.000103962321
-0.000127718603
-0.000126505939
-0.000103323396
-0.000103396312
-0.000127410389
-0.000103536827
-0.00010499851
-0.000127049502
-0.000126500213
-0.000103931581
-0.000103717282
-0.000125612973
-0.00010390618
-0.000103867944
-0.000101115581
-0.000123771038
-0.000102733263
-0.000126505919
-0.000102975126
-0.00010324522
-0.000123803748
-0.000102937676
-0.000126292055
-0.000103315451
-0.000103316159
-0.000126562666
-0.000126567874
-0.000103184918
-0.000103268308
-8.05537832e-05
-5.76698733e-05
-5.76062874e-05
-8.15415965e-05
-8.14907744e-05
-5.93129655e-05
-5.81432105e-05
-8.11204042e-05
-5.89841978e-05
-5.80613958e-05
-8.09942077e-05
-5.78805439e-05
-5.53354253e-05
-5.78164224e-05
-5.52635311e-05
-7.84522886e-05
-5.67808084e-05
-8.00944123e-05
-5.72141888e-05
-5.74579462e-05
-7.95333116e-05
-5.73481572e-05
-8.0350781e-05
-5.73699904e-05
-5.73483872e-05
-7.99621957e-05
-8.01108912e-05
-5.71898782e-05
-5.72578038e-05
-8.08934951e-05
-5.86754712e-05
-5.77981253e-05
-8.02578722e-05
-8.02036016e-05
-5.73259908e-05
-5.72994537e-05
-7.78802217e-05
-5.71738758e-05
-5.67566477e-05
-8.15107487e-05
-8.05841711e-05
-5.72417252e-05
-5.70251339e-05
-8.0197634e-05
-8.04548437e-05
-5.70281846e-05
-5.71258031e-05
-7.83653404e-05
-5.76034051e-05
-7.8195538e-05
-5.76727648e-05
-8.03748588e-05
-8.00589562e-05
-5.70302798e-05
-5.70631069e-05
-8.05433295e-05
-5.68503516e-05
-5.71213924e-05
-8.04895481e-05
-8.17183065e-05
-5.7044091e-05
-5.72902263e-05
-8.1273601e-05
-5.79317969e-05
-5.89156596e-05
-8.04027447e-05
-8.04648325e-05
-5.74153665e-05
-5.74773164e-05
-8.03561111e-05
-5.73481641e-05
-5.73572078e-05
-8.011019e-05
-7.99473925e-05
-5.72276517e-05
-5.72423292e-05
-8.06488169e-05
-5.73074805e-05
-5.71567887e-05
-7.96931948e-05
-5.72238797e-05
-5.6780783e-05
-8.07056356e-05
-5.50291766e-05
-5.77244294e-05
-8.13155697e-05
-5.79324878e-05
-5.89980719e-05
-8.08846338e-05
-5.53187074e-05
-5.79596786e-05
-8.04145715e-05
-5.74443824e-05
-5.74783838e-05
-8.13285776e-05
-8.12391011e-05
-5.77475926e-05
-5.89805438e-05
-3.4525919e-05
-1.15217916e-05
-1.15169731e-05
-3.45574163e-05
-3.42992322e-05
-1.15048075e-05
-1.14716353e-05
-3.42527567e-05
-1.14751704e-05
-1.1425776e-05
-3.42433975e-05
-3.3927485e-05
-1.13573458e-05
-1.1327442e-05
-3.39572835e-05
-1.14073042e-05
-1.12340819e-05
-3.42510011e-05
-1.13597161e-05
-3.45492186e-05
-1.14947591e-05
-1.15025335e-05
-3.44273294e-05
-1.14830555e-05
-3.44712877e-05
-1.15095237e-05
-1.14998502e-05
-3.4407077e-05
-3.44102967e-05
-1.14821345e-05
-1.15526825e-05
-3.42511594e-05
-1.14524965e-05
-1.14177326e-05
-3.44229672e-05
-3.43894125e-05
-1.14646574e-05
-1.14623166e-05
-3.42495432e-05
-1.14979689e-05
-1.13927151e-05
-3.43363805e-05
-3.42189227e-05
-1.14661928e-05
-1.14405721e-05
-3.43283606e-05
-3.43260252e-05
-1.15386499e-05
-1.14144164e-05
-3.46389457e-05
-3.24030554e-05
-1.13074401e-05
-1.09672092e-05
-3.24228693e-05
-3.46936807e-05
-1.10463308e-05
-1.13685392e-05
-3.42870913e-05
-3.42550651e-05
-1.13562422e-05
-1.15384135e-05
-3.42341039e-05
-1.12795243e-05
-1.14640269e-05
-3.43040113e-05
-3.43764585e-05
-1.13557091e-05
-1.14301208e-05
-3.44200015e-05
-1.1441803e-05
-1.14496368e-05
-3.44229383e-05
-3.44662522e-05
-1.14497936e-05
-1.14474423e-05
-3.44374857e-05
-1.14825344e-05
-1.14820065e-05
-3.44177331e-05
-3.44403957e-05
-1.15073395e-05
-1.14020568e-05
-3.44029626e-05
-1.15116762e-05
-1.13252709e-05
-3.43015617e-05
-1.16157496e-05
-1.14233886e-05
-3.41450674e-05
-1.13545013e-05
-1.13333652e-05
-3.44360581e-05
-1.13385679e-05
-1.1419858e-05
-3.38566599e-05
-3.41185209e-05
-1.13021455e-05
-1.13399004e-05
-3.44780437e-05
-1.1453702e-05
-1.14531683e-05
-3.42505349e-05
-3.44400053e-05
-1.14274357e-05
-1.145643e-05
1.14255423e-05
3.44699753e-05
3.44067797e-05
1.14328094e-05
1.13895108e-05
3.44681515e-05
3.42681195e-05
1.13202685e-05
3.43546617e-05
3.41454452e-05
1.13782142e-05
1.12720441e-05
3.41006156e-05
3.38965403e-05
1.12649797e-05
3.40071511e-05
3.38566003e-05
1.14164578e-05
3.44356982e-05
1.12612051e-05
3.43178193e-05
3.43388285e-05
1.11984834e-05
3.43421982e-05
1.1390788e-05
3.43868219e-05
3.44366897e-05
1.12439261e-05
1.13904245e-05
3.43569231e-05
3.43860509e-05
1.13547583e-05
3.43369611e-05
3.41251582e-05
1.14340788e-05
1.1408291e-05
3.43818756e-05
3.43257853e-05
1.13520739e-05
3.42033953e-05
3.42076823e-05
1.14060518e-05
1.13400321e-05
3.43412114e-05
3.43026135e-05
1.14073623e-05
1.14504339e-05
3.44270734e-05
3.42828922e-05
1.13289729e-05
1.11016117e-05
3.47047375e-05
3.24008242e-05
1.11563336e-05
1.13318229e-05
3.25129278e-05
3.48186858e-05
1.14215924e-05
1.16316912e-05
3.42475097e-05
3.42028443e-05
1.1407092e-05
3.45068432e-05
3.43535403e-05
1.14430644e-05
1.14631933e-05
3.45082038e-05
3.44889625e-05
1.151892e-05
3.43235912e-05
3.45321891e-05
1.1487565e-05
1.1521803e-05
3.45052229e-05
3.45662375e-05
1.13613768e-05
3.43961992e-05
3.43570724e-05
1.13828754e-05
1.12831644e-05
3.43448451e-05
3.44317e-05
1.11502459e-05
3.42252647e-05
3.43347079e-05
1.14785381e-05
3.41634313e-05
3.42214461e-05
1.1464812e-05
3.39610861e-05
3.41218234e-05
1.14714767e-05
3.4296299e-05
3.45209878e-05
1.13121411e-05
1.13342815e-05
3.39203833e-05
3.41619551e-05
1.14980471e-05
3.45100133e-05
3.45311844e-05
1.14147147e-05
1.14972705e-05
3.42934286e-05
3.44844418e-05
5.73523652e-05
8.04781731e-05
8.03464067e-05
5.89618973e-05
5.78187631e-05
8.14147676e-05
8.13470228e-05
5.74532159e-05
8.0875114e-05
8.08976067e-05
5.77810971e-05
5.49281235e-05
8.04902131e-05
5.52258166e-05
8.06131874e-05
5.70719566e-05
7.86155304e-05
5.73420624e-05
8.1213726e-05
8.01968747e-05
5.72044414e-05
7.96527203e-05
5.73995054e-05
8.04130604e-05
8.04718293e-05
5.72818947e-05
5.73366816e-05
8.002855e-05
8.02534501e-05
5.75198767e-05
8.09147726e-05
8.09373721e-05
5.72860517e-05
5.72258388e-05
8.0296619e-05
8.0280497e-05
5.68146324e-05
8.04472302e-05
7.80342865e-05
5.72638089e-05
5.71346289e-05
8.17527443e-05
8.06129079e-05
5.71305594e-05
5.69492806e-05
8.01694821e-05
8.03861371e-05
5.75806089e-05
7.82235037e-05
5.77777259e-05
7.83903611e-05
5.70176632e-05
5.726787e-05
8.04950931e-05
8.01770747e-05
5.7208781e-05
7.80779592e-05
8.04790455e-05
5.71548776e-05
5.73541069e-05
8.06325322e-05
8.16463366e-05
5.90520156e-05
8.12756954e-05
8.14186677e-05
5.7517574e-05
5.759748e-05
8.04797696e-05
8.05986994e-05
5.72678394e-05
8.03851361e-05
8.034073e-05
5.72652469e-05
5.71050257e-05
8.01158974e-05
8.0024305e-05
5.70087535e-05
8.00632134e-05
8.04457757e-05
5.71765312e-05
7.97126586e-05
7.79957841e-05
5.78551338e-05
8.07642419e-05
5.91198434e-05
8.1252893e-05
8.14820235e-05
5.52816714e-05
5.80363505e-05
8.10284274e-05
5.75134699e-05
8.04716461e-05
8.04366625e-05
5.78870249e-05
5.89375438e-05
8.11994494e-05
8.12469071e-05
0.00010337017
0.00012653135
0.000127911997
0.000103500016
0.000103273065
0.000126864687
0.000126615228
0.000103044236
0.000126715948
0.000126457367
0.000103005067
0.000123966212
0.000123966247
0.000103848428
0.000125509066
0.000126814248
0.000100933789
0.000103524643
0.000127126833
0.000126598212
0.000103676691
0.000103881421
0.000126362713
0.000127038997
0.000103240767
0.000127221511
0.000126118064
0.0001033771
0.000103297587
0.000126569093
0.00012772972
0.000124069511
0.000104033838
0.000104103586
0.000126950333
0.000126184234
0.00010273624
0.000103579556
0.000126215709
0.000123970965
0.000103281365
0.000102770125
0.00012376139
0.000125840059
0.0001035141
0.000124373179
0.000103883689
0.000103972186
0.000126176667
0.000127022806
0.000104111008
0.000126369232
0.000127223141
0.000103435908
0.000103548207
0.000128022848
0.000126676419
0.000104951351
0.000126505019
0.00012719716
0.000103902166
0.000103756037
0.000126988527
0.000126383505
0.00010382719
0.000126827902
0.000125599723
0.000101115064
0.000102884855
0.000124106664
0.000103406858
0.000126625296
0.000126976147
0.000103023685
0.00012423539
0.000103378072
0.000128141711
0.000126486275
0.000103150924
0.000103195295
0.00012685989
0.000126649059
0.000150143183
0.000173693756
0.000172623228
0.000149766195
0.000149263783
0.000172251224
0.000169524543
0.000147696931
0.000172651127
0.000149618744
0.000170816189
0.000151135313
0.000173813581
0.000174194302
0.000147094
0.000149875408
0.000171053205
0.000150165493
0.000174391608
0.000173493342
0.00015016541
0.000151433458
0.000173901856
0.000174739378
0.000150003344
0.000174135711
0.00017300937
0.00014989528
0.000149781516
0.000173400115
0.000173053785
0.000148295629
0.000172384939
0.000151161075
0.000150994437
0.000173437109
0.000173240509
0.000149988949
0.000149067927
0.000172642101
0.000170933449
0.000147671003
0.000147262605
0.000148915589
0.000150308442
0.000170718554
0.000172495098
0.000150059196
0.000172370004
0.000151053178
0.00015113342
0.000173257964
0.000173399813
0.000151214195
0.000173274054
0.000174775473
0.00014981372
0.000150112055
0.000173073356
0.000173669687
0.000149988259
0.000173815728
0.000174707722
0.000151437398
0.000150298845
0.000174793416
0.000174148572
0.000149709036
0.00017384952
0.000173218092
0.000149461089
0.000147012359
0.000170836909
0.000146955411
0.000170699535
0.000151048217
0.000172663436
0.000149456393
0.000172756812
0.000173985912
0.000149236519
0.000149655659
0.000169679832
0.000172330926
0.000197254829
0.000221018438
0.000220796559
0.000196549003
0.000196454132
0.00021936183
0.000216897662
0.000196024562
0.000218322705
0.000216433002
0.000193543593
0.000197222704
0.00021784091
0.000197798573
0.000220348865
0.000221194407
0.000194363618
0.000197642998
0.00021829556
0.000197253899
0.000222071072
0.000220781235
0.000198140369
0.000198183093
0.000221002155
0.000221224538
0.000197993714
0.000221320863
0.000220443445
0.000197190197
0.00019709892
0.000220788608
0.000221509611
0.000194802824
0.000218413803
0.000198769635
0.000198514113
0.000221517618
0.000221995059
0.000196113267
0.000195147
0.000218092099
0.000215694335
0.000193698914
0.000193836582
0.000192760094
0.000195445937
0.000196090106
0.000215734427
0.000217917444
0.000198263538
0.000218645959
0.000198006349
0.000198614883
0.000221701275
0.000221613565
0.000199226674
0.000221398351
0.000221930595
0.000197721489
0.000197786259
0.000222332972
0.00022131705
0.000197666946
0.000221195275
0.000222475035
0.000198780141
0.000198660022
0.000221887446
0.000221642704
0.000198059859
0.000221949416
0.00022092209
0.000198397046
0.000195317303
0.00021900922
0.00019424918
0.000217734065
0.000192455807
0.000197020798
0.000216447571
0.000219393166
0.000193536153
0.000196311716
0.000221767519
0.000221200288
0.000196410738
0.000196705688
0.000216773235
0.000219349794
0.00024793583
0.000265119231
0.000266501212
0.000244695476
0.000245938065
0.000263773121
0.000264611783
0.000246956395
0.000266394282
0.000265318132
0.000244469095
0.000242337926
0.000242392335
0.000238931552
0.000243164792
0.000245364133
0.000262936178
0.000264517342
0.000240769148
0.000242859598
0.000245657091
0.000264538606
0.000264620108
0.000245338896
0.000245764876
0.000262925686
0.000264908288
0.000245094888
0.000264560354
0.000262788028
0.000245927216
0.000245698762
0.00026491884
0.00026469093
0.000240564234
0.000245412146
0.000244822463
0.000264582959
0.000262891502
0.000242605436
0.000240958536
0.000240922812
0.000243302336
0.000242938193
0.000245405925
0.000245585659
0.000262898703
0.000264641684
0.000245580369
0.000262575922
0.000264518972
0.000245978362
0.000246126318
0.000265194875
0.000265306851
0.00024580569
0.000264679454
0.000264663641
0.000245813489
0.000245300666
0.000264834161
0.000262980466
0.00024525432
0.000264688042
0.000262576328
0.000243097236
0.000241062045
0.000240296036
0.000244256262
0.000239087936
0.000247429226
0.000265335159
0.000266638919
0.000242870597
0.000245403024
0.000246257083
0.000267042878
0.00026539289
0.00024675223
0.000245341213
0.000266072159
0.000264324028
-0.000243762673
-0.00024197721
-0.000239263668
-0.00023929662
-0.000241275023
-0.000243695148
-0.000264575198
-0.000245268449
-0.000245396432
-0.000241744507
-0.000243621028
-0.000264659334
-0.000245674364
-0.000245751753
-0.000262907615
-0.000264525982
-0.000245017782
-0.000245454269
-0.000263174099
-0.000245498242
-0.000245680917
-0.000264696825
-0.000264752962
-0.000245715083
-0.000245770778
-0.000244076932
-0.00024042963
-0.000264574753
-0.000262743333
-0.000245472611
-0.000244039222
-0.000238883475
-0.000261701241
-0.000244107726
-0.000242289407
-0.000239574848
-0.000239270132
-0.000239022203
-0.000239634124
-0.000238515299
-0.000261092203
-0.000241991977
-0.000243544749
-0.000240398115
-0.000244105929
-0.000262872706
-0.000264952449
-0.000244087267
-0.00024568646
-0.000264795987
-0.000245640955
-0.000245610342
-0.000265359489
-0.000265450335
-0.000245944842
-0.000246161555
-0.000265107173
-0.000245850133
-0.000245914222
-0.000265321738
-0.000263658181
-0.000245975576
-0.000245747813
-0.000263156829
-0.000245713548
-0.000246071999
-0.000244068826
-0.000242011175
-0.000244334757
-0.000241232909
-0.000239795564
-0.0002612589
-0.000242367589
-0.000243967063
-0.000239216431
-0.000220416752
-0.000196530975
-0.000197502435
-0.000219153315
-0.000217236203
-0.000197443567
-0.000196857169
-0.00021644705
-0.000196908622
-0.000196381215
-0.000194039165
-0.000193601463
-0.000218951656
-0.000195103437
-0.000196730077
-0.00019279731
-0.000221531635
-0.000197093314
-0.000196173416
-0.000215996589
-0.000218331618
-0.000195110487
-0.000195448617
-0.000217570691
-0.000197105969
-0.000197029703
-0.000220972364
-0.000220878127
-0.000196293907
-0.000197977826
-0.000194210521
-0.000193221118
-0.000220332153
-0.000219335375
-0.00019803002
-0.000196790302
-0.000216836871
-0.000216756233
-0.000195844073
-0.000195861723
-0.000194298686
-0.000193021738
-0.000192380854
-0.000191926788
-0.000191819201
-0.000192228004
-0.000193219628
-0.000194329607
-0.000216333201
-0.000217042828
-0.000195812104
-0.000196108352
-0.000193650503
-0.000194420502
-0.000219628855
-0.000220725684
-0.000197284333
-0.000198055598
-0.000219099617
-0.000197110889
-0.000196422135
-0.000220591656
-0.000220530708
-0.000197923752
-0.000195901755
-0.000220928359
-0.000196236654
-0.000197130834
-0.000218362156
-0.000215669275
-0.00019548057
-0.000195067419
-0.000196934949
-0.000195228989
-0.000192610615
-0.000193969128
-0.000219762474
-0.000196584338
-0.000196951221
-0.000193737686
-0.000221134237
-0.00019745019
-0.000196589133
-0.000217012547
-0.000219323963
-0.000196530282
-0.000197514345
-0.000172633762
-0.000149536246
-0.000149894583
-0.000172902698
-0.000169951195
-0.000150274481
-0.000149418531
-0.000169792094
-0.000149661196
-0.000149352879
-0.000171422171
-0.000147072215
-0.000149970212
-0.000173520364
-0.000150244713
-0.00015132652
-0.000172666756
-0.000147254015
-0.000151111329
-0.000173061771
-0.000150008367
-0.000149950231
-0.000173306066
-0.000173388668
-0.000151416748
-0.000151298462
-0.000171730185
-0.000150776939
-0.000149766828
-0.000172745721
-0.00017345861
-0.000149478416
-0.000149212674
-0.000148952522
-0.000147422254
-0.000173364038
-0.000174143377
-0.000150574313
-0.000151007647
-0.000147382901
-0.00017280178
-0.000171382362
-0.000151025587
-0.000151013816
-0.000171061218
-0.000170798557
-0.00014979328
-0.000149240093
-0.000170700446
-0.000171073917
-0.000149147655
-0.000149835339
-0.000147359332
-0.000171547689
-0.000172773128
-0.000150995814
-0.000151118665
-0.000171324313
-0.000147707428
-0.000149582762
-0.000174667936
-0.000174501635
-0.000151720688
-0.000151620665
-0.000173334032
-0.000150068591
-0.000150837846
-0.000174098519
-0.000172965447
-0.000149678196
-0.000149677005
-0.000172830155
-0.000149643979
-0.000149568682
-0.000172966388
-0.000173148506
-0.000150869371
-0.000150379395
-0.000173647965
-0.000151127962
-0.00015020074
-0.000172515444
-0.000150701246
-0.000147308644
-0.000150000709
-0.000147350581
-0.000172300937
-0.00014922746
-0.000150250518
-0.000173885154
-0.000150394692
-0.000149743986
-0.000169912115
-0.000172634472
-0.000149661239
-0.000150345852
-0.000127777074
-0.00010360737
-0.000103515301
-0.00012708417
-0.000126828857
-0.000104415919
-0.000104173625
-0.000126767621
-0.000104200686
-0.000103873703
-0.000124262155
-0.000103633064
-0.000102810573
-0.000101084804
-0.000127018503
-0.00010365672
-0.000103633688
-0.000101006033
-0.000126667932
-0.000104839235
-0.000103439737
-0.000126694614
-0.000126812347
-0.000103651647
-0.000103092591
-0.00012680612
-0.000103285143
-0.000104128516
-0.000126442981
-0.000126308906
-0.000103354999
-0.000103315198
-0.000125598971
-0.000104027784
-0.000102980635
-0.000126236201
-0.0001262441
-0.000103251124
-0.000103231408
-0.000124510489
-0.000102813383
-0.000102446664
-0.000127969752
-0.000128302182
-0.000103261585
-0.000103299349
-0.000102858717
-0.000101457933
-0.000128240016
-0.000128374069
-0.000105038569
-0.000105435237
-0.000124304537
-0.000101570665
-0.000102829972
-0.000128434382
-0.000128126717
-0.000105467274
-0.000105091407
-0.000125755627
-0.000102259286
-0.000102767358
-0.000128258702
-0.000128013288
-0.000103251348
-0.000103255099
-0.000126219753
-0.000103072668
-0.0001039824
-0.000126480393
-0.000126500534
-0.00010331803
-0.00010330408
-0.000127594165
-0.000103748183
-0.000103184972
-0.000126398008
-0.000126499528
-0.000103238309
-0.000103325322
-0.000127289853
-0.000103414776
-0.00010483774
-0.000126548109
-0.000126797231
-0.000103100845
-0.000103565761
-0.000126546703
-0.00010373254
-0.000103817448
-0.000101039069
-0.000101229572
-0.000124020752
-0.000102792788
-0.000127302215
-0.000104219962
-0.000104544984
-0.000124846916
-0.000103702718
-0.000127056002
-0.000103866641
-0.000103966964
-0.000127708592
-0.000127668324
-0.000104344503
-0.000104897664
-8.05952764e-05
-5.75708769e-05
-5.74581888e-05
-8.22613714e-05
-8.10692605e-05
-5.75261381e-05
-5.71777399e-05
-8.0985579e-05
-5.73751598e-05
-5.72470724e-05
-8.07406537e-05
-7.81388084e-05
-5.68944377e-05
-5.68288186e-05
-5.80326039e-05
-5.55403493e-05
-7.97864993e-05
-5.7311084e-05
-8.00740818e-05
-5.7718831e-05
-5.76176268e-05
-7.99045107e-05
-5.74215341e-05
-8.03979347e-05
-5.73662947e-05
-5.72817024e-05
-8.0349163e-05
-8.04083143e-05
-5.81980826e-05
-5.80745265e-05
-8.05939389e-05
-5.82831386e-05
-5.83964729e-05
-8.03802115e-05
-8.03393241e-05
-5.7423244e-05
-5.74309193e-05
-7.9971048e-05
-5.73706789e-05
-5.71621801e-05
-8.02811894e-05
-8.02168484e-05
-5.73621785e-05
-5.72471864e-05
-7.93465125e-05
-5.70591822e-05
-5.69430307e-05
-8.01907042e-05
-8.01203314e-05
-5.71838843e-05
-5.7131934e-05
-7.97921594e-05
-5.69082996e-05
-5.70024425e-05
-8.01686838e-05
-8.02506471e-05
-5.71282496e-05
-5.71716164e-05
-8.01633434e-05
-5.71211585e-05
-5.72122509e-05
-8.01995558e-05
-8.02505312e-05
-5.72202869e-05
-5.72964492e-05
-8.09380836e-05
-5.82617508e-05
-5.82042876e-05
-8.03830079e-05
-8.03804869e-05
-5.73824878e-05
-5.73852945e-05
-8.04087889e-05
-5.74915246e-05
-5.74847881e-05
-8.0464198e-05
-8.04005939e-05
-5.84495766e-05
-5.8326285e-05
-8.01263937e-05
-5.75743537e-05
-5.74807119e-05
-7.98629089e-05
-5.74571459e-05
-5.71600261e-05
-8.08855629e-05
-5.53066779e-05
-5.78683173e-05
-8.22348551e-05
-5.71643847e-05
-5.74859225e-05
-7.84776532e-05
-8.10975513e-05
-5.68453405e-05
-5.70980913e-05
-8.09051924e-05
-5.75988957e-05
-5.76742881e-05
-8.14021297e-05
-8.24471663e-05
-5.734901e-05
-5.76021907e-05
-3.44466494e-05
-1.14205896e-05
-1.14566416e-05
-3.434585e-05
-3.43632386e-05
-1.13370537e-05
-1.14070589e-05
-3.39125859e-05
-1.14157213e-05
-1.14265252e-05
-3.42883793e-05
-1.17108507e-05
-3.55562613e-05
-1.23067606e-05
-1.30502287e-05
-3.54732519e-05
-9.90822419e-06
-1.20242484e-05
-3.43852948e-05
-1.14386739e-05
-1.14019161e-05
-3.47166603e-05
-3.56710151e-05
-1.12449567e-05
-1.14308219e-05
-3.49790348e-05
-1.14662913e-05
-1.12723023e-05
-3.45220829e-05
-3.44926467e-05
-1.14856535e-05
-1.14522617e-05
-3.43816705e-05
-1.13833669e-05
-1.14314669e-05
-3.44301746e-05
-3.43674861e-05
-1.14531338e-05
-1.14362776e-05
-3.42292506e-05
-1.14235602e-05
-1.13988265e-05
-3.43185364e-05
-3.42823999e-05
-1.1422031e-05
-1.14105719e-05
-3.4279324e-05
-1.13932352e-05
-1.14034413e-05
-3.42817701e-05
-3.43125547e-05
-1.14081987e-05
-1.14154654e-05
-3.44302294e-05
-1.14684589e-05
-1.13605136e-05
-3.43722448e-05
-3.44041828e-05
-1.14391797e-05
-1.14449126e-05
-3.58821963e-05
-1.13813019e-05
-1.14858242e-05
-3.44456722e-05
-3.44856719e-05
-1.14691007e-05
-1.14774103e-05
-3.46462621e-05
-1.15563593e-05
-1.15998098e-05
-3.60812299e-05
-3.52353467e-05
-1.15580451e-05
-1.14160864e-05
-3.55294239e-05
-1.3144404e-05
-1.24184666e-05
-3.5487536e-05
-1.20922353e-05
-9.89172353e-06
-1.16988246e-05
-3.41732267e-05
-1.13728308e-05
-1.1423169e-05
-3.4437627e-05
-1.14065234e-05
-1.14381476e-05
-3.42448111e-05
-3.43545826e-05
-1.13917288e-05
-1.14365757e-05
1.14868418e-05
3.4456069e-05
3.43975033e-05
1.14835948e-05
1.15045728e-05
3.43242583e-05
3.42836672e-05
1.13133338e-05
3.42825608e-05
3.39611935e-05
1.16302479e-05
3.42993809e-05
1.31592341e-05
3.57377809e-05
3.56096959e-05
1.00207311e-05
1.22955337e-05
3.53888414e-05
1.15835493e-05
3.4635821e-05
3.46674788e-05
1.14509861e-05
1.15575976e-05
3.51570946e-05
3.61171091e-05
1.13349917e-05
3.59215237e-05
3.481743e-05
1.14619302e-05
1.14348682e-05
3.44728952e-05
3.43931173e-05
1.13601423e-05
3.44342272e-05
3.43764798e-05
1.14035911e-05
1.1388919e-05
3.43677815e-05
3.43309793e-05
1.13985646e-05
3.42812736e-05
3.42504107e-05
1.14071146e-05
1.14039991e-05
3.42955715e-05
3.4279042e-05
1.14005624e-05
3.42455702e-05
3.42721304e-05
1.14028572e-05
1.14019828e-05
3.42775814e-05
3.4286281e-05
1.12445806e-05
3.42581134e-05
3.44348807e-05
1.14180157e-05
1.13917396e-05
3.42971342e-05
3.43637106e-05
1.1491066e-05
3.49940083e-05
3.59729277e-05
1.14507701e-05
1.14893555e-05
3.44626587e-05
3.45301864e-05
1.15319117e-05
3.44713755e-05
3.44869673e-05
1.14350065e-05
1.13245681e-05
3.57860976e-05
3.49636591e-05
1.2337539e-05
3.55417352e-05
3.55098142e-05
1.21922879e-05
9.93578865e-06
3.53210134e-05
3.41245002e-05
1.149274e-05
3.40252251e-05
3.42891581e-05
1.15000387e-05
3.44106346e-05
3.4380971e-05
1.14014318e-05
1.16003744e-05
3.43462107e-05
3.41667948e-05
5.75070161e-05
8.06132848e-05
8.06200262e-05
5.74870614e-05
5.72629954e-05
8.19431133e-05
8.09099118e-05
5.72225178e-05
8.21384852e-05
8.09582161e-05
5.70897929e-05
5.68107462e-05
8.09552348e-05
7.82807299e-05
5.52065911e-05
8.11183262e-05
5.72737865e-05
7.98977297e-05
5.77543117e-05
8.01803409e-05
8.02774515e-05
5.75121629e-05
7.99676787e-05
5.75646175e-05
8.05673346e-05
8.05740498e-05
5.8323187e-05
5.85111727e-05
8.05510976e-05
8.05460535e-05
5.81755091e-05
8.10648145e-05
8.0598102e-05
5.73582794e-05
5.73236088e-05
8.04350763e-05
8.03220427e-05
5.71303785e-05
8.01801977e-05
7.9871769e-05
5.72536535e-05
5.71825137e-05
8.02019998e-05
8.00976561e-05
5.69395809e-05
7.95407721e-05
7.94510462e-05
5.7134299e-05
5.71190143e-05
8.00300697e-05
8.01216835e-05
5.70412021e-05
7.95387433e-05
7.96785311e-05
5.71279401e-05
5.71310632e-05
8.01349698e-05
8.00443324e-05
5.71396075e-05
7.98619027e-05
8.0150593e-05
5.71775775e-05
5.72477305e-05
8.00779605e-05
8.01781459e-05
5.83750746e-05
8.06010124e-05
8.11379801e-05
5.73859322e-05
5.74694626e-05
8.03267496e-05
8.04499906e-05
5.73888857e-05
8.04371084e-05
8.039453e-05
5.81940648e-05
5.81826536e-05
8.04555205e-05
8.03354319e-05
5.74032723e-05
8.02896076e-05
8.01819695e-05
5.74742675e-05
7.99567217e-05
7.98482286e-05
5.77053381e-05
8.10250719e-05
5.7339264e-05
8.07627822e-05
8.17652409e-05
5.67108021e-05
5.70340432e-05
7.80561203e-05
8.06657654e-05
5.74628252e-05
8.04362188e-05
8.05509715e-05
5.71595933e-05
5.74098556e-05
8.07864002e-05
8.19067958e-05
0.000103697059
0.000126780474
0.000128499626
0.000104249089
0.000104169673
0.000127272045
0.00012740415
0.000104098709
0.000127469262
0.000127147563
0.000103839683
0.00012493012
0.000124181631
0.00010109892
0.000103823863
0.000126590444
0.000127443691
0.000101353927
0.000103580437
0.000127287991
0.000126545882
0.000103938026
0.000103220913
0.000126463778
0.000126526394
0.000104176438
0.000127809217
0.000126985386
0.000103450641
0.000103438158
0.000126571627
0.000126470911
0.000103048335
0.000126239189
0.000125608184
0.000103366367
0.00010324342
0.00012630872
0.000126220612
0.000102323704
0.000125736856
0.000124355559
0.00010316542
0.000103092499
0.000127669051
0.000128088344
0.000101741791
0.000124286199
0.000104597218
0.000105421179
0.000127834982
0.000128273807
0.000102311208
0.000124180553
0.000105373431
0.0001044694
0.000128227078
0.000127617679
0.000102659431
0.000123977058
0.000125631846
0.000103014961
0.000103100687
0.000127905149
0.00012773381
0.000104053346
0.000125654498
0.000126289575
0.000103249008
0.000103319047
0.000126381689
0.000126460903
0.000103158431
0.000126605831
0.000127264307
0.000103291018
0.000103287619
0.000126326585
0.000126304988
0.000104821324
0.000126658809
0.000127237348
0.000103060939
0.000103497355
0.00012676397
0.000126706828
0.00010396581
0.000127090305
0.000126528396
0.000101084908
0.000102752665
0.000123880516
0.000103954911
0.000126679588
0.00012690342
0.000103385516
0.000124360525
0.00010362167
0.000128071939
0.000126822008
0.000104135334
0.000104455861
0.000127125054
0.000127474634
0.000150435567
0.000173435043
0.000172392029
0.000150129236
0.000149732433
0.000172297247
0.000169684821
0.000149559725
0.000172329893
0.000169663717
0.000149954566
0.000171592377
0.000150894543
0.000174091896
0.000173338166
0.000146886911
0.000150426479
0.000172408421
0.000150142528
0.000172957452
0.000173246692
0.00015133833
0.000151811827
0.000173366875
0.000173772877
0.000150029238
0.000172946032
0.000172036732
0.000149537671
0.00014947624
0.000172734069
0.00017403925
0.000147374403
0.000170855079
0.00015073662
0.00015104104
0.000173893009
0.000174237057
0.000150769888
0.000150928388
0.000172825584
0.000171581312
0.00014985218
0.00014913961
0.000171168842
0.000170772193
0.000149312649
0.000149632917
0.000170927556
0.000171106865
0.000147530996
0.000150688691
0.000151057375
0.0001714985
0.000172714805
0.000149585816
0.000171275159
0.000151614659
0.000151563729
0.00017456088
0.000174608479
0.000150138528
0.000171920755
0.000172909134
0.000149512027
0.000149316249
0.000174157227
0.000172798562
0.000149810504
0.000172901624
0.000172891967
0.000150777749
0.00015077329
0.000172971252
0.000173075387
0.000150375362
0.000173748806
0.000174089187
0.000151078722
0.000147419144
0.000172615052
0.000147364968
0.000171345951
0.000150124085
0.000169768281
0.00017266205
0.00014979815
0.000172968732
0.000173977774
0.000149595041
0.00015054915
0.00017017275
0.000172655589
0.000196886616
0.000221062492
0.00021980161
0.000198118974
0.000196483953
0.000219770061
0.000216697138
0.000196063545
0.000219207803
0.000216615658
0.000193320133
0.000196708289
0.00021912105
0.000193037174
0.000196334367
0.000221090526
0.000221841761
0.00019513538
0.000195539933
0.000215706515
0.000218355723
0.000197115561
0.000219291075
0.000217568917
0.000196071448
0.000197812194
0.000220775763
0.000220725632
0.000193458461
0.000197868698
0.000197139202
0.000220242263
0.000219516568
0.000196401795
0.000195773915
0.00021714592
0.000216731761
0.000194229707
0.000193099798
0.000192254527
0.000191989671
0.000192084163
0.000192364291
0.000193118103
0.000193960149
0.000195462463
0.000196122304
0.000216405509
0.000216826023
0.000194458756
0.000197301601
0.000198325891
0.000219306979
0.000220475677
0.000197054726
0.000217563681
0.000219343607
0.000198310584
0.000196296382
0.000220882513
0.000220714699
0.000197116906
0.000221799774
0.000220881089
0.000195476541
0.000195074401
0.000218406613
0.00021574495
0.000195300592
0.000219166831
0.000192529625
0.000193410437
0.00019672993
0.000216592724
0.000219451215
0.000194050145
0.00019676755
0.000220262198
0.000221206886
0.000196641771
0.00019792223
0.000216876466
0.000219688714
0.000241749712
0.000261179149
0.000239568259
0.000244323684
0.000245827244
0.00026312355
0.000264845967
0.000241834155
0.000244134032
0.000245629821
0.000264980122
0.000264681552
0.000245473516
0.000245478824
0.000263150869
0.000264598457
0.000245341228
0.00026454669
0.000263109503
0.000245617701
0.00024551805
0.000264570167
0.000264565086
0.000240539637
0.000245209862
0.00024399277
0.000264400366
0.000262653178
0.00024409401
0.000242464376
0.000261757117
0.00023971487
0.000239428644
0.00023888718
0.000239227566
0.000238578066
0.000241804051
0.000243628759
0.000261261473
0.000243933528
0.000244134779
0.000245630388
0.000262939582
0.000265164526
0.000245863899
0.000263275469
0.000264794999
0.00024600361
0.000246264087
0.00026539324
0.000265525259
0.000246359945
0.000265355642
0.000265542545
0.000246143281
0.000245984599
0.000265382959
0.000263835453
0.00024593801
0.000265463146
0.000263648857
0.000244460265
0.000241795176
0.000241393318
0.000239546269
0.000244056317
0.000261345554
0.00023932097
-0.00024082558
-0.000243085917
-0.000264033959
-0.000245023636
-0.000244804176
-0.000240408478
-0.000241682509
-0.000263588545
-0.000244555833
-0.000243058411
-0.000260827875
-0.000262185328
-0.000243235346
-0.000243825211
-0.000264247752
-0.000244993884
-0.000244972546
-0.000264382963
-0.000264337452
-0.000245190373
-0.000245194929
-0.000262328963
-0.00024391602
-0.000244457875
-0.000264126941
-0.000264935118
-0.000243442859
-0.000245516028
-0.000243898517
-0.000241221453
-0.000265052685
-0.000263453901
-0.000245831896
-0.000244755052
-0.000239343195
-0.000238329987
-0.000262149786
-0.00026113028
-0.000243370448
-0.000242289236
-0.000237428871
-0.000236988381
-0.000260319119
-0.000259883639
-0.000241517158
-0.000241115278
-0.000236830144
-0.000237387572
-0.000259837315
-0.000260235479
-0.000241046061
-0.00024149515
-0.000238452175
-0.000239522354
-0.000261743947
-0.000262789273
-0.000242546189
-0.000243690169
-0.000240945549
-0.000243168859
-0.00026340563
-0.00026440219
-0.00024457755
-0.000245215109
-0.000262590037
-0.0002439337
-0.000243894124
-0.000264140875
-0.000264856087
-0.000244979829
-0.000243670468
-0.000264073471
-0.000244879314
-0.000244748116
-0.000265490041
-0.00026463282
-0.000245446644
-0.000245300029
-0.000265355797
-0.000243611616
-0.000245537732
-0.000263326922
-0.000262481173
-0.000244398529
-0.000244352071
-0.000263597818
-0.000245516911
-0.000245572831
-0.000242459234
-0.000240565411
-0.000243355689
-0.000241123459
-0.000193816815
-0.000192316666
-0.000217925653
-0.000195003605
-0.000195760726
-0.000192292164
-0.000221784498
-0.000198335172
-0.000198662902
-0.000218698147
-0.000194746243
-0.000197935933
-0.00022051756
-0.000197062226
-0.000197014459
-0.000221015151
-0.000220898081
-0.000197760457
-0.000198275575
-0.000218926857
-0.000197931268
-0.000197298852
-0.000219088298
-0.000218282933
-0.000195976103
-0.000195443763
-0.000217711095
-0.000196774774
-0.000196322704
-0.00021769404
-0.000217328164
-0.000194982424
-0.000194676116
-0.000218049488
-0.000196168748
-0.000196611268
-0.00021725163
-0.000217649147
-0.000194615023
-0.000194929941
-0.000220272341
-0.000197543181
-0.000197871775
-0.000218457092
-0.000219199433
-0.000195549197
-0.000195999077
-0.000222195046
-0.000197252295
-0.000197254977
-0.000221175594
-0.000221082105
-0.000198483753
-0.000198080564
-0.000222205887
-0.000198653691
-0.000198315825
-0.000218764545
-0.000197903362
-0.000194664432
-0.000215724147
-0.000195871998
-0.000194944094
-0.000192430383
-0.000192469415
-0.00019421578
-0.000170224509
-0.000149496053
-0.00014982208
-0.000145744099
-0.000172375408
-0.000148432532
-0.000150802322
-0.000172796674
-0.00015022017
-0.000150459684
-0.00017190923
-0.000147796497
-0.000149837117
-0.000173388104
-0.00014964772
-0.000149916634
-0.0001734242
-0.000174198254
-0.000150066676
-0.000151126264
-0.000172891739
-0.00014987142
-0.000149714905
-0.000174026361
-0.000172899026
-0.00015096023
-0.000150062228
-0.000172733216
-0.000150826791
-0.000150455159
-0.000171966604
-0.000149859737
-0.00014779794
-0.00015062975
-0.000147528106
-0.000172811142
-0.000149912672
-0.000149852571
-0.000145801088
-0.000127058566
-0.000104648635
-0.000104419893
-0.000125520613
-0.00010415528
-0.00010367021
-0.000123806771
-0.000102653797
-0.000126554392
-0.00010295367
-0.000102984007
-0.000123661962
-0.000102562578
-0.00012645624
-0.000103376395
-0.000103441894
-0.000126270859
-0.000127151605
-0.00010330636
-0.000103889701
-0.00012763031
-0.000103522247
-0.000103391528
-0.000127292586
-0.000126113541
-0.000104035428
-0.000103188711
-0.000126171901
-0.000103114383
-0.000103011
-0.000123739798
-0.000102746511
-0.000102767415
-0.000124934413
-0.00010407553
-0.00012646967
-0.000104249797
-0.000104301675
-0.000125559542
-0.000103714323
-8.10648944e-05
-5.77563766e-05
-5.73941283e-05
-8.13062089e-05
-7.85589205e-05
-5.75795795e-05
-5.70946393e-05
-7.83520419e-05
-5.71618326e-05
-5.68283065e-05
-8.04743327e-05
-5.77638736e-05
-8.03357379e-05
-5.85255297e-05
-5.85409512e-05
-8.03926647e-05
-5.81589561e-05
-8.05077015e-05
-5.75329736e-05
-5.74684535e-05
-8.04587065e-05
-8.05107832e-05
-5.8400889e-05
-5.83473851e-05
-8.05382546e-05
-5.74939982e-05
-5.74561953e-05
-8.05596705e-05
-8.07423183e-05
-5.84618689e-05
-5.83060718e-05
-8.03411635e-05
-5.83062162e-05
-5.82545008e-05
-8.06362263e-05
-5.80737104e-05
-5.79673144e-05
-8.10020235e-05
-5.68475976e-05
-5.71576178e-05
-8.2184699e-05
-5.73827181e-05
-5.7842283e-05
-7.84724644e-05
-8.10674157e-05
-5.7075984e-05
-5.79198582e-05
-3.45013299e-05
-1.15683131e-05
-1.14871286e-05
-3.45612971e-05
-3.44143323e-05
-1.15738809e-05
-1.14592299e-05
-3.4182075e-05
-1.14631854e-05
-1.14337938e-05
-3.49380922e-05
-1.11096924e-05
-1.13572321e-05
-3.66400788e-05
-1.15106659e-05
-1.17067812e-05
-3.28532481e-05
-3.55865588e-05
-1.13162892e-05
-1.15196212e-05
-3.46064502e-05
-1.15767465e-05
-1.15126714e-05
-3.50472516e-05
-3.59439899e-05
-1.13947833e-05
-1.14920102e-05
-3.44791416e-05
-1.14098632e-05
-1.14151713e-05
-3.58758326e-05
-3.48382923e-05
-1.14372622e-05
-1.12867983e-05
-3.49830212e-05
-1.14690526e-05
-1.13652905e-05
-3.49877962e-05
-3.24492941e-05
-1.12772339e-05
-1.1216346e-05
-3.24940228e-05
-1.13309745e-05
-1.10479483e-05
-3.44080498e-05
-1.13358859e-05
-1.14487405e-05
-3.46442419e-05
-1.14250352e-05
-1.13990424e-05
-3.44521054e-05
-3.46209668e-05
-1.1462702e-05
-1.13564124e-05
1.14783315e-05
3.45553801e-05
3.44624206e-05
1.12892447e-05
1.15168493e-05
3.44737492e-05
3.43650374e-05
1.14855191e-05
3.44231861e-05
3.43241141e-05
1.1264828e-05
3.25159102e-05
3.5030362e-05
1.15283997e-05
3.5229988e-05
3.62675555e-05
1.09902699e-05
1.13630782e-05
3.27620557e-05
3.51173863e-05
1.15405685e-05
3.47038097e-05
3.47029449e-05
1.13528739e-05
1.15452838e-05
3.51955693e-05
3.62204532e-05
1.1644871e-05
3.48932392e-05
3.48405749e-05
1.16805365e-05
1.14910468e-05
3.65575949e-05
3.54472874e-05
1.13398137e-05
3.62412155e-05
3.50759974e-05
1.14147716e-05
1.10681092e-05
3.52036593e-05
3.26436276e-05
1.10244776e-05
3.48024745e-05
3.21946509e-05
1.14335982e-05
3.42995554e-05
3.43622294e-05
1.17005549e-05
3.44089023e-05
3.47890992e-05
1.14924161e-05
1.17935657e-05
3.4293358e-05
3.48865089e-05
5.73460965e-05
8.22068514e-05
8.09373447e-05
5.76296819e-05
5.70205349e-05
8.12446197e-05
7.84688795e-05
5.68526475e-05
8.08893934e-05
7.82300979e-05
5.82279379e-05
8.04134472e-05
5.85532279e-05
8.05516545e-05
8.05459865e-05
5.81615997e-05
8.04046423e-05
5.75612033e-05
8.05063488e-05
8.05537758e-05
5.83745129e-05
5.84626968e-05
8.05428507e-05
8.04365236e-05
5.77065021e-05
8.0611195e-05
8.04917159e-05
5.87144394e-05
5.86198754e-05
8.0446116e-05
8.05018578e-05
5.83910733e-05
8.04408161e-05
8.05565277e-05
5.82882323e-05
8.03904345e-05
8.0413919e-05
5.70941083e-05
7.81524881e-05
8.07886915e-05
5.77689651e-05
8.11079947e-05
8.2281571e-05
5.68874576e-05
5.76510824e-05
7.85583207e-05
8.11288894e-05
0.000104041784
0.000126534043
0.000127048585
0.000104303768
0.000125378682
0.000124631599
0.000102689577
0.000123502065
0.000103147061
0.000126265365
0.00012676138
0.000102716025
0.000123681249
0.000103547856
0.000127924287
0.000126692131
0.000103177773
0.000104061053
0.000126234282
0.000127299398
0.000103413519
0.000126719986
0.000127605296
0.000104106912
0.000103291185
0.000127401201
0.000126229791
0.000102755178
0.000126259956
0.000126315024
0.000102710099
0.000123479667
0.000123753603
0.000103725862
0.000125048711
0.00010466548
0.00012745724
0.000126593709
0.000104114647
0.000125438161
0.000149850321
0.000173354344
0.000170116902
0.000145748678
0.000151133274
0.00017271722
0.000151105483
0.000173011738
0.000173271721
0.000148168037
0.000150277803
0.000172140327
0.000150091436
0.000173080147
0.000173502314
0.000150290945
0.000151278315
0.00017332131
0.000174637031
0.000150027234
0.000173617855
0.000173274182
0.000151437128
0.000150410674
0.000174488463
0.000173487715
0.000150677659
0.000173412208
0.000172813433
0.000150159166
0.000147907088
0.000172454547
0.00014786745
0.000172143562
0.000150065908
0.000170217483
0.000173109865
0.000146119249
0.000192424389
0.000195995776
0.000215748092
0.000217924131
0.000192542169
0.000198288921
0.000221634159
0.000221506859
0.0001944445
0.000197558472
0.000218526053
0.000196940828
0.000221610161
0.000220361158
0.000198152809
0.000198138867
0.00022056636
0.000220667447
0.000197178919
0.000219985686
0.000218860906
0.000195768168
0.000195299873
0.00021889413
0.000218153135
0.000196367213
0.000217964539
0.000217735464
0.000194842563
0.000194663857
0.000217566391
0.000217316642
0.000196675162
0.000217795136
0.000218105113
0.000194710933
0.000194933551
0.00021734983
0.000217652941
0.000197437092
0.000218881718
0.000219858085
0.000195368706
0.000195719928
0.000218283497
0.000218951062
0.000197380583
0.000220776936
0.00022211305
0.000198627142
0.000198414164
0.000221193864
0.000220916616
0.00019845938
0.000221709855
0.000222155518
0.000197833773
0.000194679868
0.000218402521
0.000194999342
0.000218355947
0.000215869769
0.000192706867
0.000194209528
0.000243030363
0.000244767418
0.000262527842
0.000263960586
0.00024000308
0.000241709852
0.000243035192
0.000263859589
0.000263626761
0.000243425986
0.000243648404
0.000260905859
0.000262228905
0.000245078325
0.000264315231
0.000264175603
0.000245129294
0.000244964386
0.000264195115
0.000264225289
0.000244308598
0.000262730338
0.000262086337
0.000243211683
0.000245023257
0.000263897208
0.00026433966
0.000241189001
0.000245335651
0.000244637143
0.000264541681
0.000263437286
0.000238270849
0.000243291411
0.000242128495
0.000262076579
0.000260966042
0.000236972363
0.00024145376
0.000241076786
0.000260262943
0.000259871112
0.000237390724
0.000241077788
0.000241478313
0.000259865232
0.000260242732
0.00023941344
0.000242468286
0.000243591539
0.000261977343
0.000263137239
0.000243619974
0.000244679541
0.000245519504
0.000263549302
0.000264694538
0.000243578104
0.000261248452
0.000262419929
0.000245007436
0.000243454487
0.000264252666
0.00026459594
0.00024493112
0.000264357442
0.000264241996
0.000245432644
0.000245341041
0.000265425126
0.000264651239
0.00024507471
0.00026475692
0.00026499833
0.000244234091
0.000243915541
0.000263566993
0.000262509658
0.000245485827
0.000264884569
0.000263829744
0.000241833948
0.000240425553
0.000241019523
-0.000238655486
-0.000240260716
-0.00026157907
-0.000243554716
-0.000244490745
-0.000239172317
-0.000264273982
-0.000244214309
-0.000245755348
-0.000240390932
-0.000243419173
-0.000264257436
-0.000246349804
-0.00024522469
-0.000261684451
-0.000245305449
-0.000244827332
-0.000263468614
-0.000242457834
-0.000241990568
-0.000261390246
-0.000262535073
-0.00024312466
-0.00024355569
-0.00026272058
-0.000241717233
-0.000241413842
-0.000263033627
-0.000262771143
-0.000243904974
-0.000243899012
-0.000262824344
-0.000241431436
-0.000241589329
-0.000263024476
-0.000262682608
-0.000244143811
-0.000243794004
-0.000264514104
-0.000242267708
-0.000242990853
-0.000262728139
-0.000262465404
-0.000243581806
-0.00024352312
-0.00026541851
-0.000245373253
-0.000246178661
-0.000262140386
-0.000244696297
-0.000244972499
-0.000263460373
-0.000245657889
-0.000244575247
-0.000243130955
-0.000240577052
-0.000244784395
-0.000243679852
-0.00023939182
-0.000240456693
-0.000238960041
-0.000217319038
-0.000194673534
-0.000197462002
-0.000219690532
-0.000197216225
-0.000197340976
-0.000215995918
-0.000193964251
-0.000195463946
-0.000221199954
-0.000196253574
-0.00019627457
-0.000217068431
-0.000219570672
-0.000196504205
-0.000196995454
-0.000220456135
-0.000196323993
-0.000196477215
-0.000219729871
-0.000221281027
-0.000197008331
-0.000196071056
-0.000220025406
-0.000196573479
-0.000196493132
-0.000221122819
-0.00021998208
-0.000196169306
-0.000197324093
-0.000220951669
-0.000196335573
-0.000196121786
-0.000219719841
-0.00021680154
-0.000197131653
-0.000196151321
-0.000219753683
-0.000197389858
-0.000197564646
-0.000215949721
-0.000195217352
-0.000194194973
-0.000197594892
-0.000194851463
-0.000170880227
-0.000147410232
-0.000149912852
-0.000174275531
-0.000150080797
-0.00015110385
-0.000171117349
-0.000147254621
-0.000149316908
-0.000173081839
-0.000149838692
-0.000149860321
-0.000172635571
-0.000173682126
-0.000150262021
-0.000151188198
-0.000174723369
-0.000149835678
-0.000149906091
-0.000173608304
-0.000172909922
-0.000151069969
-0.000150383382
-0.000173716058
-0.000151134887
-0.000150038651
-0.000171226518
-0.000149384823
-0.000147266709
-0.000149673145
-0.000147389313
-0.00010121632
-0.000126866043
-0.000103877517
-0.000103586341
-0.000100983148
-0.000126457695
-0.000104556065
-0.00010333514
-0.000126406889
-0.000126230933
-0.000103416825
-0.000103971914
-0.00012676308
-0.000103466104
-0.000103556121
-0.000127022257
-0.000128032177
-0.000104141237
-0.000103493942
-0.000126602759
-0.000103537568
-0.000103557298
-0.000127769008
-0.000126837951
-0.000103440153
-0.000104297188
-0.000127294529
-0.000103503208
-0.000104811953
-0.000126337717
-0.000126645734
-0.000104180722
-0.000103428011
-0.000126590507
-0.00010380739
-0.000104068509
-0.000100989285
-0.000101461439
-8.03445195e-05
-5.82434141e-05
-8.02446193e-05
-5.76392465e-05
-5.75592927e-05
-7.99403824e-05
-5.7468769e-05
-8.04632632e-05
-5.73873724e-05
-5.74029198e-05
-8.0222752e-05
-8.09654292e-05
-5.71981497e-05
-5.72505198e-05
-8.04026346e-05
-5.75238141e-05
-5.74869279e-05
-8.10823681e-05
-8.01207906e-05
-5.74054119e-05
-5.73265095e-05
-8.02967765e-05
-5.7598719e-05
-5.75449413e-05
-7.97517266e-05
-5.75215733e-05
-5.82935144e-05
-3.48100873e-05
-1.11524447e-05
-1.14751431e-05
-3.52900781e-05
-1.20063801e-05
-1.27590904e-05
-3.5217914e-05
-9.72645652e-06
-1.18882258e-05
-3.44231635e-05
-1.1414693e-05
-1.14450681e-05
-3.42716772e-05
-3.42975256e-05
-1.13829109e-05
-1.14703735e-05
-3.45598981e-05
-1.15030615e-05
-1.15917019e-05
-3.45328342e-05
-3.43772717e-05
-1.14571055e-05
-1.1603408e-05
-3.54600446e-05
-1.31170832e-05
-1.22313252e-05
-3.54162024e-05
-1.22099683e-05
-9.90863786e-06
-3.23776633e-05
-1.14749883e-05
-1.11354904e-05
1.14654644e-05
3.25673514e-05
3.49040824e-05
1.31445163e-05
3.56850988e-05
3.5454502e-05
9.95259657e-06
1.22783853e-05
3.51472981e-05
1.14508226e-05
3.44473553e-05
3.44818588e-05
1.13799214e-05
1.1366983e-05
3.4217579e-05
3.43730216e-05
1.14915411e-05
3.45336692e-05
3.4514984e-05
1.13829331e-05
1.13928374e-05
3.44611299e-05
3.44113448e-05
1.22703956e-05
3.54543047e-05
3.54671094e-05
1.21415463e-05
9.90007407e-06
3.52421135e-05
1.11887685e-05
3.52343628e-05
3.28251503e-05
5.8224334e-05
8.01011417e-05
5.76583494e-05
8.02661009e-05
8.04027668e-05
5.75630045e-05
7.99846656e-05
5.74775426e-05
8.05063782e-05
8.06454813e-05
5.72741035e-05
5.72422696e-05
8.02891016e-05
8.1176748e-05
5.74775727e-05
8.07058554e-05
8.05807343e-05
5.73534265e-05
5.72679493e-05
8.12379456e-05
8.03042056e-05
5.77696146e-05
8.04416436e-05
8.01617052e-05
5.73746241e-05
8.00710137e-05
8.01590176e-05
0.000101455405
0.000103847235
0.000126751047
0.000127070885
0.000100992494
0.000103664808
0.000127192549
0.000126701035
0.000103573323
0.000104447841
0.000126518767
0.000126427694
0.000103699715
0.000126820548
0.000126835704
0.000104595438
0.000103620535
0.000127268946
0.000128033185
0.000103753882
0.000126702513
0.00012671108
0.00010357535
0.000104596673
0.000127735499
0.000126940233
0.000105092026
0.000126775784
0.000127361934
0.000104435044
0.000103706309
0.000126532021
0.00012656318
0.000103960307
0.000127157403
0.000126829099
0.000101351778
0.000149858468
0.000171215829
0.000151402797
0.000174232252
0.000174309766
0.000147315342
0.000149567828
0.000171081976
0.000149816245
0.000174253241
0.000172965326
0.000150533259
0.000151058103
0.000172620177
0.000173536406
0.00014991224
0.000172950604
0.000174637456
0.000150887084
0.000150186904
0.000173379094
0.000172643109
0.000150322853
0.000174716144
0.000174127021
0.000149487325
0.000147390358
0.000171352399
0.000147704478
0.000171232489
0.000197162667
0.000217297749
0.000197423392
0.000219455142
0.00021983337
0.00019404108
0.000195408232
0.000215984499
0.000196382496
0.000220996906
0.000221238978
0.000196546925
0.000197298675
0.000217155214
0.000219941237
0.000196352661
0.000219738694
0.000220089897
0.000197228582
0.000195885498
0.00021981306
0.000220722758
0.000196342591
0.000220222089
0.000219793171
0.000195965853
0.000197151084
0.000221002364
0.000219726997
0.000196084389
0.000221087055
0.000220956211
0.00019715259
0.000196179283
0.000219502107
0.000216929077
0.000197312532
0.000219809009
0.000219501001
0.000195152466
0.000194023491
0.000215935138
0.000195191729
0.000217691757
0.000240117896
0.000244206441
0.000261599229
0.000239174561
0.000245052199
0.00026227625
0.000263761865
0.000240212322
0.000242487569
0.000244842848
0.000264879698
0.000264100837
0.000244170637
0.000244174505
0.000261739387
0.000241905483
0.000263160745
0.000263433002
0.000243016156
0.000243485688
0.000261456132
0.00026254195
0.000241358248
0.000263335353
0.000262682404
0.000243910961
0.000243807584
0.000263057074
0.000262664657
0.000241565406
0.000262673636
0.000262816674
0.000243827145
0.000243821316
0.000262703398
0.00026267214
0.000242900572
0.000264026007
0.000264621229
0.000243558821
0.000243308934
0.000262715257
0.000262584269
0.000245847055
0.000264495067
0.000265190446
0.000244542872
0.000244586148
0.000262320968
0.000244234249
0.000264072517
0.000263179835
0.000242856446
0.000240325024
0.000243663081
0.000262883852
0.000239435779
0.000239118045
-0.000239833422
-0.000238868777
-0.000239834603
-0.00024111136
-0.000241418638
-0.000241603139
-0.000240992151
-0.000239766164
-0.000239071869
-0.000239691328
-0.000193818598
-0.000216355039
-0.000194627608
-0.000195512526
-0.00022038221
-0.000196533654
-0.000197402238
-0.000192488003
-0.000192862511
-0.00021964283
-0.000197957303
-0.000197557548
-0.000215462106
-0.00019399404
-0.000195233702
-0.000219974689
-0.000195648475
-0.000195578438
-0.00021509629
-0.000215299232
-0.000194662665
-0.00019492709
-0.000219575014
-0.000195500597
-0.000195491242
-0.000215062248
-0.000214749552
-0.000194766911
-0.000194512589
-0.000219864482
-0.000197247291
-0.000197664634
-0.00021538493
-0.000195046383
-0.000193686513
-0.000217966741
-0.000197400827
-0.000196616829
-0.000193072025
-0.000192707427
-0.000215649335
-0.00019573856
-0.000195111327
-0.000194150901
-0.000148219977
-0.000172481349
-0.000149608729
-0.000150511699
-0.000173778377
-0.000151358944
-0.000151164103
-0.000170426189
-0.000148155946
-0.000149150804
-0.000172558738
-0.000149489856
-0.000149551342
-0.000171536007
-0.00017151699
-0.00014875564
-0.000150071308
-0.000172832582
-0.000149706621
-0.000149772654
-0.000172118798
-0.000173025214
-0.000151393517
-0.000151214643
-0.000172797791
-0.000149838235
-0.000149868227
-0.000174064377
-0.000174384388
-0.000151721233
-0.000151894147
-0.000172765214
-0.000149935856
-0.000149869508
-0.000174549604
-0.000174147212
-0.000152110788
-0.000151837572
-0.000172621888
-0.000149697778
-0.000149629474
-0.000172823237
-0.000172001818
-0.000151149362
-0.000151378761
-0.000173865056
-0.000149528885
-0.000149479409
-0.000171644141
-0.000171516466
-0.000150072552
-0.000148849039
-0.000173249517
-0.00015096006
-0.000150955753
-0.000170551227
-0.000149040416
-0.000147869277
-0.000171170021
-0.000150214476
-0.000149413548
-0.000148110209
-0.000126302269
-0.000103582377
-0.000103179814
-0.000128040875
-0.000103718597
-0.000104759347
-0.000125259701
-0.000100863974
-0.000103210151
-0.00012660541
-0.00010357299
-0.000103497391
-0.000126384594
-0.000125903797
-0.000103245825
-0.00010366399
-0.000126476144
-0.000103364164
-0.000103383077
-0.000127001728
-0.000127731769
-0.000103700032
-0.000104470142
-0.000126721403
-0.000103471551
-0.000103527317
-0.000128461372
-0.000128175733
-0.000103312445
-0.000103382415
-0.000126664683
-0.000103514774
-0.000103483515
-0.000128068484
-0.000128510321
-0.000103364479
-0.000103352513
-0.000126315441
-0.000103389984
-0.000103299068
-0.000127704232
-0.000126820833
-0.000104444475
-0.000103586188
-0.000127845095
-0.000103327177
-0.000103376795
-0.00012568074
-0.000126160567
-0.000103387251
-0.000103034278
-0.00012693393
-0.000104612693
-0.000103714318
-0.000124700115
-0.000103004081
-0.000100874921
-0.000123921695
-0.000103103662
-0.000103630355
-7.81865601e-05
-5.69215626e-05
-8.0647503e-05
-5.71446163e-05
-5.84877615e-05
-8.04513e-05
-5.86066018e-05
-5.74792918e-05
-7.99220761e-05
-7.9992835e-05
-5.82142133e-05
-5.72779624e-05
-8.0461048e-05
-5.74590349e-05
-5.74669295e-05
-8.03294645e-05
-8.11805533e-05
-5.74338731e-05
-5.78555337e-05
-8.03732913e-05
-5.74585967e-05
-5.7415262e-05
-8.0974134e-05
-8.02094136e-05
-5.87828916e-05
-5.73433125e-05
-8.04901681e-05
-5.74823484e-05
-5.75835643e-05
-8.03132375e-05
-8.13560945e-05
-5.74358407e-05
-5.91158398e-05
-8.04510327e-05
-5.75727961e-05
-5.7499482e-05
-8.14873903e-05
-8.02404815e-05
-5.81617219e-05
-5.75961072e-05
-8.02929339e-05
-5.74098718e-05
-5.8237912e-05
-8.01525734e-05
-7.99379585e-05
-5.73433767e-05
-5.80105505e-05
-8.08061152e-05
-5.81458287e-05
-5.71030698e-05
-5.69704581e-05
-3.42120483e-05
-1.1529652e-05
-3.5158763e-05
-1.14176799e-05
-1.14447403e-05
-3.25171525e-05
-1.11403692e-05
-3.45051324e-05
-1.1559328e-05
-1.15062951e-05
-3.48881372e-05
-3.43102476e-05
-1.1401023e-05
-1.14590009e-05
-3.45372817e-05
-1.15145965e-05
-1.15190604e-05
-3.42506691e-05
-3.44569278e-05
-1.15112531e-05
-1.15081604e-05
-3.4473066e-05
-1.15129935e-05
-1.15099751e-05
-3.44885835e-05
-3.4436404e-05
-1.15129762e-05
-1.15041204e-05
-3.45170588e-05
-1.14813802e-05
-1.14663172e-05
-3.44455947e-05
-3.45068087e-05
-1.14527147e-05
-1.14449023e-05
-3.44622233e-05
-1.14273299e-05
-1.13717573e-05
-3.43381451e-05
-3.43695589e-05
-1.13728936e-05
-1.1183016e-05
-3.59197442e-05
-1.14180769e-05
-1.14356352e-05
-3.4272911e-05
-3.461144e-05
-1.13952702e-05
-1.12590864e-05
-3.44498382e-05
-1.13211793e-05
-1.13914149e-05
-3.24676967e-05
-1.09000676e-05
-1.1316816e-05
1.13769369e-05
3.43977223e-05
1.13235882e-05
3.43840875e-05
3.50895195e-05
1.10903976e-05
3.24156265e-05
1.14433823e-05
3.60519902e-05
3.44961331e-05
1.1288613e-05
1.14026009e-05
3.486878e-05
3.43893814e-05
1.14407235e-05
3.4452066e-05
3.44851897e-05
1.132234e-05
1.13968606e-05
3.42246844e-05
3.43092126e-05
1.14524431e-05
3.44658146e-05
3.44417987e-05
1.14171291e-05
1.14265861e-05
3.44128902e-05
3.43957021e-05
1.15005685e-05
3.44381852e-05
3.44533296e-05
1.14766311e-05
1.1520346e-05
3.44036021e-05
3.44117051e-05
1.15102617e-05
3.44683018e-05
3.4467959e-05
1.16165796e-05
1.14577868e-05
3.43220789e-05
3.43412839e-05
1.15059844e-05
3.44902417e-05
3.59360237e-05
1.14961168e-05
1.13353866e-05
3.441599e-05
3.49040287e-05
1.14163701e-05
3.49194251e-05
3.44703118e-05
1.10728457e-05
3.24336082e-05
3.43417361e-05
5.67882801e-05
7.84040148e-05
5.80697727e-05
8.09107828e-05
8.03896096e-05
5.74483632e-05
8.02936953e-05
8.04272603e-05
5.81089089e-05
5.73388189e-05
7.9687963e-05
8.00144955e-05
5.7517119e-05
8.05585288e-05
8.05440902e-05
5.77431384e-05
5.79911584e-05
8.04821772e-05
8.12847434e-05
5.74358315e-05
8.05104417e-05
8.04733316e-05
5.87824315e-05
5.7342327e-05
8.11609651e-05
8.03169493e-05
5.7393119e-05
8.03924498e-05
8.03571364e-05
5.73117744e-05
5.87529317e-05
8.02398043e-05
8.09908633e-05
5.73883517e-05
8.03923063e-05
8.04603907e-05
5.76991428e-05
5.73223446e-05
8.10929157e-05
8.02616212e-05
5.82707459e-05
8.04491764e-05
8.04231512e-05
5.72362588e-05
5.78352193e-05
8.01051657e-05
7.99986116e-05
5.716486e-05
8.0360721e-05
8.10403874e-05
7.85830234e-05
0.000103174252
0.000124292471
0.00012622264
0.000104855472
0.000127079117
0.000127981496
0.000101016138
0.000103161242
0.000125182543
0.000103539693
0.000128080091
0.000126554366
0.000103045913
0.000103763235
0.000126270196
0.000125925495
0.000103537194
0.000126527227
0.000126557855
0.000104053568
0.000104737384
0.00012734238
0.000127941853
0.00010356349
0.000126684241
0.000126745276
0.00010339778
0.000103446271
0.000128387277
0.000128362887
0.00010353872
0.000126793247
0.000126723454
0.00010347425
0.000103420219
0.000128347246
0.000128541172
0.000103462662
0.000126507011
0.000126476952
0.000104708668
0.000103980149
0.000127751911
0.000127162656
0.000103583016
0.000126614217
0.000128241129
0.000103639772
0.000103284791
0.000126099029
0.000126497717
0.000103755557
0.000128063334
0.000127117883
0.000103215364
0.00010090665
0.000125387491
0.00010382042
0.000126063068
0.000123977456
0.00014819126
0.000150504183
0.000171207784
0.000172595928
0.000151031723
0.000173240299
0.000173652096
0.000148032589
0.000149210532
0.000170323445
0.000149443631
0.000173521268
0.00017239945
0.000148858246
0.00014986927
0.000171271499
0.000171370846
0.000149654373
0.00017256661
0.000172556579
0.000151458605
0.000151312739
0.00017196358
0.000172795151
0.000149471832
0.000172413135
0.000172333861
0.000151249152
0.000151347362
0.00017356833
0.000173620729
0.000149768378
0.000172456964
0.000172643104
0.000151591348
0.00015175988
0.000173881148
0.000174013356
0.000149705436
0.000172733345
0.000172646578
0.000151532495
0.000151477806
0.00017311946
0.000172051761
0.000149434165
0.000172425252
0.000173497811
0.000150023261
0.000148865988
0.000171511797
0.000171344299
0.000151061714
0.000173618683
0.000173076601
0.00014908009
0.000147818787
0.000170501377
0.000149527401
0.000172163567
0.000171122653
0.000194164148
0.000195347746
0.000215726343
0.00021613218
0.000197339355
0.000217916078
0.000220171021
0.000192231679
0.000192967677
0.000197071461
0.000219776887
0.000219365836
0.000193879408
0.000195009555
0.000215245393
0.000195295351
0.000219670304
0.000219850955
0.000194461586
0.000194531412
0.000215003401
0.000215240062
0.000195443046
0.000219840522
0.000219678099
0.000194491407
0.000194493105
0.000215181683
0.000214847199
0.000197720522
0.000219511497
0.000219682235
0.000194987536
0.000193736826
0.000215275143
0.00019630961
0.000220259646
0.000218224487
0.000192688907
0.000192300199
0.000194911791
0.000216346222
0.000215697091
0.000239763601
0.000239867833
0.000241343075
0.000241147315
0.000238908534
-0.000147308973
-0.00014691615
-0.000147029193
-0.00014726656
-0.000147185583
-0.000147196483
-0.000124095747
-0.000100754785
-0.000102451963
-0.000125792398
-0.000102346436
-0.000102845311
-0.000125204978
-0.000103084618
-0.000103090402
-0.000125079266
-0.000103138354
-0.000103081113
-0.000124585393
-0.000102824413
-0.000102430969
-0.000102491361
-0.000100543606
-5.51138995e-05
-7.9707523e-05
-5.74997035e-05
-5.7126134e-05
-8.02828749e-05
-5.72717639e-05
-5.7506381e-05
-8.05046555e-05
-5.75188976e-05
-5.76171325e-05
-8.05013344e-05
-5.75988054e-05
-5.75415834e-05
-8.00368389e-05
-5.74627163e-05
-5.72834962e-05
-8.06349633e-05
-5.71940697e-05
-5.77465152e-05
-5.55576825e-05
-3.42034361e-05
-1.14262393e-05
-3.43637174e-05
-1.14562284e-05
-1.14946956e-05
-3.44617975e-05
-1.14709549e-05
-1.15659706e-05
-3.46618352e-05
-1.15462738e-05
-1.15205606e-05
-3.46411277e-05
-1.1546623e-05
-1.15392917e-05
-3.4419877e-05
-1.14555486e-05
-1.14365377e-05
-3.42705643e-05
-1.14050012e-05
-1.13754226e-05
-1.13435614e-05
1.14180815e-05
3.39239525e-05
1.13930164e-05
3.4212354e-05
3.43240074e-05
1.14514764e-05
3.44773227e-05
3.44717277e-05
1.14719695e-05
3.45321971e-05
3.46139611e-05
1.14831645e-05
3.45916604e-05
3.45644293e-05
1.149105e-05
3.45529175e-05
3.44046042e-05
1.14792835e-05
3.43563137e-05
3.4188127e-05
3.40201367e-05
5.51894435e-05
5.70998243e-05
8.06696046e-05
7.98181953e-05
5.74078127e-05
8.00281951e-05
8.02836147e-05
5.75876364e-05
8.03939574e-05
8.05964435e-05
5.75513747e-05
8.06040842e-05
8.04480035e-05
5.73000192e-05
8.02893707e-05
7.9979951e-05
5.7509385e-05
7.97524246e-05
8.03576975e-05
0.000102764551
0.000124093789
0.000102870564
0.000124565814
0.000126208101
0.000103173536
0.000125191774
0.000125190031
0.00010309595
0.00012516258
0.000125233464
0.000102496243
0.00012602092
0.000124760998
0.000100959629
0.000124374243
0.000147318389
0.000146690046
0.000147019405
-0.000221395635
-0.000199000954
-0.000198635211
-0.000221216829
-0.000222059495
-0.000197734755
-0.00019761472
-0.000221044707
-0.000198181055
-0.000198045272
-0.000222038348
-0.000220703158
-0.000197341768
-0.00019723045
0.000197868921
0.00022149838
0.000220943226
0.000197295696
0.000197160004
0.000220844846
0.000221817506
0.000198714234
0.000221260213
0.000221997634
0.000197576201
0.000197673355
0.000222410894
0.000221241992
)
;

boundaryField
{
    left
    {
        type            calculated;
        value           nonuniform List<scalar> 
122
(
-0.000123457837
-8.02668343e-05
-3.41612918e-05
1.13690565e-05
5.70029901e-05
0.000101866506
-0.000216590043
-0.000159861769
-0.00011462586
-6.8777364e-05
-2.28928996e-05
2.2850851e-05
6.86372998e-05
0.000114431155
0.000159704776
0.000196154454
0.000234970144
-0.000263947772
-0.000207795737
-0.000161064434
-0.000115012407
-6.90121433e-05
-2.30079861e-05
2.29385308e-05
6.89341706e-05
0.000114984407
0.000161123647
0.000207872538
0.000245212581
-0.00026167149
-0.000219909593
-0.000161791146
-0.000115216263
-6.91658954e-05
-2.30983214e-05
2.29723941e-05
6.90918949e-05
0.000115328102
0.000162168263
0.000197153603
0.000244092733
-0.000172989774
-0.000126711472
-8.09686111e-05
-3.47224236e-05
1.13160425e-05
5.78416905e-05
0.000103849234
0.000151706601
0.000195636019
-0.000192676075
-0.000171489569
-0.000150600924
-0.000128223703
-0.000102808233
-0.000102179804
-8.01439764e-05
-5.70648257e-05
-5.68410804e-05
-3.42427608e-05
-1.13982231e-05
-1.13991784e-05
1.13924307e-05
3.42439749e-05
3.41950984e-05
5.70511583e-05
7.97501045e-05
7.94011166e-05
0.00010255741
0.000128064923
0.000123516219
0.000150279017
0.000170116342
0.000191471255
-0.000241804691
-0.000234935379
-0.00021707315
-0.000194266251
-0.000195652106
0.000194502932
0.000217438904
0.000217411495
0.000241838373
-0.00026387529
-0.00024339981
-0.000245234547
0.000243444616
0.000263901986
0.000263916265
-0.000239354656
-0.000243566882
-0.000219466538
-0.000197966769
-0.000196602682
0.000199400439
0.000220876504
0.00022046678
0.000240168865
0.000262059158
-0.000193902682
-0.000146166125
-0.000150644058
-0.000125657577
-0.00010348824
-0.000103814158
-8.09626417e-05
-5.79327793e-05
-5.78419134e-05
-3.46805485e-05
-1.17705385e-05
-1.16466168e-05
1.11089923e-05
3.45330734e-05
3.45994909e-05
5.80338029e-05
8.11616123e-05
8.0978452e-05
0.000103782786
0.000125471036
0.000126876898
0.000146642266
0.000174215113
)
;
    }
    right
    {
        type            calculated;
        value           nonuniform List<scalar> 
122
(
-0.000123679617
-7.91282205e-05
-3.41851024e-05
1.1431514e-05
5.65588129e-05
0.000101554603
-0.000217298801
-0.00015979934
-0.000114417782
-6.85389e-05
-2.28445918e-05
2.28170638e-05
6.85326598e-05
0.000114398703
0.000159663815
0.000195569093
0.000235681305
-0.000264054378
-0.000207960651
-0.000161154309
-0.000114996566
-6.89409923e-05
-2.2956505e-05
2.29755361e-05
6.89305382e-05
0.000114990193
0.000161169955
0.000208033213
0.000245584009
-0.000261719814
-0.00022017431
-0.000161946779
-0.00011525171
-6.91288741e-05
-2.30086026e-05
2.31454754e-05
6.91854901e-05
0.000115368028
0.000162165088
0.000197207881
0.000244010555
-0.000173455381
-0.000126761596
-8.09044725e-05
-3.47370499e-05
1.18820611e-05
5.79692313e-05
0.000103812667
0.000151763183
0.000194580452
-0.000191237645
-0.000150504872
-0.000170317051
-0.00010079326
-0.00010212882
-0.000128214324
-5.68454876e-05
-5.69026291e-05
-7.95233263e-05
-1.140437e-05
-1.14057825e-05
-3.42146775e-05
3.40947595e-05
3.41495199e-05
1.13919083e-05
7.91577263e-05
7.95610263e-05
5.6791366e-05
0.00012373528
0.000128141572
0.000102390898
0.000170467587
0.000150492957
0.000191509812
-0.000235931202
-0.000242498683
-0.000195851542
-0.000194429704
-0.000217566065
0.000216770534
0.000217339904
0.000194307617
0.000242189633
-0.000245477249
-0.000243607291
-0.000264012128
0.000264051195
0.000264057223
0.000243742387
-0.000243631217
-0.000239438652
-0.000196866296
-0.000198641198
-0.000220091556
0.000220562991
0.000220919927
0.000199108198
0.000261872139
0.000239996781
-0.000194822665
-0.000151284244
-0.00014660297
-0.000103542267
-0.000102978919
-0.000125589055
-5.8054826e-05
-5.85607475e-05
-8.09017602e-05
-1.13524238e-05
-1.123912e-05
-3.47753334e-05
3.50355465e-05
3.53775121e-05
1.22614411e-05
8.09461611e-05
8.08185091e-05
5.81627953e-05
0.000126977194
0.000125691758
0.000103452495
0.000173769828
0.000147019602
)
;
    }
    yarn_to_fluid
    {
        type            calculated;
        value           nonuniform List<scalar> 
11952
(
-0.000123659472
-0.000124369767
-0.000124918685
-0.000124497174
-0.000122383041
-0.000124097891
-0.000124658414
-0.000124724315
-0.000124736348
-0.00012138758
-7.90777185e-05
-7.99304343e-05
-8.0275301e-05
-8.03482018e-05
-8.02763883e-05
-7.98782234e-05
-7.74508857e-05
-7.94451686e-05
-8.01783293e-05
-8.03702905e-05
-8.05152297e-05
-8.01239534e-05
-7.95214278e-05
-3.4034781e-05
-3.43749955e-05
-3.45678681e-05
-3.46294953e-05
-3.45425372e-05
-3.43589212e-05
-3.4075721e-05
-3.41820609e-05
-3.44245854e-05
-3.43300884e-05
-3.47105958e-05
-3.44824388e-05
-3.42824906e-05
-3.35970365e-05
1.14184364e-05
1.14698269e-05
1.15328467e-05
1.16083969e-05
1.14497937e-05
1.15103185e-05
1.17640739e-05
9.85275042e-06
1.14347239e-05
1.1560406e-05
1.15009784e-05
1.15695495e-05
1.14770605e-05
1.14348497e-05
1.12968395e-05
5.69953906e-05
5.73093802e-05
5.7564363e-05
5.74708001e-05
5.75810983e-05
5.72015794e-05
5.66928648e-05
5.67546562e-05
5.74212826e-05
5.75149746e-05
5.77231539e-05
5.73990442e-05
5.70733671e-05
5.50037641e-05
0.000100152706
0.000102092003
0.00010288937
0.000103151636
0.000102760621
0.000102302708
0.000100225575
0.000102446555
0.000103025416
0.000102994681
0.000102669718
0.000101746478
0.000144669674
0.000144806073
0.000144341523
0.000143292249
0.000144788588
0.000144723493
0.000144179267
-0.000216779503
-0.000206860536
-0.00022112719
-0.000212448363
-0.000226184325
-0.000217563549
-0.00021271626
-0.000227335425
-0.000212257166
-0.000225899251
-0.000217080017
-0.000206395496
-0.000221267975
-0.000214500867
-0.000213254923
-0.000204162791
-0.00021830601
-0.000216825571
-0.000208034309
-0.000221792451
-0.000212685646
-0.000226948599
-0.00021290158
-0.000227363625
-0.000217765437
-0.000208543243
-0.000222338167
-0.00020497094
-0.000219457018
-0.000214407593
-0.000169285539
-0.000170964247
-0.000160197488
-0.000174031092
-0.000169675277
-0.000184473458
-0.000172018704
-0.000176347393
-0.000176443726
-0.000176043841
-0.000171204184
-0.00016895212
-0.000183125192
-0.00017184055
-0.000172340411
-0.000168586611
-0.000171086726
-0.000172012091
-0.000160938206
-0.000174983943
-0.00017089461
-0.000173201896
-0.000176919539
-0.000176649898
-0.000173778794
-0.000171831483
-0.000166903501
-0.0001810467
-0.000170644133
-0.000171546444
-0.000123060553
-0.00012385262
-0.000126484344
-0.000125330669
-0.00012813532
-0.000126597813
-0.000123470822
-0.000137570601
-0.000126381437
-0.00012627949
-0.000123974453
-0.000126287708
-0.000114980015
-0.000128838948
-0.000125901161
-0.000129097512
-0.00012592644
-0.000123498875
-0.00013715448
-0.000124080627
-0.00012580799
-8.00515222e-05
-7.80204633e-05
-9.16646914e-05
-7.83344278e-05
-8.01284279e-05
-8.02176063e-05
-8.23531267e-05
-6.87458624e-05
-8.216591e-05
-7.94062021e-05
-8.00751381e-05
-7.96054128e-05
-8.20961328e-05
-8.07003547e-05
-8.20610753e-05
-8.00988529e-05
-7.78247356e-05
-8.01199199e-05
-3.41477553e-05
-3.41115537e-05
-3.44416955e-05
-3.4311845e-05
-3.45805981e-05
-3.36394671e-05
-3.37893367e-05
-3.42843182e-05
-3.35520843e-05
-3.42324872e-05
-3.41141888e-05
-3.68475106e-05
-3.4435406e-05
-3.42229334e-05
-3.45078555e-05
-3.35949187e-05
1.13677167e-05
1.14871442e-05
1.15236847e-05
1.15688404e-05
1.16527615e-05
1.13422207e-05
1.13578499e-05
1.16262414e-05
9.67020488e-06
1.14727058e-05
1.14166077e-05
1.14196199e-05
1.13306422e-05
1.14995064e-05
1.13268361e-05
1.12819533e-05
5.73883923e-05
5.6828477e-05
5.66371985e-05
5.73687333e-05
5.76453587e-05
5.51981329e-05
5.5137725e-05
6.90208257e-05
5.73703739e-05
5.44494856e-05
5.75081336e-05
5.72918362e-05
5.76765661e-05
5.71229209e-05
5.69688526e-05
5.73116887e-05
5.52104996e-05
0.000102507405
9.11669732e-05
0.000104994251
0.000104814524
0.000103002996
0.000105787416
0.000102731285
0.000101224324
0.000103818227
0.000100734021
0.000102949855
0.000100922074
0.000101278143
0.000114405785
0.000103427025
0.000103875656
0.000102189376
0.000104779009
0.000102790293
0.000148551249
0.000146157501
0.00014858616
0.0001601427
0.000148538915
0.000153725999
0.000151366513
0.000148684744
0.000137322814
0.000149199768
0.000152047718
0.000148269788
0.000149362726
0.000146260909
0.000149245674
0.000160330952
0.000149496206
0.000151275902
0.000148014367
0.000136730465
0.000148491392
0.000151313048
0.00014625456
0.000193442134
0.000184872018
0.000194736504
0.000199224071
0.000191556072
0.000207030313
0.000194875311
0.000195321196
0.000194838442
0.000190680152
0.000206315837
0.000183334873
0.00019355356
0.000197035339
0.000192787023
0.000189670866
0.000194830222
0.000188903274
0.000193534719
0.000203559302
0.000193418024
0.000208049692
0.000194854371
0.000194952862
0.0001938337
0.000208671152
0.000190341248
0.00019477791
0.000204767991
0.000181403092
0.000196690558
0.000190277092
0.00023681764
0.000226460048
0.000238609315
0.000227142376
0.000240434284
0.000225888691
0.00023818396
0.000237419819
0.000237090268
0.000227205096
0.000240061466
0.000226807089
0.000240223657
0.000237515162
0.000235524941
-0.000251269058
-0.000261749047
-0.000261889037
-0.000255867732
-0.000266026111
-0.000260589587
-0.000269095758
-0.000262976821
-0.0002714756
-0.000263533673
-0.000270947822
-0.000262797785
-0.000271362282
-0.000260241725
-0.000270331751
-0.000263591007
-0.000256258287
-0.000266598696
-0.000250456683
-0.000261290985
-0.000253194782
-0.000264228459
-0.000263030574
-0.000257478593
-0.00026719175
-0.000261338588
-0.000269447342
-0.000263148096
-0.000270821009
-0.000263278786
-0.000270922394
-0.000262077723
-0.000271678263
-0.000258939546
-0.000268205955
-0.000262131722
-0.000254033773
-0.000264420671
-0.000248797845
-0.000258250329
-0.000205139692
-0.000218531462
-0.000215434811
-0.000229589785
-0.00021919096
-0.000222245886
-0.000221750893
-0.000213166253
-0.000227521995
-0.000217125143
-0.000216194785
-0.000212910143
-0.000217105018
-0.00020608814
-0.000220150315
-0.000217977665
-0.000231647403
-0.00021920957
-0.000218997762
-0.000208715798
-0.000223229652
-0.000214050342
-0.000169638002
-0.000172377609
-0.00017147149
-0.000169492959
-0.000183359124
-0.000172450375
-0.000171391884
-0.000172242637
-0.000161018479
-0.000174946367
-0.000172482587
-0.000174456289
-0.000169205073
-0.000182323887
-0.000169705845
-0.000169477388
-0.000125539321
-0.0001241096
-0.000138389269
-0.000124584641
-0.000128453378
-0.000123362787
-0.000136672124
-0.000123356056
-0.000123464534
-0.000123278355
-0.000125886243
-0.000125617512
-0.000126410923
-0.000124570032
-0.000126919985
-7.78958617e-05
-8.03843295e-05
-8.02788304e-05
-8.00032732e-05
-8.283915e-05
-7.9926591e-05
-8.19138246e-05
-6.84620405e-05
-8.24972018e-05
-8.00320629e-05
-8.2830191e-05
-7.82416391e-05
-9.16211352e-05
-7.79924962e-05
-7.96441669e-05
-3.41512686e-05
-3.45225318e-05
-3.42799464e-05
-3.4081559e-05
-3.38158873e-05
-3.40088977e-05
-3.39258236e-05
-3.38777561e-05
-3.39534832e-05
-3.66357142e-05
-3.43055885e-05
-3.4322431e-05
-3.45070494e-05
1.18944642e-05
1.11407541e-05
1.15534477e-05
1.17710166e-05
1.15712453e-05
1.14144585e-05
1.13759914e-05
1.13304832e-05
1.12024187e-05
1.14129933e-05
1.12195134e-05
1.1502482e-05
5.69250368e-05
5.72575647e-05
5.74499998e-05
5.73650276e-05
5.5338865e-05
5.74438792e-05
5.54604545e-05
5.49366874e-05
5.48427899e-05
6.86097411e-05
5.75801712e-05
5.66282814e-05
5.7025249e-05
5.74374221e-05
0.000103131335
0.00010292829
0.000105301951
0.00010251885
0.000103336172
0.000102786903
0.000102724779
0.000103406494
0.000103212848
0.000103648842
9.19109137e-05
0.000105047171
0.000105797363
0.000101049445
0.000146450054
0.000137829513
0.000150970553
0.000151399398
0.000151097371
0.000149072951
0.000137012779
0.000148786662
0.000151472632
0.000146494052
0.000146455847
0.000148777659
0.000160356961
0.000151545719
0.000148166905
0.000150903715
0.000148872741
0.000192439719
0.000190178026
0.000193254495
0.000204354901
0.000197865649
0.000196108094
0.00018345242
0.000195203758
0.000197387004
0.000191925739
0.000194461167
0.000192120902
0.000195231604
0.000205963004
0.000193972126
0.000208064415
0.000182212322
0.000193844283
0.000196485569
0.00022963227
0.00024022529
0.000241882632
0.00023738498
0.000251066761
0.000244424124
0.000256231215
0.000243567385
0.000255829826
0.000237241738
0.000242003243
0.000250719028
0.000226924296
0.000239535652
0.000236180348
0.000231233472
0.000241571875
0.000244594373
0.000239404262
0.000252577043
0.0002465022
0.000257643527
0.000240161274
0.000253810746
0.000239892219
0.000248947319
0.00023595063
0.000238373828
0.000269144278
0.000271536142
0.000270911931
0.000270393288
0.00027109959
0.00026953829
0.000270751094
0.000270915553
0.000271325962
0.000268188041
-0.000249814099
-0.000260476315
-0.000263174119
-0.000256122268
-0.000265797864
-0.000264315855
-0.000271024787
-0.000273123873
-0.000272250628
-0.000266282662
-0.000270411192
-0.000262391529
-0.00026874035
-0.000259647266
-0.000268521159
-0.000259272205
-0.000268562906
-0.000259816726
-0.000271844926
-0.000263521166
-0.00027301644
-0.000267285643
-0.000274651908
-0.000264748964
-0.000272761165
-0.000262205761
-0.000255061746
-0.000265033981
-0.000251606621
-0.000260954123
-0.000259893827
-0.000268756282
-0.000262070242
-0.00026636652
-0.000272311369
-0.000273084241
-0.00027224311
-0.00026538113
-0.000270271411
-0.000261811935
-0.000268558927
-0.000259447795
-0.000268348891
-0.000259165089
-0.000270535436
-0.000261172539
-0.00027144491
-0.000264138215
-0.00027359361
-0.000273325366
-0.00026116003
-0.000270719603
-0.00026387082
-0.000253962414
-0.000264879516
-0.000218300291
-0.000207388118
-0.000221136996
-0.00022010703
-0.000217841238
-0.000231961935
-0.000217426955
-0.000205062434
-0.000218687305
-0.00021356068
-0.000212512119
-0.000227567306
-0.000216937946
-0.000215513172
-0.000229407304
-0.000218214302
-0.000216381747
-0.000172120807
-0.000159867784
-0.000174717393
-0.000174157838
-0.000171843072
-0.000169759145
-0.000172037079
-0.000169685642
-0.00016881292
-0.00018223139
-0.000169615429
-0.000174692213
-0.000169426789
-0.000183858986
-0.000172270883
-0.000169878935
-0.000125381261
-0.000125247108
-0.000127617142
-0.000123732619
-0.000137317377
-0.000124097922
-0.000124033602
-0.000124081127
-0.000126545739
-0.000126389652
-0.000127927973
-0.000127319368
-0.000114321889
-0.000128120984
-7.96365556e-05
-7.9877964e-05
-7.99456237e-05
-8.00394236e-05
-7.7548578e-05
-8.02035819e-05
-7.78616641e-05
-9.16273044e-05
-7.80394461e-05
-8.23328632e-05
-7.95596019e-05
-7.9591059e-05
-7.9547753e-05
-3.49034376e-05
-3.41975241e-05
-3.45614361e-05
-3.42008436e-05
-3.41244822e-05
-3.41336734e-05
-3.36731404e-05
-3.45180513e-05
-3.40037289e-05
-3.43524318e-05
-3.4160035e-05
-3.42154725e-05
1.13720628e-05
1.14605467e-05
1.15869532e-05
1.13706801e-05
1.14238624e-05
1.13691699e-05
1.14809384e-05
1.14706907e-05
1.12849108e-05
1.14846312e-05
1.13117562e-05
1.1311652e-05
5.7376406e-05
5.73351328e-05
5.74065656e-05
5.73324378e-05
5.69685452e-05
5.71944743e-05
5.4983115e-05
5.65794818e-05
5.71310591e-05
5.72476365e-05
5.72654597e-05
5.71592549e-05
0.000100898228
0.000103261915
0.000103267563
0.000102672051
0.000104622178
0.000102634624
9.16774933e-05
0.000104699028
0.000105031648
0.000103559446
0.000100543993
0.00010047756
0.000113944955
0.00010091305
0.000146718026
0.000146674424
0.000146840616
0.000160719073
0.000151299786
0.000137471601
0.000150863754
0.000150773234
0.000148027507
0.000148113979
0.00015081027
0.000149480253
0.000146294246
0.000149335403
0.000193274649
0.000193037995
0.000196073862
0.000207250659
0.000191557522
0.000193778514
0.000205403738
0.000191552596
0.000182994948
0.000194145388
0.000196255726
0.000194870336
0.000197620909
0.000183796729
0.000195447154
0.0001980752
0.000236994668
0.000235947174
0.000240262003
0.000249773835
0.000245325712
0.000256573388
0.000244102782
0.000255173996
0.000231426934
0.000241975077
0.000245113693
0.000227317291
0.000239557815
0.000239080488
0.000241674322
0.000251508044
0.000240202953
0.000253559131
0.000229130336
0.000240251243
0.000241570587
0.000271155421
0.000273196877
0.000272333051
0.000270485744
0.000268462555
0.000268107135
0.000268809575
0.000271782902
0.000273008761
0.000274677747
0.000272688199
0.000268476571
0.00027221439
0.000272981117
0.000272254745
0.000270335686
0.000268442809
0.000268024453
0.000270352437
0.000271459801
0.000273611015
0.000273286664
0.000270563918
-0.000250374616
-0.000260667487
-0.000260736536
-0.00026979024
-0.000262140009
-0.000272756929
-0.000272418183
-0.000266464954
-0.000268472311
-0.000261947054
-0.000259594976
-0.000262254864
-0.000251865679
-0.000264195585
-0.000253817499
-0.000270092598
-0.000263861744
-0.000261462443
-0.000273669108
-0.000265874178
-0.000272643543
-0.00026401659
-0.000256966652
-0.000266402654
-0.000253221345
-0.000262046524
-0.000261629423
-0.00026980698
-0.000263299941
-0.000273094828
-0.000271537096
-0.000264638273
-0.000266801711
-0.000263887475
-0.000257290837
-0.000261125994
-0.000251140228
-0.000259049145
-0.000249108229
-0.000265140315
-0.000262034047
-0.000255277993
-0.00027181399
-0.00026367603
-0.000273927121
-0.000264932073
-0.00027193981
-0.000261769568
-0.000254406177
-0.000264746494
-0.00021868931
-0.000207087873
-0.000220547481
-0.000221056597
-0.000230677605
-0.000216938153
-0.000226288581
-0.00021649622
-0.000212481479
-0.000220150189
-0.000205817221
-0.000219539162
-0.000204670506
-0.000221092608
-0.000206381093
-0.000226872964
-0.000217728644
-0.000213124235
-0.000232288686
-0.000218441402
-0.000218561336
-0.000232166699
-0.000217230171
-0.000205444789
-0.000218566723
-0.000213188938
-0.00021376478
-0.000228456624
-0.000217796498
-0.000222524641
-0.000229866357
-0.000214459422
-0.00022204855
-0.000217792962
-0.00020809968
-0.000219826612
-0.000205095421
-0.000219836111
-0.000205338369
-0.00022120416
-0.000216376726
-0.000207547996
-0.000228939477
-0.00021425152
-0.000219986631
-0.000216324187
-0.000229742286
-0.000218648189
-0.000215818422
-0.000171924726
-0.000160192531
-0.000174147833
-0.000174526187
-0.000174381405
-0.000171625963
-0.000170499505
-0.000171634224
-0.000175977798
-0.000171578415
-0.000169355852
-0.000171759409
-0.000168982423
-0.000182612887
-0.000168957749
-0.000173704466
-0.000171125679
-0.000170655114
-0.000172224263
-0.000169215706
-0.000183675577
-0.000171470637
-0.00016936482
-0.000125396716
-0.000125076927
-0.000127527618
-0.00013100495
-0.000123645109
-0.000137005352
-0.00012371566
-0.000123153071
-0.000123541409
-0.000125764151
-0.000126034273
-0.00013145504
-0.000127990758
-0.000127609765
-0.000114050633
-0.000127740069
-7.9578577e-05
-7.99283638e-05
-7.98085978e-05
-7.98223583e-05
-8.23963091e-05
-8.00859408e-05
-8.19274831e-05
-6.86247328e-05
-8.21669013e-05
-8.24284306e-05
-7.96259983e-05
-7.94461148e-05
-7.80853326e-05
-3.43128008e-05
-3.43188215e-05
-3.4239223e-05
-3.40677924e-05
-3.39472092e-05
-3.42171316e-05
-3.22633568e-05
-3.4000925e-05
-3.3749501e-05
-3.43808936e-05
-3.39397198e-05
-3.41091564e-05
1.15957879e-05
1.15029259e-05
1.16864293e-05
1.13737012e-05
1.15612908e-05
1.13536763e-05
1.11314302e-05
1.13964707e-05
1.12930791e-05
1.14731994e-05
1.1212575e-05
1.1349044e-05
5.71088142e-05
5.70631634e-05
5.72850528e-05
5.75876318e-05
5.47775305e-05
5.72936355e-05
5.48002777e-05
5.47873257e-05
6.88188258e-05
5.71361183e-05
5.71442589e-05
5.65657643e-05
0.000100163365
0.000102941118
0.00010309392
0.000102855603
0.000103048598
0.000102914952
0.000103222122
0.000102969213
0.000103393847
0.000100401546
0.00010038741
0.000114120764
0.000146023442
0.000146488763
0.000146759123
0.000159987381
0.000151300762
0.000149841177
0.000153132257
0.000150720206
0.000136705287
0.000150267892
0.00015051731
0.000146499143
0.000147813472
0.000151188854
0.000151065415
0.000149760615
0.000153672437
0.000149343533
0.000146739642
0.000149146943
0.000192840613
0.000193114449
0.000195532029
0.000207553803
0.000199433583
0.000193868217
0.000205781971
0.000190368706
0.000204634624
0.000189359497
0.000206952206
0.000190855191
0.0001951524
0.000191224971
0.000193397586
0.000205465858
0.000191552845
0.000182300204
0.000193675987
0.000195760478
0.00019600496
0.000196735514
0.000208087165
0.000193452919
0.000205477888
0.000189646227
0.000205160038
0.000189577917
0.000207251145
0.000192629806
0.00019580489
0.000198181471
0.000184012764
0.000195929534
0.000198016452
0.000237320492
0.000237093637
0.000240878828
0.000250573528
0.000252075118
0.000238871174
0.000244086473
0.000230936147
0.00024053911
0.000238257427
0.00022597829
0.000235763496
0.000234895639
0.000235914743
0.000239039785
0.000226216218
0.000245996835
0.000232596644
0.00024269277
0.000253751
0.000240513595
0.000245585351
0.000256819105
0.000232475444
0.000242912687
0.000245702413
0.000228059324
0.000239810216
0.000240130059
0.000242947015
0.000252974598
0.00025654404
0.00024479994
0.000243039884
0.000251328377
0.00023786699
0.000242422031
0.000229311461
0.000237204311
0.000235240477
0.000234853832
0.000236332906
0.000241567769
0.00022838337
0.000240926931
0.000249508235
0.000236007442
0.000255320586
0.000243419336
0.000242069124
0.000254398182
0.000229998731
0.000240720126
0.000242043632
0.000269747734
0.000272809357
0.000272425343
0.000268408402
0.000269742561
0.000273714454
0.000272643354
0.000269628638
0.000273074891
0.000271590018
0.000271886381
0.000274005465
0.000271910517
-0.000250124723
-0.000260205557
-0.000260790438
-0.000269632954
-0.000261984451
-0.000272846076
-0.000271597606
-0.000265144489
-0.000265437491
-0.000263295147
-0.000256056996
-0.000261038091
-0.000250486955
-0.00026816299
-0.000261071552
-0.000258895916
-0.00027273504
-0.000266206476
-0.00027305898
-0.000263768358
-0.000256547267
-0.000265925128
-0.000251853039
-0.000260950544
-0.000261339879
-0.000269673407
-0.000263482302
-0.000273185834
-0.000271751202
-0.00026467404
-0.000264727628
-0.000261434201
-0.000254259333
-0.000261837003
-0.000252642381
-0.000269275106
-0.000262692374
-0.000260727406
-0.000273061768
-0.000265022229
-0.00027188764
-0.000261497051
-0.000253776272
-0.000264509917
-0.000217593842
-0.000206266119
-0.000219814082
-0.000220688305
-0.000232290911
-0.000218643261
-0.000220046082
-0.000217206624
-0.000206244953
-0.000212960621
-0.000214047182
-0.000226271064
-0.00021661301
-0.000212299318
-0.000220447493
-0.000218031165
-0.000231277657
-0.00021704012
-0.000205114834
-0.000217474198
-0.000212930436
-0.000227648766
-0.000217001512
-0.000230842876
-0.000216532571
-0.00021833165
-0.000216603119
-0.000205800984
-0.00021603909
-0.0002275342
-0.000217162427
-0.000213309471
-0.000215519187
-0.000229060317
-0.000218064865
-0.000215252191
-0.000169971515
-0.000173310314
-0.000173490214
-0.000172097689
-0.000174783899
-0.000172136614
-0.00016122204
-0.000169722709
-0.000170882945
-0.000183151357
-0.000171690865
-0.000169213596
-0.00017462235
-0.000171330752
-0.000174109978
-0.000170087384
-0.000174165563
-0.000160919559
-0.000174133083
-0.000174148682
-0.000171754708
-0.000173607769
-0.000171545509
-0.000160066428
-0.000168830853
-0.000167051404
-0.000172485683
-0.000184193212
-0.000172424577
-0.000169739918
-0.000169059804
-0.00018288068
-0.000170035746
-0.000123642337
-0.000139482012
-0.000125352361
-0.000128449596
-0.000126040491
-0.000114633832
-0.000125596029
-0.000121515463
-0.000123184603
-0.000125444085
-0.000128524894
-0.000127898482
-0.000114561145
-0.000125972719
-0.000128147874
-0.000114697028
-0.000128060628
-0.000125329579
-0.000125712203
-0.000127934584
-0.000128086619
-0.000124971573
-0.00012637509
-0.000124688517
-0.00012128904
-0.000123566544
-0.00012566281
-0.000137825982
-0.000126074869
-0.000123495239
-0.000128488495
-0.000126635207
-8.05478207e-05
-8.0094288e-05
-7.98958784e-05
-7.97908366e-05
-8.02710523e-05
-7.97080197e-05
-7.93867248e-05
-7.98717637e-05
-8.04456457e-05
-7.73747018e-05
-7.97501632e-05
-8.21125465e-05
-8.00813321e-05
-7.98338349e-05
-7.9831153e-05
-7.98592563e-05
-8.00443183e-05
-8.07741651e-05
-7.99113296e-05
-9.09605764e-05
-7.76299652e-05
-7.78855068e-05
-8.01428874e-05
-7.95835651e-05
-7.95269691e-05
-8.00330042e-05
-8.07286165e-05
-8.00964868e-05
-8.006131e-05
-3.42373244e-05
-3.67799627e-05
-3.44388916e-05
-3.47080603e-05
-3.19677705e-05
-3.43591391e-05
-3.41944762e-05
-3.42708921e-05
-3.44263065e-05
-3.43232321e-05
-3.43895016e-05
-3.44579186e-05
-3.697055e-05
-3.44903474e-05
-3.63090674e-05
-2.36374035e-05
-3.72463551e-05
-3.42338091e-05
-3.41856652e-05
-3.41221928e-05
-3.44298278e-05
-3.42656959e-05
-3.42417378e-05
-3.45292621e-05
-4.60037327e-05
-3.22342008e-05
-3.23037007e-05
-3.44843718e-05
1.13943549e-05
1.13571957e-05
1.14059665e-05
1.13274564e-05
1.1455105e-05
1.14160097e-05
1.14762191e-05
1.15096745e-05
1.16564994e-05
1.14598234e-05
1.16299893e-05
9.59587737e-06
1.15576827e-05
9.59390379e-06
9.82973461e-06
2.33771053e-05
1.12778031e-05
1.15947007e-05
1.15096328e-05
1.14087937e-05
1.13949625e-05
1.14240238e-05
1.14895893e-05
1.10901721e-05
1.09856988e-05
1.19325779e-05
5.70684573e-05
5.78582978e-05
5.97075954e-05
5.69398038e-05
5.75404534e-05
5.71000247e-05
5.70169392e-05
5.71150121e-05
5.7331437e-05
5.68153893e-05
5.72032749e-05
5.73884551e-05
5.79047888e-05
5.74893257e-05
5.77318739e-05
5.81711079e-05
5.96265677e-05
5.74297716e-05
5.6383777e-05
5.66612724e-05
5.73269722e-05
5.70299342e-05
5.70706013e-05
5.72637126e-05
5.95653067e-05
4.61036652e-05
5.97307036e-05
5.73954911e-05
0.000102157297
0.000103126026
0.000100740696
0.000113620957
9.99514747e-05
0.000102864262
0.000101908929
0.00010100548
0.000102106637
0.000103156288
0.0001031479
0.000114696429
0.000100698174
0.000103603366
0.00010095648
0.000101242113
0.000114908438
0.000100891148
0.000100825199
0.000103581171
0.000103236574
0.000103189964
0.000105673045
9.10892335e-05
0.00010309887
0.000102610085
0.000101940537
0.000101267197
0.000102423964
0.000103394271
0.000100703352
0.000102392769
0.00010534557
0.000140048417
0.000151851076
0.000154066158
0.000151398365
0.000149262348
0.000160465636
0.000146511361
0.000148573231
0.000146192342
0.000146607215
0.000149710637
0.00014671262
0.000148056314
0.000151570078
0.000147388812
0.000149661798
0.000147086633
0.000146836412
0.000147335612
0.000160767429
0.000151074233
0.000146785317
0.000159998968
0.00014626579
0.000148758677
0.00014438494
0.000147956743
0.000151553272
0.000137484469
0.000149257158
0.000149264511
0.000148499016
0.000151544
0.000191456875
0.000192599015
0.000194747096
0.000206605251
0.000194965236
0.000205802454
0.000191925273
0.000194726673
0.000190034891
0.000196885958
0.000183057837
0.000194719221
0.000194430049
0.000191421934
0.000192240637
0.000204694744
0.00019275061
0.000193329825
0.00019451779
0.000197632492
0.000194409848
0.000205536214
0.000191295846
0.000193031172
0.000192522017
0.000197847134
0.000183981807
0.000195262804
0.000196490032
0.000197999962
0.000182296086
0.000194577461
0.000196538946
0.000235581582
0.000236738947
0.000240176967
0.000250234283
0.000255830659
0.000244606964
0.000245506181
0.000232538779
0.0002423687
0.000235968618
0.000238895982
0.000227534587
0.000240820427
0.000250121667
0.000236632729
0.000245551958
0.00025644291
0.000232167664
0.000242329461
0.000244868502
0.000227347241
0.000239069536
0.000239706261
0.00024195129
0.000252301045
0.000253732612
0.000241972658
0.000243621445
0.000230292194
0.000240901946
0.000240011756
0.000227787005
0.000242467466
0.000252179133
0.000239587295
0.000241692437
0.000254166068
0.000229242243
0.000240381292
0.000241044908
0.000269095863
0.000272889134
0.000271661077
0.00026865951
0.000273360068
0.000272935382
0.000269897001
0.00027315156
0.000271787085
0.000269464135
0.000272922997
0.000271808524
-0.000248116469
-0.000258581942
-0.000267353722
-0.000260248247
-0.000272896266
-0.000272124926
-0.000265851079
-0.000265041419
-0.000262891516
-0.000255753745
-0.000258105172
-0.000249462331
-0.000268576295
-0.000260496407
-0.000260125049
-0.000272682466
-0.000265435966
-0.000272141553
-0.000262625232
-0.000255259591
-0.000265539957
-0.00025116596
-0.000260809636
-0.000261022168
-0.000269458689
-0.000262004771
-0.000272961349
-0.000271824191
-0.0002647212
-0.000264339197
-0.000261264606
-0.000253410122
-0.000261166386
-0.000251792855
-0.000269344718
-0.000262732334
-0.000261219261
-0.000273135678
-0.000264795413
-0.000271691563
-0.000260676593
-0.000253273111
-0.000263528814
-0.00022042924
-0.000231669395
-0.000217644699
-0.000217826092
-0.000216478555
-0.000204649091
-0.000220441697
-0.000217883621
-0.000207113469
-0.000219653379
-0.000216655899
-0.000230063981
-0.000219296721
-0.00021642526
-0.00021884954
-0.000207770949
-0.000221698372
-0.000220985874
-0.000229602463
-0.000217936712
-0.000215877838
-0.000215472247
-0.000212697534
-0.000227649695
-0.000216854039
-0.000212818139
-0.000174448252
-0.000171659261
-0.000171694786
-0.000173896455
-0.000171580392
-0.000159978372
-0.000173825655
-0.000169779761
-0.000184351649
-0.000171955943
-0.000169893197
-0.000171883723
-0.000159883618
-0.000174452731
-0.000175272131
-0.000183130624
-0.000172003446
-0.000169004839
-0.000169359634
-0.000169244619
-0.000174805299
-0.000174000564
-0.000161274967
-0.000174516416
-0.000136864558
-0.000124112841
-0.000123588546
-0.000124023701
-0.000125460784
-0.000127789662
-0.000125403452
-0.000128393568
-0.000127986287
-0.000114487833
-0.00012806899
-0.000125545494
-0.000125602258
-0.000128093947
-0.000126380389
-0.000127888761
-0.000127842717
-0.000114759418
-0.000123165625
-0.000126757935
-0.000124167919
-0.000126003508
-7.99508275e-05
-7.99569728e-05
-7.75386042e-05
-8.02506921e-05
-7.96675866e-05
-8.02628851e-05
-7.98604035e-05
-7.99973126e-05
-7.96827233e-05
-7.9781195e-05
-8.03345913e-05
-7.99034562e-05
-7.95329365e-05
-7.97259026e-05
-8.00217567e-05
-7.97448944e-05
-9.12254269e-05
-7.7532738e-05
-7.7893773e-05
-8.21073843e-05
-3.4192548e-05
-3.43434927e-05
-3.41642063e-05
-3.38310128e-05
-3.7115649e-05
-3.66679205e-05
-2.34979727e-05
-3.42670624e-05
-3.4214383e-05
-3.64792603e-05
-3.42043325e-05
-3.38721599e-05
-3.69047212e-05
-2.31471178e-05
-3.66494091e-05
-3.46131834e-05
-3.69375717e-05
-3.4300863e-05
-3.42519736e-05
-3.41984546e-05
-3.41932829e-05
-3.42763288e-05
1.13346523e-05
1.13932129e-05
1.14463988e-05
9.96006088e-06
1.11489345e-05
9.87333803e-06
2.36907734e-05
9.96112072e-06
1.14483507e-05
1.15093974e-05
9.71463607e-06
1.17982592e-05
1.13230187e-05
9.66525763e-06
9.64206688e-06
2.29182658e-05
1.23195627e-05
1.1679416e-05
1.16267614e-05
9.90490833e-06
1.16680848e-05
1.13899827e-05
1.14342335e-05
5.71734305e-05
5.70837623e-05
5.6567132e-05
5.4877991e-05
5.77546721e-05
5.82057594e-05
5.69572338e-05
5.74125507e-05
5.76832884e-05
5.76864541e-05
5.47748477e-05
5.81449355e-05
5.79332211e-05
5.7317316e-05
5.77875818e-05
5.74785914e-05
5.74661161e-05
5.73500202e-05
5.66914583e-05
5.65792002e-05
0.00010475787
0.000102460327
0.000102639894
0.000102868769
0.000100335813
0.000103152591
0.000100870679
0.000100446929
0.000114937625
0.000101345858
0.000100602758
0.000103463023
0.000103397271
0.000105445617
0.000100607461
0.000114461539
0.000100895495
0.000102746737
0.000100472987
0.000105318144
9.17766466e-05
0.000105082929
0.000103426674
0.000151047772
0.000151422145
0.00013746638
0.000149336298
0.000146204196
0.000146846611
0.000160031999
0.000146459958
0.000149622039
0.000147648248
0.000149759796
0.000147302756
0.000146927107
0.000147014611
0.000160419304
0.000148710879
0.000149226385
0.000146784851
0.000148196893
0.000149591214
0.000160982863
0.00014681484
0.000192409149
0.000204651301
0.000191729462
0.000192027497
0.000192954322
0.000195073291
0.000206492827
0.000192583663
0.000197936302
0.000184572969
0.000196294258
0.000198878415
0.000193501691
0.000193744434
0.000196192856
0.000207726034
0.000197456633
0.000197513507
0.000183768092
0.000195285963
0.000194773658
0.000192296725
0.000194524084
0.000235268239
0.000248754473
0.000256303623
0.000244742437
0.000244256082
0.000230921636
0.000241628913
0.000235905095
0.000239397945
0.000248929927
0.000235793259
0.000242835069
0.000254844477
0.000230006733
0.000241040694
0.000242133405
0.000237380257
0.00023780423
0.000241439036
0.000251068196
0.000254049417
0.00024173955
0.000241144658
0.000229348243
0.000240204423
0.000239181154
0.000227483416
0.000241846818
0.000251974061
0.000238979553
0.00024075935
0.000253296229
0.00026773848
0.000273025083
0.000272153559
0.000268912006
0.000272772053
0.000272104489
0.000269682097
0.00027301015
0.00027185721
0.000269414109
0.000273212109
0.000271670174
-0.000266799567
-0.000272207394
-0.000273566541
-0.000267699478
-0.000266869608
-0.000265662111
-0.000257800001
-0.000260869587
-0.000250324061
-0.000269788833
-0.00026244661
-0.000261015202
-0.000272945853
-0.00026459788
-0.000271979028
-0.000262370255
-0.000254768594
-0.000265331385
-0.00025110692
-0.00026106965
-0.000260871177
-0.000269416082
-0.0002620526
-0.000272789137
-0.000272113513
-0.000265555066
-0.000264441323
-0.000261812775
-0.000254010159
-0.000261797925
-0.000252619312
-0.000271398413
-0.000265403461
-0.000264608334
-0.000274146888
-0.000231706207
-0.000218619575
-0.000217837212
-0.000217036856
-0.000205086042
-0.000220412
-0.000218302965
-0.00020678704
-0.000221266788
-0.000216635966
-0.000230414117
-0.000219326004
-0.000203592489
-0.000217782978
-0.000212907435
-0.000219589448
-0.000208857356
-0.000223034745
-0.0002212708
-0.000229882179
-0.000218416896
-0.000216353583
-0.000215487963
-0.000212703268
-0.000227885297
-0.000216762499
-0.000212838431
-0.000173798961
-0.000171704142
-0.000171611584
-0.000173980232
-0.00017137622
-0.000159590192
-0.000174061953
-0.000171219854
-0.000173723996
-0.000171908236
-0.000169484065
-0.00017378625
-0.000161011916
-0.000174293833
-0.000174230864
-0.000183989479
-0.000171806472
-0.000169181893
-0.000168772799
-0.000174425787
-0.00017415313
-0.000161314647
-0.000137666306
-0.000123809207
-0.000123895051
-0.000123188329
-0.000125696885
-0.000125706471
-0.000125380392
-0.00012831738
-0.00012376098
-0.000136821257
-0.000124173259
-0.000125667934
-0.000123664723
-0.000124344773
-0.000126780727
-0.000125949322
-0.000127901911
-0.000126317079
-0.000126014347
-0.000125944974
-0.000123916538
-0.000125877241
-8.22335888e-05
-7.99111966e-05
-7.98089808e-05
-8.05517736e-05
-7.83742388e-05
-8.0160559e-05
-8.02460112e-05
-7.76910494e-05
-8.04471042e-05
-7.8077992e-05
-8.00840065e-05
-7.80497247e-05
-9.14585582e-05
-7.79201068e-05
-8.23133611e-05
-9.21421097e-05
-7.78903076e-05
-7.83329522e-05
-7.79696096e-05
-8.19941114e-05
-8.24713298e-05
-6.83238211e-05
-8.22438704e-05
-3.40195268e-05
-3.39018395e-05
-3.41530585e-05
-3.43209867e-05
-3.40935811e-05
-3.46750008e-05
-3.41592616e-05
-3.42634034e-05
-3.43328285e-05
-3.40346001e-05
-3.23613165e-05
-3.43596055e-05
-3.42743267e-05
-3.43500986e-05
-3.41671456e-05
-3.43895348e-05
-3.44375464e-05
-3.38598916e-05
-3.37253141e-05
-3.38309888e-05
1.13691179e-05
1.1262111e-05
1.12712215e-05
1.16903286e-05
1.13932938e-05
1.1603973e-05
1.14770536e-05
1.12297878e-05
1.14417508e-05
1.13432934e-05
1.09944476e-05
1.14437132e-05
1.13927025e-05
1.12573855e-05
1.12958126e-05
1.1550315e-05
1.14047184e-05
1.13365132e-05
1.13062421e-05
1.12699429e-05
5.75072459e-05
5.7447392e-05
5.48533139e-05
5.70543401e-05
5.68789225e-05
5.70709324e-05
5.71633614e-05
5.68554063e-05
5.71461424e-05
5.6482036e-05
5.69909199e-05
5.68476508e-05
5.66227538e-05
5.68433252e-05
5.70556035e-05
5.6597175e-05
5.51347102e-05
5.53226012e-05
6.8951646e-05
5.50625027e-05
0.000103275905
0.000102879413
0.00010266561
0.000102729885
0.000105878174
0.000102843438
0.000102734221
0.00010497133
0.000102683565
0.000102151747
9.12883727e-05
0.000104924069
0.000105040549
0.000103816907
0.000104832616
9.15615102e-05
0.00010535312
0.000103208563
0.000102958676
0.000103296397
0.000151047005
0.00015141452
0.000136973874
0.000148844746
0.000146265109
0.000146154643
0.000160287059
0.000146679443
0.000150284354
0.000137156096
0.000149593246
0.000151199691
0.000146350815
0.000148603955
0.000147075656
0.000149342907
0.000160919464
0.000149332376
0.000148821023
0.000146598355
0.000146414679
0.000149280957
0.000161360112
0.000146473758
0.00019271848
0.000205258652
0.00019158984
0.000192073717
0.000192708131
0.000195501717
0.000207179008
0.000193399258
0.000198179616
0.000190431886
0.000191816282
0.000204136591
0.000192185908
0.000191951114
0.000194812985
0.000193553863
0.000207923415
0.000198065812
0.000197085385
0.000182862323
0.000195308851
0.000194472911
0.000192141744
0.000196017401
0.000257865393
0.000244520099
0.000231106974
0.000242233117
0.000236724577
0.000240758178
0.000250741184
0.000237639017
0.000242476001
0.000254732502
0.000229950755
0.000241332899
0.000242107902
0.000237797689
0.000237770622
0.000241595223
0.000251270138
0.000254076958
0.000242490951
0.000241867591
0.000230070085
0.000240861883
0.000239657001
0.000227924563
0.000242407924
0.000252272956
0.000239768032
0.00027224612
0.000273635356
0.000269795184
0.000272934017
0.000272044631
0.000269303144
0.000272829764
0.000272077324
0.000271355402
0.000274073503
-0.000260360327
-0.00025835152
-0.000267182896
-0.000249246925
-0.000260874633
-0.000251269274
-0.000269454071
-0.000262819308
-0.000261232257
-0.000273048558
-0.000265230104
-0.000272039923
-0.000262731273
-0.000255933758
-0.000265666124
-0.000249138288
-0.000259038711
-0.00025216709
-0.000262242588
-0.000261295629
-0.000269634887
-0.000262556612
-0.000273690078
-0.000271835074
-0.000265010595
-0.000265684388
-0.000262780023
-0.000255659163
-0.000264383733
-0.00026092815
-0.000254091017
-0.000219730155
-0.000219264046
-0.000217068923
-0.000206052961
-0.000221291277
-0.000218425843
-0.000207390886
-0.000219380212
-0.000218591566
-0.000208720254
-0.000222303446
-0.00021610908
-0.000213313266
-0.000205423506
-0.000219387971
-0.000215440121
-0.000229220745
-0.000218496305
-0.000230234769
-0.000218895431
-0.000217530087
-0.000216610036
-0.000214947938
-0.000229064621
-0.000217659632
-0.000215267191
-0.000171918222
-0.000171914752
-0.000169580442
-0.000174354559
-0.000172099152
-0.000160095757
-0.000173967633
-0.000174467651
-0.000169405008
-0.000182964516
-0.000172293282
-0.000159471814
-0.000173952591
-0.0001711618
-0.000170679449
-0.00017177966
-0.000172840733
-0.000162094052
-0.000177254609
-0.000171574571
-0.000183688377
-0.000171787282
-0.000169586898
-0.000169796669
-0.000169081041
-0.000182397146
-0.000169221892
-0.000169055263
-0.000137002427
-0.000123618109
-0.000123687158
-0.000123133068
-0.000125269506
-0.000128279569
-0.000125509542
-0.000126806808
-0.000125017571
-0.00012103267
-0.00013569756
-0.000125991024
-0.00012625828
-0.000116743984
-0.000131296405
-0.000123118903
-0.000138625085
-0.000125617416
-0.000128154269
-0.000128038002
-0.000128201892
-0.000114440496
-0.000126324686
-0.0001236823
-0.000126885175
-8.26089249e-05
-8.01514625e-05
-7.99561394e-05
-7.98938643e-05
-7.97609373e-05
-7.98483474e-05
-8.04680399e-05
-7.96527514e-05
-7.93433695e-05
-7.99966816e-05
-8.13233862e-05
-7.96206909e-05
-7.95891192e-05
-7.95340352e-05
-8.26283759e-05
-8.2190988e-05
-6.90226988e-05
-3.41538944e-05
-3.41849559e-05
-3.36690537e-05
-3.43767879e-05
-3.42796444e-05
-3.6822295e-05
-3.46825722e-05
-3.43084337e-05
-3.42269916e-05
-3.45307426e-05
-3.44117763e-05
-3.42894412e-05
-3.41680343e-05
-3.40517518e-05
-3.38951483e-05
-3.38848434e-05
1.13364121e-05
1.14170508e-05
1.11564664e-05
1.12284984e-05
1.1529406e-05
1.13149104e-05
1.14775145e-05
1.14222002e-05
1.15702435e-05
1.16569132e-05
1.17201326e-05
1.14775269e-05
1.1033041e-05
1.13169878e-05
1.14276486e-05
5.72758616e-05
5.76085092e-05
5.45255247e-05
5.72936062e-05
5.71214212e-05
5.78751342e-05
5.73354068e-05
5.7148423e-05
5.70162911e-05
5.72744014e-05
5.9444017e-05
5.73636916e-05
5.72737078e-05
5.68487074e-05
5.48389601e-05
5.47550374e-05
6.89004216e-05
5.53353794e-05
0.000103336625
0.000102806496
0.000102975845
0.000103130767
0.000100752749
0.000103331571
0.000105388346
0.000103015433
0.000102053088
0.000101175559
0.00011650094
0.000102349756
0.000103254699
0.00010109223
0.000115065622
0.000101280564
0.000100687621
0.000103270099
0.000103198495
0.000104917086
0.000151375342
0.000150624831
0.000137716768
0.000150973847
0.000146692441
0.000146743763
0.000160068635
0.000146635939
0.000148873757
0.000144420027
0.000148691167
0.000159153928
0.000135968409
0.0001511943
0.000150184275
0.000138519618
0.000149159033
0.000153023318
0.000147061018
0.000162493537
0.000150982839
0.000149396259
0.0001493615
0.000146667606
0.000148009805
0.000150680067
0.00014820691
0.000194074257
0.000205496933
0.000191800141
0.000191420801
0.00019356189
0.000196116033
0.000206882269
0.000193279496
0.00019353221
0.000208272073
0.000183315189
0.000194532479
0.000197715742
0.000193902646
0.000190182609
0.000189426337
0.000190962361
0.000195299904
0.00019017999
0.000194709458
0.000205075326
0.000197622869
0.000198620559
0.000184221018
0.00019605106
0.000196423574
0.000182786508
0.000194646702
0.000196850201
0.000238565814
0.000249485377
0.000236076768
0.00023548708
0.000237542036
0.000241075047
0.000251475516
0.000238662561
0.000244347116
0.000255712276
0.000239873063
0.000249078348
0.000235428382
0.000237773268
0.000235832682
0.000228900844
0.000240024012
0.000241193847
0.000238934752
0.00025224941
0.000255334941
0.000244345563
0.000242500752
0.000230146474
0.000241048718
0.000240072772
0.000228690091
0.00023842684
0.000253927833
0.000240732145
0.000267325573
0.000269551819
0.000273102722
0.00027194933
0.000269679444
0.000273724635
0.000272896572
-0.000261000102
-0.000251166362
-0.000269605913
-0.000262335525
-0.000260896355
-0.000272466519
-0.000272756902
-0.000261917778
-0.000270781398
-0.000261944925
-0.000255684442
-0.000265945498
-0.000251166477
-0.000262022087
-0.000248803761
-0.000259422929
-0.000248213779
-0.000258873976
-0.000249686323
-0.000260843638
-0.000253114456
-0.000263728861
-0.000258785041
-0.000268146168
-0.000261668186
-0.000264235058
-0.000272103716
-0.000274751878
-0.000272751476
-0.000265064504
-0.00026535887
-0.000262315031
-0.000255247222
-0.000218726652
-0.000204761024
-0.000212531335
-0.000227132962
-0.000216122503
-0.000212286327
-0.000223569204
-0.000222539661
-0.000220105804
-0.000219272999
-0.000221331582
-0.000231652511
-0.0002178321
-0.000217388369
-0.000215893212
-0.000203887047
-0.000215525073
-0.000172395137
-0.000172642044
-0.000170508096
-0.000174488282
-0.000173968443
-0.000161396357
-0.000173459111
-0.000173335487
-0.000171491452
-0.000171464594
-0.000169168119
-0.000183111731
-0.000170094305
-0.000169164981
-0.000137747762
-0.000124588589
-0.000124045462
-0.000124286195
-0.000125625762
-0.000122407372
-0.000125960495
-0.000136842761
-0.000123605758
-0.000123177671
-0.000127308782
-0.000124443894
-0.000126450904
-8.05053404e-05
-8.04927182e-05
-7.81216741e-05
-8.06758433e-05
-8.07620483e-05
-8.04742654e-05
-8.08046567e-05
-8.05704513e-05
-7.98535112e-05
-7.82519405e-05
-9.20565398e-05
-7.79912873e-05
-7.77616189e-05
-3.4372889e-05
-3.43376445e-05
-3.41400935e-05
-4.56130368e-05
-3.21647915e-05
-3.24452687e-05
-3.46807632e-05
-3.45619266e-05
-3.16020972e-05
-3.43396471e-05
-3.41340494e-05
-3.41815264e-05
1.1441721e-05
1.14566152e-05
1.14282043e-05
9.79802729e-06
1.09145484e-05
1.12767237e-05
1.12571574e-05
1.16405981e-05
1.0990885e-05
1.12477558e-05
1.10822136e-05
1.15336726e-05
5.71407251e-05
5.69828681e-05
5.66455137e-05
5.93803286e-05
4.58278946e-05
5.98933003e-05
5.97574178e-05
5.96574857e-05
5.71438801e-05
5.74036493e-05
5.64956732e-05
5.67559715e-05
5.67673332e-05
0.000104807755
0.000102670503
0.000102530833
0.000103176812
0.000102826494
0.000102655764
0.000102644457
0.000102664354
0.000101328532
0.000105288179
9.15836519e-05
0.000105125091
0.00010508428
0.000151229366
0.000138068044
0.000151295066
0.000146566776
0.000148864578
0.000161637064
0.000146288633
0.000151169665
0.000151468347
0.000136877368
0.000149195736
0.000148298252
0.000151085196
0.000148449402
0.00019472229
0.000205629906
0.000191204655
0.000192385375
0.000194331239
0.000191847568
0.00019433515
0.00019199585
0.000204359471
0.000191547369
0.000191666018
0.000197150831
0.000183686553
0.000194690617
0.000236070493
0.0002389793
0.000227081914
0.00024182872
0.000251440467
0.000238359464
0.000243987195
0.000255145745
0.000237310363
0.000251133264
0.000235794609
0.000248879309
0.000235282979
0.000248384797
0.000236359003
0.000249698879
0.000239643113
0.000253152403
0.000255357742
0.000242479472
0.000244525555
0.000231688114
0.000241919978
0.000269378704
0.000272407041
0.000272788032
0.0002706748
0.00026767529
0.000271941962
0.000274856703
0.00027272845
-0.000258182497
-0.000249081193
-0.000265195879
-0.000261745478
-0.000255208435
-0.000269795369
-0.000262072166
-0.000272477081
-0.00026688666
-0.000273158006
-0.000273907843
-0.000273093298
-0.000274908046
-0.00027299274
-0.000271970821
-0.000265062875
-0.0002696656
-0.000262365775
-0.000259484447
-0.000262922919
-0.000252409244
-0.00022125226
-0.000218288547
-0.000207498741
-0.000219534633
-0.000229304975
-0.000218432261
-0.000215654813
-0.000216856424
-0.000174711491
-0.000172436726
-0.000160275672
-0.000174325421
-0.000183919707
-0.000172622758
-0.000169854419
-0.000170943405
-0.000125076682
-0.000125937427
-0.000128204933
-0.000125574089
-0.000128072512
-0.000128622535
-0.000128028731
-0.000114966952
-0.000123732725
-8.0695092e-05
-8.07452708e-05
-8.07305647e-05
-8.0101383e-05
-8.04127247e-05
-7.99736703e-05
-8.06475604e-05
-7.84118774e-05
-3.45033654e-05
-3.26630712e-05
-4.55565792e-05
-3.16945186e-05
-3.20912428e-05
-3.68041266e-05
-3.44547387e-05
-3.46499633e-05
-3.23444793e-05
-3.44768536e-05
1.12543457e-05
1.08712774e-05
1.06885859e-05
1.11865373e-05
1.16155032e-05
1.14201324e-05
1.10397018e-05
1.14157411e-05
5.76978068e-05
5.9484207e-05
4.63492434e-05
5.96764139e-05
5.78355846e-05
5.98311579e-05
5.72646248e-05
5.72780025e-05
5.68602068e-05
0.000103129511
0.000103258139
0.000101227224
0.000103542618
0.000100889644
0.000114850674
0.000101220873
0.000102668998
0.000143722848
0.000146893765
0.00014736365
0.000160705399
0.000147347427
0.000149405457
0.000150170469
0.000147498209
0.000193783863
0.000196011259
0.000207430255
0.000193185373
0.000197591597
0.000198362952
0.000184081437
0.000195924003
0.000190509977
0.00023700871
0.000239456479
0.000248442107
0.000235104863
0.000255052266
0.000243482629
0.00025216736
0.000238801579
0.000241323723
0.000229367002
0.000240045433
0.000270073782
0.000272413168
0.000273100812
0.000273883744
0.000273050667
0.000274848405
0.000273398708
0.000271962881
0.000269906928
-0.000260688989
-0.000250394486
-0.000263069537
-0.000252733077
-0.000263780832
-0.000253460313
-0.000262393344
-0.000251602454
-0.000259182106
-0.000249821335
-0.000216103946
-0.00022683176
-0.000216652213
-0.000212707835
-0.000232513043
-0.000217599051
-0.000221842446
-0.000221104854
-0.000228969831
-0.000213967959
-0.000219680975
-0.000216391595
-0.000206231447
-0.000213148237
-0.000171931297
-0.000183798708
-0.000172537337
-0.000169423665
-0.000174655519
-0.000172305831
-0.000174948181
-0.00017222398
-0.000160895445
-0.000169554078
-0.000125486335
-0.000137260164
-0.000124241997
-0.000123517844
-0.000128288548
-0.00012565433
-0.000126636982
-0.000124245013
-8.03605642e-05
-7.77297129e-05
-8.05236861e-05
-8.03431544e-05
-9.20238187e-05
-7.83628715e-05
-7.80372097e-05
-7.97012632e-05
-3.4234244e-05
-3.41679886e-05
-3.4657894e-05
-3.45335402e-05
-3.44914385e-05
-3.43549244e-05
1.00458896e-05
1.13596736e-05
1.1345207e-05
1.13546414e-05
1.13778735e-05
1.14351897e-05
1.17383744e-05
5.72073386e-05
5.66158528e-05
5.69411184e-05
5.97325134e-05
5.66518578e-05
5.67506014e-05
5.74367972e-05
0.000103320036
0.000105386404
0.000102435749
0.00010336048
0.000105616717
9.21504279e-05
0.000105411526
0.000101133107
0.000146575698
0.000151760679
0.000137444072
0.000149269438
0.000149148313
0.00015182134
0.000148917781
0.000160722062
0.000146648364
0.000148696725
0.000192010353
0.00019784763
0.000184367346
0.00019511923
0.000194167997
0.000196167281
0.000195575483
0.000206652942
0.000192428325
0.000194689508
0.000238553569
0.000226046946
0.000244953905
0.000231778886
0.000241480939
0.000250714914
0.00023696621
0.00025280248
0.000239939945
0.000253088679
0.00024046982
0.000251666923
0.000238173671
0.000241571885
0.000249352795
0.000236236964
0.000242205533
0.000229076154
0.000236202899
-0.000212580333
-0.000212454475
-0.000211904071
-0.00017077316
-0.000172405233
-0.000176135731
-0.000159997133
-0.000176960888
-0.000161112938
-0.000173835264
-0.000159128591
-0.000171732441
-0.000168714315
-0.000125497031
-0.000128167301
-0.000125223446
-0.0001141867
-0.000139041339
-0.000123620909
-0.000124644216
-0.000124637576
-0.000124727647
-0.000136288368
-0.000125296004
-0.000121431059
-0.000125767494
-0.00012323405
-7.95075402e-05
-8.05218684e-05
-8.17716849e-05
-7.90523532e-05
-7.99991573e-05
-8.05158967e-05
-8.05948445e-05
-8.03185828e-05
-7.95890347e-05
-8.27312962e-05
-8.20957826e-05
-6.90490466e-05
-8.02206076e-05
-3.43839769e-05
-3.41417998e-05
-3.42342914e-05
-3.41165538e-05
-3.45190881e-05
-3.46339463e-05
-3.46640695e-05
-3.44229489e-05
-3.43775781e-05
-3.38898873e-05
-3.37776351e-05
-3.4330708e-05
-3.23625354e-05
1.12750502e-05
1.13043641e-05
1.13899305e-05
1.1271739e-05
1.14003123e-05
1.14824024e-05
1.1560511e-05
1.14332232e-05
1.14638056e-05
1.18943745e-05
1.13090482e-05
1.15557895e-05
1.12026287e-05
5.70634829e-05
5.80305031e-05
5.51237104e-05
5.68355568e-05
5.73412001e-05
5.7435583e-05
5.77235406e-05
5.7410241e-05
5.71731386e-05
5.4486055e-05
6.83102278e-05
5.47718758e-05
5.73187877e-05
0.000100192767
0.000103126035
0.000101371214
0.000113861244
0.000100489883
0.000102145574
0.000103033633
0.000103186578
0.000102843023
0.000101709703
0.00010411974
0.000101175531
0.00010255765
0.000146294565
0.000149037534
0.000153950309
0.000139000519
0.000148900488
0.000159964775
0.000144605361
0.000160610878
0.000144698012
0.000149206916
0.000158949287
0.00014379612
0.000151135494
0.000136191619
0.000148458235
0.000189062113
0.0001929021
0.000194610424
0.000194731705
0.000194320639
0.000190515256
-0.000190003131
-0.000191532778
-0.000193882217
-0.000212963115
-0.000195150929
-0.000194855092
-0.000212449572
-0.000194824189
-0.000194830571
-0.000194972208
-0.000193300804
-0.000191197589
-0.000189888669
-0.000189532072
-0.000191085031
-0.000212338747
-0.000193352975
-0.000194894967
-0.0002128211
-0.000194737967
-0.000194841167
-0.000212673546
-0.000195125059
-0.000195132842
-0.00019357105
-0.000191579396
-0.000190435421
-0.000166706935
-0.000146224815
-0.000148077726
-0.000171548811
-0.000148638127
-0.000136109667
-0.00015058618
-0.000143901442
-0.000159311781
-0.000174110478
-0.000149163902
-0.000138897796
-0.000153332481
-0.000144137475
-0.000144732326
-0.000160513509
-0.00016092405
-0.000176635735
-0.000145008165
-0.00014468663
-0.000160938773
-0.000160622492
-0.000176335809
-0.000144231238
-0.000143424937
-0.000160140787
-0.000158333817
-0.000173439664
-0.000147880901
-0.00017090495
-0.000137329716
-0.000151764932
-0.00014945136
-0.000148755299
-0.000146543137
-0.000168745592
-0.000146574417
-0.000148688543
-0.0001714229
-0.000149458035
-0.000147957417
-0.000137372276
-0.000151903304
-0.000143206785
-0.000143918765
-0.000158079983
-0.000160114647
-0.000175731985
-0.000144497849
-0.000144759224
-0.000161107826
-0.00016083526
-0.0001765374
-0.000144703472
-0.000144145837
-0.000160774933
-0.000160262329
-0.000176112897
-0.000143849183
-0.000158872495
-0.000172070325
-0.000149146602
-0.000138913138
-0.000153799661
-0.000169924991
-0.000136431982
-0.000151053952
-0.000148794748
-0.000148014251
-0.000145654697
-0.000123547082
-0.000102208398
-0.00012594947
-0.000103096482
-0.000101026592
-0.000103876769
-0.0001213256
-0.00010036742
-0.000101805103
-0.000125310914
-0.000114188644
-0.000124718061
-0.000102154933
-0.000102775787
-0.000124795501
-0.000102909138
-0.000102983666
-0.000124771036
-0.000102958351
-0.000102892427
-0.000124319736
-0.000102746801
-0.000102564037
-0.000101983878
-0.000100257532
-0.000125665169
-0.000114655466
-0.000128854929
-0.000103491689
-0.000125828343
-9.14022942e-05
-0.000105421689
-0.000102962573
-0.000102899757
-0.000100886901
-0.000123696781
-0.000101040215
-0.00010264338
-0.000126408987
-0.000103326031
-0.000102811489
-9.12766221e-05
-0.00010579026
-0.000122784468
-0.000100179669
-0.000102110917
-0.000126049989
-0.000114742854
-0.000124220249
-0.000102500325
-0.000102730244
-0.000124817664
-0.000102879501
-0.000102986599
-0.000124463262
-0.000103082253
-0.000102948262
-0.00012348797
-0.000102793306
-0.000102004035
-0.000101768904
-0.000100526195
-0.000125472999
-0.000113815621
-0.000128150209
-0.000100994202
-0.000125504802
-0.000104078948
-0.000103140497
-0.000102257229
-8.01396657e-05
-5.68292668e-05
-5.72074867e-05
-5.52906755e-05
-6.86157454e-05
-8.17469575e-05
-8.20563442e-05
-5.46072496e-05
-5.76811103e-05
-7.95341864e-05
-5.69077845e-05
-5.70469897e-05
-8.01446637e-05
-5.72613586e-05
-5.73424934e-05
-8.03382401e-05
-5.7423476e-05
-5.74724865e-05
-8.03379977e-05
-5.75214635e-05
-5.75405793e-05
-8.00890552e-05
-5.75511241e-05
-5.73692426e-05
-7.95722827e-05
-5.71839852e-05
-5.69875197e-05
-5.65044695e-05
-7.72797837e-05
-8.06730424e-05
-5.74485913e-05
-5.77351806e-05
-7.94235454e-05
-5.76676496e-05
-5.72376418e-05
-5.51950984e-05
-5.48631232e-05
-8.00990721e-05
-5.70955716e-05
-5.75158838e-05
-7.75626137e-05
-5.68620299e-05
-7.79198585e-05
-5.70540443e-05
-5.80642136e-05
-7.98112186e-05
-5.70844414e-05
-5.72315971e-05
-8.04115582e-05
-5.73943707e-05
-5.73289464e-05
-8.03621786e-05
-5.7494476e-05
-5.77057325e-05
-8.04420438e-05
-5.76034447e-05
-5.74975144e-05
-7.98444612e-05
-5.73426341e-05
-5.72703364e-05
-7.92317767e-05
-5.71120729e-05
-5.69553916e-05
-8.2135288e-05
-5.48766774e-05
-6.84656039e-05
-8.03137351e-05
-5.4834608e-05
-5.74122338e-05
-7.7656071e-05
-5.71901863e-05
-5.65116455e-05
-3.44216569e-05
-1.15378574e-05
-1.1458908e-05
-3.3376801e-05
-1.14433009e-05
-3.40487231e-05
-1.10986009e-05
-1.14890607e-05
-3.42501216e-05
-1.13521134e-05
-1.14066448e-05
-3.45254675e-05
-1.14420859e-05
-1.15285292e-05
-3.45559287e-05
-1.14821817e-05
-1.15631037e-05
-3.45712622e-05
-1.1410887e-05
-1.14521094e-05
-3.44924553e-05
-1.15727028e-05
-1.151728e-05
-3.41611838e-05
-1.14211808e-05
-1.14223939e-05
-1.15946062e-05
-9.72687061e-06
-3.60846488e-05
-2.28830773e-05
-3.7285725e-05
-9.35622154e-06
-3.42251535e-05
-1.19232914e-05
-1.14259368e-05
-1.13471041e-05
-3.36355324e-05
-1.13207798e-05
-3.44820718e-05
-1.146004e-05
-9.68320641e-06
-1.17965135e-05
-3.41538882e-05
-9.62637714e-06
-1.14241846e-05
-3.6805307e-05
-2.30893488e-05
-3.42707485e-05
-1.14692009e-05
-1.14151064e-05
-3.42939836e-05
-1.14116471e-05
-1.13856802e-05
-3.48642908e-05
-1.15212424e-05
-1.1600879e-05
-3.43764155e-05
-1.1608875e-05
-1.15364506e-05
-3.43630971e-05
-1.14176817e-05
-1.15153385e-05
-3.39765218e-05
-1.13919864e-05
-1.1300217e-05
-1.14486277e-05
-3.37418151e-05
-3.41605627e-05
-1.13404053e-05
-1.1491655e-05
-3.42616259e-05
-1.13517363e-05
-1.1475794e-05
1.14491202e-05
3.42104269e-05
3.44296811e-05
1.1381913e-05
3.41417016e-05
1.15637619e-05
3.3330913e-05
3.45563497e-05
1.14774597e-05
3.41899591e-05
3.43415364e-05
1.15656695e-05
3.45098947e-05
3.45236929e-05
1.16532752e-05
3.45971245e-05
3.45972727e-05
1.16052131e-05
3.45347083e-05
3.46080687e-05
1.14624797e-05
3.46921138e-05
3.44349254e-05
1.13974731e-05
3.43421719e-05
3.41991866e-05
9.85117848e-06
3.4194879e-05
2.28049236e-05
9.49625514e-06
3.66516062e-05
3.64794992e-05
1.13627984e-05
3.44924942e-05
3.42281477e-05
3.38500629e-05
1.13239959e-05
3.3880076e-05
9.7076915e-06
1.19861631e-05
3.42941794e-05
3.43536132e-05
1.15355652e-05
3.40420652e-05
2.31448228e-05
3.62807767e-05
3.66170817e-05
1.15192424e-05
3.41912788e-05
3.43951848e-05
1.15501008e-05
3.4444077e-05
3.45147569e-05
1.1547796e-05
3.45135572e-05
3.47054117e-05
1.15710238e-05
3.46971013e-05
3.46580793e-05
1.14381207e-05
3.45726038e-05
3.44864209e-05
1.14479841e-05
3.43115579e-05
3.41758183e-05
3.40238463e-05
1.12431881e-05
1.14507189e-05
3.34151918e-05
3.39483674e-05
1.14414463e-05
3.44584123e-05
3.43441047e-05
5.72312422e-05
7.7650729e-05
8.01444722e-05
5.46951529e-05
5.51808473e-05
6.83910195e-05
8.01389797e-05
8.17024918e-05
8.22544457e-05
5.71039848e-05
7.90358811e-05
7.94720387e-05
5.74325708e-05
7.99245311e-05
8.02619145e-05
5.7606586e-05
8.03515347e-05
8.05529501e-05
5.748058e-05
8.05243823e-05
8.03892738e-05
5.73395851e-05
8.02665127e-05
8.01222526e-05
5.68787832e-05
7.97505415e-05
7.94106363e-05
7.76762755e-05
5.72694335e-05
5.80008915e-05
7.81245936e-05
9.14477975e-05
8.06250078e-05
5.73360649e-05
8.00659933e-05
7.95531713e-05
5.50936791e-05
5.7659853e-05
7.95412498e-05
8.03319116e-05
5.69148614e-05
7.76519689e-05
5.73616161e-05
7.86266481e-05
8.08637494e-05
9.14095439e-05
5.71850983e-05
7.94171487e-05
7.98065815e-05
5.74284739e-05
8.01777463e-05
8.0344931e-05
5.77112672e-05
8.04977659e-05
8.04539181e-05
5.75129286e-05
8.04672425e-05
8.0331119e-05
5.72647775e-05
8.01271942e-05
7.99141765e-05
5.70922748e-05
7.9510387e-05
7.89259713e-05
8.19974353e-05
5.4929426e-05
6.89138195e-05
5.74258155e-05
8.2659681e-05
8.02447756e-05
5.66741752e-05
8.01003796e-05
7.80136302e-05
0.000102351278
0.000123837382
0.000100814259
0.000103676653
0.000125332855
0.00012583123
0.000101662315
0.000121251341
0.000113550963
0.000124868942
0.000128142015
0.000135890681
0.000102662197
0.000123562424
0.000124740349
0.000138894888
0.000103040453
0.000124672732
0.000124697602
0.000102984126
0.000124841058
0.000124671679
0.00010256493
0.00012436617
0.000124546202
0.000100311892
0.000123157015
0.000114813967
0.000103425764
0.000125731896
0.00013710077
0.000128821965
0.000103244762
0.00012664861
0.000125800934
0.000100571623
0.000123424495
0.000102867713
0.000123586402
0.000103192099
0.000105458117
0.000125948082
0.000126799348
0.000102065304
0.000122525635
0.000114744177
0.000125894596
0.000128977741
0.000136776427
0.000102795953
0.000124327075
0.000124445709
0.000103004645
0.000124815841
0.000124839511
0.000102937827
0.000124834247
0.000124611013
0.000102135934
0.000124863454
0.000123477129
0.000138569169
0.000100310127
0.000121228219
0.000113664753
0.000101129635
0.000125194251
0.000136376255
0.000128170779
0.000103128493
0.000125945971
0.000125303064
0.000122993848
0.000148081588
0.000167239022
0.00015092699
0.000169822527
0.000171980501
0.000144520999
0.000149163547
0.000159359781
0.000172147482
0.000173752241
0.000144577543
0.000160321522
0.000160296213
0.000175536019
0.000176372135
0.000144547699
0.000160722353
0.000160668101
0.000176815667
0.000176492381
0.000143987012
0.000160145285
0.000158304739
0.000147959011
0.00017556068
0.00017316706
0.000149235243
0.000171351404
0.000170858804
0.0001464012
0.000168987461
0.000148838754
0.000168725913
0.000148060643
0.000151372304
0.000170928291
0.000171366538
0.000143775358
0.000158611013
0.000160167611
0.000173596163
0.000176392946
0.000144820207
0.000160703344
0.00016086934
0.000176437476
0.000176492512
0.000144420813
0.000160918548
0.000160208376
0.000176754314
0.000175937704
0.000149043904
0.000159021449
0.0001534191
0.00017374511
0.000172081473
0.000148788856
0.000171889908
0.000169916794
0.000146073434
0.00016664471
0.000190118567
0.000193767272
0.000195140803
0.000212759675
0.000212477252
0.000194901852
0.000212537089
0.000212820804
0.000193101856
0.00021222647
0.000189430032
0.000191081028
0.000194885023
0.000212628378
0.000194854043
0.000212659971
0.000212505856
0.000195171618
0.000212257249
0.000212480844
0.000191337792
-0.000237717436
-0.000228010383
-0.000240402659
-0.000235989602
-0.000248923306
-0.000258446471
-0.000240538463
-0.000231176488
-0.000244243595
-0.000237059945
-0.000237398703
-0.000250137955
-0.00025114265
-0.000261904604
-0.000238552543
-0.000240168385
-0.00022741608
-0.000252332923
-0.000253315735
-0.000263675263
-0.000240468364
-0.000240017324
-0.000226814713
-0.000253213412
-0.000252717057
-0.000263064408
-0.000238453941
-0.000237296714
-0.000252204985
-0.000251225551
-0.000261969963
-0.00023685018
-0.000250100114
-0.000242128052
-0.000232816187
-0.00024607007
-0.000229985633
-0.000243118278
-0.000227284679
-0.000239517806
-0.000236801322
-0.000237008854
-0.000227292064
-0.000239486806
-0.000229764138
-0.000243020699
-0.000237029142
-0.000250110225
-0.000259506224
-0.00024226684
-0.000232677178
-0.000246156452
-0.000237161638
-0.00023820554
-0.00022588195
-0.00025101287
-0.000251776309
-0.000262391867
-0.000240010232
-0.000240444813
-0.000227412602
-0.000252771697
-0.000253261612
-0.000263573914
-0.000240283332
-0.000238669249
-0.000226530438
-0.000252967301
-0.000252315278
-0.000262894167
-0.000237599902
-0.000236948728
-0.00025153281
-0.00025015846
-0.000260824641
-0.000235785161
-0.000248852575
-0.000240907747
-0.000231126599
-0.000244249921
-0.000228089034
-0.000240375002
-0.000237716455
-0.000190533786
-0.000193776755
-0.000190785626
-0.000205190185
-0.000218913355
-0.000194734
-0.000183655559
-0.000197661511
-0.00021402556
-0.000193367943
-0.00019677367
-0.000181737954
-0.000218404404
-0.000208532383
-0.000204338135
-0.000219209097
-0.000194493265
-0.000199094083
-0.000208508775
-0.000222282346
-0.000207782369
-0.00022165936
-0.000204459289
-0.00021829774
-0.000193909537
-0.000212991982
-0.000196841792
-0.000194756984
-0.000217441155
-0.00019266807
-0.00018954103
-0.000207197697
-0.0002043573
-0.000217792527
-0.000193375673
-0.0001821989
-0.000196032733
-0.000191968294
-0.000213512927
-0.000191936827
-0.000193135574
-0.000182091049
-0.000196225158
-0.000189496005
-0.000192990448
-0.000203863925
-0.000207575718
-0.000217407126
-0.000221750799
-0.000214479519
-0.00019470143
-0.000196820256
-0.000193729233
-0.000182892217
-0.000206633776
-0.000221483979
-0.000206943199
-0.000221420403
-0.000217068072
-0.000194808769
-0.000198887186
-0.000184331288
-0.000196597061
-0.000193168151
-0.000218401428
-0.00020833164
-0.00022245152
-0.000190525904
-0.000205298834
-0.000215493495
-0.000194787649
-0.000183607369
-0.000197985532
-0.000193837558
-0.000190591226
-0.000168999788
-0.000148217005
-0.000146058914
-0.000160323601
-0.000172093925
-0.000174488587
-0.000148449708
-0.000136749664
-0.000150886674
-0.00017164529
-0.000148638404
-0.000151210112
-0.00014882159
-0.000136990677
-0.000161108809
-0.000175289559
-0.000149460296
-0.000170825318
-0.000152043322
-0.000149367271
-0.000148260683
-0.000169884651
-0.000172301628
-0.000151039282
-0.000138511186
-0.000152223341
-0.000149363432
-0.000146384972
-0.000169460267
-0.000146312875
-0.000149131915
-0.000168701529
-0.00014841405
-0.000169490263
-0.000151552165
-0.000138400706
-0.000151068616
-0.000172093887
-0.000149232064
-0.000151807056
-0.000149160555
-0.000137827702
-0.000159746307
-0.000174064199
-0.000148663495
-0.000169062247
-0.000150992971
-0.000148610054
-0.000172048453
-0.000146153381
-0.000160615345
-0.000171309073
-0.000148687402
-0.000137068643
-0.00015100626
-0.000148270022
-0.000123873823
-0.000126453201
-0.00010283974
-0.000103212951
-0.000103611035
-0.000125481856
-0.000102498327
-0.000102792431
-0.000104941015
-0.000104835352
-0.000114108363
-0.000128672243
-0.00010103572
-0.00012384286
-0.000103993517
-0.000103001063
-0.000126488085
-0.000100680749
-0.000114150626
-0.000125401512
-0.00010021821
-0.000102989071
-0.00010255579
-0.00012335405
-0.000102648393
-0.00010043921
-0.000113649753
-0.00012612028
-0.0001281445
-0.000100680604
-0.000102972637
-0.000126425233
-0.000103004285
-0.000103830331
-0.000101467291
-0.000126647484
-0.000104874075
-0.00010545499
-9.16593769e-05
-0.000123664727
-0.000102752675
-0.00010256651
-0.000123740559
-0.000103886219
-0.000124148684
-0.000103345623
-0.000102753213
-7.82075254e-05
-5.67987431e-05
-5.5177858e-05
-6.91102415e-05
-8.25624965e-05
-8.26867324e-05
-5.53534154e-05
-5.74186479e-05
-8.01963054e-05
-5.74754882e-05
-5.72488113e-05
-5.65054275e-05
-8.00531661e-05
-5.46781908e-05
-5.71831528e-05
-5.73259009e-05
-7.96624859e-05
-8.01686846e-05
-5.75423503e-05
-5.80430502e-05
-5.75346509e-05
-5.50216547e-05
-7.99368686e-05
-5.4815942e-05
-5.74304194e-05
-7.960989e-05
-5.74188786e-05
-7.96798347e-05
-5.77342973e-05
-5.80658744e-05
-6.85199864e-05
-8.22615948e-05
-5.45661582e-05
-5.74562615e-05
-5.62519202e-05
-8.02048622e-05
-5.74506261e-05
-5.74322295e-05
-8.22076051e-05
-5.54938177e-05
-6.92210288e-05
-8.01899877e-05
-5.46318989e-05
-5.73137134e-05
-5.68963416e-05
-3.43413223e-05
-1.15089212e-05
-3.38241465e-05
-1.147543e-05
-3.37713907e-05
-1.10659311e-05
-1.14979173e-05
-3.42463733e-05
-1.13183007e-05
-1.135949e-05
-1.13595487e-05
-3.43010846e-05
-1.1105797e-05
-1.14968704e-05
-1.16706011e-05
-9.90977938e-06
-3.70003584e-05
-2.30295755e-05
-3.63442077e-05
-9.78519635e-06
-3.37503784e-05
-1.16556671e-05
-1.12191815e-05
-3.41635309e-05
-1.13437336e-05
-9.67805454e-06
-1.17093122e-05
-3.42487264e-05
-9.97066169e-06
-1.16081876e-05
-3.69637964e-05
-2.31563388e-05
-1.14533377e-05
-1.12232751e-05
-1.16409395e-05
-3.42787753e-05
-1.14884574e-05
-1.14104522e-05
-1.12161657e-05
-3.3752832e-05
-3.42653285e-05
-1.16429578e-05
-1.13688679e-05
-1.14196101e-05
1.14471085e-05
3.44656118e-05
1.15428966e-05
3.38849011e-05
1.11747268e-05
3.39634322e-05
3.42248479e-05
1.14433625e-05
3.42452769e-05
3.42382238e-05
3.4606211e-05
1.1417016e-05
3.37745602e-05
3.40860651e-05
9.68760333e-06
3.42728731e-05
2.24432676e-05
9.44212377e-06
3.65097519e-05
3.66371051e-05
1.13239957e-05
3.43315195e-05
3.39065634e-05
9.63196191e-06
1.18571337e-05
3.37426051e-05
3.42909383e-05
1.17431009e-05
3.42578685e-05
2.29459354e-05
3.65723929e-05
3.68447689e-05
3.3916309e-05
3.41525919e-05
3.4189291e-05
1.14384554e-05
3.46945856e-05
3.41249921e-05
3.35629219e-05
1.13907924e-05
1.14277286e-05
3.40073406e-05
3.4303868e-05
3.4389961e-05
5.68603883e-05
7.80666608e-05
5.52269436e-05
5.48479641e-05
6.86934844e-05
8.03918047e-05
8.26249541e-05
8.25113404e-05
5.72472518e-05
8.0046447e-05
8.03309581e-05
7.80757421e-05
8.1970973e-05
5.75029e-05
8.23725657e-05
8.0003258e-05
7.94362478e-05
5.82189659e-05
5.77992498e-05
7.95753947e-05
8.00428825e-05
5.49811989e-05
8.01073865e-05
5.74910589e-05
7.98961798e-05
5.74583708e-05
7.9695176e-05
5.81060231e-05
7.97017837e-05
8.00581104e-05
6.81410809e-05
8.00978663e-05
8.21420424e-05
8.18318587e-05
7.79860473e-05
9.17972403e-05
5.73153861e-05
8.02853805e-05
7.99763075e-05
8.24203643e-05
5.53153163e-05
6.91478147e-05
5.74049532e-05
8.24762804e-05
8.03285282e-05
7.80185405e-05
0.000103237864
0.000103580968
0.000124254474
0.000123828509
0.00012644361
0.000102811473
0.000123380809
0.000125645186
0.000137142232
0.000124253993
0.000126487579
0.000137285151
0.000114200966
0.000125837757
0.000128740823
0.000102998581
0.000126336428
0.000124051063
0.000126257145
0.000138179297
0.000100573077
0.000114615948
0.000102892858
0.000128666418
0.000125557871
0.000123115454
0.000102628359
0.000123478311
0.000100666933
0.000100673579
0.000114342572
0.00012564496
0.000126121167
0.000128167328
0.000103891085
0.000123747619
0.000126360179
0.000137985671
0.000125911168
0.000128923706
0.000137480051
0.000105449168
0.000124012633
0.000126570096
0.00010250356
0.000125679268
0.000123349291
0.000103034167
0.000124010157
0.000137171043
0.000102824774
0.000126554758
0.000124132823
0.000148187175
0.000169071978
0.000146532795
0.000148606162
0.000160725637
0.000171321362
0.000172034274
0.000174619497
0.000151076067
0.000169309594
0.000171591408
0.00018384319
0.00017127522
0.000173832424
0.000181987173
0.000161321125
0.000172463325
0.000175187238
0.000149443662
0.000172258181
0.000171153544
0.000168962312
0.000151410061
0.000151472336
0.000169473349
0.000182219898
0.000172360352
0.00014638943
0.000169494657
0.000149247245
0.00016954986
0.000148511421
0.000168877101
0.000151287179
0.000169933497
0.000172572972
0.000182311513
0.000152086375
0.000171029426
0.000172360275
0.000171928205
0.000174884227
0.000183004719
0.000184382572
0.000160434991
0.000171110524
0.000174104213
0.000148608318
0.000171689595
0.000169476047
0.000172044543
0.000184307744
0.000148724652
0.000160406652
0.000151140043
0.000174397609
0.000171567313
0.000168664189
0.000193834065
0.000190813972
0.000194622399
0.000205104173
0.000215492492
0.000219036444
0.000196576206
0.000214099176
0.000207867436
0.000217957711
0.000221595154
0.000228083745
0.000204522536
0.000216496716
0.000219106299
0.000231388719
0.000208677899
0.000221366735
0.000222219614
0.000217670059
0.000226986037
0.000227208224
0.000207999874
0.000216890869
0.000222085773
0.000203713612
0.000221685661
0.000218136187
0.000233075913
0.000194836531
0.000214246052
0.000213129553
0.000230103491
0.000217577828
0.000227232313
0.000189040657
0.000207680626
0.00020355548
0.000193110704
0.000221987635
0.000217798092
0.000192066323
0.00021303379
0.000192933664
0.000196029896
0.000213190732
0.000192880966
0.000203657411
0.000207461728
0.000217584265
0.000217519887
0.000221696905
0.000196881489
0.000213113708
0.000214494967
0.000227268264
0.000229734077
0.000206509949
0.000218213643
0.000221486805
0.000232992563
0.000217014992
0.000221776176
0.000226336114
0.00022727881
0.000217805254
0.000226359604
0.000206799231
0.000222474775
0.000221216735
0.000199221854
0.000219351728
0.000216852406
0.000231314675
0.000193379293
0.000214454743
0.000208143257
0.000218211872
0.000228016442
0.00022166016
0.000194754426
0.000204762194
0.000198201758
0.000219335191
0.000215951484
0.000190300657
0.000240206326
0.000235978735
0.000241063416
0.000249010044
0.000258490811
0.000237191319
0.000250017165
0.000251180592
0.00026066625
0.000262241597
0.000240218384
0.000252297236
0.0002530905
0.000263077551
0.000263457278
0.00023996503
0.000253244094
0.00025302042
0.000263572034
0.000263386476
0.000237154884
0.00025217117
0.000251054372
0.000262776143
0.000262654115
0.000242713348
0.000250555455
0.000246435587
0.000261113683
0.000239668553
0.000236772653
0.000242995429
0.000236855974
0.000242395651
0.000249763602
0.000259624856
0.000238412418
0.000250733431
0.000252082446
0.000261243337
0.000262538143
0.000240482297
0.00025273784
0.00025318119
0.000263125736
0.000263557634
0.000238594708
0.000253168537
0.000252091832
0.000263622069
0.000262936529
0.000237141471
0.000251222948
0.000250460462
0.000262103138
0.000260800729
0.000240644004
0.000248827929
0.000244365738
0.000258799046
0.000237384713
-0.000269815853
-0.000271432407
-0.000267792379
-0.000272135127
-0.000272646298
-0.000270934442
-0.000273084782
-0.000273903323
-0.000270839237
-0.000273888801
-0.000273067005
-0.000270848261
-0.000273057363
-0.000273064896
-0.000271732366
-0.000273920972
-0.00027565283
-0.000274733798
-0.000273105006
-0.000272630428
-0.000272528259
-0.000270904823
-0.000270034858
-0.000271640488
-0.000272416841
-0.000268658465
-0.000272920145
-0.00027299588
-0.000270301196
-0.000273363226
-0.00027335764
-0.000270991653
-0.000273107613
-0.000273080646
-0.000271455513
-0.000273089862
-0.000273908467
-0.000270225904
-0.000275649893
-0.000274857645
-0.000272859407
-0.000272452768
-0.000272383897
-0.000270515251
-0.000236011345
-0.00022827372
-0.000240136973
-0.000238157913
-0.000252020058
-0.000261368417
-0.00024298472
-0.000232242514
-0.000245521434
-0.000248605751
-0.000258218146
-0.000239617958
-0.000241971319
-0.000235686314
-0.000260812833
-0.000254306269
-0.000267231632
-0.000253902893
-0.00026433857
-0.00025783637
-0.000267820481
-0.000253342296
-0.000264434816
-0.000241869592
-0.000244906812
-0.000231824771
-0.000263312457
-0.000256587483
-0.000266871969
-0.000239739328
-0.000236505335
-0.000253665377
-0.000250650612
-0.000260940469
-0.00024133562
-0.000230994381
-0.000243925969
-0.000227341354
-0.000238692441
-0.000226977567
-0.000238774211
-0.000240705221
-0.000230641651
-0.000243317234
-0.000236215052
-0.000239760012
-0.000227785539
-0.00024974901
-0.000252998955
-0.000263414782
-0.00025043977
-0.000261045341
-0.00024161955
-0.000244375191
-0.000263222064
-0.000256492385
-0.000255971108
-0.000266067706
-0.000256133999
-0.000266241454
-0.000251209625
-0.000261615286
-0.000239595877
-0.000235780506
-0.000241674618
-0.000229305753
-0.000261052129
-0.000267574095
-0.000254479983
-0.000264341619
-0.000238433781
-0.000251760989
-0.000242987188
-0.000232462444
-0.000245112848
-0.000228225682
-0.000239983336
-0.000236684287
-0.000215840423
-0.000193051802
-0.000194932214
-0.000183676561
-0.000197508875
-0.000213611591
-0.000191795923
-0.000196687981
-0.000193884583
-0.000182636169
-0.000217503892
-0.000206009467
-0.000208957369
-0.000223369077
-0.000206809113
-0.000220181277
-0.000195133928
-0.0002129001
-0.000197108688
-0.0001943899
-0.000216609415
-0.000192019582
-0.000205040078
-0.000213038337
-0.00019224392
-0.000194722943
-0.000191461592
-0.000191590058
-0.000192177377
-0.000205090893
-0.000216732907
-0.000217657952
-0.000192362111
-0.000194736765
-0.000216221731
-0.000194585239
-0.00019708913
-0.000194832185
-0.000183205465
-0.000205208094
-0.000218577968
-0.000193824348
-0.00019640853
-0.000192024205
-0.000217394175
-0.000206027534
-0.000220099332
-0.000194842178
-0.000183723482
-0.000197663892
-0.000192869332
-0.00016964938
-0.000146635533
-0.00014663244
-0.000149577833
-0.000169822657
-0.000146224918
-0.000148919029
-0.000171913324
-0.000159676149
-0.00015122613
-0.000151604159
-0.000160861562
-0.00017461302
-0.000148537678
-0.000151244366
-0.000146655407
-0.000173481669
-0.00016056998
-0.000174212452
-0.000149197671
-0.000169616911
-0.000137228578
-0.000151491578
-0.000147951112
-0.000171981979
-0.000148090013
-0.000149585433
-0.000137407572
-0.000151286506
-0.000171493231
-0.000146679811
-0.000151165915
-0.000148874718
-0.000136707957
-0.000174136969
-0.000161625359
-0.000172424764
-0.000151192869
-0.000151171659
-0.000137860417
-0.000148708225
-0.000146398541
-0.000171360421
-0.000159435529
-0.000173990883
-0.000147206437
-0.000149504905
-0.000146512476
-0.000100979899
-0.000100893167
-0.000114905619
-0.000128071465
-0.000127929678
-0.00010090026
-0.000103276536
-0.00012674981
-0.000103313011
-0.000104962201
-0.000104965097
-9.1675307e-05
-0.000125999099
-0.000103185148
-0.000103649874
-0.000103035628
-0.000123543278
-0.000126081076
-0.000102881188
-0.00010332044
-0.000102551146
-0.000123724225
-0.000102719441
-0.000123317291
-0.000102841794
-0.000123969526
-0.000103215542
-0.000103499809
-0.000103142637
-0.000103227916
-0.000105218365
-0.000125776017
-0.000105150239
-0.0001032402
-0.000128092769
-0.000101017463
-0.000114669251
-0.00012502834
-0.000100765274
-0.00010313751
-0.000100897185
-7.97711512e-05
-5.71351164e-05
-7.96018256e-05
-5.70578593e-05
-7.93038391e-05
-5.73204612e-05
-5.71315671e-05
-5.71453557e-05
-5.69519807e-05
-6.86396767e-05
-8.21708217e-05
-5.46753282e-05
-5.75977828e-05
-5.52627439e-05
-8.2582628e-05
-6.9026417e-05
-8.2496687e-05
-5.47323031e-05
-7.78956648e-05
-5.72959204e-05
-5.66291771e-05
-8.02298296e-05
-5.64330191e-05
-5.51183479e-05
-5.72732722e-05
-7.98428917e-05
-5.49959914e-05
-5.75842863e-05
-5.50458753e-05
-8.22054929e-05
-6.8447915e-05
-8.02121209e-05
-5.69224148e-05
-5.71681287e-05
-5.73644859e-05
-7.98075837e-05
-7.98980274e-05
-5.74936463e-05
-5.70435877e-05
-5.71057085e-05
-3.43468344e-05
-1.14050268e-05
-3.45164344e-05
-1.14169647e-05
-3.40345541e-05
-1.15565519e-05
-1.13823029e-05
-1.18235194e-05
-1.12516398e-05
-1.1331433e-05
-3.37802255e-05
-1.13250034e-05
-1.13361558e-05
-3.38767354e-05
-1.15057854e-05
-3.42569648e-05
-1.13613139e-05
-1.13823699e-05
-3.37112303e-05
-3.41607368e-05
-1.14376234e-05
-1.13007419e-05
-1.13337862e-05
-3.40105419e-05
-1.13888791e-05
-1.16026545e-05
-1.12898044e-05
-3.42524032e-05
-1.12267053e-05
-1.16177623e-05
-1.13413547e-05
-3.41046689e-05
-3.45904498e-05
-1.18412669e-05
-1.12357682e-05
-1.13827625e-05
1.14258252e-05
3.4355883e-05
1.13544721e-05
3.44468119e-05
1.14587395e-05
3.44109884e-05
3.44454013e-05
3.43585822e-05
3.43473179e-05
3.36654843e-05
1.12889473e-05
3.40447137e-05
3.39111504e-05
1.14602558e-05
3.38588424e-05
1.13875463e-05
3.41742091e-05
3.43257643e-05
1.15468251e-05
1.14483841e-05
3.44175226e-05
3.38562784e-05
3.42417179e-05
1.14849609e-05
3.38073294e-05
3.41439294e-05
3.3851738e-05
1.17001561e-05
3.43685794e-05
3.43179002e-05
3.43775947e-05
1.14156256e-05
1.1416901e-05
3.47097551e-05
3.38508844e-05
3.43823918e-05
5.70322931e-05
7.96453539e-05
5.72524551e-05
7.97900597e-05
5.70868387e-05
7.98657565e-05
7.98108905e-05
7.77731962e-05
8.0297895e-05
9.12958793e-05
6.88116327e-05
8.25294093e-05
8.22964873e-05
5.50601056e-05
7.9885393e-05
6.86707224e-05
5.51060406e-05
8.24278524e-05
8.2233796e-05
5.67403978e-05
8.03105026e-05
7.82715178e-05
5.46672086e-05
5.71399348e-05
7.80671377e-05
8.00937063e-05
5.75191189e-05
7.99186292e-05
6.85514475e-05
8.2525482e-05
8.19971498e-05
8.23236477e-05
8.22930445e-05
5.72088509e-05
7.81472753e-05
8.03953999e-05
7.94324223e-05
5.68586761e-05
5.73822995e-05
7.97598384e-05
7.99835385e-05
7.94047488e-05
0.0001001453
0.000100868748
0.000101121054
0.000114660362
0.000125021163
0.00012758473
0.000127980954
0.000105044084
0.000125470694
0.000126868153
0.000124400674
0.000103426194
0.000123344292
0.000126071971
0.000123849973
0.000102929066
0.000103560133
0.000123863137
0.000137516307
0.000126240816
0.000123814226
0.0001026072
0.000123815262
0.000102967005
0.000123408468
0.000103310683
0.000123921838
0.000126325325
0.000136814274
0.00012356889
0.000125866855
0.000136947985
0.000124654183
0.000137246425
0.000103278939
0.000126653296
0.000125313422
0.000127911138
0.000100722044
0.000115104151
0.000103199205
0.000128145313
0.000125202741
0.000146834398
0.000149259151
0.000169578898
0.000148678793
0.00016956304
0.000160199342
0.000171878719
0.000174250369
0.000183446701
0.000170078289
0.000172359818
0.000182532643
0.00016042804
0.000171840655
0.00017459231
0.000146647965
0.000171588036
0.000161369934
0.000148973455
0.000174028657
0.000174942224
0.000148083979
0.000171828456
0.000168741109
0.000148785451
0.000151125716
0.000169500432
0.00017175775
0.000151365071
0.000171535851
0.000161621061
0.00017470276
0.000174902422
0.000172009496
0.000174231824
0.000183715686
0.00015097275
0.000169664827
0.00017245354
0.000146860834
0.000169584589
0.000160379456
0.000146524763
0.000172166074
0.000183688052
0.000174317875
0.000146722748
0.000169673487
0.000195031099
0.000197338975
0.000215927073
0.000196342127
0.00021386702
0.000207070235
0.000217543943
0.00022015007
0.000228095233
0.000208065199
0.000218489947
0.000222715679
0.000218766169
0.000232726115
0.000231639352
0.000206763277
0.000217192448
0.000220506413
0.000194116258
0.00021640501
0.000212187157
0.000231216452
0.000216286736
0.000227136665
0.000192250874
0.000204805568
0.000194676314
0.000217632028
0.000212731473
0.000191773889
0.000191858292
0.000192216408
0.000204711523
0.000212961003
0.000216808306
0.000217794527
0.000197756872
0.000213282027
0.000216141659
0.000227509143
0.000230533628
0.000216736709
0.000219892724
0.000227682532
0.000218689553
0.000229526116
0.00020478566
0.000222555765
0.000218400127
0.000232608616
0.000192189595
0.00021369643
0.000206382999
0.000195181226
0.000217291043
0.000228257144
0.000219894093
0.000192867122
0.000215548705
0.000240118223
0.000238096918
0.000242735178
0.00025151813
0.000260983185
0.000249038328
0.000235793196
0.000258030353
0.000254273102
0.000260859976
0.000264191904
0.000267185789
0.000253790256
0.000261357916
0.000264218132
0.000269463817
0.000271379755
0.000262222294
0.000266314198
0.000267828106
0.00027228189
0.000272763297
0.000270990102
0.000273109025
0.000273909442
0.000270872932
0.00027389246
0.000273052413
0.000270693608
0.00027305677
0.000273069077
0.000271761306
0.000273147232
0.000274888652
0.000257670468
0.00026370862
0.000267613469
0.000274714899
0.000273096775
0.000253174156
0.000266043068
0.000264274792
0.00027265932
0.00027248695
0.000244646138
0.000261309124
0.000256610575
0.00026354224
0.000270931914
0.000266625992
0.000236641238
0.000253205563
0.000250465925
0.000241385475
0.000264401309
0.000260702106
0.000238935991
0.000240668514
0.000243412336
0.000239850028
0.000249851511
0.000253668726
0.000259748152
0.000263828052
0.000250364905
0.0002606795
0.00025682836
0.000263004095
0.000266592968
0.000269336671
0.000255227464
0.000263291997
0.00026525726
0.000271197186
0.000272347139
0.000263378703
0.000267282465
0.000268606599
0.00027287299
0.000272987098
0.000270293996
0.000273437352
0.00027339755
0.000270950254
0.000273113655
0.00027308792
0.000270912722
0.000273076067
0.000273155611
0.000270150406
0.000274918517
0.000274891205
0.000256068145
0.000262239681
0.000266045224
0.000272867908
0.00027238635
0.00025114275
0.000264141423
0.000261991109
0.000272249308
0.000270991266
0.000241873621
0.000259084566
0.000253791039
0.000260977256
0.000268109181
0.000263889294
0.000243023143
0.000251737638
0.000245669825
0.000261058852
0.000236193584
-0.000269195848
-0.000271787751
-0.000269461371
-0.00027237152
-0.000272852824
-0.000272338766
-0.000272609658
-0.000271609138
-0.00027280454
-0.000270248614
-0.00026848768
-0.000271472167
-0.000269558779
-0.000268583958
-0.000268296342
-0.000270312923
-0.000272411264
-0.000274648884
-0.000270800465
-0.000272702335
-0.000272383826
-0.000272703306
-0.000270386238
-0.000274039998
-0.00027374028
-0.000272531312
-0.000270367231
-0.00026960724
-0.000271730345
-0.000271057816
-0.00027286957
-0.000273061704
-0.0002729634
-0.000272413528
-0.00027134181
-0.000272854613
-0.000269704241
-0.000271148934
-0.000269545921
-0.000268133742
-0.000268797703
-0.000271304783
-0.000272344255
-0.00027455481
-0.000268103052
-0.000270768838
-0.000272041863
-0.000272546896
-0.000273658977
-0.000273949004
-0.000272790192
-0.000272719114
-0.000270010339
-0.000237047097
-0.000240697295
-0.00022985442
-0.000241996437
-0.000236863033
-0.000242059304
-0.000240317902
-0.000229558106
-0.000250056718
-0.000254088632
-0.000261637809
-0.000264589755
-0.000253158546
-0.000264214482
-0.000264834906
-0.000262392173
-0.000259328214
-0.000264588949
-0.000256197222
-0.000254226315
-0.00024377282
-0.000241007903
-0.000260770551
-0.000251760198
-0.000249642438
-0.000238042797
-0.000236033888
-0.000259304868
-0.000248253922
-0.000247659741
-0.000235267344
-0.000234601437
-0.000259245402
-0.000247914532
-0.000248677514
-0.000234891907
-0.000235578012
-0.000261352084
-0.000249180654
-0.000250548886
-0.000236014656
-0.000236707701
-0.000265346693
-0.0002528215
-0.00025489731
-0.000239017684
-0.000242545282
-0.00026391403
-0.000257539998
-0.000261269702
-0.00024560733
-0.000266611508
-0.000251765048
-0.000261065616
-0.000241950773
-0.000262889248
-0.000244759659
-0.000239216949
-0.000227954217
-0.000256293736
-0.000252290476
-0.000261939969
-0.000242039238
-0.000231716291
-0.000245038891
-0.000228331039
-0.000240041361
-0.000228651355
-0.000240183547
-0.000242494791
-0.000232405854
-0.000245523997
-0.000239738217
-0.000244992872
-0.000241807418
-0.000231694143
-0.000252283264
-0.000255805161
-0.00026271751
-0.000265573962
-0.000254943015
-0.0002647903
-0.0002641112
-0.000267199468
-0.000263735457
-0.00025756529
-0.000246446279
-0.000263564707
-0.000255159793
-0.00025273149
-0.000242951071
-0.000239206488
-0.000260526356
-0.000250753369
-0.000249314137
-0.000236888474
-0.000236069576
-0.000258894076
-0.000248437355
-0.00024761678
-0.000235387491
-0.000234539356
-0.000259836535
-0.000247611677
-0.000248438076
-0.000234514918
-0.000235323326
-0.000262694183
-0.000249769859
-0.000251867168
-0.000235885756
-0.000238063403
-0.000265920123
-0.000253756206
-0.00025583257
-0.000262083911
-0.000241351968
-0.000244247397
-0.000262316702
-0.000257197666
-0.000267367824
-0.000250384118
-0.000260250099
-0.000240610987
-0.00026150964
-0.000241853446
-0.000236982824
-0.000254194621
-0.000250367784
-0.000260846752
-0.000240635727
-0.000229676399
-0.000241889147
-0.000237261641
-0.000216427596
-0.000193243847
-0.000195594866
-0.000183720306
-0.000197775416
-0.00021630602
-0.00019370945
-0.000198293898
-0.000195820435
-0.000184192413
-0.000218883994
-0.000208035652
-0.000221279792
-0.000219467964
-0.000220005999
-0.000222611142
-0.000213821387
-0.000193756436
-0.000196392463
-0.000183022849
-0.000217470818
-0.000191736645
-0.000205715219
-0.000213360514
-0.000194080637
-0.00018236212
-0.00019593824
-0.00019114961
-0.000191152945
-0.000191662998
-0.000205941549
-0.000217619128
-0.000218645044
-0.000193970584
-0.000182712851
-0.000195807344
-0.00020531014
-0.00021853188
-0.000194018046
-0.000196282208
-0.000220956589
-0.000219448035
-0.000220581873
-0.000206927113
-0.000220862707
-0.000195687936
-0.000198297861
-0.000193349682
-0.000218478073
-0.000207789135
-0.000221279591
-0.000196177681
-0.000184667691
-0.000198714932
-0.000193313529
-0.000169404257
-0.000146607289
-0.000146810173
-0.000149329123
-0.000169935894
-0.000146700551
-0.000149412663
-0.000146823241
-0.000172333715
-0.000160317646
-0.000150323786
-0.000169432775
-0.000151087252
-0.000147934982
-0.000169512009
-0.00015048325
-0.000169125109
-0.000137182228
-0.000150420928
-0.000147911021
-0.000169435209
-0.000171375272
-0.000147739751
-0.000150128529
-0.000137323646
-0.000150582052
-0.00017190998
-0.000147825719
-0.000150863695
-0.000150768755
-0.000137404697
-0.000160570959
-0.000174544777
-0.00014712834
-0.000149423051
-0.000146875445
-0.000172570892
-0.00016063743
-0.000174540465
-0.000146834658
-0.000149298111
-0.000146272171
-0.000100961839
-0.000100400195
-0.000113557678
-0.000127568043
-0.000127842733
-0.000100111349
-0.000103249333
-0.000114504206
-0.000127983948
-0.000100960883
-0.000103248583
-0.000126603815
-0.00010492416
-0.000105097676
-9.14328047e-05
-0.00010260845
-0.000123768362
-0.000126249227
-0.000102979609
-0.000103420283
-0.00010299348
-0.000123528727
-0.000102716812
-0.000124022227
-0.000102530484
-0.000123642644
-0.000103111049
-0.00010316196
-0.000104968996
-0.000104550407
-0.000125041099
-0.000100795259
-0.000103179701
-0.000127919415
-0.00010040969
-0.000114382992
-0.000125434645
-0.000100643782
-0.000103279017
-0.000100662584
-7.95260271e-05
-5.69908928e-05
-7.94785731e-05
-5.72965336e-05
-7.975535e-05
-5.7106489e-05
-5.71754834e-05
-5.73189498e-05
-5.74809199e-05
-5.68466542e-05
-5.71660597e-05
-5.52105989e-05
-8.23272427e-05
-6.86209594e-05
-8.20294132e-05
-5.49244997e-05
-5.74754895e-05
-5.52328736e-05
-7.99408446e-05
-5.51970218e-05
-5.50101213e-05
-5.75901128e-05
-8.01037216e-05
-5.52413911e-05
-5.7180373e-05
-5.6850651e-05
-8.24595965e-05
-6.90565039e-05
-7.99594415e-05
-5.72446593e-05
-5.72520766e-05
-5.73139233e-05
-7.96006203e-05
-7.98831416e-05
-5.69700422e-05
-5.72368047e-05
-5.69992164e-05
-3.42300906e-05
-1.14685901e-05
-3.45238163e-05
-1.13388909e-05
-3.43881194e-05
-1.11659305e-05
-1.18901797e-05
-1.11760731e-05
-1.17722116e-05
-1.15777951e-05
-3.38793646e-05
-1.13206461e-05
-1.14015428e-05
-3.40171372e-05
-1.13517806e-05
-3.36741883e-05
-1.13937903e-05
-1.11996841e-05
-3.4001131e-05
-3.38990365e-05
-1.13312392e-05
-1.1100889e-05
-1.13865498e-05
-3.41227041e-05
-1.14401714e-05
-1.15418901e-05
-1.13584822e-05
-3.46537819e-05
-1.15132646e-05
-1.14272833e-05
-1.13944951e-05
-3.45764692e-05
-3.43353886e-05
-1.16353726e-05
-1.13795138e-05
-1.14325048e-05
1.13262774e-05
3.42912428e-05
1.15179588e-05
3.42147821e-05
1.10516099e-05
3.44902977e-05
3.42640948e-05
3.44117804e-05
3.44240756e-05
3.42775486e-05
1.13164587e-05
3.40641443e-05
3.38468688e-05
1.13357595e-05
3.40434431e-05
1.12150936e-05
3.38708545e-05
3.38957515e-05
1.11561454e-05
1.13663125e-05
3.39670974e-05
3.40104358e-05
3.39432853e-05
1.15453739e-05
3.36774447e-05
3.41084276e-05
3.40472092e-05
1.15993972e-05
3.4505987e-05
3.44387549e-05
3.44611751e-05
1.17719192e-05
1.12635386e-05
3.41265116e-05
3.43425062e-05
3.4246824e-05
5.69888026e-05
7.97281162e-05
5.71572606e-05
7.96384914e-05
5.68692613e-05
7.98023848e-05
7.96483426e-05
7.93272708e-05
7.98243334e-05
7.75271186e-05
9.13085758e-05
5.52338874e-05
8.0180926e-05
6.87290737e-05
5.48972305e-05
8.25699663e-05
8.25677996e-05
5.50883989e-05
7.97492095e-05
5.49564511e-05
5.75234695e-05
7.99176558e-05
5.71714772e-05
8.01315104e-05
7.77926868e-05
6.86403312e-05
8.25970531e-05
8.23925115e-05
5.73586815e-05
7.97822364e-05
7.99485876e-05
7.97593103e-05
5.71305015e-05
5.72140619e-05
7.97352631e-05
7.96892902e-05
7.94155553e-05
0.000100000596
0.000101045955
0.000100947699
0.000115008775
0.000125038245
0.00012805561
0.00012810263
0.000114380782
0.0001250972
0.000128077283
0.000127968121
0.000104795959
0.000124099539
0.000126493573
0.000123563348
0.000103124639
0.000103436047
0.000123713608
0.000137550368
0.000126210603
0.000123473956
0.000102932533
0.000123167921
0.00010248573
0.000123905579
0.000103463707
0.000123319614
0.000126235624
0.000136842843
0.000123982283
0.000126562667
0.000137303658
0.000127087807
0.000103249141
0.000127716196
0.000125239032
0.000127840395
0.000100807536
0.000114549488
0.000102988746
0.000128065796
0.000125006659
0.000146916916
0.000149375293
0.000169467128
0.000149523306
0.000169759756
0.000160597499
0.000172197944
0.000174391123
0.000183980986
0.000172073744
0.000174789963
0.000183914062
0.000169575548
0.000182180771
0.000147870009
0.000171730124
0.000169102083
0.000150837315
0.000168943985
0.000182290757
0.000147889597
0.000171550741
0.000168828768
0.00015058681
0.000150180398
0.000169071031
0.000169649112
0.000171656451
0.000150608803
0.000169206427
0.000172000616
0.000169640001
0.000182548476
0.000160165372
0.000172139449
0.000174470016
0.000146847757
0.000169582523
0.000160141686
0.000147101448
0.000172140911
0.00018400834
0.000174376742
0.000146606255
0.000169682588
0.000196078079
0.00019816805
0.000216344441
0.00019801918
0.000216602543
0.00020747801
0.000218540092
0.000221095417
0.000230166355
0.000218245182
0.000220823987
0.000229699395
0.000220762999
0.000220214767
0.00021968737
0.000219402538
0.000220139328
0.000221604093
0.0002220411
0.000217153843
0.0002278446
0.000196375621
0.000218828221
0.000213558482
0.000232409042
0.000217727529
0.000228514635
0.000193833213
0.000205537662
0.000196091286
0.00021865455
0.000213481174
0.000190919412
0.000191628042
0.000193948541
0.000205509998
0.000213183513
0.000217289357
0.00021866324
0.000205573829
0.000213397087
0.000218785557
0.000216992661
0.000228236237
0.000231879535
0.00023100135
0.000221658143
0.000221195219
0.000220296784
0.000219603389
0.000219722485
0.000220495618
0.00022116434
0.000207507978
0.000218408786
0.000221201984
0.000193434827
0.000216359364
0.00020765299
0.000195615445
0.000218982864
0.000230093179
0.000221158039
0.000193220285
0.000216164197
0.000240986782
0.000242043164
0.00024167612
0.000250731452
0.000254295118
0.000261003387
0.000261848938
0.000265066073
0.000252806047
0.000260453361
0.000264006508
0.000269358008
0.000271776653
0.000263474021
0.000266318209
0.000269573133
0.000272496091
0.000273009947
0.000272449012
0.000272721767
0.000271717041
0.000264732596
0.00027291597
0.000270320516
0.000262408797
0.000262523314
0.000268812889
0.0002595258
0.000266533449
0.000264348067
0.000271532863
0.000256275966
0.000254150023
0.000241660927
0.000262423244
0.000260857531
0.000269393085
0.000251678783
0.000250249116
0.000236405547
0.000259386869
0.000258599281
0.000267932004
0.000248850843
0.000248055006
0.000235176868
0.000258696255
0.000259266059
0.000268444306
0.000247783518
0.000247974826
0.000234915287
0.000260032813
0.000261521242
0.00027054798
0.000249053001
0.000250632962
0.000236830141
0.000263625026
0.000265612712
0.000272259312
0.000252973279
0.000255427087
0.000242548448
0.000267460199
0.000274703636
0.000257963315
0.000263949324
0.000270798875
0.000261279914
0.000272748575
0.000272480805
0.000264358241
0.000272673614
0.00026634611
0.000262202394
0.000270277629
0.000273924617
0.000273827309
0.00025192418
0.000265000511
0.000261176741
0.000272477011
0.000263265508
0.000270293082
0.000239532533
0.000256640889
0.000252628997
0.000242646239
0.000265905488
0.000261953481
0.000240036152
0.000242490517
0.000245185584
0.000244296556
0.000252281215
0.000255768763
0.000261146485
0.000263060022
0.000265188107
0.000254885657
0.000260675911
0.000264412742
0.000261965992
0.000269461225
0.000271450946
0.000271049492
0.000272797192
0.000273110828
0.000272815228
0.000272617512
0.000266589641
0.000271078716
0.000263834736
0.000267438714
0.000272824649
0.00025763737
0.000246272081
0.000263666259
0.000269196805
0.000260540908
0.000265687607
0.000263693627
0.000271009567
0.000255468303
0.000253223674
0.000238985736
0.000261919028
0.000260440625
0.000269398875
0.000251305748
0.000249693681
0.000236403647
0.000259361526
0.000258843841
0.000268064598
0.000248369574
0.000248015918
0.000234861364
0.000258877786
0.00025964144
0.000268616247
0.000247954731
0.000248616525
0.000235391344
0.000260916736
0.000262572704
0.000271245991
0.00025007007
0.000251949392
0.000238217836
0.000264546508
0.0002659328
0.00027226667
0.000254322658
0.000256101008
0.000244377148
0.000261946285
0.000274622648
0.000268124455
0.000259151198
0.00027088055
0.000262282638
0.00027205354
0.000272401954
0.00026499619
0.000273659242
0.000256862521
0.000263580843
0.000266876366
0.000273956305
0.000272687482
0.000249896059
0.000264385575
0.000260278896
0.00027262603
0.000261415645
0.000270003276
0.000237219171
0.000253735218
0.00025041149
0.000240813348
0.00026460327
0.000260451105
0.000236933113
-0.000269292271
-0.000271923535
-0.000271862316
-0.000272812161
-0.000273049164
-0.000273128027
-0.000271821242
-0.000269793456
-0.000270757036
-0.000271563719
-0.000273842222
-0.000269745719
-0.000271823446
-0.000270999544
-0.00027347148
-0.000274487433
-0.00027291575
-0.000270055193
-0.000269825796
-0.000272044093
-0.000272005823
-0.000273157182
-0.000272756852
-0.000272872162
-0.000271830692
-0.000269193388
-0.000269672454
-0.000269149716
-0.000272575962
-0.000273626775
-0.000269704193
-0.000271939571
-0.000269462931
-0.000273143067
-0.000272865839
-0.000271954288
-0.000269334674
-0.000236656956
-0.000240468374
-0.000229907622
-0.000241884691
-0.000236973682
-0.000242039986
-0.000240644043
-0.000230216454
-0.000250367721
-0.000254675893
-0.000261916706
-0.00026515581
-0.000254410132
-0.000264938289
-0.000263311166
-0.000261206611
-0.000263418211
-0.000256567968
-0.000253197366
-0.000245371497
-0.000239897767
-0.000254967281
-0.000243546393
-0.000249925464
-0.000240699086
-0.000236195856
-0.000230537405
-0.000249912726
-0.00023870641
-0.000236024431
-0.000240893025
-0.000226715389
-0.000228649253
-0.000229488141
-0.000251397663
-0.000242467567
-0.000237867005
-0.000256948714
-0.000240976043
-0.000245349135
-0.000228784861
-0.000241888382
-0.000231729843
-0.000264836742
-0.000251828537
-0.000255226568
-0.000262498599
-0.000238994856
-0.000243968662
-0.000264523143
-0.000253006097
-0.000262010922
-0.000242803417
-0.000263674768
-0.000245809265
-0.000240151852
-0.000227879961
-0.00025655135
-0.000252671392
-0.000262225532
-0.000242476403
-0.000231924045
-0.000245108914
-0.000227724519
-0.000239421988
-0.000227897657
-0.000239336731
-0.000242609177
-0.000232011129
-0.000245228363
-0.000239749635
-0.000245450941
-0.00024273702
-0.000232084708
-0.000252305648
-0.000255643545
-0.000262981616
-0.00026517577
-0.000256680279
-0.000266219911
-0.000261871792
-0.000260833433
-0.00026135894
-0.000255107811
-0.000251974193
-0.000243631255
-0.000241920893
-0.000238826707
-0.000253605345
-0.000245069619
-0.000240316346
-0.000231373083
-0.00022862344
-0.000242752336
-0.0002372286
-0.000233295175
-0.000227508121
-0.000226133344
-0.000240430188
-0.000230994678
-0.000252029872
-0.000235416196
-0.000238856104
-0.000226688875
-0.000260312962
-0.000243951565
-0.00025029086
-0.000241282868
-0.000230784097
-0.000236575152
-0.000266323036
-0.000252641062
-0.000257102094
-0.0002638911
-0.000240070307
-0.000245639665
-0.000265792537
-0.000250980336
-0.000260665819
-0.00024110961
-0.000261985651
-0.000241945444
-0.000237186862
-0.00025450756
-0.000250676623
-0.00026045354
-0.000240870626
-0.000229856235
-0.00024184242
-0.000236481098
-0.000215463059
-0.000192450542
-0.000195092409
-0.000183489179
-0.000197373739
-0.000215929793
-0.000193135906
-0.000198133782
-0.000195368361
-0.000183727123
-0.000218535167
-0.000207181339
-0.000216066243
-0.00019755332
-0.000220181113
-0.000216537657
-0.000206605674
-0.000194666817
-0.000195511284
-0.00019213354
-0.000214238941
-0.000199369996
-0.000195713386
-0.000184482609
-0.000181436514
-0.000207235795
-0.000193795083
-0.000192434964
-0.000205119779
-0.000190460713
-0.000189910868
-0.000204955838
-0.000189191106
-0.000189192031
-0.000208682123
-0.000190728649
-0.000193441721
-0.000214416875
-0.000195003147
-0.000196767922
-0.000193878483
-0.000182681286
-0.000222426046
-0.000204497701
-0.000207744741
-0.000218198955
-0.000189918026
-0.000193066963
-0.000218411434
-0.000196837051
-0.000212987652
-0.00019390176
-0.000196161362
-0.000182767458
-0.000216854402
-0.000190952274
-0.000204347034
-0.000213068081
-0.000192252125
-0.000194859702
-0.000191968916
-0.000192554451
-0.000191370761
-0.000204554929
-0.000217048382
-0.00021773017
-0.000192201476
-0.000194872885
-0.000205376274
-0.000218548672
-0.000193578507
-0.000196175373
-0.000218286516
-0.000214197388
-0.000196938597
-0.000218869098
-0.000207917419
-0.000204976954
-0.000192925609
-0.000193736196
-0.000189713979
-0.00021342162
-0.000196566276
-0.000194640735
-0.000182852963
-0.00020639415
-0.000193105725
-0.000190798279
-0.000204690523
-0.00018978942
-0.000189388383
-0.000206246214
-0.000189800045
-0.000190613789
-0.000212374229
-0.000192649243
-0.0001939417
-0.000216695593
-0.00019575634
-0.000199416515
-0.00018177027
-0.000195552832
-0.00018511807
-0.000216436963
-0.000206062151
-0.000212904899
-0.000192189226
-0.000194660245
-0.000220143141
-0.000197359826
-0.000207393299
-0.000220615179
-0.000195731955
-0.000197761004
-0.000193222492
-0.000218334264
-0.000207179458
-0.000220460775
-0.000195259507
-0.000183681751
-0.000197357088
-0.000192722333
-0.000168892452
-0.000145920157
-0.000148281636
-0.00016933878
-0.000146600667
-0.000149117475
-0.000146940155
-0.000171504073
-0.000159390303
-0.00017223875
-0.000151815792
-0.000171486942
-0.000166768024
-0.000148882408
-0.000148213262
-0.000172406127
-0.000153105538
-0.000160690921
-0.000149457757
-0.000146395365
-0.000138547027
-0.000170765785
-0.000151154537
-0.000149868821
-0.00013618421
-0.000171059569
-0.00014977372
-0.000151220922
-0.00013592012
-0.000173554047
-0.000153174611
-0.000159131367
-0.000148672247
-0.000137817694
-0.000144332438
-0.000172220483
-0.000161649406
-0.000168577915
-0.000146811801
-0.000148884891
-0.000173684781
-0.000149547623
-0.000150365586
-0.000151129804
-0.000146400606
-0.000174078417
-0.000160725049
-0.000174120004
-0.000148922854
-0.000136939845
-0.000151055737
-0.000146863406
-0.000171656409
-0.000147010666
-0.000148280655
-0.000136358383
-0.000150887937
-0.000171639979
-0.000146568908
-0.000151017968
-0.00015050195
-0.000137435173
-0.000173982504
-0.000160639407
-0.000170701798
-0.000149682507
-0.000175958391
-0.000172041434
-0.00016133275
-0.000148815554
-0.000146339086
-0.000171755065
-0.000153754608
-0.000158795548
-0.00014887528
-0.000143711377
-0.000138624542
-0.000170506307
-0.000151192362
-0.000149700227
-0.000136303211
-0.000171491942
-0.000149876534
-0.000151434552
-0.000136265289
-0.000174099292
-0.000154022828
-0.000160045638
-0.000171227661
-0.000149270927
-0.000139221715
-0.000145877015
-0.000170109303
-0.000147943172
-0.000149061556
-0.000174776438
-0.00015187951
-0.000159615191
-0.000174084873
-0.000147069343
-0.000149149974
-0.000146160409
-0.000171769478
-0.000159360953
-0.000173831481
-0.000145949609
-0.000148676975
-0.000126010781
-0.000126548407
-0.000102630892
-0.00010563978
-9.22968676e-05
-0.000106021721
-0.000114117771
-0.000127677647
-0.00010032168
-0.000102803046
-0.000125762499
-0.000103381705
-0.000124009066
-0.000103012683
-0.000102308966
-0.000130825283
-0.000126260398
-0.000116482804
-0.000101996471
-0.000101283253
-0.000126622282
-0.000116882899
-0.000121147879
-0.000101452651
-0.00010223664
-0.000125058902
-0.00010230558
-0.000102897075
-0.000126417906
-0.000102988677
-0.000105422267
-0.000125548458
-0.000103069758
-0.000103186012
-0.000102442165
-0.000123366246
-0.000125710462
-0.00010261919
-0.000103192885
-0.000100982414
-0.000101268167
-0.000123192361
-0.000102888599
-0.000123737307
-0.000102392769
-0.000103367982
-0.000103165944
-0.000103119234
-0.000128716524
-0.000125474266
-0.000105311368
-0.000103164765
-0.000123178746
-0.000102692042
-0.000102030911
-0.000131401514
-0.000126042655
-0.000116451767
-0.000101807381
-0.000100670275
-0.000126160237
-0.000116634814
-0.000121202178
-0.000101132859
-0.000102118862
-0.000125280518
-0.000102124676
-0.000102892107
-0.000128333711
-0.000103199797
-0.000125251889
-0.000100485872
-0.000102927903
-0.000126194422
-0.000105517287
-0.000124141573
-9.14389527e-05
-0.000105015864
-0.000101759477
-7.76650815e-05
-5.65215376e-05
-7.78187463e-05
-5.67144135e-05
-5.68510041e-05
-5.72430043e-05
-5.68364692e-05
-8.03591239e-05
-5.90069657e-05
-7.99183511e-05
-5.69995802e-05
-5.7317026e-05
-7.94063508e-05
-5.71246676e-05
-5.68815061e-05
-7.96404524e-05
-5.68213505e-05
-5.69781777e-05
-8.00278708e-05
-5.71035714e-05
-5.72456387e-05
-5.72302433e-05
-6.87547705e-05
-8.23419617e-05
-5.45285589e-05
-5.712814e-05
-8.04952364e-05
-8.07501912e-05
-5.99497415e-05
-4.62557613e-05
-5.91312336e-05
-5.73150049e-05
-7.99276984e-05
-5.74776542e-05
-8.01077655e-05
-5.73049919e-05
-5.48336471e-05
-8.10103995e-05
-5.96799898e-05
-4.56499382e-05
-5.955526e-05
-8.05139765e-05
-5.71492062e-05
-7.98626141e-05
-5.72826488e-05
-5.71157536e-05
-7.93822346e-05
-5.70597012e-05
-5.69377587e-05
-7.97407492e-05
-5.69412327e-05
-5.70817304e-05
-8.02933038e-05
-5.74003209e-05
-5.73285135e-05
-5.91317844e-05
-8.00696981e-05
-5.70781499e-05
-5.70017144e-05
-5.67018257e-05
-7.7644925e-05
-7.98077763e-05
-5.6710469e-05
-5.69896726e-05
-3.41404516e-05
-1.14066887e-05
-3.40876018e-05
-1.12895994e-05
-1.13481431e-05
-1.14044561e-05
-1.15242216e-05
-3.46561861e-05
-1.15534088e-05
-1.16054218e-05
-3.42174847e-05
-1.14597736e-05
-1.14217751e-05
-3.42506985e-05
-1.14001565e-05
-1.14139176e-05
-3.43540713e-05
-1.1420107e-05
-1.13826916e-05
-1.1397965e-05
-1.16647486e-05
-3.27405143e-05
-1.13497621e-05
-1.10134121e-05
-3.22113837e-05
-1.09967801e-05
-1.15502769e-05
-9.8023356e-06
-3.20633354e-05
-3.45003207e-05
-1.01298685e-05
-1.07854367e-05
-1.1688152e-05
-3.4363273e-05
-1.10724952e-05
-1.14484198e-05
-1.13394366e-05
-3.45327199e-05
-1.13163831e-05
-3.42865248e-05
-1.1491198e-05
-1.14887191e-05
-3.42356853e-05
-1.14251174e-05
-1.1409032e-05
-3.43081246e-05
-1.14149585e-05
-1.1464282e-05
-3.49488393e-05
-1.16039365e-05
-1.14535713e-05
-3.43989784e-05
-1.16970874e-05
-1.12913831e-05
-1.14637541e-05
-3.43300276e-05
-3.42938771e-05
-1.15057698e-05
-1.15743126e-05
1.1404914e-05
3.41852678e-05
1.14835102e-05
3.44045709e-05
3.41375585e-05
3.43600229e-05
3.43215817e-05
1.14398009e-05
3.47017428e-05
3.45005985e-05
1.14292322e-05
3.4348508e-05
3.42597462e-05
1.14337152e-05
3.42518934e-05
3.42941561e-05
1.14165931e-05
3.42923882e-05
3.43767807e-05
3.44947597e-05
3.38737796e-05
1.12940695e-05
3.42288109e-05
3.22785859e-05
1.0873567e-05
3.23116923e-05
4.57861674e-05
9.78183545e-06
3.44857538e-05
1.09701767e-05
1.16921991e-05
3.19226718e-05
3.4415021e-05
1.1406659e-05
3.22837935e-05
3.42649167e-05
3.34900483e-05
4.58435214e-05
1.14545792e-05
3.43096806e-05
1.14412808e-05
3.44066705e-05
3.43235768e-05
1.14135077e-05
3.42355404e-05
3.42294148e-05
1.14399914e-05
3.42687104e-05
3.43780147e-05
1.13894282e-05
3.45569056e-05
3.45016995e-05
1.16187158e-05
3.46036398e-05
3.42384389e-05
3.41512113e-05
1.14476065e-05
1.14539294e-05
3.42569709e-05
3.42764352e-05
5.66007686e-05
7.79816877e-05
5.65305879e-05
7.7674367e-05
8.02039632e-05
9.19640901e-05
7.94750193e-05
8.00315844e-05
5.99289417e-05
8.10172038e-05
5.72580366e-05
8.04549128e-05
7.99726321e-05
5.69760357e-05
7.95048561e-05
7.91071613e-05
5.70264821e-05
7.92993987e-05
7.96630897e-05
5.72680698e-05
7.98031277e-05
8.03126097e-05
8.06146834e-05
6.88462816e-05
8.26268118e-05
8.21102468e-05
8.02943043e-05
5.92286175e-05
5.94308606e-05
8.0665873e-05
8.06872436e-05
7.99026395e-05
5.73732172e-05
8.0060129e-05
5.73135757e-05
8.01510659e-05
5.98629672e-05
8.07498192e-05
8.08251453e-05
8.222094e-05
8.27369555e-05
5.73191007e-05
8.03835405e-05
5.71119479e-05
8.00701249e-05
7.97620915e-05
5.7017752e-05
7.9754883e-05
7.97242204e-05
5.71589424e-05
7.97138993e-05
7.99398161e-05
5.7191222e-05
8.0006618e-05
8.03434305e-05
8.05569618e-05
5.70984766e-05
7.97034349e-05
7.9962822e-05
7.7995095e-05
5.65055033e-05
5.68697922e-05
7.77305886e-05
9.1606625e-05
7.98980233e-05
0.00010597286
0.000105418424
0.000124534757
0.000125834004
0.000126740752
0.000113146427
0.000125338049
0.000127792703
0.000127471759
0.000103436782
0.000128134837
0.000125953989
0.000102103225
0.000125418561
0.000139020405
0.000123663652
0.000131227605
0.000116770984
0.000101119095
0.000126011659
0.000136506978
0.000121588969
0.000131243033
0.000116586932
0.000101730652
0.000125743102
0.00013581661
0.000120828084
0.000102792516
0.000138006751
0.00012295703
0.000124734322
0.000105463836
0.000125501284
0.000126410376
0.000128357935
0.000103271395
0.000123500681
0.000125882216
0.000123030977
0.00010290582
0.000103183967
0.000123846532
0.000136712284
0.000125708117
0.000101083133
0.000102666865
0.000123606471
0.000102711105
0.000123204413
0.000125560472
0.000136593248
0.000123465467
0.000125744863
0.000137108241
0.00012842861
0.000103072479
0.000126320658
0.000125591002
0.000101862679
0.000124909359
0.00013840609
0.000123399636
0.000131216899
0.000116528301
0.000101161648
0.000125705487
0.000136110893
0.000121136098
0.000131002911
0.000116592357
0.000102301119
0.000126029283
0.000136376957
0.000121341317
0.000103041464
0.00013855393
0.000123685109
0.000125509822
0.000125730159
0.00012795924
0.000127525668
0.000103043617
0.000127779086
0.000125408526
0.000105021958
0.000125968352
0.000102159774
0.000126525508
0.000124442174
0.000146021033
0.000148503103
0.000169211722
0.000149143709
0.000169291971
0.000159637504
0.000171564796
0.000173740854
0.00018353607
0.000172012586
0.00017427998
0.000183970163
0.000151324638
0.000174798647
0.000172273368
0.000148043849
0.000185097895
0.000169910452
0.000171318716
0.0001818817
0.000167216317
0.000153721712
0.000174294792
0.000172227066
0.000149543989
0.000160682852
0.00015001566
0.000171405846
0.000170593641
0.000151009128
0.000170424186
0.000171251764
0.000171890876
0.00017392795
0.000148213795
0.000158742256
0.000143498643
0.000176705512
0.000162013388
0.000148840122
0.000172491113
0.000183121577
0.00016898446
0.000170932185
0.000173605026
0.000169293798
0.000181866858
0.000146427895
0.000171476548
0.000160904525
0.000148662275
0.000173792501
0.000174328445
0.000146970705
0.000171386714
0.000148587405
0.000151169247
0.000171613201
0.000150846951
0.000171655123
0.000169411998
0.000161165468
0.000173199405
0.000174320543
0.000149241068
0.000173804556
0.000170932673
0.000175914343
0.000161463356
0.000146802586
0.000172173564
0.000182985594
0.000168990016
0.000153185222
0.000173468301
0.00017166133
0.000148904507
0.000158976761
0.000149560369
0.000171048838
0.000170395246
0.000151418337
0.000170595884
0.000171455741
0.000172356128
0.00017476986
0.000148992771
0.000160044732
0.000145641469
0.000171005665
0.00014899603
0.000181381013
0.000167043296
0.000184245242
0.000170263038
0.000172400167
0.000175024256
0.000159968262
0.000171842137
0.000174039509
0.000146435783
0.000169062868
0.000159586096
0.000146438598
0.000171500552
0.000183890526
0.000173750015
0.000169067536
0.00019521086
0.000197283353
0.000215327995
0.000197934437
0.00021566928
0.000207452119
0.000218399979
0.000220653542
0.000229175728
0.000218731293
0.000221137952
0.000229900639
0.000197395109
0.000219980155
0.00023102373
0.000216225311
0.000220068778
0.000206185624
0.000195631836
0.000192006522
0.000216526924
0.000226808793
0.00021267686
0.000195894592
0.000216691257
0.00021356556
0.000228455058
0.000207040762
0.000192419541
0.000216588376
0.00021191003
0.000205055461
0.000189505536
0.000205580146
0.000189909488
0.000208197127
0.000193404367
0.000217053345
0.000196833544
0.000212385717
0.000214270416
0.000229134628
0.000194011649
0.000218745723
0.000222760111
0.000204854716
0.000208202594
0.000192936951
0.000218007286
0.000228020844
0.000213761232
0.000231702566
0.00021837748
0.000217505436
0.000228337289
0.000195485995
0.000218638959
0.000212996529
0.000232120812
0.00021648188
0.00022771356
0.000192239195
0.000204757928
0.000194116863
0.000217945126
0.000212668938
0.000192221679
0.00019158155
0.000192241805
0.000205140961
0.000213103472
0.000216835493
0.000217634706
0.000204996394
0.000212633292
0.000218317215
0.000216983379
0.000227760571
0.000231521417
0.000232310283
0.000197099018
0.000231207961
0.000218383976
0.000218252699
0.000228485003
0.000214176068
0.000222712998
0.000218623738
0.000233072088
0.000208074904
0.000204761617
0.000194053207
0.000190151696
0.000194926391
0.000214308969
0.000213034025
0.00021722884
0.000226751325
0.000206608903
0.00019082806
0.000204852125
0.000189378723
0.000205908427
0.00019026754
0.000194144244
0.000216212166
0.000211618446
0.000225180433
0.000198482031
0.000213570631
0.000216928676
0.000231159537
0.000195297781
0.00022004877
0.00020634099
0.000194996053
0.0002164424
0.000226699752
0.000213099453
0.000230426927
0.000216397003
0.000220475062
0.000207514779
0.000218598947
0.000220955044
0.000192706715
0.000216196127
0.000207078288
0.000195610026
0.00021851691
0.000230090342
0.000220776627
0.000192698572
0.000215662373
0.000240700852
0.000241657902
0.000242219354
0.000250625901
0.000254358051
0.000260588579
0.000261899609
0.00026503419
0.000254573408
0.0002606922
0.000264996688
0.000262340579
0.000269450693
0.000271959827
0.000271885089
0.000272856378
0.000273056882
0.000273141694
0.000271850894
0.000265395113
0.000263635726
0.000270004855
0.00026137619
0.000266539206
0.000263174626
0.00027073787
0.000256648672
0.00025309537
0.000240106983
0.000254660434
0.000243937383
0.00026171459
0.000259534505
0.000240797224
0.000249588602
0.000249464986
0.0002357479
0.000251403201
0.000237622213
0.000256379161
0.000245097419
0.000263259851
0.000241923492
0.000261171767
0.000264712481
0.000271633794
0.000251747996
0.000254961738
0.000243749996
0.0002625002
0.000273876625
0.000269900824
0.000261080008
0.000271824455
0.000264847049
0.000264033151
0.000270745409
0.00027350407
0.000274499551
0.000252884312
0.000266352471
0.000262239122
0.000273470501
0.000264113392
0.000271082848
0.000239807266
0.000256730654
0.000252844392
0.000242586963
0.000266277515
0.000261952272
0.000239473314
0.000242104263
0.000245076636
0.000245274943
0.000252412264
0.00025631114
0.000261867921
0.000263300844
0.000265749874
0.000256806951
0.00026185239
0.000265946823
0.00026337096
0.000269798041
0.000272027347
0.000271989913
0.00027320276
0.000272845763
0.000272915503
0.000271844469
0.000264501349
0.000262465031
0.000269636099
0.000260862775
0.000265122396
0.000261471251
0.000263479725
0.000269953904
0.000255389587
0.000251987832
0.000241668661
0.000238917492
0.000253762269
0.000240442732
0.000252107529
0.000238856269
0.000262249698
0.000260799344
0.000269701128
0.000240538148
0.000250123803
0.000236260601
0.000264494477
0.000266818692
0.000272671914
0.000253488463
0.000257053112
0.000245682645
0.000263801945
0.000273623132
0.00027006713
0.000261511333
0.00027192604
0.000265539685
0.000261948829
0.000269279044
0.000273002154
0.000272726571
0.000250418532
0.000265078085
0.000260626887
0.000271827518
0.000261504198
0.00026900495
0.000237236256
0.000254256862
0.000250894745
0.000241013948
0.000264941161
0.000260735944
0.00023663544
-0.000268581783
-0.000271741241
-0.000271937641
-0.000272738121
-0.000273096108
-0.000272989271
-0.000271699274
-0.000269701518
-0.000269572871
-0.000270782021
-0.000273686519
-0.000266911675
-0.000270520935
-0.000270304453
-0.00027297675
-0.000273182919
-0.000271893363
-0.000269616257
-0.000269250458
-0.000271840493
-0.000272094851
-0.000273148236
-0.000272740136
-0.000272679213
-0.000271780019
-0.00026914815
-0.000269129603
-0.000271688413
-0.000272874704
-0.000269516985
-0.000271678094
-0.000269139793
-0.00027300169
-0.000272762953
-0.000271784963
-0.000269057561
-0.000234991106
-0.000239168977
-0.000228497587
-0.00024043362
-0.000235485288
-0.000240974161
-0.000240221666
-0.000229078939
-0.000248799965
-0.000252891847
-0.000260556907
-0.0002626658
-0.000254160814
-0.000264717019
-0.00026331613
-0.000261432547
-0.000261238286
-0.000255769447
-0.00025195447
-0.000244861236
-0.000241870166
-0.000239044963
-0.000251933014
-0.000244920326
-0.000239435282
-0.000242086777
-0.000231595759
-0.000227836114
-0.000228170578
-0.000241095195
-0.000230663674
-0.000253622653
-0.000236752141
-0.000241380508
-0.000240000358
-0.000229138995
-0.000262575468
-0.000249584092
-0.000252840132
-0.000259908626
-0.000236277272
-0.000240934915
-0.000262473733
-0.000252240517
-0.000261399966
-0.000241562921
-0.00026275994
-0.000244249882
-0.000238612856
-0.000227537446
-0.000255361436
-0.00025151921
-0.000261191345
-0.000241382311
-0.00023043087
-0.000242760167
-0.000237540068
-0.000237617476
-0.000241090635
-0.000230216884
-0.000242255979
-0.000238980084
-0.000244463099
-0.000241791692
-0.000231348944
-0.00025159615
-0.000255574032
-0.000262657927
-0.000265660418
-0.000256651742
-0.00026566342
-0.000261559211
-0.000260371981
-0.000260236134
-0.000253951307
-0.000249747122
-0.000241447817
-0.000240297828
-0.000236291216
-0.000251098738
-0.000241781249
-0.000237104225
-0.00024145843
-0.000229527747
-0.00022662837
-0.000242544795
-0.000232231349
-0.000256122076
-0.000239572548
-0.000244936916
-0.000227635278
-0.000241996787
-0.000231793944
-0.00026480848
-0.000251856088
-0.000255529591
-0.000262709126
-0.000239208018
-0.000244660359
-0.000265231008
-0.000249584222
-0.000260136503
-0.000239720728
-0.00026139781
-0.000241015542
-0.000236022981
-0.000253774627
-0.000249815456
-0.00026021246
-0.000239650069
-0.000228434307
-0.000240668267
-0.000235261347
-0.000215140647
-0.000192487849
-0.000196626548
-0.000194471765
-0.000181932532
-0.000217387513
-0.000206567393
-0.000217185143
-0.000212822246
-0.000194515136
-0.000213551532
-0.000196452388
-0.000205766952
-0.000194122998
-0.000192002163
-0.000183174533
-0.000195231349
-0.000192179717
-0.000184169922
-0.000205896896
-0.000194020596
-0.000191874821
-0.000216018401
-0.000194801316
-0.000197538015
-0.000195236874
-0.000183960419
-0.000217746413
-0.000206527621
-0.000215904222
-0.00019281129
-0.000197731753
-0.000192582483
-0.000193394108
-0.000218866995
-0.000208024004
-0.000221601199
-0.000196017879
-0.000184390167
-0.000198499509
-0.000193284878
-0.000216619401
-0.000193703605
-0.000196243151
-0.000184151384
-0.000198512061
-0.000205704532
-0.000217857572
-0.000192812138
-0.00019333335
-0.000218674691
-0.000207348088
-0.000220167708
-0.000220953061
-0.000218354046
-0.000207517009
-0.000197231144
-0.000195554803
-0.000193145793
-0.000212795602
-0.000197473818
-0.000194554014
-0.000183359247
-0.000194184777
-0.000191862064
-0.000182741423
-0.000206648766
-0.000195295012
-0.000192426754
-0.000218766132
-0.000196484664
-0.00020602617
-0.000217009044
-0.000194491839
-0.000182362903
-0.000191957724
-0.000217812741
-0.000194602097
-0.000206969429
-0.000219992357
-0.000194966611
-0.000196916763
-0.000191951466
-0.000217239225
-0.000206626307
-0.000220510122
-0.00015200307
-0.000154636816
-0.00017433143
-0.000169961244
-0.000169551331
-0.000150882768
-0.000150814657
-0.000148251664
-0.00016970463
-0.000151230357
-0.000149013952
-0.000138186623
-0.000149218005
-0.000146589742
-0.000137527
-0.000159339201
-0.000146920467
-0.000145740235
-0.000171653491
-0.000148282438
-0.000151191046
-0.000149055837
-0.000137140543
-0.000172402381
-0.000160506447
-0.000169317217
-0.000146143629
-0.00014921927
-0.000160903189
-0.00017451832
-0.000147317767
-0.000149652922
-0.000147000295
-0.000172404562
-0.000160333257
-0.000174371031
-0.000147335015
-0.000149595755
-0.000147055184
-0.000169765679
-0.000146927259
-0.000147020821
-0.000149454375
-0.000169744385
-0.000147286075
-0.000149717071
-0.000147063798
-0.000172684269
-0.000161297478
-0.000174184035
-0.000174515356
-0.00017198593
-0.000160208424
-0.000149333038
-0.000148716158
-0.000146109195
-0.000168643223
-0.000150941021
-0.000148277011
-0.000136632666
-0.000146709185
-0.000146499517
-0.000160623278
-0.000149266152
-0.000146429781
-0.000172721818
-0.000149273414
-0.000151959732
-0.000169997607
-0.0001514349
-0.000138546137
-0.00017205521
-0.000148470541
-0.000150994692
-0.000172300615
-0.000152374431
-0.000153964183
-0.000140110382
-0.00012665952
-0.000105064609
-0.000128220982
-0.00012587083
-0.000114140422
-0.000102690829
-0.00010018265
-0.000100359665
-0.000122988645
-0.000102992731
-0.000102621166
-0.000100805505
-0.000100807429
-0.00010294146
-9.13008216e-05
-0.00012535931
-0.000100635823
-0.000103091346
-0.000103785172
-0.000123395792
-0.000123216761
-0.000103079548
-0.000102448895
-0.000127944252
-0.000102916212
-0.000125470288
-0.000101369757
-0.000103503628
-0.000127711105
-0.000100716881
-0.000114222718
-0.000125324747
-0.000100629469
-0.000103447244
-0.000101089314
-0.000101350424
-0.000100759615
-0.000114615826
-0.000128083273
-0.000128314237
-0.000100432472
-0.000103579494
-0.00011468671
-0.000128070457
-0.000100606076
-0.000103384887
-0.000125426788
-0.000102882476
-0.000125881718
-0.000103436946
-0.000123633996
-0.000102880116
-0.000102672615
-0.000115052657
-0.000103196814
-0.000100855378
-0.000103149539
-0.000113944706
-0.000100309327
-0.00010056426
-0.00012568918
-0.000102609465
-0.000103135585
-0.000100744031
-0.000126379541
-0.000113972501
-0.000124047806
-0.000100122737
-0.000102655
-0.000104870962
-7.96210901e-05
-7.93211699e-05
-5.7034275e-05
-5.75439875e-05
-5.73963055e-05
-7.9918687e-05
-5.79784043e-05
-5.74013978e-05
-5.95611083e-05
-5.69022328e-05
-4.58464458e-05
-7.76611433e-05
-5.68221367e-05
-5.64626439e-05
-7.99957255e-05
-5.71711444e-05
-5.7355677e-05
-5.53014064e-05
-8.27528987e-05
-6.86560777e-05
-7.9981916e-05
-5.49411576e-05
-5.74995821e-05
-5.80121535e-05
-8.05167829e-05
-5.82747227e-05
-5.8094576e-05
-5.75502242e-05
-8.00237285e-05
-8.00223331e-05
-5.72740441e-05
-5.72883939e-05
-5.73911698e-05
-7.96864873e-05
-5.73406761e-05
-7.98615399e-05
-5.73890197e-05
-7.97180348e-05
-5.71414193e-05
-5.75779492e-05
-5.81165871e-05
-5.76395359e-05
-8.01168323e-05
-5.76157687e-05
-8.2163715e-05
-8.24151232e-05
-6.89630361e-05
-5.76173028e-05
-5.5016432e-05
-5.53257379e-05
-7.98100658e-05
-5.74027341e-05
-5.70977444e-05
-5.70350398e-05
-5.67086611e-05
-7.94921466e-05
-6.01297385e-05
-5.70215725e-05
-8.00000468e-05
-5.71936129e-05
-5.79260478e-05
-7.95602883e-05
-5.75761412e-05
-8.00618468e-05
-5.73155969e-05
-5.69123512e-05
-3.72047754e-05
-3.42051617e-05
-1.14942466e-05
-1.16198599e-05
-3.44423106e-05
-1.17507727e-05
-2.33878509e-05
-9.37500182e-06
-9.92054634e-06
-3.22435893e-05
-1.12972481e-05
-1.08972854e-05
-1.15818388e-05
-3.42399708e-05
-1.13114128e-05
-1.15822859e-05
-3.43813762e-05
-1.1564116e-05
-1.12623026e-05
-3.3565785e-05
-1.14569934e-05
-3.42659807e-05
-1.13548087e-05
-1.18685912e-05
-2.26804453e-05
-3.65722695e-05
-9.48793977e-06
-1.1514406e-05
-3.45110915e-05
-3.46758509e-05
-1.19714308e-05
-1.1984051e-05
-1.13845971e-05
-9.99573966e-06
-3.42369605e-05
-9.72638612e-06
-1.14432143e-05
-3.43041541e-05
-1.15621813e-05
-1.0381758e-05
-3.46637101e-05
-1.20117418e-05
-1.17048534e-05
-3.68049031e-05
-3.38707409e-05
-3.37340212e-05
-1.17045589e-05
-1.15761191e-05
-1.13348181e-05
-3.43889058e-05
-1.14688544e-05
-1.1332026e-05
-1.16573836e-05
-1.14313954e-05
-1.09974808e-05
-3.43041108e-05
-1.08903925e-05
-1.134465e-05
-3.62933171e-05
-1.17406402e-05
-2.31571131e-05
-3.69106165e-05
-9.54326597e-06
-1.01050341e-05
-3.43553984e-05
-1.1699419e-05
-1.1442302e-05
1.1708732e-05
3.43508644e-05
3.68722355e-05
3.42204853e-05
1.17552517e-05
3.65410709e-05
3.4639685e-05
9.80849806e-06
2.30554965e-05
1.07042652e-05
3.42094727e-05
3.22216147e-05
3.20860287e-05
4.6256459e-05
1.13222822e-05
3.38866244e-05
3.44814055e-05
1.14278655e-05
3.43505934e-05
3.41511003e-05
1.13741337e-05
3.36561833e-05
1.17916336e-05
3.37074604e-05
3.41733377e-05
3.72519597e-05
2.30675097e-05
3.70089031e-05
3.65622361e-05
3.44450267e-05
1.18098618e-05
1.223511e-05
3.48824565e-05
3.42569861e-05
9.60687305e-06
3.43664329e-05
1.15874777e-05
3.44294737e-05
1.15793124e-05
3.44144271e-05
1.16494486e-05
3.48004558e-05
3.43295667e-05
3.7651981e-05
3.63098262e-05
3.671458e-05
1.15121333e-05
1.1389341e-05
3.41963672e-05
3.36612889e-05
3.37107659e-05
1.13325557e-05
3.44173652e-05
3.44451859e-05
3.45732209e-05
3.41542008e-05
3.20832598e-05
1.13633046e-05
3.22061825e-05
3.43708149e-05
3.45783926e-05
3.64849557e-05
9.8738567e-06
2.27044207e-05
9.60805753e-06
3.65445715e-05
1.16325642e-05
3.42298397e-05
3.44312489e-05
5.7774103e-05
5.72316391e-05
8.0024872e-05
7.93920827e-05
7.97126498e-05
5.73987262e-05
8.00845019e-05
8.0022292e-05
7.98994134e-05
7.97546745e-05
5.67715466e-05
7.79910222e-05
7.78076473e-05
9.12411918e-05
5.7409667e-05
7.9830705e-05
8.01148708e-05
5.50403036e-05
8.27081283e-05
6.9269223e-05
5.74532834e-05
8.27354966e-05
7.99958531e-05
8.00291682e-05
5.79864006e-05
7.9744828e-05
8.03589974e-05
7.99433099e-05
5.73454799e-05
5.73141871e-05
7.96592072e-05
8.02268855e-05
7.97546543e-05
5.72759338e-05
7.96445973e-05
5.74228523e-05
7.98724969e-05
5.72648917e-05
7.96218908e-05
8.00129671e-05
7.99094635e-05
8.02247743e-05
5.80094243e-05
7.99119035e-05
8.27168286e-05
6.87080189e-05
5.50907045e-05
5.4942957e-05
8.20984445e-05
7.99220142e-05
5.70653797e-05
7.9948208e-05
7.9571607e-05
7.78925056e-05
7.73463883e-05
5.70556e-05
8.04894054e-05
7.97184709e-05
5.81989217e-05
8.00201851e-05
8.0060766e-05
5.74710045e-05
8.00757633e-05
5.6928872e-05
7.96652316e-05
8.00098323e-05
0.000104795293
0.000126686864
0.000128774362
0.000114331036
0.000101006924
0.000100047206
0.000126365257
0.000138052906
0.000124088665
0.000102510325
0.000125542615
0.000123470226
0.000125599705
0.000137685569
0.000103190789
0.000128053455
0.000125319546
0.000125959769
0.000102820474
0.000102328432
0.000123341686
0.000137009947
0.000123441105
0.000125467966
0.00012801891
0.0001277133
0.000103371383
0.000128514002
0.000125232236
0.000128248319
0.000100735453
0.000114448219
0.000103511631
0.000128028198
0.000125565375
0.00010122948
0.000100692771
0.000100611358
0.000114179697
0.000125510499
0.000128045203
0.000128313979
0.000114511926
0.000125598341
0.00012843743
0.000127492604
0.00010286154
0.000128158258
0.000125510705
0.000103115616
0.000126049008
0.000103183673
0.000123324913
0.000136727563
0.000123326962
0.000115057791
0.000100673853
0.000128111762
0.000125213709
0.000113607715
0.000100503767
0.000125551395
0.000103094021
0.000123100756
0.000125508509
0.000100609567
0.000128522215
0.00011426221
0.00010262967
0.000126095322
0.000138279973
0.000123712029
0.000126799979
0.000139832413
0.000169950987
0.000171978347
0.000182877286
0.000174417691
0.000151154348
0.000148419036
0.000171860063
0.000169794331
0.00018277873
0.000169591636
0.000149394754
0.00017261392
0.000169852647
0.000171932426
0.00018362198
0.00015922947
0.000145887769
0.000171307909
0.000150733206
0.000168871371
0.00017179024
0.000148604697
0.000174520697
0.000160527621
0.000149211632
0.000172103405
0.000183190993
0.000169312679
0.000174106306
0.000160930251
0.00017386779
0.000174267009
0.000147262889
0.000170048076
0.00016086288
0.000147150785
0.00017243197
0.000184167377
0.000174726749
0.000146992937
0.000169950248
0.000147348191
0.000149683692
0.000169961673
0.000149551848
0.000169694275
0.00016085969
0.000172695747
0.000174966513
0.000184203982
0.000174064063
0.000174020507
0.000174125308
0.000174969956
0.00016088963
0.00014879768
0.000146170144
0.000172248851
0.00018402017
0.000169413808
0.000148208678
0.000171655194
0.000168838644
0.00017141191
0.000182884899
0.000160858981
0.000146575582
0.000172497943
0.000151925313
0.000169679384
0.000172606043
0.000151744381
0.000169778626
0.000151521244
0.000182623615
0.000169295747
0.000171787411
0.000174228185
0.000154046097
0.000169973216
0.000172491644
0.000196701577
0.000214868838
0.000206940446
0.000217603468
0.000220717199
0.000227981699
0.000217689547
0.000219602372
0.000228573813
0.000194676861
0.000231492704
0.00021793321
0.000217185171
0.000228077089
0.000213171675
0.000196398538
0.000218625489
0.000213476487
0.000217098914
0.00022800693
0.000194364341
0.00020612781
0.000205738488
0.00019182636
0.000217031934
0.00019708293
0.000213157153
0.000216310874
0.00023082901
0.000195177236
0.000220860567
0.000207058949
0.000197742976
0.000218131351
0.000229336678
0.00021563386
0.000220047061
0.000216639104
0.000228031395
0.000193338601
0.000217695377
0.000207276508
0.00019602142
0.000218620786
0.000230636794
0.000221299959
0.000193324044
0.000216518596
0.000195523116
0.00019843103
0.000216073145
0.000205166223
0.000217708353
0.000216881011
0.000207312907
0.000219110978
0.000221217901
0.000230900824
0.000230947171
0.00022041486
0.000220730394
0.000207136846
0.0001955434
0.000193085319
0.000218356513
0.000229765443
0.000215593248
0.00019441937
0.000216097517
0.000212190179
0.000216629812
0.000226714736
0.000206461924
0.000191995521
0.000217319458
0.000213640433
0.000218593475
0.000232287755
0.000193992124
0.000205601649
0.000192080257
0.000217281913
0.000227894452
0.000213200195
0.000232023351
0.000217804618
0.000206457186
0.000217915469
0.000220019449
0.000191943077
0.000215063118
0.000206488377
0.000217514218
0.000228744297
0.000220438587
0.000238792158
0.000240049399
0.00024084974
0.000248801424
0.000252868144
0.000258926051
0.000260661541
0.000262971919
0.000254079774
0.000260034986
0.000264666317
0.000261637398
0.000268722403
0.000271768706
0.000271984602
0.000272818079
0.000273179977
0.000273027297
0.000271749627
0.000265704934
0.000262710586
0.00026919002
0.000261268289
0.000265128048
0.000260995314
0.000262801555
0.000269314749
0.000255608858
0.000251842778
0.000241685432
0.000239112303
0.000251980389
0.000239402094
0.000254014026
0.000241389566
0.000261592808
0.000239794063
0.000259355211
0.000263013329
0.000271077589
0.000249342163
0.000252942336
0.000240797744
0.000260435516
0.00027431877
0.000267813802
0.00025891247
0.000270942728
0.000263053166
0.000263468347
0.000270017168
0.000272929932
0.000273241759
0.000252285639
0.000265774898
0.000261378841
0.000271971316
0.000263081943
0.000269589486
0.000239131287
0.000255760996
0.0002514781
0.000241114557
0.000265788423
0.000260737305
0.000237738141
0.000241480241
0.000243025898
0.000244297502
0.000251952747
0.000255887974
0.000261348814
0.000262813764
0.000265821522
0.000255880019
0.000261178434
0.000265339294
0.000263115151
0.000269363892
0.000271887275
0.000272013664
0.000273121244
0.000272695993
0.000272747467
0.000271738337
0.000264465278
0.000261241975
0.000268960612
0.000260154446
0.000264532205
0.000260492565
0.000261482676
0.00026939393
0.00025367816
0.00025010594
0.000240463403
0.000236359797
0.000250529999
0.000237073401
0.00025620551
0.000245117735
0.000263015381
0.000242321498
0.000261186666
0.000264965817
0.000271675014
0.000252137903
0.000255450737
0.000244613543
0.000262578549
0.00027270361
0.000269122863
0.000261081796
0.000271711812
0.000265064533
0.000261865182
0.000269251004
0.000273036603
0.000272749048
0.000250290294
0.000264960903
0.000260464039
0.000271856234
0.000261460094
0.000269278252
0.00023590789
0.000253559061
0.000249511624
0.000239702893
0.000264475819
0.000260054599
0.00023548564
-0.000270779932
-0.000270684723
-0.000272866902
-0.000273904607
-0.000273207927
-0.000273176974
-0.000270508038
-0.000269641234
-0.000271686156
-0.000273030558
-0.000269511704
-0.000271952831
-0.000269651424
-0.000272850442
-0.000272934839
-0.000272084889
-0.000269278538
-0.000269326647
-0.000272058947
-0.000272078677
-0.000272971307
-0.000272837338
-0.000272790503
-0.000271858264
-0.000269045371
-0.000269162674
-0.000271889804
-0.000272697761
-0.000269673674
-0.000272269601
-0.00026893312
-0.00027349847
-0.000272578249
-0.00027075396
-0.000253101099
-0.000262993339
-0.000265097052
-0.000258112209
-0.000263781355
-0.000262431259
-0.000261404847
-0.000256370574
-0.000252292728
-0.000244947488
-0.000242204442
-0.000239741954
-0.000251779661
-0.000244838417
-0.000239143604
-0.000241857304
-0.000231591205
-0.00022773489
-0.000227395698
-0.000239832353
-0.000229078038
-0.000252879186
-0.000236066215
-0.000241101987
-0.000240355732
-0.000229464556
-0.000264694637
-0.000250282915
-0.000254231203
-0.000261940944
-0.000236939044
-0.0002417723
-0.000265185191
-0.000251022227
-0.000260899209
-0.00024098776
-0.000261658197
-0.000242481109
-0.000237471215
-0.000254161969
-0.000250800713
-0.000261063382
-0.000240834272
-0.000229882918
-0.000242020652
-0.000237469214
-0.000237434906
-0.000241312461
-0.000230365069
-0.000242161304
-0.000237623923
-0.00024245584
-0.000241551848
-0.000230383906
-0.000250848956
-0.000254261134
-0.000261794765
-0.000264944998
-0.000254642603
-0.000265067023
-0.000261583588
-0.00026048211
-0.000260438741
-0.000254092833
-0.000250482251
-0.000241806833
-0.000240407601
-0.000236855465
-0.000249594041
-0.000241297929
-0.000235804008
-0.00023991806
-0.000228946974
-0.000241790541
-0.000231335921
-0.000255788934
-0.000239197229
-0.00024505074
-0.000227502245
-0.000242191217
-0.000231871406
-0.00026558121
-0.000252168868
-0.000256522964
-0.000263364607
-0.000239732407
-0.000245612784
-0.000266348293
-0.000248790615
-0.000265290201
-0.000258765104
-0.000266813765
-0.000216583738
-0.000212333057
-0.000194284365
-0.000212847062
-0.000194602357
-0.000204693236
-0.000191893672
-0.000191921088
-0.000191854674
-0.000191784357
-0.000195602264
-0.000183374204
-0.000215428658
-0.000192915211
-0.000197365362
-0.00019499302
-0.000183135516
-0.000217691015
-0.000206139539
-0.000215757931
-0.000192672815
-0.000197615214
-0.000208153591
-0.000221498961
-0.000196297983
-0.000198369842
-0.000193394382
-0.000219021325
-0.000208055204
-0.000221548673
-0.000196332515
-0.000184406932
-0.0001987341
-0.00019380256
-0.000189899571
-0.00019098486
-0.000216595352
-0.000193912634
-0.000195941142
-0.000183411826
-0.00019780583
-0.000216704793
-0.000193784097
-0.000198684375
-0.000195950877
-0.00018405929
-0.000218776529
-0.000208229186
-0.000220634445
-0.000220725386
-0.000218272765
-0.000207344756
-0.000197641161
-0.000194963983
-0.000192614643
-0.000206734488
-0.000197511686
-0.000192830428
-0.000194918723
-0.000183387421
-0.00020435488
-0.000192020235
-0.000191290875
-0.0002177538
-0.00019450341
-0.00020499727
-0.000216579301
-0.00019201213
-0.000192024077
-0.000217908059
-0.000194559378
-0.000174488315
-0.000174061157
-0.000173751997
-0.000160418777
-0.000151535615
-0.000148998153
-0.000146568494
-0.000161796705
-0.00015172665
-0.000146711779
-0.000148870001
-0.00013687865
-0.000147209093
-0.000169035679
-0.000146574342
-0.000148727675
-0.00014662249
-0.000171352952
-0.000159607367
-0.000168954824
-0.000146039437
-0.000148743261
-0.000160219709
-0.000174506806
-0.000147143201
-0.000149569686
-0.000147267823
-0.000172736622
-0.000160959107
-0.000174551217
-0.000147420427
-0.000149952686
-0.000147154694
-0.000171123024
-0.000147180915
-0.000147170659
-0.000150027415
-0.000169866609
-0.000147067576
-0.000149906462
-0.000147453099
-0.000172069631
-0.000160263848
-0.000173718597
-0.000174045852
-0.000171546362
-0.000159676732
-0.00014867209
-0.000146292782
-0.000146056709
-0.000159487887
-0.000148911589
-0.000146486378
-0.000146449986
-0.000148894416
-0.000136549045
-0.000171525137
-0.000146661525
-0.000151326548
-0.000149186557
-0.00013678542
-0.000173983034
-0.000161477432
-0.000171521069
-0.00014653386
-0.000151306664
-0.000125916549
-0.000103087123
-0.000125834915
-0.000103276628
-0.000123515756
-0.000103069963
-0.000102752948
-0.000105020848
-0.000102443302
-9.19273122e-05
-0.000114515116
-0.000100400092
-0.000101103889
-0.000126253391
-0.000102849362
-0.000105270909
-0.000126172244
-0.000105291102
-9.17688252e-05
-0.00012653851
-0.000102914687
-0.000105414439
-0.000125436918
-0.000100772091
-0.000103506098
-0.000127859578
-0.000101210121
-0.000114732448
-0.000126075673
-0.000101438925
-0.000103669331
-0.000102545561
-0.000123505563
-0.000102513153
-0.000101264087
-0.000114642116
-0.000128126985
-0.000128551604
-0.000101507137
-0.000103806006
-0.000114691118
-0.000128273494
-0.000100792185
-0.000103468714
-0.00012615333
-0.000125602132
-0.00010533778
-0.000105361352
-0.000102827995
-0.000125542239
-0.000105229413
-0.000103132218
-9.14781943e-05
-0.000100969711
-0.000101371483
-0.000123456428
-0.000104636946
-0.000102725279
-0.000103311952
-0.000123102521
-0.000123373817
-0.000103071777
-0.000102719544
-0.000103511376
-8.21403563e-05
-8.23727391e-05
-8.25295233e-05
-6.87902749e-05
-5.75024133e-05
-5.52250871e-05
-5.47683755e-05
-7.82453832e-05
-5.72209496e-05
-5.65910618e-05
-5.65399918e-05
-7.95696313e-05
-5.80175428e-05
-5.72850242e-05
-5.70638e-05
-7.7936682e-05
-7.82882052e-05
-5.66463511e-05
-5.70633051e-05
-5.69801208e-05
-8.0121692e-05
-5.78928447e-05
-5.79437858e-05
-5.74140958e-05
-5.50638043e-05
-8.1872314e-05
-6.88206566e-05
-8.20929247e-05
-5.51687739e-05
-7.82162332e-05
-5.74053809e-05
-5.69324383e-05
-8.02388427e-05
-5.68770052e-05
-5.46594989e-05
-5.72283162e-05
-7.95675095e-05
-5.530066e-05
-5.74809712e-05
-8.21735362e-05
-6.8877471e-05
-5.83197132e-05
-5.7609854e-05
-8.05315184e-05
-5.71591284e-05
-8.02222439e-05
-5.71795204e-05
-7.8321774e-05
-5.68138341e-05
-5.68662378e-05
-5.76514726e-05
-5.73594659e-05
-5.68379935e-05
-8.00969853e-05
-5.66878523e-05
-5.73301295e-05
-5.52918241e-05
-8.20718466e-05
-6.84502575e-05
-7.97872534e-05
-5.50074161e-05
-5.7511267e-05
-3.37449303e-05
-3.39140746e-05
-1.13883868e-05
-1.16734389e-05
-1.13161947e-05
-3.4202418e-05
-1.13959189e-05
-1.13056164e-05
-1.16300768e-05
-9.59915786e-06
-3.42163758e-05
-1.0298346e-05
-1.16342931e-05
-1.14245667e-05
-3.4326126e-05
-3.43074108e-05
-1.14749326e-05
-1.1476793e-05
-1.14536615e-05
-2.31321234e-05
-3.68063397e-05
-9.63468116e-06
-3.39507392e-05
-1.16945426e-05
-1.09764668e-05
-3.33130895e-05
-1.14314052e-05
-3.42552143e-05
-1.15705107e-05
-1.14591729e-05
-3.37111595e-05
-3.41698674e-05
-1.13901347e-05
-1.14658733e-05
-1.15365996e-05
-3.39977586e-05
-1.1256107e-05
-1.1702337e-05
-1.00503737e-05
-3.42972228e-05
-1.13951539e-05
-3.42156721e-05
-1.14631985e-05
-3.4213887e-05
-1.16826147e-05
-1.12853344e-05
-2.34769894e-05
-1.16444682e-05
-9.75332243e-06
-9.65159629e-06
-1.13491799e-05
-3.42415873e-05
-1.15178547e-05
-1.14362058e-05
-3.37126708e-05
-1.15535424e-05
-3.40920949e-05
-1.13464102e-05
-1.14214632e-05
1.13638554e-05
1.12722535e-05
3.40191733e-05
3.37681721e-05
3.37727821e-05
1.14061031e-05
3.4173639e-05
3.42256509e-05
3.42395012e-05
1.17099873e-05
3.69576107e-05
3.42563284e-05
3.43981155e-05
1.14247921e-05
1.16033725e-05
3.40964889e-05
3.42367411e-05
3.43997414e-05
2.28860302e-05
3.67890236e-05
3.63534713e-05
1.1366503e-05
3.4162535e-05
3.3661296e-05
1.11777823e-05
3.33268577e-05
1.14972053e-05
3.41743843e-05
3.42065279e-05
1.13553846e-05
1.14104454e-05
3.4396462e-05
3.36799725e-05
3.42707633e-05
1.1779915e-05
3.3722132e-05
3.4331924e-05
3.7079764e-05
3.65780009e-05
1.16266624e-05
3.43123752e-05
1.1260956e-05
3.41647268e-05
1.16574857e-05
3.43165547e-05
3.43435374e-05
2.3394642e-05
1.01770592e-05
3.71259504e-05
3.42226199e-05
3.39999901e-05
1.14882997e-05
3.42615272e-05
3.39457527e-05
1.1021605e-05
3.402351e-05
1.1372298e-05
3.36671723e-05
3.38685758e-05
8.26321214e-05
8.22131734e-05
6.89910862e-05
5.51264787e-05
5.50939737e-05
8.23088318e-05
7.98030957e-05
5.68622519e-05
7.99900309e-05
7.75109633e-05
7.78538979e-05
9.11478735e-05
5.73486562e-05
7.94868935e-05
7.96042557e-05
8.02529257e-05
5.69625096e-05
5.64313926e-05
7.74621466e-05
9.21892938e-05
7.81281223e-05
8.03292116e-05
5.78577717e-05
7.96527391e-05
8.00390212e-05
5.49847412e-05
7.96800332e-05
6.86800346e-05
5.51245739e-05
8.19310082e-05
8.21304109e-05
5.68271122e-05
8.01939616e-05
7.80491716e-05
5.4877492e-05
5.73551929e-05
7.7879461e-05
8.03495174e-05
5.73307369e-05
7.9573786e-05
6.85873384e-05
8.20452658e-05
8.24591333e-05
7.96702404e-05
8.03272763e-05
5.68140702e-05
8.05631081e-05
5.71764362e-05
8.02808185e-05
5.67831796e-05
7.78158725e-05
9.21050386e-05
7.81635687e-05
7.98739265e-05
7.97605073e-05
7.7444102e-05
5.7229265e-05
7.77785838e-05
8.0098132e-05
5.49688602e-05
8.21555338e-05
6.85335159e-05
5.74682416e-05
8.23375088e-05
7.98322093e-05
8.20990334e-05
0.000103242876
0.000125871301
0.000103091893
0.000125868635
0.000103058234
0.00012311244
0.00013654917
0.000123399765
0.000124311606
0.000123748756
0.000114300133
0.000100563048
0.000127895063
0.000105583356
0.000125413373
0.000126263457
0.000105675892
0.000125993714
0.000105820141
0.000125865095
0.000126376167
0.000128395336
0.000103437036
0.000128687904
0.00012536771
0.000128242416
0.000101375429
0.000114906712
0.000103710169
0.000128559224
0.000125930029
0.000124039755
0.000102769768
0.000123907789
0.000101000554
0.000101756792
0.000114926981
0.000125931762
0.000128246002
0.00012847722
0.000114795064
0.000125524784
0.000127930046
0.000128135791
0.000105684828
0.000102819284
0.000126166239
0.000125938395
0.000125759656
0.000103007261
0.000126410938
0.00012549811
0.000127845765
0.000102450994
0.000123858824
0.000123725777
0.000137349483
0.000125877725
0.00010308519
0.000102737445
0.000123005226
0.0001368049
0.000123316706
0.000125992688
0.000174577966
0.000174628482
0.000161804712
0.000149197611
0.00014647405
0.000174258433
0.00017150228
0.00016146304
0.000146728138
0.000174419406
0.000171422494
0.000148770492
0.000171981657
0.000169307451
0.000183834505
0.000146508839
0.000173564985
0.000159449629
0.000148499161
0.000171334312
0.000183739557
0.00016890205
0.000173966211
0.000160609548
0.00017242954
0.000174673913
0.00014704046
0.000169870153
0.000160099254
0.000147176872
0.000172094658
0.000184114161
0.000173889329
0.000147158232
0.000171136642
0.000147399955
0.000150045109
0.00017120926
0.000149666803
0.000169866901
0.000160485207
0.000172194441
0.00017436309
0.000184945346
0.000172473373
0.00017480536
0.000184288905
0.000173904287
0.000173869597
0.000159668958
0.000146464427
0.000146148512
0.000171469958
0.000183230463
0.000168857819
0.000159325456
0.000146175816
0.000171505499
0.000169064502
0.000151395496
0.000174000382
0.000171575153
0.000149120962
0.000173851929
0.000160847739
0.000151362399
0.000174158577
0.000171462535
0.000174471375
0.000194623837
0.000231182295
0.00021801604
0.000216868073
0.00022777947
0.00021257353
0.000194347269
0.000217603814
0.000212322944
0.000216569292
0.000227634055
0.00019198858
0.00020503369
0.000197786563
0.000217937679
0.000215387992
0.000229012601
0.000195186104
0.00022015802
0.000207100996
0.000197564952
0.000218016808
0.000228717988
0.000215565162
0.000220465694
0.000207810992
0.000219023956
0.000221449844
0.00019347657
0.000216908683
0.000207254098
0.00019586103
0.00021907339
0.000230377995
0.00022083117
0.000193921679
0.000216741594
0.000189723941
0.00019627951
0.000198845155
0.000216494972
0.000198536741
0.000216633405
0.000207974356
0.000219287771
0.000221368296
0.000230305398
0.00021875755
0.000221326251
0.000230376832
0.000220202532
0.000220169168
0.000206709789
0.000195299188
0.000192788827
0.00021780295
0.000229174268
0.000215596235
0.00020712798
0.000192984403
0.000218172927
0.000215599953
0.000204455233
0.000191457953
0.000216727314
0.000212546059
0.000217753422
0.000231380991
0.000191698115
0.000204510648
0.000191637433
0.000216608804
0.000227589974
0.000212738019
0.000231471809
0.00021799872
0.000252925822
0.000263209711
0.000260465272
0.000258332083
0.000265406708
0.000266914533
0.000271080433
0.000270949639
0.000272851009
0.000273894059
0.000273328356
0.00027318926
0.000267145408
0.000263559265
0.000270374583
0.000262348082
0.000265496747
0.000261434728
0.000263371107
0.000269957541
0.000256038788
0.000251961911
0.000242013782
0.000239579434
0.000252288499
0.000239089059
0.000253391637
0.000240810537
0.000260932681
0.000239789863
0.000260362389
0.000264616378
0.000271773556
0.000250045515
0.000253736677
0.000241692485
0.000261409696
0.000273019497
0.000269161852
0.000260599564
0.000271892586
0.000265245113
0.000261872406
0.000269199047
0.000272812012
0.000272923677
0.000251287174
0.000265219894
0.000260979896
0.0002719874
0.000262156276
0.00026951366
0.000237226643
0.000254651516
0.000250800739
0.000241005671
0.000265125946
0.000260758119
0.000237640178
0.000241140354
0.000242306662
0.000242641025
0.000250841833
0.000254791039
0.000260698218
0.000261930155
0.000265092763
0.000254989223
0.000260736989
0.00026521371
0.000262507584
0.000269077001
0.000272078614
0.00027212441
0.000272945279
0.000272830207
0.000272769541
0.000271942392
0.000264745552
0.000261639946
0.000269223955
0.000260593219
0.000264799218
0.000260557963
0.000261543233
0.000269279079
0.000254296653
0.000250272518
0.000240355196
0.000237009145
0.000250226392
0.0002367099
0.000255509306
0.00024472846
0.000262637376
0.000242271958
0.000261362542
0.000265598105
0.000271900791
0.000252604851
0.000256228058
0.000245249772
0.000263226135
0.000272726832
0.000270066332
0.000261932919
0.000272354274
0.000266609139
0.000260831611
0.000268753474
0.00027343122
0.000272372624
0.000248955802
0.0002631888
0.000258843
0.000265227045
0.000270366104
0.000267010601
-0.000273759911
-0.000272155142
-0.000270703671
-0.00027124246
-0.000272037973
-0.000272904586
-0.000269233877
-0.000272075307
-0.000269796729
-0.000272930166
-0.000272864099
-0.000271985957
-0.000269462182
-0.000269707398
-0.000271921154
-0.000271914618
-0.000272947682
-0.000273086816
-0.000272952627
-0.000272082724
-0.0002696001
-0.000269600059
-0.000274033652
-0.000272295711
-0.000272020961
-0.000272431579
-0.000265815653
-0.000263502418
-0.000264145989
-0.000258025018
-0.00025349978
-0.000239651215
-0.000252594899
-0.000239928909
-0.000242390739
-0.000249193549
-0.000238187656
-0.000235526485
-0.000228425303
-0.000227927374
-0.000240558404
-0.000230211024
-0.000254909718
-0.00023709789
-0.000242623227
-0.000241230436
-0.000230405124
-0.000265254716
-0.000250880131
-0.000254816124
-0.000262072691
-0.000237552833
-0.000242354834
-0.000265207939
-0.000251161006
-0.000260851979
-0.000241613855
-0.000262100514
-0.000242717123
-0.000238055076
-0.000254873805
-0.000251311602
-0.000261051809
-0.000242164595
-0.00023169228
-0.000244214954
-0.000226522315
-0.000238855012
-0.000227243409
-0.000239076359
-0.000242248797
-0.00023160819
-0.000244420609
-0.000238100965
-0.000242352705
-0.000241248537
-0.000230128617
-0.000251595176
-0.00025474702
-0.000262239708
-0.00026536438
-0.000254468819
-0.000264988903
-0.000262394668
-0.000260894976
-0.000261078485
-0.000255052022
-0.000251139158
-0.000242626707
-0.000241332811
-0.000237685525
-0.000250234577
-0.000242335617
-0.000236947011
-0.000240412157
-0.000230269087
-0.000242782194
-0.000232123642
-0.000257369004
-0.000239866101
-0.000248933695
-0.000238070104
-0.000228696219
-0.000235228365
-0.000269366974
-0.000253862432
-0.000258932965
-0.000267644681
-0.000240172028
-0.000217470582
-0.000214610912
-0.000196722888
-0.000213006969
-0.000195902018
-0.000206018004
-0.000193985407
-0.000191577495
-0.000182974204
-0.000192403207
-0.000191546705
-0.000195257934
-0.000183361999
-0.00021627242
-0.000193294574
-0.000198215049
-0.000195650234
-0.000184271804
-0.00021903793
-0.000207491744
-0.000216648141
-0.000193438543
-0.000198551719
-0.000208400183
-0.00022315497
-0.000212204591
-0.000191781119
-0.00019465456
-0.000216395101
-0.000192039466
-0.000206052247
-0.000215314955
-0.000194801481
-0.000183769316
-0.000197443376
-0.000193613888
-0.000190320484
-0.000190368611
-0.000193735653
-0.000192018638
-0.000205527242
-0.000216326762
-0.000219167881
-0.000194425363
-0.000183472434
-0.000197432634
-0.000204154851
-0.000217593375
-0.000191991533
-0.000194728476
-0.000221579057
-0.000220966328
-0.00021865427
-0.000207683082
-0.000198190862
-0.000196284506
-0.000193436622
-0.000207132184
-0.000197792935
-0.000193209369
-0.000195552775
-0.000184114564
-0.000204422789
-0.00019198937
-0.000191445074
-0.000218458338
-0.000195941628
-0.000205651233
-0.000217942211
-0.000193806132
-0.000182214592
-0.000191943526
-0.000219610467
-0.000196567399
-0.00017029666
-0.00016953357
-0.000150479864
-0.00015065928
-0.000147892979
-0.000160914631
-0.000150863319
-0.000146277305
-0.00014927777
-0.00013687722
-0.000146261697
-0.000169327151
-0.000146248831
-0.000149068192
-0.000146831759
-0.000172164944
-0.000160005881
-0.0001695684
-0.000146792959
-0.000149646679
-0.000161370905
-0.000174644145
-0.000148913601
-0.000169441205
-0.000151018304
-0.000148649115
-0.000172159085
-0.00014669863
-0.000161188132
-0.000171712615
-0.000148855424
-0.000136688101
-0.000151104907
-0.000148871308
-0.000147198765
-0.000144417879
-0.000144204203
-0.000169348633
-0.000146600853
-0.000148782827
-0.000146176934
-0.000160712111
-0.000172284837
-0.000174600808
-0.000148485394
-0.000136980063
-0.000151243915
-0.000171947848
-0.000148709512
-0.000151195645
-0.000149307505
-0.000137180046
-0.000174720361
-0.000174187441
-0.000172112853
-0.000159929792
-0.000149395021
-0.000146892366
-0.000146458198
-0.000160132272
-0.000149251838
-0.000146846345
-0.000146452605
-0.000148849361
-0.000137329265
-0.000171703101
-0.000146760557
-0.000150790663
-0.000169470407
-0.000150674146
-0.000136899817
-0.000171768079
-0.000148035595
-0.000150424644
-0.000126199565
-0.000103281154
-0.000125826249
-0.000103268141
-0.000123400134
-0.000102860284
-0.000102710805
-0.000103177292
-0.000102919068
-0.000105715309
-9.25040019e-05
-0.000127633282
-0.000102936256
-0.000114237522
-0.000127416694
-0.000100474442
-0.000100169277
-0.000127932715
-0.00010306202
-0.000126825127
-0.000105031956
-0.00010502241
-9.1351689e-05
-0.000123147229
-0.000102906461
-0.00010228291
-0.000124262237
-0.000104961813
-0.000125696778
-9.15838676e-05
-0.000105200319
-0.000103196541
-0.000123440777
-0.000102880907
-0.000102324713
-0.0001020865
-0.000101102362
-0.000121456963
-0.000101244272
-0.000101838633
-0.000124752602
-0.000102016818
-0.000102836019
-0.000124130805
-0.00012656355
-0.000103296355
-0.000104569606
-9.15771628e-05
-0.000105114063
-0.000125513306
-0.000102424659
-0.000102882056
-0.000104563239
-0.000105415222
-0.000128062374
-0.000125317163
-0.000103169024
-0.000125451587
-0.00010283291
-0.000105470509
-0.000114003957
-9.99486527e-05
-0.000100596102
-0.000123360155
-0.000102711367
-0.00010264732
-0.000103101382
-0.000123214307
-0.000123678104
-0.000103298997
-0.000102705406
-0.000103395932
-8.26962994e-05
-8.22238934e-05
-8.255987e-05
-6.86874086e-05
-5.74500845e-05
-5.49915279e-05
-5.48603825e-05
-6.83988723e-05
-5.73965508e-05
-5.49433779e-05
-5.49589107e-05
-7.81404228e-05
-5.65934578e-05
-5.66544019e-05
-5.7133849e-05
-7.91920038e-05
-7.92560631e-05
-5.75020393e-05
-5.71291969e-05
-5.71049955e-05
-5.67629356e-05
-8.00580608e-05
-5.69887029e-05
-5.71697072e-05
-5.65557402e-05
-7.86474207e-05
-8.1108089e-05
-5.88896468e-05
-4.56887001e-05
-5.95837405e-05
-8.00326279e-05
-5.75825896e-05
-5.72515346e-05
-7.92372754e-05
-5.71183845e-05
-5.69798175e-05
-7.97915766e-05
-5.69218268e-05
-5.70292793e-05
-8.03539237e-05
-5.71988306e-05
-5.73504603e-05
-7.81109373e-05
-5.65029746e-05
-7.87463261e-05
-5.92499419e-05
-4.57559093e-05
-5.94078626e-05
-8.02622611e-05
-5.70200399e-05
-5.70707925e-05
-5.68700642e-05
-7.98115233e-05
-5.72253782e-05
-8.00329439e-05
-5.71244376e-05
-7.95673177e-05
-5.72096319e-05
-5.71381576e-05
-5.67861869e-05
-5.65414443e-05
-5.4878321e-05
-7.96152044e-05
-5.48521685e-05
-5.75618556e-05
-5.48980723e-05
-8.25906731e-05
-6.85757833e-05
-7.98792558e-05
-5.5098104e-05
-5.76970296e-05
-3.39409366e-05
-3.35805089e-05
-1.13095375e-05
-1.1161655e-05
-1.14328743e-05
-3.37441229e-05
-1.14338863e-05
-1.16029758e-05
-1.08702254e-05
-3.43344558e-05
-1.13842594e-05
-1.13731975e-05
-1.15388396e-05
-3.4337401e-05
-3.43743594e-05
-1.14527363e-05
-1.1470887e-05
-1.1480544e-05
-1.13716596e-05
-3.43863787e-05
-1.16340825e-05
-1.14539737e-05
-3.19485693e-05
-1.13145052e-05
-1.10778692e-05
-3.22567411e-05
-1.07133057e-05
-3.44575608e-05
-1.13643937e-05
-1.14605943e-05
-3.42209111e-05
-1.14601404e-05
-1.14246957e-05
-3.42924926e-05
-1.14167413e-05
-1.14311753e-05
-3.18888072e-05
-3.45899112e-05
-1.1518616e-05
-1.12357444e-05
-1.13001587e-05
-3.4220439e-05
-1.08837547e-05
-1.14674991e-05
-3.42173679e-05
-1.13672832e-05
-1.1667806e-05
-1.11784454e-05
-3.44865901e-05
-1.13233639e-05
-3.43802967e-05
-1.12479791e-05
-3.43380192e-05
-1.15943753e-05
-1.16040479e-05
-1.14775296e-05
-1.13746604e-05
-1.14710191e-05
-3.41083387e-05
-1.12458521e-05
-1.13235538e-05
-3.35830526e-05
-1.15056899e-05
-3.40424694e-05
-1.11980408e-05
-1.13111478e-05
1.12638665e-05
1.13571115e-05
3.40345273e-05
3.40269226e-05
3.35636491e-05
1.13674051e-05
3.38774927e-05
3.38288461e-05
3.37714393e-05
1.13746927e-05
3.44340288e-05
3.43243461e-05
3.42056454e-05
1.10615665e-05
1.14060858e-05
3.44039363e-05
3.42711028e-05
3.43501234e-05
3.41577949e-05
1.15097597e-05
3.44684628e-05
3.43273847e-05
1.11338387e-05
3.42793739e-05
3.2548171e-05
1.09860364e-05
3.1884334e-05
4.60782232e-05
1.13814818e-05
3.45860748e-05
3.44642587e-05
1.14253964e-05
3.43037577e-05
3.42550648e-05
1.14319935e-05
3.42476507e-05
3.42967206e-05
1.13089055e-05
1.11602221e-05
3.42891349e-05
3.23629589e-05
3.4587443e-05
1.13603488e-05
3.22290168e-05
3.43318562e-05
4.60302461e-05
1.17746536e-05
3.42372219e-05
3.40760699e-05
3.45892886e-05
1.12294814e-05
3.45279307e-05
1.10247774e-05
3.43850752e-05
1.15870449e-05
3.400783e-05
3.43080415e-05
3.43034629e-05
3.41512939e-05
3.38439894e-05
1.15149321e-05
3.39768273e-05
3.39970721e-05
1.15579226e-05
3.34763993e-05
1.12885933e-05
3.37637623e-05
3.40107532e-05
8.2734299e-05
8.20769679e-05
6.84542489e-05
5.44184477e-05
5.5342667e-05
8.19755217e-05
7.98032799e-05
6.89245695e-05
5.5470855e-05
8.2011857e-05
7.98126583e-05
5.68671821e-05
7.79193906e-05
7.80866502e-05
9.24011624e-05
8.01077876e-05
5.72289842e-05
5.70907744e-05
7.95129152e-05
7.94649112e-05
7.99220319e-05
7.81946608e-05
9.16756647e-05
5.69100041e-05
8.03530112e-05
7.99526413e-05
7.79989738e-05
5.90773489e-05
5.93570244e-05
7.82682029e-05
9.16150504e-05
8.11205966e-05
5.72430079e-05
8.04179181e-05
7.99530282e-05
5.69729178e-05
7.95464183e-05
7.94101419e-05
5.71229037e-05
7.95651573e-05
7.97916932e-05
5.72694478e-05
7.99513707e-05
8.03864679e-05
5.67040513e-05
7.79271723e-05
5.94228299e-05
7.86196889e-05
8.11031172e-05
9.14400946e-05
5.73509404e-05
8.0176069e-05
8.03813004e-05
7.81174507e-05
5.70300597e-05
7.99316094e-05
5.69870923e-05
8.01550885e-05
5.73962237e-05
7.9237627e-05
7.96768658e-05
7.83129253e-05
7.81047027e-05
5.74524505e-05
8.25077778e-05
7.97162539e-05
5.4583022e-05
8.2384794e-05
6.87418536e-05
5.75867773e-05
8.27226739e-05
7.98660851e-05
8.22380169e-05
0.000103508171
0.000126077006
0.000103204609
0.000125922763
0.000103115696
0.000123359176
0.000137122164
0.000123712441
0.000123867362
0.000123367921
0.000125882484
0.000125241291
0.000127777786
0.000100546582
0.000114177521
0.000100421456
0.000127695786
0.000125132675
0.000128046722
0.000105341814
0.000124104767
0.000126576319
0.000102063326
0.000125652448
0.000123516971
0.000105147633
0.000124284951
0.000137468461
0.000103283225
0.000126727567
0.000125780152
0.000102288862
0.000125195943
0.00012365979
0.000101153137
0.00012113001
0.000102078408
0.000121518646
0.000102777175
0.000123694821
0.000125155657
0.000104963367
0.000105209725
0.000125730127
0.000124130745
0.000126683825
0.000102922057
0.000123644421
0.000125709163
0.000136810472
0.000124282872
0.000126774761
0.000137398561
0.000103273964
0.000128076818
0.000127838711
0.000125137768
0.00010298182
0.000127812015
0.000125516573
0.000125952904
0.000100353902
0.000114415009
0.000103130287
0.000123569082
0.000123623177
0.000137113512
0.000125937443
0.000103045272
0.000103142842
0.000123544298
0.00013735175
0.000123540584
0.000126222915
0.000150731669
0.000147925647
0.000171868837
0.000169081834
0.000181797021
0.000168780745
0.000160623023
0.000146276626
0.000173738093
0.000171736357
0.00014906884
0.000171587849
0.000169079023
0.000183244191
0.000146739666
0.000174352807
0.000160295392
0.000149431993
0.000172022025
0.000183624745
0.000169371935
0.000174632991
0.000161279138
0.000173930534
0.000174558767
0.000148553502
0.000172300522
0.000169645756
0.000171944404
0.000183935566
0.000148862104
0.000160657138
0.000151334647
0.000174197241
0.000171654302
0.000146943439
0.000169154261
0.000144620422
0.000148830331
0.000169641167
0.000146081102
0.000148533575
0.000159769567
0.000171432837
0.000171886813
0.000174097053
0.000151756877
0.000169446621
0.000172182869
0.000183961347
0.000173959737
0.000174529695
0.000174564688
0.000173924174
0.000160054607
0.00014701417
0.000146602034
0.000171796599
0.000183684527
0.000169556719
0.000160177642
0.000146395758
0.000171521576
0.000169286549
0.000150995834
0.000174214717
0.000171431361
0.000150547408
0.000169345371
0.000150507492
0.000182573686
0.000169024945
0.000171806443
0.000196701009
0.000219336643
0.000217788151
0.000228385894
0.000214665304
0.000196032511
0.0002189032
0.000213400481
0.000216973701
0.000227998276
0.00019370457
0.000205611243
0.000197787349
0.00021821633
0.000216090876
0.000229701106
0.000195588933
0.000220594367
0.000206876551
0.000198814539
0.000218636944
0.000230484441
0.000216549248
0.000221137238
0.000209007645
0.000219570753
0.000223428674
0.000194742657
0.000217766483
0.000212220023
0.00023128651
0.000216233026
0.000226627886
0.000194848705
0.00020575099
0.00019788102
0.000219326184
0.000215808233
0.00019040113
0.000193445016
0.000191651626
0.000194534843
0.000205491942
0.000215265179
0.000216829227
0.000219491509
0.000203526803
0.000212804798
0.000217731192
0.000227278581
0.000230982318
0.000219038025
0.000223071196
0.000230561934
0.000221517504
0.000221296226
0.000208014836
0.000195489019
0.000193499359
0.000218888951
0.000230498986
0.000216453936
0.000206894174
0.000193327602
0.000218222058
0.000216397238
0.000205025227
0.000191528692
0.000217097808
0.000213203957
0.000218507634
0.000232311887
0.000193985288
0.000205540363
0.000191351046
0.000217460339
0.000228656909
0.000214535097
0.000219221075
0.000273829678
0.000272142899
0.000265819273
0.000270710227
0.000263237558
0.000267756989
0.000263985537
0.000265523776
0.000271311235
0.000257990169
0.000253527378
0.000239992653
0.000252955779
0.000240078767
0.000238393298
0.00024901512
0.00025476991
0.000242624357
0.000262422592
0.000241443649
0.000261122706
0.000265150978
0.00027205561
0.000251136133
0.000254575082
0.000242572231
0.000261984957
0.000272903675
0.000269281729
0.000261075986
0.000272156133
0.000265708837
0.000261832504
0.00026916954
0.000273135769
0.000272983672
0.000251564797
0.000265105175
0.000260955102
0.000271995927
0.000262132973
0.00026935225
0.000237767125
0.000254783316
0.000251004213
0.000241933304
0.000265116446
0.000261307783
0.000239102244
0.000241518669
0.000243931893
0.000242702416
0.000251123976
0.000254934317
0.000261289154
0.000262204256
0.000265283166
0.000254576175
0.000260842842
0.000265017229
0.000261821728
0.000269516667
0.000272001598
0.000271944519
0.00027360935
0.000273773081
0.000272921511
0.000272159578
0.000265614918
0.000262109587
0.000269165531
0.000261013813
0.000265447266
0.000260900412
0.000261458652
0.000269191792
0.000255011954
0.000251027894
0.000241278413
0.000237612033
0.000250642953
0.000237146619
0.000257347794
0.000265606703
0.000237972796
0.000248690001
0.000235121465
0.000264775789
0.000269396812
0.000273876663
0.000254212495
0.000259018083
0.000267663172
0.000272245401
0.000272061933
0.000264391405
0.000272412797
-0.000271729257
-0.000273004258
-0.000269755864
-0.000272104522
-0.000269441503
-0.000272927236
-0.000272946199
-0.000272018409
-0.000270724993
-0.000270773771
-0.000272617368
-0.000272112073
-0.000273884782
-0.000273784814
-0.000273737958
-0.000272659118
-0.000270570948
-0.000269412031
-0.000253556234
-0.00024113023
-0.000249359305
-0.000239997937
-0.00023611922
-0.000229531829
-0.000238537161
-0.000235918939
-0.000228195467
-0.000240999916
-0.000229954473
-0.000255225862
-0.000238770201
-0.000244476436
-0.000227345112
-0.000241667277
-0.000231130717
-0.00026511155
-0.000251646944
-0.000255487283
-0.000262630548
-0.0002389008
-0.000243938251
-0.000265031022
-0.000252088699
-0.000262669226
-0.000239879692
-0.000235341798
-0.00024142239
-0.000229207333
-0.000261375138
-0.000268447242
-0.000254406523
-0.00026471075
-0.000237412804
-0.00023605613
-0.00025121646
-0.00024922102
-0.000258701496
-0.000240630891
-0.000230677309
-0.000243701368
-0.000227760946
-0.000239727472
-0.000237288291
-0.000236300878
-0.000235693033
-0.000235373048
-0.000235081021
-0.000235630121
-0.000236402826
-0.000237344513
-0.000227546461
-0.000239684293
-0.000239763022
-0.0002309343
-0.000243738552
-0.000234918701
-0.000237418842
-0.000248041469
-0.000251090792
-0.000261624908
-0.00024899211
-0.00025844656
-0.000239538577
-0.000241410808
-0.000235298711
-0.000260793253
-0.000253917145
-0.000267745323
-0.000255733494
-0.000265289414
-0.000262718053
-0.000261244917
-0.000260951048
-0.000255345176
-0.000251867839
-0.000244420428
-0.00024191307
-0.000239061701
-0.000251441626
-0.000244466325
-0.000238756888
-0.000240950291
-0.000231274475
-0.000227221627
-0.000249679763
-0.000238980878
-0.000235922527
-0.000258455377
-0.000267652248
-0.000241080712
-0.000249109422
-0.000239930798
-0.000229348088
-0.000236129607
-0.000218114009
-0.000215281115
-0.000197316939
-0.000214931325
-0.000196765743
-0.000206262829
-0.000194655106
-0.000192337627
-0.000182648296
-0.000194456857
-0.000191940175
-0.000182965675
-0.000196158395
-0.000184260393
-0.000217371629
-0.000193097954
-0.000205215993
-0.000216657868
-0.000192738322
-0.000192051101
-0.000217515333
-0.000194519268
-0.000205153938
-0.000219488599
-0.000194030324
-0.000213525186
-0.000196997393
-0.000195338537
-0.000218088371
-0.000193758351
-0.000191026859
-0.000208756797
-0.000206503151
-0.000220917552
-0.000189798508
-0.000189703768
-0.000205241272
-0.000204949983
-0.000219554897
-0.000189688082
-0.000190057718
-0.000204697073
-0.000205283258
-0.000219884429
-0.000191172796
-0.000193595309
-0.000206924594
-0.000208467744
-0.000217581046
-0.000222524701
-0.000215940362
-0.00019538544
-0.000197135203
-0.000194621508
-0.000183516893
-0.000208700577
-0.000222787041
-0.000216675277
-0.000212685241
-0.000194481339
-0.000207853611
-0.000193351156
-0.000195948844
-0.000204751597
-0.000192249706
-0.000191593376
-0.000206186934
-0.000194363164
-0.000191765209
-0.000219793267
-0.000196638568
-0.000206348323
-0.000217814909
-0.00019466555
-0.000181991437
-0.000192427769
-0.000219233563
-0.000196989231
-0.000169538016
-0.000169336227
-0.000151504957
-0.00015071639
-0.000148565331
-0.000169298955
-0.000150724307
-0.000148234582
-0.000150658031
-0.00013769894
-0.000147045903
-0.000169617487
-0.000146794014
-0.000149770314
-0.000147438507
-0.000173952576
-0.000160871865
-0.000171859631
-0.000146832068
-0.000151767812
-0.000161884887
-0.000176530135
-0.000171605968
-0.000148872885
-0.000153428919
-0.000138582256
-0.000170790855
-0.000151113636
-0.000150020699
-0.000171208737
-0.000149864392
-0.000151152703
-0.000136439757
-0.000159243749
-0.000173832926
-0.000148845178
-0.000153402092
-0.000174438768
-0.000173928214
-0.00017399184
-0.000160370651
-0.000151182404
-0.000147033528
-0.000146492039
-0.000160363915
-0.00014968272
-0.000147275847
-0.000147252996
-0.000150501693
-0.000137329595
-0.000171814219
-0.000148377092
-0.000151561673
-0.000169556048
-0.000150860569
-0.000138272666
-0.000172579176
-0.000148579705
-0.000151429535
-0.000126859107
-0.00010524391
-0.000126984225
-0.000104956637
-0.000124377862
-0.000105413293
-0.000102471584
-9.17837018e-05
-0.000103056721
-0.000102723063
-0.000114814135
-0.000100785467
-0.000101260636
-0.000128050685
-0.00010333189
-0.000114347044
-0.00012816184
-0.000100692854
-0.000100827065
-0.000103293497
-0.000116846865
-0.000131183371
-0.000128248023
-0.000125524208
-0.000103179717
-0.000125531736
-0.000103414395
-0.000114625494
-0.000100834111
-0.000101215803
-0.00010062279
-0.000100873901
-0.000124236551
-0.000103258604
-0.000102694309
-0.000105418339
-0.00012448053
-0.000124310471
-0.000104906951
-9.16125618e-05
-0.000102531803
-0.000105241938
-7.80385246e-05
-7.77732376e-05
-5.6735388e-05
-5.65979577e-05
-5.68305237e-05
-6.90875897e-05
-5.72172356e-05
-5.513384e-05
-5.48974895e-05
-7.96552222e-05
-5.73075809e-05
-5.7368005e-05
-5.81231103e-05
-7.96684274e-05
-7.99956777e-05
-5.79367068e-05
-5.73851441e-05
-5.94092293e-05
-8.07411142e-05
-5.94274957e-05
-8.01369313e-05
-5.77823894e-05
-7.99060088e-05
-5.79776598e-05
-5.74806618e-05
-5.69349164e-05
-5.73176931e-05
-5.51892758e-05
-8.0062102e-05
-5.52379847e-05
-5.72044057e-05
-7.71099047e-05
-5.68315301e-05
-8.03984408e-05
-5.68020511e-05
-5.69664316e-05
-3.45728444e-05
-3.41145119e-05
-1.12847696e-05
-1.14459547e-05
-1.14281233e-05
-3.37842808e-05
-1.13859276e-05
-1.1392024e-05
-1.15226302e-05
-3.43955433e-05
-1.16718338e-05
-1.17730905e-05
-1.00299333e-05
-3.71810903e-05
-2.32285237e-05
-3.45066357e-05
-9.81337845e-06
-1.16742798e-05
-3.67182549e-05
-3.70694585e-05
-2.33404697e-05
-1.16037185e-05
-9.98405866e-06
-9.71515777e-06
-1.16681951e-05
-1.18088915e-05
-1.12495681e-05
-3.40622805e-05
-1.14620648e-05
-1.14351886e-05
-3.42220483e-05
-1.15423606e-05
-3.43596071e-05
-1.13472072e-05
-1.14542709e-05
1.17205131e-05
1.13259659e-05
3.42725112e-05
3.41414516e-05
3.4380987e-05
1.14056274e-05
3.4245219e-05
3.36701297e-05
3.40058934e-05
1.18415472e-05
3.42839623e-05
3.43857649e-05
9.62475596e-06
3.71412367e-05
2.30764763e-05
1.16085092e-05
3.66772461e-05
3.45241514e-05
3.6797565e-05
2.33333425e-05
9.83758467e-06
9.78511978e-06
3.68155084e-05
3.4446224e-05
3.40587653e-05
3.43675602e-05
3.39042953e-05
1.15326674e-05
3.37162234e-05
3.42478687e-05
1.15966318e-05
3.42713422e-05
1.16920982e-05
3.41968999e-05
3.40475311e-05
5.67096156e-05
5.67335855e-05
8.04427919e-05
7.75726192e-05
9.16476003e-05
7.8020743e-05
6.82592234e-05
5.49225103e-05
8.2559847e-05
8.01634671e-05
5.73443888e-05
7.98175594e-05
7.95770311e-05
8.01579917e-05
5.82326421e-05
5.72769673e-05
7.99495492e-05
8.01025539e-05
8.08404844e-05
5.93012693e-05
8.06130372e-05
5.7620487e-05
8.01743601e-05
5.80547753e-05
7.99767812e-05
7.98736217e-05
7.97793303e-05
7.98494988e-05
5.73055128e-05
8.2532195e-05
8.0156061e-05
5.67905897e-05
7.79909137e-05
5.70029855e-05
9.13844866e-05
7.78105842e-05
8.0329092e-05
0.000105111898
0.000126892461
0.000105115737
0.000127019024
0.000105433051
0.000124576942
0.000138350704
0.000124371668
0.000124267136
0.000123869619
0.00011459663
0.000100897386
0.000128133655
0.000125320587
0.000128577593
0.000101059054
0.000115185004
0.00010141924
0.000127590822
0.000125578294
0.000138414943
0.000116707819
0.000125975787
0.000131039152
0.000126136453
0.000130991464
0.000136034669
0.000103172147
0.000128117759
0.000125676019
0.00010351168
0.000128105894
0.000125272502
0.000127893919
0.000100745535
0.000114619225
0.000102606317
0.000123810078
0.000123983494
0.00013738223
0.000126724079
0.000104812154
0.000102432567
0.000124247082
0.000137930111
0.000124419726
0.000127006138
0.000151084031
0.000148586159
0.000172357023
0.000169820219
0.000182505596
0.000169601204
0.000148406528
0.000172162504
0.000169485921
0.000169526835
0.000182720428
0.000149350669
0.00017253667
0.000169924941
0.000184940887
0.000147177026
0.000174175499
0.000160076375
0.00015103652
0.000173766226
0.000171579265
0.000174517377
0.000161626492
0.000172159543
0.00017673423
0.000153332531
0.000174082904
0.000171962067
0.000149897269
0.000171376842
0.000170710557
0.000150936019
0.00017093334
0.00017127508
0.000159395238
0.000171840501
0.000173944484
0.000173007556
0.00017718216
0.000184043599
0.000174247895
0.00017401358
0.000160853562
0.000147324325
0.00014686908
0.000173741785
0.000171580344
0.00016071053
0.000147068999
0.000172449926
0.000169602256
0.00016930114
0.000151364426
0.0001693544
0.000172362453
0.000151212391
0.000170153167
0.000151689131
0.000183130654
0.000169889563
0.000172410639
0.000197293716
0.000219726407
0.000217089909
0.00022848994
0.000215031749
0.000196506497
0.000219432953
0.000214689832
0.000217199138
0.00022841935
0.000194370243
0.00020579066
0.000218288338
0.0002173752
0.000230100084
0.000193336942
0.000205714765
0.00019207239
0.000216383641
0.000226951077
0.000212000218
0.000231350807
0.000217489773
0.000218705138
0.000229471793
0.000204850737
0.000222066644
0.000219184313
0.000195672472
0.000215824792
0.000213642649
0.000230538781
0.000218025338
0.000227591796
0.000191132595
0.000208378775
0.000206370812
0.000222291572
0.000220892044
0.000189632294
0.000205205454
0.000204927026
0.000219799268
0.000219605122
0.000189773842
0.00020476863
0.000204975937
0.000219668513
0.000219955461
0.000193652035
0.000206309307
0.000208189183
0.000220855629
0.000217559297
0.000222080234
0.000197391455
0.000213380526
0.000215900957
0.000227323149
0.000230354488
0.000208750905
0.000219220664
0.000222543467
0.000218734919
0.000194450962
0.000231248788
0.000217336067
0.000216240928
0.000226693163
0.000212007134
0.000207806049
0.000193349544
0.000218827061
0.000217433766
0.000192446578
0.000205142349
0.000205991559
0.00019209263
0.000217333475
0.000215072886
0.000219443361
0.000194988006
0.000206508954
0.000192556767
0.000217571149
0.000228954006
0.000215351827
0.00021972043
0.000253330308
0.000240922392
0.00026031093
0.00025871408
0.000239571959
0.000249452198
0.000255579534
0.000244453612
0.000262681926
0.000241881514
0.000261062551
0.0002654196
0.000271980714
0.00025185819
0.000255755626
0.00024400954
0.000262749357
0.000272887689
0.000269650708
0.000261176535
0.000271971393
0.000265154621
0.000262818996
0.000269737433
0.000272828853
0.00027290176
0.000252082297
0.000265380114
0.000262413493
0.000271995233
0.000270481558
0.000241586729
0.000258840338
0.000254646111
0.000261483973
0.000268161533
0.000264645865
0.000235834162
0.0002515263
0.000249171843
0.000240329622
0.000261953545
0.00025915587
0.000239713316
0.000236489198
0.000235435133
0.000235701471
0.000237173928
0.000240149994
0.000243618304
0.00023726447
0.00024900399
0.000250733405
0.000258564885
0.000261542306
0.000249526828
0.00023575514
0.000258552365
0.00025393681
0.000261147686
0.00026406006
0.000267922271
0.000255901482
0.000262221832
0.000265695605
0.00026281923
0.000270732144
0.000272594626
0.000272040256
0.000273822647
0.000273880647
0.000273834476
0.000272732753
0.000265474191
0.000263058836
0.000270499454
0.000261312405
0.00026571172
0.000261099674
0.000262540467
0.000270630653
0.000255841482
0.000251402236
0.00024154372
0.000238997737
0.000251353948
0.000238540718
0.000249304557
0.000235356127
0.000260815713
0.000258528321
0.000267532718
0.000239149149
0.000248740924
0.000235829864
-0.000271635928
-0.000273327521
-0.000267263934
-0.000269819999
-0.000271597697
-0.000271607107
-0.000272697113
-0.000268921723
-0.000273876141
-0.000273532789
-0.000272270457
-0.000271354832
-0.00027026029
-0.000269258005
-0.000268445688
-0.000268050236
-0.000268114195
-0.000268484095
-0.00027027204
-0.000271371996
-0.000271297147
-0.000272049902
-0.00027046388
-0.000272916941
-0.000275003014
-0.000272574431
-0.000274630413
-0.000272129984
-0.000274400114
-0.00027134121
-0.000269227254
-0.000270350586
-0.000241708818
-0.000231121687
-0.000254851013
-0.000238455113
-0.000242910986
-0.000240876013
-0.000230562027
-0.000264453821
-0.000250421623
-0.000253565439
-0.000260613767
-0.000236945831
-0.000241128638
-0.000262039205
-0.000253197992
-0.000263818773
-0.000249606709
-0.000260495643
-0.000248407919
-0.000258814842
-0.000248768584
-0.000259436106
-0.000251276548
-0.00026243534
-0.000254737222
-0.000264949962
-0.000265749254
-0.000261439376
-0.000259005704
-0.000260882277
-0.000254125312
-0.000250759562
-0.000241420999
-0.000241248016
-0.000237124427
-0.000251352048
-0.000242579177
-0.000237949444
-0.000241937356
-0.000230319858
-0.000226921553
-0.000194583541
-0.000191211518
-0.000183673075
-0.000204040067
-0.000191736971
-0.000191403787
-0.00021800485
-0.000194447913
-0.000204382762
-0.000191724094
-0.000190292297
-0.000219988183
-0.000208896847
-0.00021660491
-0.000194053076
-0.000198463953
-0.0002212735
-0.000223245936
-0.000219230872
-0.000208979438
-0.000198239043
-0.000193907526
-0.000212156691
-0.000194215193
-0.000204639387
-0.000191720152
-0.000190707612
-0.000191615423
-0.000191480714
-0.00020531201
-0.000194295807
-0.000191151457
-0.000169412667
-0.000148705165
-0.000151318492
-0.000157475851
-0.000145929149
-0.000143846661
-0.000149633258
-0.000136655296
-0.00017144305
-0.00014648301
-0.000151128719
-0.000149044574
-0.000136068612
-0.000173167804
-0.000160490668
-0.000171095624
-0.000147196436
-0.000150163174
-0.000173852321
-0.000173977531
-0.00017313705
-0.000160572048
-0.000149785408
-0.000148645797
-0.000146823519
-0.000160688819
-0.000151251986
-0.000146491848
-0.000148690958
-0.00013668579
-0.000151520923
-0.00013824213
-0.000172580376
-0.0001486048
-0.000157943853
-0.000146080191
-0.000144010894
-0.000126705888
-0.000105528037
-0.000125545382
-0.000105550159
-0.000103008243
-9.22241194e-05
-0.00010516248
-0.000102552969
-9.21708507e-05
-0.000123192823
-0.000102701651
-0.000102220033
-0.000102879142
-0.000122847425
-0.000122629488
-0.000102251849
-0.000102665322
-0.000128501983
-0.000103552705
-0.000125588751
-0.000103335016
-0.000125762566
-0.000103014133
-0.000123008716
-0.000102694533
-0.000102777137
-0.00010285152
-0.000102593718
-0.000124295144
-0.000105918312
-0.000102516704
-0.000105118274
-0.000125903027
-0.000125199796
-0.000105423427
-9.22202866e-05
-0.00010270275
-7.84372194e-05
-7.81259598e-05
-5.75625677e-05
-5.69631416e-05
-5.69120085e-05
-7.78921939e-05
-5.70449665e-05
-5.6696826e-05
-5.66120522e-05
-8.05800005e-05
-5.92643548e-05
-5.71815224e-05
-5.9927382e-05
-8.0850223e-05
-8.05517999e-05
-5.96327931e-05
-4.6585771e-05
-5.72492426e-05
-5.95833207e-05
-8.11369441e-05
-5.94669191e-05
-8.04652019e-05
-5.9451824e-05
-8.10464788e-05
-5.96504214e-05
-5.72633336e-05
-4.56725748e-05
-5.98318181e-05
-5.69917275e-05
-4.55905177e-05
-5.68007485e-05
-8.04307507e-05
-5.65298531e-05
-5.70131649e-05
-7.83263317e-05
-5.71037357e-05
-8.06309918e-05
-5.67370802e-05
-5.80731055e-05
-3.44950675e-05
-3.42626015e-05
-1.15697671e-05
-1.15251739e-05
-1.142818e-05
-3.4153932e-05
-1.14979269e-05
-1.14947475e-05
-1.13737777e-05
-1.09938012e-05
-3.47530358e-05
-1.11330973e-05
-1.14313752e-05
-3.18543739e-05
-1.13368548e-05
-3.48293239e-05
-1.09285417e-05
-1.1485777e-05
-3.18518377e-05
-3.24303373e-05
-1.1288332e-05
-1.11875161e-05
-1.13462365e-05
-3.22663315e-05
-1.13043218e-05
-1.07863856e-05
-1.10826926e-05
-1.11520856e-05
-3.4396685e-05
-1.14588633e-05
-1.15100742e-05
-3.42922169e-05
-1.13809482e-05
-3.46147818e-05
-1.15831272e-05
-1.13756225e-05
1.17651067e-05
1.13465892e-05
3.44197584e-05
3.42298945e-05
3.42890796e-05
1.15133646e-05
3.43958871e-05
3.41729511e-05
3.44267626e-05
3.21118886e-05
1.12160661e-05
3.22537653e-05
3.4675559e-05
1.10821213e-05
3.20327019e-05
1.14117212e-05
4.61096645e-05
3.26550527e-05
3.45721748e-05
1.08230024e-05
1.10620351e-05
3.4726079e-05
3.21955467e-05
4.59062673e-05
3.23204085e-05
1.11968759e-05
3.4655462e-05
3.22314213e-05
3.23833302e-05
4.58212551e-05
3.44929747e-05
1.1486796e-05
3.42131639e-05
3.43286402e-05
1.17035675e-05
3.4412488e-05
1.18128292e-05
3.41806795e-05
3.49382487e-05
5.65263232e-05
5.70694737e-05
8.09825793e-05
7.8335344e-05
9.19796155e-05
7.82624147e-05
5.66346029e-05
8.04403332e-05
7.79419539e-05
7.78716442e-05
9.17488417e-05
5.72327153e-05
8.0624943e-05
8.04959342e-05
8.08403655e-05
5.97511371e-05
5.7178593e-05
8.07281e-05
8.04106194e-05
8.08465206e-05
5.98003216e-05
8.08002325e-05
5.95995409e-05
8.09040153e-05
5.99132437e-05
8.05182622e-05
8.04691902e-05
8.08338795e-05
8.04746235e-05
7.78658445e-05
5.70321173e-05
7.80523828e-05
8.04274335e-05
5.64459774e-05
7.81929921e-05
5.76632892e-05
9.23991938e-05
7.82752172e-05
8.05005872e-05
0.000105108141
0.000126737326
0.000105601617
0.000125605084
0.000124516991
0.00012470816
0.00012438187
0.000102296766
0.00012277901
0.000123131564
0.000136512515
0.000125621995
0.000102546163
0.000102543414
0.00012299531
0.00013662335
0.000122865932
0.000125681391
0.000128562402
0.000103459116
0.000128657607
0.00012589353
0.000102604842
0.000125737501
0.000102614094
0.000122882151
0.000136378664
0.000123269999
0.000123395573
0.000123174857
0.000102552174
0.000124661735
0.000124284242
0.000138420812
0.000126676612
0.000105564532
0.00010292424
0.000125579768
0.000124705057
0.000148775513
0.000173041293
0.000169468542
0.000170128877
0.000183407583
0.000145269812
0.000158078645
0.00015113564
0.000174034738
0.000171443352
0.000149106558
0.000174072299
0.000160816605
0.000150269136
0.000173423966
0.000170941998
0.000174452188
0.000174517999
0.000173991287
0.000160704073
0.000148708325
0.000146776541
0.000173776348
0.000171225336
0.000160523713
0.000146415197
0.000173341398
0.000171536506
0.000170125163
0.000169728432
0.000172466862
0.000145724184
0.000158305874
0.000143879656
0.000204582462
0.000191767591
0.000216177568
0.000212317212
0.000217708333
0.000231243417
0.00019213434
0.000204552915
0.000190132302
0.000223077557
0.000208494611
0.000198148933
0.000219642936
0.00023057812
0.0002164033
0.000220718647
0.000221166566
0.00022324716
0.000208918089
0.000193866656
0.000219176071
0.000230333963
0.000216876997
0.000194198714
0.000218048011
0.000212712781
0.000216244562
0.000227561551
0.000191451779
0.000204328437
0.00020568578
0.000190572486
0.000254841551
0.000242553665
0.000262059548
0.000241004125
0.00026057217
0.000264402686
0.000271509354
0.000250527273
0.000253677509
0.000240974704
0.000260697327
0.000273330952
0.000267367956
0.000258165833
0.000269979448
0.000262041691
0.000271525117
0.000271643917
0.000264831417
0.000272751619
0.000261949498
0.000269182097
0.000273746722
0.000273312928
0.000253237267
0.000265460992
0.000263953229
0.000272184886
0.00027133942
0.000249570107
0.00026210944
0.000260467032
0.000270319685
0.000269297796
0.000248398013
0.000259448766
0.000258886405
0.000268543246
0.000268121665
0.000248831983
0.000258734868
0.000259276781
0.000267927851
0.000268320817
0.000251077732
0.000261277254
0.000262793594
0.00027077912
0.000272088051
0.000255314348
0.000263773734
0.000265423176
0.000261356579
0.000271550557
0.000272057109
0.000270664921
0.000272710532
0.00027467967
0.000272621448
0.000274489769
0.000272125681
0.000265638341
0.00027437209
0.000272210495
0.00026351416
0.000261147684
0.000269990662
0.000259962906
0.000264742767
0.000261318462
0.000263027125
0.000271128178
0.000253720129
0.000250758425
0.0002410947
0.000237071295
0.000251313014
0.00023777258
-0.00026770793
-0.000271628623
-0.000272813745
-0.000268168367
-0.000273971892
-0.00026900512
-0.000270851713
-0.000273091481
-0.000271449456
-0.000270920918
-0.000273120906
-0.000270954646
-0.000270820059
-0.000274946108
-0.000271340388
-0.000270464864
-0.000272638297
-0.000268589057
-0.000271195112
-0.000239878195
-0.000228616282
-0.000251878957
-0.000235309733
-0.000238561815
-0.00022686742
-0.000258714509
-0.000243510403
-0.000249704412
-0.000240916491
-0.000230785114
-0.000235925945
-0.000265050575
-0.000251773254
-0.000254921283
-0.000238198483
-0.000242332798
-0.000262670469
-0.000256917948
-0.000259083891
-0.000245532547
-0.000262191615
-0.000263391229
-0.000263209162
-0.000261275831
-0.000267053527
-0.000263005363
-0.000257287195
-0.000245241781
-0.000262500356
-0.000255077614
-0.00025240346
-0.000242318778
-0.000238715389
-0.000255600466
-0.000243642307
-0.000249661379
-0.000240718044
-0.00023580078
-0.000230515388
-0.000249362059
-0.00023871546
-0.000235683393
-0.000239926129
-0.000226847998
-0.000195529623
-0.00018401602
-0.000215193036
-0.000192936021
-0.000197707879
-0.000194689542
-0.000183515519
-0.00021634808
-0.00020575827
-0.000213208112
-0.000191855251
-0.000194879547
-0.000219458987
-0.000197791124
-0.000216082594
-0.000197316024
-0.000219714062
-0.000216687719
-0.000206523426
-0.000194516662
-0.000195145129
-0.000192217003
-0.000207909763
-0.000197757779
-0.000193062719
-0.000195810273
-0.000184066716
-0.000147133615
-0.000169902513
-0.000147016123
-0.00014964059
-0.000146867894
-0.000171685904
-0.0001602803
-0.000169198254
-0.000146713092
-0.000148605735
-0.000175103304
-0.000151380273
-0.000172196153
-0.000151575136
-0.000174246967
-0.000171820922
-0.000159389782
-0.000148668567
-0.000146889079
-0.000145881144
-0.000160440426
-0.000149656263
-0.000147110903
-0.000147310069
-0.000114862944
-0.000100926301
-0.000101493756
-0.000127875791
-0.000103559748
-0.000114256311
-0.000127871322
-0.000100985656
-0.00010100491
-0.000126578032
-0.000103314434
-0.00010510085
-0.000128091933
-0.000125709428
-0.000105335116
-0.000103060607
-0.000125421891
-0.000103468677
-0.000114648666
-0.000100876419
-0.00010088884
-0.000100869812
-0.00010132241
-8.01319101e-05
-5.95964904e-05
-5.75369587e-05
-5.79962241e-05
-8.00154741e-05
-7.98695291e-05
-5.77750671e-05
-5.75112927e-05
-5.71469143e-05
-8.01828654e-05
-5.72755087e-05
-8.02889418e-05
-5.77854753e-05
-7.97307521e-05
-5.80943537e-05
-5.74057626e-05
-5.98108295e-05
-5.73356474e-05
-4.60321315e-05
-1.09911154e-05
-3.45208454e-05
-1.07925598e-05
-1.17004166e-05
-9.90744383e-06
-3.66477149e-05
-2.28778074e-05
-3.43141374e-05
-1.00242278e-05
-1.16322406e-05
-1.14772618e-05
-3.42517688e-05
-1.16935627e-05
-3.66790001e-05
-3.69907063e-05
-2.31630574e-05
-1.1745502e-05
-9.31282369e-06
-1.00246004e-05
-3.26159876e-05
-1.17050769e-05
-1.10476039e-05
-1.12949485e-05
3.2518831e-05
1.16335364e-05
3.22723855e-05
3.44315373e-05
9.42258395e-06
3.70324919e-05
2.32397296e-05
1.16654755e-05
3.64544995e-05
3.42791995e-05
3.41166838e-05
1.1418178e-05
3.43975129e-05
3.65491475e-05
2.32379872e-05
9.94008058e-06
9.82732748e-06
3.67284846e-05
3.43016053e-05
1.10351755e-05
3.45458371e-05
3.22734664e-05
3.22579963e-05
4.64677449e-05
5.73017525e-05
8.02713984e-05
7.99359064e-05
8.02480523e-05
5.80873534e-05
5.74046535e-05
7.99239739e-05
7.98380983e-05
8.03583898e-05
5.72270602e-05
8.03400491e-05
5.80700034e-05
8.00450442e-05
5.75318077e-05
8.01927589e-05
7.9914059e-05
8.03354454e-05
7.99683357e-05
0.00011469221
0.0001010148
0.000128372327
0.000125465937
0.000128057977
0.000100977435
0.000114645323
0.000100928766
0.000127942064
0.000105697584
0.000125320247
0.000126683075
0.000103354232
0.000126856782
0.000127846875
0.000125626944
0.000103408527
0.000128034422
0.000125565199
0.00012834632
0.000100691702
0.000114504242
0.000149430576
0.000172299406
0.000169638954
0.000184405317
0.00014700452
0.00017468627
0.00016067424
0.000148653036
0.00017196536
0.000183034148
0.000169013799
0.000172194561
0.000174951524
0.0001512491
0.000174741735
0.000172052319
0.000174384348
0.000160213779
0.000146774591
0.000146340734
0.000171772047
0.000183307876
0.00016909743
0.0001605066
0.000146965374
0.00017212359
0.000169759246
0.000197329909
0.000218200886
0.000215625771
0.000228964568
0.000194500757
0.000219704317
0.000206297749
0.000194726752
0.000216463803
0.000226511764
0.000212761852
0.000230521694
0.000216209581
0.00021991479
0.000197402013
0.000219730639
0.000230480841
0.000216238985
0.000219415473
0.000205842922
0.000195043399
0.000192125039
0.000216341115
0.000226803456
0.000212920477
0.000207700465
0.000192939769
0.000218727513
0.000215554594
0.000251826425
0.000238636909
0.000261819376
0.000259063791
0.000268075181
0.000240444558
0.000249187412
0.000235432102
0.000262274118
0.000264646072
0.000271813437
0.000251697339
0.000254413782
0.000242087341
0.000266188794
0.000272761674
0.000256550873
0.000262882058
0.000268574389
0.000259516346
0.000273907229
0.000269296572
0.000261002052
0.000270890239
0.000262204303
0.000273049976
0.000271326989
0.000263040255
0.000270817647
0.000263285848
0.00027309907
0.000270897436
0.000263371242
0.000270705828
0.000263185496
0.000275309568
0.00027121677
0.000262333268
0.000271243288
0.000261735259
0.000266649948
0.000272769511
0.000256470679
0.000245289656
0.000263022087
0.000269613676
0.000260129498
0.000264851681
0.000262586019
0.000271377743
0.000254574834
0.00025214875
0.000238697633
0.000255560257
0.000243607451
0.000262459494
0.000259825387
0.000240971081
0.000250007363
0.000249224743
0.00023545243
-0.000229445191
-0.000249164934
-0.000241574008
-0.000236130433
-0.000251724375
-0.000236636504
-0.000237968586
-0.000225566706
-0.000253095124
-0.000240002615
-0.000240547626
-0.000227091369
-0.000227186247
-0.000252737402
-0.000240339827
-0.000239793393
-0.000226984703
-0.000226346378
-0.00025088677
-0.000238069499
-0.000236979765
-0.000225375313
-0.000241527025
-0.000236862862
-0.000231816097
-0.000226100186
-0.000205782454
-0.000194804558
-0.000192151596
-0.000213860654
-0.000194051408
-0.000196152738
-0.000193706888
-0.000182659171
-0.000220941414
-0.000203774988
-0.000205815944
-0.00018944761
-0.000190373444
-0.00021684533
-0.000208144136
-0.000211773011
-0.000192789821
-0.000194286387
-0.000212498458
-0.000194712616
-0.000195235215
-0.000212040642
-0.000195053687
-0.000194628175
-0.000221816118
-0.000216990458
-0.000207914988
-0.000194430565
-0.000192829734
-0.000217811442
-0.000205625094
-0.00020346998
-0.00019028662
-0.000193608173
-0.000188796088
-0.000212119471
-0.000196490478
-0.000194417689
-0.000182957856
-0.000195192156
-0.000192340455
-0.000183822717
-0.000160808016
-0.000149089792
-0.00014658913
-0.000172116166
-0.000149125264
-0.000151923972
-0.000149101393
-0.000137926304
-0.000171322961
-0.00016049697
-0.000168605582
-0.000145957477
-0.000148138017
-0.000171507468
-0.000148840637
-0.000151213282
-0.00017403536
-0.000153775537
-0.000176725001
-0.00017623422
-0.000172361157
-0.000153756526
-0.000170773622
-0.000151209476
-0.000149007823
-0.000174570493
-0.000171920438
-0.000160740271
-0.000148439814
-0.000149122255
-0.000146270174
-0.000169792203
-0.000151616309
-0.000149140178
-0.000137190082
-0.000149088204
-0.000146588667
-0.000137206603
-0.0001049949
-9.15680575e-05
-0.000125699903
-0.000102686172
-0.000103291603
-0.000100692376
-0.000125898815
-0.000114019045
-0.000123394645
-0.000100468153
-0.000102688867
-0.000125911321
-0.000103370237
-0.000104123272
-0.000127953425
-0.000125646579
-0.000103815669
-0.000103228286
-0.000128140235
-0.000125783442
-0.000113957553
-0.000102583604
-0.000100398435
-0.000100671947
-0.0001237883
-0.000103244161
-0.000102456161
-0.000105216275
-7.81838518e-05
-5.6915323e-05
-5.67450399e-05
-8.10529607e-05
-5.72080371e-05
-5.96867937e-05
-8.0283633e-05
-5.99521914e-05
-4.5796873e-05
-7.99109641e-05
-5.69024405e-05
-5.7276983e-05
-8.22964846e-05
-5.75859528e-05
-8.03668977e-05
-5.78353181e-05
-8.04667298e-05
-7.96707653e-05
-5.74396818e-05
-5.96070176e-05
-5.69944164e-05
-8.03277249e-05
-5.92489171e-05
-5.71288516e-05
-4.58193531e-05
-5.71634113e-05
-5.68671918e-05
-3.43305403e-05
-1.15492404e-05
-1.15282292e-05
-1.1379256e-05
-3.15191303e-05
-3.23509065e-05
-1.12824431e-05
-1.08510185e-05
-3.43265345e-05
-1.14200089e-05
-1.14989382e-05
-1.15656967e-05
-3.43776948e-05
-1.10552606e-05
-3.41270425e-05
-1.14633607e-05
-1.13007863e-05
-3.45303969e-05
-1.14097751e-05
-3.16306129e-05
-1.08046831e-05
-1.09303162e-05
-1.12338422e-05
-1.14259285e-05
1.15586442e-05
3.45836804e-05
3.43609178e-05
3.44728163e-05
1.13588459e-05
1.07494913e-05
3.1948457e-05
4.58786502e-05
3.21856524e-05
1.14476299e-05
3.44802056e-05
3.44804271e-05
3.41328795e-05
1.14306243e-05
3.42926905e-05
1.13435289e-05
3.4517055e-05
3.45076083e-05
1.14455997e-05
3.45763359e-05
1.06725538e-05
3.22563049e-05
4.57555525e-05
3.19973415e-05
3.42806055e-05
3.42906701e-05
5.68213216e-05
7.79820449e-05
7.77653063e-05
9.19368186e-05
5.91006879e-05
8.04286157e-05
8.06406728e-05
5.98747575e-05
8.00984906e-05
5.73709734e-05
7.94094772e-05
7.99825523e-05
8.07053795e-05
8.24179769e-05
5.74894864e-05
8.21588676e-05
8.03866061e-05
5.92683333e-05
5.69114342e-05
8.00689922e-05
8.03954472e-05
7.95296478e-05
5.71766546e-05
8.05552861e-05
8.04769736e-05
7.82169928e-05
7.79959251e-05
0.000124241183
0.000103224922
0.000123799582
0.000125640026
0.000100724976
0.000128267314
0.000114018668
0.000102680432
0.000126413598
0.000137708146
0.000123440905
0.000104241042
0.000125521742
0.000126005367
0.00012867608
0.000128401629
0.000103466479
0.000126226782
0.000125580681
0.000128402352
0.000113802046
0.00010052277
0.000100334464
0.000126227567
0.000138073753
0.000123288937
0.000102500365
0.000125719752
0.000123414092
0.000124518562
0.000136970493
0.000160459149
0.000146530195
0.000172251256
0.000152003064
0.000169910869
0.000172161673
0.0001490889
0.00017453191
0.000160878682
0.000148515806
0.000171580246
0.00018228062
0.000168449394
0.000150963383
0.000170589182
0.000171369095
0.000172326654
0.000173927224
0.000175590986
0.000175754544
0.000176123802
0.000176157308
0.000153845862
0.000174296712
0.000172406297
0.000149096975
0.000171616666
0.000170704855
0.000174390897
0.000160378163
0.00014869784
0.000146023612
0.000171691573
0.000182633094
0.000168933672
0.000149331815
0.000171850405
0.000169580217
0.00017233094
0.000183901862
0.00020594905
0.000192017158
0.000216190337
0.000196026092
0.000212214156
0.000214097197
0.00022903542
0.000193363739
0.000217740352
0.000221077397
0.000203830718
0.000206191875
0.000190671814
0.000221698044
0.000207720918
0.000194363323
0.000216621622
0.000225812286
0.000211947763
0.000194816717
0.000227240942
0.000212844628
0.000227595928
0.000213012904
0.000194602941
0.000227473511
0.000212902464
0.00022687086
0.000212371786
0.000221573607
0.000207855322
0.000192662692
0.000216939908
0.000225761659
0.000211800838
0.000220989129
0.00021767575
0.000232162741
0.000205857074
0.000203918117
0.000193457399
0.000189371496
0.000194409467
0.000213931296
0.00021238208
0.000216645447
0.000226196485
0.000249549581
0.000236549493
0.000251738974
0.000238113219
0.000253042641
0.000240519669
0.000252833266
0.000239974201
0.000250398815
0.000236796815
-0.000136469776
-0.000158927399
-0.000149320159
-0.000143984985
-0.000160630539
-0.000144022303
-0.000144571715
-0.000160650626
-0.00014465293
-0.000144398514
-0.00014908363
-0.000144317084
-0.000139056631
-0.000101204262
-0.000121647056
-0.000100514924
-0.00010161411
-0.000124933954
-0.000102106997
-0.000102779777
-0.000124705423
-0.000103052062
-0.000103020133
-0.000124456498
-0.00010308435
-0.000103040859
-0.000123765094
-0.000102758688
-0.00010223554
-0.000113718645
-0.000101875655
-0.000100481931
-0.000100923709
-6.84213717e-05
-5.47157427e-05
-5.49773582e-05
-7.95962552e-05
-5.70666796e-05
-5.7199341e-05
-8.02826882e-05
-5.72942372e-05
-5.75937648e-05
-8.05179126e-05
-5.75514552e-05
-5.76847158e-05
-8.05449539e-05
-5.76512834e-05
-5.75841849e-05
-7.99877128e-05
-5.75250276e-05
-5.73001553e-05
-7.90992947e-05
-5.72344151e-05
-5.70487454e-05
-5.52219142e-05
-5.5157509e-05
-3.39275672e-05
-1.1425478e-05
-1.1346277e-05
-3.43663009e-05
-1.14722612e-05
-1.1527941e-05
-3.44053334e-05
-1.1479158e-05
-1.16322366e-05
-3.46631318e-05
-1.15866307e-05
-1.15474981e-05
-3.4656997e-05
-1.15908938e-05
-1.15851099e-05
-3.44107748e-05
-1.14767601e-05
-1.14570046e-05
-3.42105349e-05
-1.1409486e-05
-1.13667143e-05
-1.14434581e-05
-1.13141582e-05
1.1462229e-05
3.39342756e-05
3.34710699e-05
1.14127669e-05
3.41726413e-05
3.43264087e-05
1.14937229e-05
3.45115192e-05
3.44522257e-05
1.15034227e-05
3.45202307e-05
3.46180849e-05
1.15204976e-05
3.45736531e-05
3.45512727e-05
1.15317633e-05
3.45713089e-05
3.43888758e-05
1.1479672e-05
3.43760423e-05
3.41452913e-05
3.37448013e-05
3.3816002e-05
6.86083767e-05
5.47171587e-05
8.20622432e-05
5.71471182e-05
7.94691241e-05
7.96420318e-05
5.7454603e-05
7.99644613e-05
8.02818331e-05
5.76492598e-05
8.03930612e-05
8.06592343e-05
5.76104824e-05
8.06597299e-05
8.0460618e-05
5.73510263e-05
8.02866382e-05
7.98946991e-05
5.70616716e-05
7.95998546e-05
7.92411301e-05
8.17810288e-05
0.000101929308
0.000125367967
0.000121377915
0.000136229983
0.000102725409
0.000123619147
0.000124998565
0.000103152298
0.000124754486
0.000124813503
0.000103035952
0.000124695224
0.000124711864
0.000102276047
0.000124981705
0.000123824211
0.000139043495
0.000114039853
0.000100385744
0.000125225475
0.000121546401
0.000158503807
0.000143839644
0.000160489007
0.000145005132
0.000160202012
0.000144220912
)
;
    }
}


// ************************************************************************* //
