/*--------------------------------*- C++ -*----------------------------------*\
  =========                 |
  \\      /  F ield         | OpenFOAM: The Open Source CFD Toolbox
   \\    /   O peration     | Website:  https://openfoam.org
    \\  /    A nd           | Version:  9
     \\/     M anipulation  |
\*---------------------------------------------------------------------------*/
FoamFile
{
    format      ascii;
    class       volScalarField;
    location    "0";
    object      Cz;
}
// * * * * * * * * * * * * * * * * * * * * * * * * * * * * * * * * * * * * * //

dimensions      [0 1 0 0 0 0 0];

internalField   nonuniform List<scalar> 
15188
(
-0.000242534408
-0.000241249269
-0.000241520045
-0.000241086473
-0.000241406568
-0.000244057383
-0.000246650729
-0.000248410755
-0.000248963212
-0.000247692573
-0.000245722041
-0.00024416286
-0.000244369234
-0.000246896201
-0.000248321686
-0.000248938122
-0.000247704618
-0.000245598004
-0.00024257084
-0.000243152834
-0.000246907249
-0.000247925217
-0.000234462356
-0.000234491359
-0.000245030383
-0.000248615791
-0.000247325249
-0.000244842887
-0.000245457491
-0.000248393477
-0.000246820594
-0.00023446825
-0.000234434648
-0.000247369204
-0.000248118559
-0.000245424064
-0.000242008342
-0.000242702392
-0.000246322974
-0.000247299323
-0.000234769048
-0.000236840483
-0.00023708886
-0.000235434951
-0.000245458002
-0.000248864838
-0.000245039596
-0.000243409686
-0.000248048059
-0.000247075971
-0.00023543002
-0.000237082081
-0.000236832126
-0.000234761878
-0.000244703666
-0.000247958412
-0.000243948141
-0.000243960071
-0.000248030413
-0.000244727084
-0.000236257561
-0.000238871832
-0.000239188729
-0.00023714197
-0.000234395223
-0.000248321206
-0.000246786768
-0.000241152018
-0.000243215366
-0.000248803505
-0.000234393912
-0.000237137611
-0.00023919186
-0.000238870502
-0.000236266912
-0.000245342913
-0.000247837353
-0.000245355683
-0.000244627629
-0.000248349529
-0.000244710644
-0.00023626125
-0.000238855092
-0.00023918709
-0.000237130172
-0.000234362815
-0.000247246859
-0.000246896122
-0.000241404585
-0.000243446187
-0.000248392374
-0.000234406813
-0.000237159038
-0.000239189558
-0.000238882173
-0.000236260627
-0.000245572861
-0.000248044973
-0.00024594528
-0.000242815664
-0.000247610571
-0.000246735583
-0.00023473502
-0.000236827414
-0.00023708918
-0.000235426852
-0.000245721289
-0.000248383375
-0.000246011992
-0.000241437614
-0.00024317576
-0.000248751941
-0.000245298368
-0.000235465666
-0.000237092889
-0.00023683228
-0.000234744463
-0.000244969506
-0.000248467753
-0.00024447984
-0.000244743101
-0.000247879195
-0.000244861951
-0.000234445067
-0.000234472781
-0.00024566627
-0.000247435536
-0.000248563291
-0.000244211635
-0.000242913119
-0.000246717587
-0.000248995944
-0.000245399946
-0.000234473786
-0.000234440395
-0.000245477492
-0.000246294693
-0.000247277504
-0.000243380902
-0.000242823876
-0.000245602516
-0.000248393291
-0.000248658974
-0.000248998304
-0.000247910331
-0.000247994316
-0.00024536675
-0.000245184823
-0.000246918164
-0.000248276588
-0.00024855001
-0.000248918844
-0.000249198838
-0.000247408628
-0.000243582796
-0.00024417135
-0.000245708932
-0.000244866998
-0.000244699939
-0.00024285147
-0.000242044942
-0.000244665734
-0.000244715278
-0.000245086804
-0.000245708816
-0.000243495454
-0.000195265275
-0.000196589888
-0.000196789295
-0.000195835987
-0.00019507524
-0.000195793929
-0.000196884214
-0.000196972017
-0.000195340877
-0.000195357378
-0.000199319317
-0.000200995576
-0.000188142876
-0.00018722229
-0.000187378286
-0.000187147517
-0.000186976838
-0.000188188686
-0.000201028016
-0.000200023908
-0.000197244958
-0.00019939406
-0.000201415151
-0.000188297829
-0.00018699437
-0.000187196712
-0.000187434761
-0.000187210163
-0.000188560382
-0.000202520131
-0.000200158057
-0.00019802408
-0.000189273017
-0.000187398034
-0.000187337019
-0.000187317984
-0.000187318986
-0.000187188139
-0.000186990915
-0.000187089007
-0.000187653676
-0.000188010376
-0.000201368603
-0.000199026132
-0.000200669471
-0.000188098675
-0.000187874083
-0.000187179032
-0.000187012473
-0.000187206455
-0.000187332665
-0.000187307882
-0.000187422709
-0.000187502949
-0.000189215379
-0.000200631748
-0.000196306253
-0.000198309859
-0.000201461213
-0.000187454631
-0.000186982654
-0.000186844043
-0.000186986699
-0.000187236441
-0.000187261055
-0.000187040568
-0.00018718711
-0.000187603778
-0.00018792028
-0.000189489334
-0.000200588111
-0.000195144744
-0.000197920533
-0.000189745383
-0.000187835018
-0.000187645121
-0.000187199257
-0.000187056847
-0.000187269465
-0.000187224233
-0.000186943207
-0.000186871404
-0.00018707726
-0.000187528157
-0.000200824336
-0.000200119652
-0.000199912864
-0.000189438397
-0.000187755087
-0.000187119968
-0.000186745582
-0.000187188789
-0.000188047504
-0.000188188701
-0.000187496236
-0.000187017221
-0.000187232326
-0.000187316306
-0.000187300569
-0.000201057686
-0.000197846232
-0.000200501157
-0.000187330086
-0.000187382059
-0.000187264883
-0.000187009493
-0.000187501681
-0.000188188943
-0.000188039743
-0.000187187278
-0.000186799649
-0.000187183555
-0.000187744215
-0.000189441479
-0.000202136326
-0.000197411666
-0.000200648622
-0.000188398518
-0.000188205774
-0.000187300362
-0.000186792365
-0.000187590071
-0.00018881722
-0.000188996428
-0.000187953573
-0.000187017385
-0.000187016028
-0.000186870328
-0.000187211362
-0.000201958728
-0.000198043276
-0.000194782467
-0.000201232013
-0.000187171576
-0.000186900082
-0.000187041958
-0.000187008566
-0.000187963439
-0.000189000184
-0.000188825556
-0.000187615041
-0.000186841208
-0.000187340669
-0.00018814278
-0.000188266501
-0.000201415359
-0.000198192968
-0.000200934559
-0.000188369398
-0.000188184754
-0.000187289946
-0.000186782613
-0.000187577724
-0.000188806055
-0.000188987146
-0.00018794383
-0.000186996867
-0.000187006893
-0.000186848467
-0.000187144613
-0.000201055544
-0.000198230907
-0.000194977507
-0.000201180527
-0.000187212348
-0.000186876957
-0.000187056203
-0.000187024317
-0.000187968905
-0.000189002614
-0.000188825961
-0.00018760732
-0.000186817415
-0.000187323152
-0.000188132881
-0.000188278705
-0.000201834961
-0.000198747565
-0.000200165578
-0.000189432776
-0.000187785399
-0.000187164437
-0.000186727917
-0.0001871487
-0.000188014961
-0.000188156305
-0.000187465525
-0.000186988601
-0.000187232765
-0.000187274399
-0.000187253453
-0.000202050343
-0.000198233533
-0.000195205002
-0.000201496033
-0.000187328435
-0.000187289737
-0.000187282982
-0.00018706134
-0.000187513007
-0.000188189918
-0.000188033927
-0.00018716503
-0.000186746853
-0.000187154846
-0.000187724835
-0.000189325519
-0.00020229817
-0.000197227092
-0.000199419925
-0.000201813754
-0.000187509848
-0.000187093695
-0.000186806955
-0.000186911956
-0.000187186165
-0.000187214541
-0.000187021381
-0.000187180905
-0.000187606996
-0.000187742535
-0.000189507307
-0.000201171817
-0.00019629099
-0.00019903838
-0.000189582491
-0.000187872876
-0.000187658712
-0.000187254934
-0.000187050592
-0.000187250392
-0.000187204695
-0.000186928932
-0.000186828314
-0.000187072834
-0.000187464222
-0.000199370372
-0.000201144736
-0.000200307683
-0.000189264162
-0.000187547631
-0.000187344584
-0.000187256725
-0.000187300054
-0.000187167846
-0.000186978021
-0.000187108419
-0.000187691047
-0.000188012215
-0.000202012636
-0.000199622279
-0.000197272057
-0.000201935702
-0.00018808206
-0.000187838113
-0.000187147074
-0.000186967706
-0.000187170835
-0.0001873032
-0.000187271644
-0.000187279657
-0.000187496564
-0.000189342453
-0.00020193838
-0.000199046015
-0.000196425164
-0.00020130576
-0.000202607916
-0.00018848335
-0.000187139768
-0.000187339542
-0.000187115895
-0.000186886191
-0.000188242582
-0.000199640092
-0.000201096878
-0.000199496173
-0.000198997236
-0.000200687833
-0.000201518162
-0.000188195944
-0.000186983741
-0.0001871792
-0.000187391477
-0.000187139879
-0.000188307055
-0.000202365218
-0.000202253049
-0.000199825707
-0.000197325463
-0.00020032091
-0.000199278373
-0.00020061524
-0.000200889531
-0.00019999675
-0.000200686518
-0.00019970462
-0.000196605445
-0.000198685814
-0.000201240551
-0.000199860679
-0.000200722267
-0.000200794615
-0.000200009524
-0.000200104729
-0.00019991116
-0.000195093686
-0.000150217237
-0.000151272591
-0.000151265243
-0.000153250583
-0.000154920689
-0.000155417911
-0.000154342615
-0.000152469065
-0.000150085305
-0.000151129497
-0.00014839564
-0.000148967322
-0.000150012519
-0.000149234943
-0.000151670847
-0.000154434652
-0.000155438645
-0.000155469447
-0.000154616417
-0.000151770364
-0.000150732164
-0.000150401637
-0.000150411793
-0.00015339956
-0.000141920113
-0.0001397772
-0.000138397295
-0.000137841807
-0.000150642902
-0.000151429569
-0.000151909752
-0.000150939309
-0.00014993714
-0.000137001014
-0.000138777901
-0.000140219034
-0.000153958091
-0.000152483191
-0.000149584182
-0.000154086434
-0.00014041248
-0.000139002181
-0.000137399484
-0.000150059664
-0.000150369798
-0.000151636006
-0.000151962175
-0.000150971877
-0.000137952813
-0.000138523589
-0.0001397343
-0.000141665093
-0.000154928678
-0.000152454809
-0.000154595132
-0.000142065859
-0.000140486744
-0.000139580701
-0.000138805009
-0.000138733568
-0.000138599593
-0.000138833226
-0.000139049199
-0.000138670814
-0.000138237194
-0.000138677557
-0.000139279339
-0.000140259216
-0.00014108055
-0.000155823552
-0.000152193971
-0.000149304233
-0.000155019585
-0.000141122824
-0.000140364233
-0.000139317647
-0.0001388402
-0.000138365958
-0.000138787135
-0.000139105379
-0.000138945419
-0.000138658117
-0.00013873105
-0.000138852529
-0.000139544738
-0.000140455468
-0.000141965506
-0.000156105847
-0.000152745611
-0.000152099852
-0.000142658796
-0.000141600125
-0.000140472914
-0.000139521035
-0.00013884859
-0.000138674335
-0.000138674332
-0.000138624488
-0.000138891536
-0.000139143385
-0.000138706776
-0.000138689237
-0.000139359899
-0.000140029502
-0.000140558535
-0.000141530735
-0.000155108238
-0.000150235021
-0.000153050187
-0.000141873089
-0.000140687464
-0.000140094902
-0.000139361966
-0.000138761711
-0.000138805745
-0.000139240961
-0.000138905935
-0.000138699069
-0.000138741251
-0.000138697252
-0.000138856976
-0.000139550485
-0.000140536764
-0.00014160994
-0.000142669601
-0.000153851697
-0.000153670145
-0.00014199662
-0.000141572532
-0.000140636398
-0.000139696167
-0.000138941879
-0.000138364656
-0.000138861503
-0.000139840592
-0.000140072475
-0.000139236321
-0.000138423711
-0.000138670537
-0.000139199162
-0.000139730874
-0.00014030351
-0.000140801231
-0.000155689449
-0.000151985183
-0.000148443216
-0.000155017628
-0.000140919154
-0.000140439402
-0.000139755204
-0.000139206536
-0.000138714489
-0.000138464184
-0.000139272736
-0.000140078383
-0.000139840301
-0.000138900213
-0.000138459981
-0.000138973445
-0.000139699022
-0.000140659922
-0.000141611031
-0.000141966083
-0.000155148601
-0.000150452541
-0.000156539137
-0.000142950625
-0.000141657636
-0.000140715109
-0.000139832185
-0.000139016624
-0.000138361519
-0.000138632025
-0.00013982774
-0.00014000459
-0.000138667337
-0.000137877507
-0.000138487388
-0.000139040997
-0.000139609505
-0.000140111818
-0.000140131216
-0.0001521572
-0.000152245924
-0.000149138501
-0.00015405453
-0.000140133617
-0.00014016655
-0.00013960909
-0.000139029657
-0.000138483584
-0.000137864592
-0.000138686951
-0.000140012839
-0.000139839702
-0.000138668997
-0.000138437551
-0.000139063759
-0.000139812807
-0.000140658509
-0.000141573755
-0.000142786991
-0.000157492644
-0.000153198146
-0.000157114161
-0.000142899397
-0.000141639422
-0.000140693148
-0.000139810817
-0.00013899151
-0.000138341327
-0.000138624706
-0.000139825127
-0.000139995862
-0.000138662012
-0.000137894578
-0.000138506553
-0.000139051417
-0.0001396146
-0.000140179042
-0.000140176165
-0.000151933823
-0.000152713279
-0.000149593403
-0.000154168907
-0.00014017549
-0.000140217187
-0.000139615824
-0.000139020288
-0.000138468825
-0.000137849125
-0.000138674036
-0.000140009346
-0.000139837097
-0.000138663613
-0.000138415441
-0.000139035595
-0.000139783512
-0.000140623268
-0.000141556008
-0.000142789332
-0.000158333127
-0.00015394811
-0.00015530259
-0.000142051278
-0.000141668912
-0.000140630178
-0.000139659307
-0.000138899943
-0.000138362951
-0.000138876866
-0.000139821812
-0.00014002281
-0.000139226074
-0.000138459833
-0.00013873692
-0.000139225697
-0.00013974738
-0.000140415975
-0.000140961758
-0.000154668937
-0.000152027686
-0.000148231435
-0.000155340815
-0.000140930209
-0.000140464219
-0.000139756519
-0.000139186469
-0.000138655996
-0.000138404854
-0.000139243326
-0.000140089799
-0.000139834485
-0.000138869122
-0.000138370964
-0.000138909096
-0.000139609861
-0.000140520457
-0.000141413713
-0.000141821533
-0.000156312568
-0.000152134297
-0.000152980442
-0.000142819399
-0.000141730555
-0.000140505316
-0.000139480882
-0.000138773798
-0.000138630628
-0.000138740315
-0.000138662631
-0.000138801718
-0.000139143327
-0.000138793612
-0.000138789882
-0.000139355184
-0.000140012106
-0.000140550657
-0.000141619779
-0.000155483385
-0.000151250567
-0.000154171069
-0.000141728868
-0.000140647659
-0.000140063464
-0.000139349398
-0.000138675447
-0.000138726834
-0.000139152446
-0.00013893133
-0.000138616288
-0.000138647469
-0.000138582405
-0.000138733654
-0.000139422597
-0.000140395137
-0.000141432215
-0.000142542565
-0.000155106735
-0.000149635351
-0.000150199437
-0.000155428747
-0.000142106355
-0.000140480491
-0.000139499522
-0.000138714778
-0.0001386128
-0.000138566308
-0.000138872422
-0.000139022621
-0.000138723918
-0.000138418973
-0.000138749027
-0.000139213436
-0.000140220169
-0.000141010789
-0.00015557987
-0.000154260168
-0.000151885312
-0.000156647125
-0.000141103007
-0.000140326824
-0.000139330432
-0.000138779086
-0.000138324187
-0.000138666528
-0.000139065471
-0.000138864441
-0.000138576706
-0.000138547786
-0.000138631619
-0.000139523021
-0.000140503459
-0.000142083878
-0.000154994849
-0.000153028027
-0.000153852706
-0.000156238116
-0.000141887766
-0.00013974731
-0.000138646331
-0.00013794634
-0.000150411643
-0.000150881262
-0.000151280912
-0.00015055984
-0.000149831213
-0.000137166221
-0.000138799299
-0.000140113203
-0.000152971644
-0.000154523353
-0.000149809093
-0.000152262101
-0.000153752472
-0.000140309264
-0.000139065323
-0.000137404448
-0.000150097172
-0.000150008543
-0.000151105209
-0.000151310603
-0.000150636313
-0.00013773468
-0.000138329712
-0.000139902142
-0.000141901461
-0.000155064927
-0.000154685012
-0.000149589578
-0.000154695893
-0.000153691086
-0.000151263281
-0.000148796383
-0.00014931167
-0.000150966814
-0.000151444905
-0.000150428219
-0.000148809348
-0.000147740961
-0.000152493635
-0.000152700854
-0.000152495717
-0.000151163779
-0.000153600977
-0.000152987869
-0.000148768166
-0.000148117819
-0.000149967181
-0.00015138431
-0.000151545439
-0.000150368208
-0.000148593382
-0.000148616578
-0.000153263955
-0.000154722294
-0.000151984067
-0.000102619069
-0.000103985371
-0.000104239346
-0.000106024416
-0.000104529992
-0.000104252172
-0.000104391454
-0.00010428664
-0.000105969957
-0.000105092376
-0.000105503155
-0.00010268624
-0.000102517887
-0.000108390445
-9.44374663e-05
-9.16828434e-05
-9.01606856e-05
-0.000101061466
-0.000100928823
-0.000102675098
-0.000107049635
-0.000105620166
-0.000101142642
-9.94422291e-05
-0.000100032803
-9.15815173e-05
-9.40747032e-05
-9.55884593e-05
-0.000106924731
-0.000103710513
-9.57461285e-05
-9.4270514e-05
-9.15961129e-05
-0.000102973644
-9.97164739e-05
-0.000100914405
-0.000104090739
-0.000105828836
-0.000101762245
-0.000101011005
-8.99988528e-05
-9.17018515e-05
-9.45748379e-05
-0.000109734219
-0.00010715899
-0.000108019056
-9.58915338e-05
-9.42412934e-05
-9.2583947e-05
-9.15515066e-05
-8.90812538e-05
-0.000102120604
-0.000100590418
-0.000101554316
-0.000103887998
-0.000104985458
-0.000103263503
-0.000100576731
-0.000100735435
-0.000102539695
-9.13309999e-05
-9.19798409e-05
-9.31824005e-05
-9.38518503e-05
-0.000107545416
-0.000105233364
-0.000102242774
-0.000107895274
-9.39887058e-05
-9.33248484e-05
-9.19983966e-05
-9.12699927e-05
-0.00010257583
-0.000102504961
-9.96570206e-05
-0.000101895226
-0.000104522666
-0.00010475076
-0.000102399686
-0.000100393081
-0.000100717058
-8.89397322e-05
-9.15893141e-05
-9.26634358e-05
-9.4236085e-05
-9.58074767e-05
-0.000109873867
-0.000105869318
-0.000104837696
-9.58225626e-05
-9.46795861e-05
-9.39272135e-05
-9.28834497e-05
-9.18198989e-05
-9.12993575e-05
-0.000102478939
-0.000102885984
-0.000101074237
-9.9673854e-05
-9.99365091e-05
-0.000101813719
-0.000103313564
-0.000102147888
-9.12845231e-05
-9.16265408e-05
-9.21599751e-05
-9.30209459e-05
-9.38885495e-05
-9.50756897e-05
-0.000108961141
-0.000103213039
-0.000106122991
-9.49742874e-05
-9.40255219e-05
-9.31704687e-05
-9.21948862e-05
-9.15369109e-05
-9.1106468e-05
-0.000102268574
-0.000102680921
-0.000102416929
-0.000100495774
-9.98982017e-05
-0.000101008254
-0.000103146678
-0.000102489198
-9.12616303e-05
-9.18905639e-05
-9.29332849e-05
-9.39200046e-05
-9.45819629e-05
-9.56401254e-05
-0.000106789551
-0.000106404595
-9.53130873e-05
-9.50932255e-05
-9.43155014e-05
-9.34106006e-05
-9.24030456e-05
-9.15023269e-05
-9.1182398e-05
-0.000102259121
-0.000102767664
-0.000104656243
-0.000105377495
-0.000104673376
-0.000102633212
-9.0595771e-05
-9.090927e-05
-9.14021988e-05
-9.20146603e-05
-9.27396661e-05
-9.36222105e-05
-9.40933265e-05
-0.000109067081
-0.000106297324
-0.000108289338
-9.415353e-05
-9.36461734e-05
-9.27761189e-05
-9.19975928e-05
-9.13037077e-05
-9.08211421e-05
-9.06483803e-05
-0.000102302669
-0.000103614107
-0.000105293662
-0.000105121989
-0.000103844199
-0.000102259293
-9.12498341e-05
-9.15079256e-05
-9.24244772e-05
-9.34345152e-05
-9.42900018e-05
-9.49818946e-05
-9.5174998e-05
-0.000108115448
-0.000102796644
-0.000109268991
-9.66289653e-05
-9.59857199e-05
-9.4850171e-05
-9.36836998e-05
-9.25225719e-05
-9.14432234e-05
-9.12263364e-05
-0.000102161197
-0.000101911869
-0.000103836546
-0.000104923866
-0.000103025681
-0.000100975838
-9.09031017e-05
-9.11286361e-05
-9.14077651e-05
-9.18579486e-05
-9.24726718e-05
-9.31746755e-05
-9.35993914e-05
-0.000105590679
-0.000105231521
-0.000101625715
-0.000107218911
-9.36209764e-05
-9.31762711e-05
-9.24482888e-05
-9.1794054e-05
-9.12869496e-05
-9.10636085e-05
-9.08485309e-05
-0.000101349877
-0.00010169637
-0.000104296305
-0.000104731675
-0.000102710263
-0.000101841865
-9.13066075e-05
-9.14584459e-05
-9.25161162e-05
-9.36716212e-05
-9.47967209e-05
-9.58959829e-05
-9.639857e-05
-0.000110408481
-0.00010549697
-0.000109451491
-9.65669221e-05
-9.59698208e-05
-9.48347024e-05
-9.3659769e-05
-9.24811184e-05
-9.14079458e-05
-9.12365366e-05
-0.00010259439
-0.000101735212
-0.000103438087
-0.000104493775
-0.000102505534
-0.000100539925
-9.09148867e-05
-9.11654432e-05
-9.13968798e-05
-9.18742554e-05
-9.24822727e-05
-9.31691165e-05
-9.35736362e-05
-0.000105357881
-0.000105361319
-0.000101649986
-0.000107170486
-9.36003415e-05
-9.31849033e-05
-9.24611961e-05
-9.18119753e-05
-9.12868127e-05
-9.10927031e-05
-9.08769913e-05
-0.000100960654
-0.000101174876
-0.000103821505
-0.000104319946
-0.000102354337
-0.000102073865
-9.12740833e-05
-9.1408776e-05
-9.24865834e-05
-9.36301214e-05
-9.47612401e-05
-9.59053712e-05
-9.64730564e-05
-0.00011118848
-0.000106459913
-0.000107885554
-9.52619452e-05
-9.50843064e-05
-9.43104542e-05
-9.33750666e-05
-9.23111722e-05
-9.14345283e-05
-9.11677539e-05
-0.000101958907
-0.000102226395
-0.000104433633
-0.000105456897
-0.000103862219
-0.000101818143
-9.07177498e-05
-9.10649363e-05
-9.14292557e-05
-9.20532343e-05
-9.27857124e-05
-9.36168696e-05
-9.40251371e-05
-0.000108027092
-0.000106028043
-0.000102386888
-0.000108405666
-9.40904576e-05
-9.36484813e-05
-9.27837349e-05
-9.20446197e-05
-9.13581471e-05
-9.08935559e-05
-9.05652231e-05
-0.000101835958
-0.00010257365
-0.000104998458
-0.000105268781
-0.000103262435
-0.000101717508
-9.11583507e-05
-9.1417414e-05
-9.23396432e-05
-9.33012441e-05
-9.41742789e-05
-9.49325992e-05
-9.51884563e-05
-0.000109394574
-0.000104540134
-0.000105615837
-9.5649277e-05
-9.46865824e-05
-9.39508381e-05
-9.28488624e-05
-9.17436261e-05
-9.11923825e-05
-0.00010266664
-0.000102559123
-0.000103330499
-0.000101990317
-0.000101375409
-0.000104682879
-0.000103346185
-0.000102237201
-9.12786369e-05
-9.15822598e-05
-9.21940297e-05
-9.31174521e-05
-9.40011713e-05
-9.5148812e-05
-0.000108673166
-0.000104136818
-0.000107491078
-9.50164742e-05
-9.39514474e-05
-9.31388925e-05
-9.22585821e-05
-9.16668052e-05
-9.12093949e-05
-0.000102105404
-0.00010239836
-0.000104126103
-0.000102655529
-0.000101096858
-0.000103764191
-0.000102760924
-0.000102586428
-9.11134422e-05
-9.17397224e-05
-9.27675248e-05
-9.37706236e-05
-9.44630695e-05
-9.58592977e-05
-0.000108254983
-0.000102122334
-0.00010310993
-0.000108673388
-9.59133234e-05
-9.4257401e-05
-9.25402082e-05
-9.14425902e-05
-8.88027303e-05
-0.000101919582
-0.00010269133
-9.98479714e-05
-0.000100973727
-0.000101575277
-0.000101203459
-0.000100804383
-0.000102565043
-0.000102663267
-9.12213782e-05
-9.1957966e-05
-9.31834339e-05
-9.39014425e-05
-0.000106428181
-0.000107245588
-0.000104920389
-0.000108346637
-9.38904613e-05
-9.32293965e-05
-9.20794033e-05
-9.15196835e-05
-0.000102923375
-0.000102455613
-0.000100698321
-0.000100312021
-0.000101514105
-0.000101139473
-0.000100198118
-0.000101460695
-0.000102016478
-8.88999339e-05
-9.15507649e-05
-9.24994964e-05
-9.41129345e-05
-9.57567667e-05
-0.000108830264
-0.000106612731
-0.000107115599
-0.000110729572
-9.45950913e-05
-9.17784142e-05
-9.00151319e-05
-0.000102215366
-0.000100897425
-0.000101027892
-0.000103699174
-0.000106350068
-0.000107547493
-0.000105920067
-0.0001026412
-0.000100144712
-0.000100091579
-0.00010217189
-9.15797971e-05
-9.39352225e-05
-9.54850324e-05
-0.000108009916
-0.000103668811
-0.00010579234
-9.57763131e-05
-9.41513658e-05
-9.17445252e-05
-0.000103182112
-0.000102179175
-0.000100471464
-0.000101464068
-0.000103731333
-0.000107096936
-0.000107399051
-0.000104840397
-0.000102659661
-9.91616339e-05
-0.000102232492
-9.01649651e-05
-9.16766616e-05
-9.4423557e-05
-0.000109671624
-0.000108864785
-0.000104354139
-0.000107414988
-0.000105759134
-0.000101766866
-0.00010126288
-0.000104023132
-0.000101986947
-9.93544831e-05
-0.000102376529
-0.000107745984
-0.000107952629
-0.000106774025
-0.000109314656
-0.000107036599
-0.000101862461
-0.000100004442
-0.000103968402
-0.000105327188
-0.000102102236
-0.000102701348
-0.000101843518
-0.000106488806
-0.000106540071
-5.59343456e-05
-5.75138574e-05
-5.82110596e-05
-6.02569406e-05
-5.72025298e-05
-5.67072248e-05
-5.80366727e-05
-6.0844374e-05
-6.02644067e-05
-5.84887639e-05
-5.67699866e-05
-5.67103054e-05
-6.06983628e-05
-4.80979043e-05
-4.58930591e-05
-4.43771711e-05
-5.40410437e-05
-5.5073056e-05
-6.05689111e-05
-5.48069784e-05
-5.45526828e-05
-4.51596825e-05
-4.73157999e-05
-4.84498731e-05
-5.9598131e-05
-5.60748006e-05
-4.85889912e-05
-4.76951576e-05
-4.56721141e-05
-5.69142493e-05
-5.35232417e-05
-5.66741191e-05
-5.73547304e-05
-5.40904625e-05
-4.43479648e-05
-4.5853216e-05
-4.79469596e-05
-6.22151649e-05
-5.93928461e-05
-6.05975877e-05
-4.86583547e-05
-4.76700694e-05
-4.62883859e-05
-4.4996057e-05
-5.57350487e-05
-5.43086606e-05
-5.4821148e-05
-5.9105721e-05
-5.42628974e-05
-5.31524012e-05
-4.38904852e-05
-4.53216915e-05
-4.64104915e-05
-4.73297929e-05
-6.23430214e-05
-5.96639163e-05
-6.19038378e-05
-4.74176614e-05
-4.64860327e-05
-4.55055226e-05
-4.41367792e-05
-5.5054738e-05
-5.21972954e-05
-5.71595843e-05
-5.62808383e-05
-5.35899764e-05
-5.58206545e-05
-4.51474405e-05
-4.62196727e-05
-4.75749106e-05
-4.86831794e-05
-6.26047196e-05
-5.78578083e-05
-5.56886158e-05
-4.86172502e-05
-4.75041159e-05
-4.71109426e-05
-4.62700643e-05
-4.53871638e-05
-4.41866423e-05
-5.55534231e-05
-5.27291018e-05
-5.67451883e-05
-5.61489797e-05
-5.45426496e-05
-4.32668811e-05
-4.44828335e-05
-4.5434143e-05
-4.65371091e-05
-4.75581656e-05
-4.8789454e-05
-6.20461102e-05
-6.0338859e-05
-4.87293698e-05
-4.75623903e-05
-4.65542598e-05
-4.54879714e-05
-4.45452676e-05
-4.32222176e-05
-5.57103808e-05
-5.37224074e-05
-5.77739388e-05
-5.84653714e-05
-5.44734708e-05
-5.38225755e-05
-4.43273162e-05
-4.54369587e-05
-4.62168364e-05
-4.70384149e-05
-4.7503545e-05
-4.88316999e-05
-6.05426936e-05
-5.73764083e-05
-4.81998393e-05
-4.77255961e-05
-4.73689376e-05
-4.67772706e-05
-4.59830554e-05
-4.54689226e-05
-5.65196144e-05
-5.65447812e-05
-5.45041708e-05
-5.93865261e-05
-5.86720952e-05
-5.33792505e-05
-5.55505323e-05
-4.41131915e-05
-4.42723151e-05
-4.52169593e-05
-4.62788723e-05
-4.73264999e-05
-4.81612897e-05
-6.28134849e-05
-5.84169762e-05
-6.12888648e-05
-4.80874737e-05
-4.73588138e-05
-4.62967308e-05
-4.52191218e-05
-4.4294539e-05
-4.40599946e-05
-5.5536485e-05
-5.28199295e-05
-5.58759735e-05
-5.99148032e-05
-5.80355574e-05
-5.39740408e-05
-5.66150542e-05
-4.56242063e-05
-4.60902451e-05
-4.67618133e-05
-4.7313534e-05
-4.77140672e-05
-4.84009699e-05
-6.16217871e-05
-5.93038447e-05
-4.81946442e-05
-4.84453026e-05
-4.79739776e-05
-4.7391798e-05
-4.67292638e-05
-4.61467046e-05
-5.70605882e-05
-5.60868226e-05
-5.31735125e-05
-5.81102132e-05
-5.75394614e-05
-5.368624e-05
-5.55136329e-05
-4.37015819e-05
-4.41490917e-05
-4.50003132e-05
-4.58902848e-05
-4.6734429e-05
-4.73319834e-05
-6.18826717e-05
-6.07608182e-05
-6.20015835e-05
-4.72615708e-05
-4.67324632e-05
-4.58827874e-05
-4.49590906e-05
-4.40738552e-05
-4.35071261e-05
-5.50630078e-05
-5.59349579e-05
-5.43778038e-05
-5.84439791e-05
-5.90146534e-05
-5.56766179e-05
-5.30809961e-05
-5.65322186e-05
-4.626149e-05
-4.68183152e-05
-4.73922724e-05
-4.7939457e-05
-4.84203268e-05
-4.81073374e-05
-6.16932732e-05
-6.00181976e-05
-4.81122655e-05
-4.84085755e-05
-4.79746139e-05
-4.74010799e-05
-4.67174793e-05
-4.6089604e-05
-5.69844725e-05
-5.60642864e-05
-5.36558893e-05
-5.89677458e-05
-5.70924694e-05
-5.35355193e-05
-5.58229396e-05
-4.3683353e-05
-4.41399921e-05
-4.50017758e-05
-4.58938481e-05
-4.67374196e-05
-4.73369116e-05
-5.89461406e-05
-5.94013863e-05
-5.64556532e-05
-6.04122415e-05
-4.72646339e-05
-4.67397315e-05
-4.58796097e-05
-4.49552306e-05
-4.40672196e-05
-4.35633565e-05
-5.52392523e-05
-5.62928952e-05
-5.40258558e-05
-5.78004292e-05
-6.01104059e-05
-5.56908184e-05
-5.41612137e-05
-5.64675416e-05
-4.61736292e-05
-4.67530308e-05
-4.73781961e-05
-4.79376488e-05
-4.8427249e-05
-4.81986778e-05
-6.21078399e-05
-5.83018405e-05
-4.82171389e-05
-4.76838604e-05
-4.73487582e-05
-4.67788725e-05
-4.5937257e-05
-4.53097702e-05
-5.68287115e-05
-5.62544025e-05
-5.35066336e-05
-5.79344948e-05
-5.84084041e-05
-5.31331939e-05
-5.54004673e-05
-4.41699123e-05
-4.4367975e-05
-4.52636489e-05
-4.62989016e-05
-4.73478753e-05
-4.82004589e-05
-6.30345583e-05
-6.00278715e-05
-6.20586104e-05
-4.81161762e-05
-4.73877896e-05
-4.6286533e-05
-4.52279165e-05
-4.4359437e-05
-4.41807582e-05
-5.52634111e-05
-5.36382869e-05
-5.49290991e-05
-5.95760558e-05
-5.65354036e-05
-5.30636006e-05
-5.66857334e-05
-4.5409424e-05
-4.59188329e-05
-4.67241458e-05
-4.72997338e-05
-4.76511619e-05
-4.81863824e-05
-6.08626906e-05
-5.63659411e-05
-4.86040226e-05
-4.74390892e-05
-4.70381884e-05
-4.62414807e-05
-4.52818386e-05
-4.40462301e-05
-5.5893731e-05
-5.45919854e-05
-5.57154628e-05
-5.97923927e-05
-5.78024149e-05
-5.44751391e-05
-5.60391842e-05
-4.32516104e-05
-4.46978204e-05
-4.55328458e-05
-4.65768549e-05
-4.75504081e-05
-4.86290063e-05
-6.17549081e-05
-5.80373621e-05
-6.06718216e-05
-4.86838689e-05
-4.75471354e-05
-4.65234107e-05
-4.54478346e-05
-4.46422877e-05
-4.33888318e-05
-5.60309916e-05
-5.36434053e-05
-5.6657288e-05
-5.86915338e-05
-5.37977892e-05
-5.60320826e-05
-4.40848633e-05
-4.51990987e-05
-4.61498532e-05
-4.7051239e-05
-4.74175124e-05
-4.86514628e-05
-6.04233895e-05
-6.11353862e-05
-4.86888463e-05
-4.75735456e-05
-4.62694772e-05
-4.49774842e-05
-5.54017346e-05
-5.54341448e-05
-5.33340362e-05
-5.69053721e-05
-5.77551909e-05
-5.28283656e-05
-5.52463075e-05
-4.39527871e-05
-4.53599405e-05
-4.64169643e-05
-4.73893148e-05
-6.23319783e-05
-6.10841805e-05
-5.92298674e-05
-6.28259837e-05
-4.73323872e-05
-4.64526238e-05
-4.53829104e-05
-4.40346702e-05
-5.58377035e-05
-5.41466906e-05
-5.52022519e-05
-5.95800753e-05
-5.53816105e-05
-5.32521133e-05
-5.51840667e-05
-4.46862443e-05
-4.61797383e-05
-4.76099644e-05
-4.87781172e-05
-6.11522188e-05
-5.99600527e-05
-5.92292062e-05
-6.32514318e-05
-4.77744455e-05
-4.56711692e-05
-4.41727803e-05
-5.59036232e-05
-5.39681838e-05
-5.60167698e-05
-5.71470177e-05
-5.22039398e-05
-5.54428898e-05
-4.53486631e-05
-4.74760826e-05
-4.8399982e-05
-6.1424447e-05
-5.5852946e-05
-5.90403052e-05
-4.87671047e-05
-4.77057871e-05
-4.56395785e-05
-5.62786505e-05
-5.35297468e-05
-5.43994079e-05
-5.93804733e-05
-5.54889673e-05
-5.45844469e-05
-4.41887298e-05
-4.55582511e-05
-4.77213176e-05
-6.2421968e-05
-6.11540528e-05
-5.69586042e-05
-6.04788352e-05
-5.92784227e-05
-5.48338596e-05
-5.47603545e-05
-5.86716956e-05
-5.57185285e-05
-5.64644292e-05
-6.11036815e-05
-6.07580159e-05
-5.95915554e-05
-6.27917109e-05
-6.12853334e-05
-5.66149441e-05
-5.6521244e-05
-5.63207848e-05
-5.45792347e-05
-5.52593037e-05
-5.97793912e-05
-5.93719409e-05
-9.75991433e-06
-1.25966153e-05
-1.17566287e-05
-1.30384331e-05
-1.17785373e-05
-1.20524093e-05
-1.13151209e-05
-1.24265193e-05
-1.30657446e-05
-1.19947701e-05
-9.72252779e-06
-9.00600911e-06
-1.07767698e-05
-8.92177332e-07
1.05123931e-06
2.51300805e-06
-8.02290479e-06
-1.03764784e-05
-8.59918216e-06
-8.04054328e-06
1.72568166e-06
-9.29625251e-07
-1.72004855e-05
-1.48321766e-05
-1.66826015e-05
-8.45342125e-07
1.74470829e-06
-9.88801799e-06
-7.58568641e-06
-1.04291313e-05
-1.32054221e-05
-8.24900129e-06
2.29918593e-06
1.31334218e-06
-6.1606133e-07
-1.42011219e-05
1.1055052e-06
-1.31623759e-07
3.16118549e-07
1.16203529e-06
-9.50099553e-06
-6.93511011e-06
-9.24358777e-06
-8.52901589e-06
-7.23907262e-06
2.76513786e-06
1.50288376e-06
-4.37681574e-07
-3.33108323e-06
-1.83403129e-05
-1.42908252e-05
-1.5819812e-05
-3.4139626e-06
-5.26343598e-07
1.34366586e-06
2.6468995e-06
-9.08978609e-06
-7.33452002e-06
-1.06309384e-05
-8.2466852e-06
-9.14101613e-06
1.27993307e-06
3.77277917e-07
-1.13947781e-07
9.69529924e-07
1.4473513e-06
5.60057857e-07
7.74758162e-07
1.26387966e-06
2.22330621e-06
-9.37780071e-06
-7.80735439e-06
-1.24045947e-05
-1.12780697e-05
-7.13831712e-06
3.26774657e-06
1.55510916e-06
8.29044838e-07
-5.32607041e-07
-2.08958669e-06
-3.70052582e-06
-1.52351025e-05
-1.33887405e-05
-3.57647402e-06
-2.00993788e-06
-5.16467653e-07
7.88629359e-07
1.54781158e-06
3.42086471e-06
-9.2317725e-06
-8.71096909e-06
-9.68808545e-06
-7.96374201e-06
2.29446201e-06
1.39242072e-06
7.5096393e-07
4.09313558e-07
1.20951894e-06
1.78557048e-06
7.05170846e-07
6.39207736e-07
1.03742381e-06
1.31790937e-06
-9.85335972e-06
-7.5691748e-06
-1.1059399e-05
-9.00012577e-06
-6.50848687e-06
3.14437322e-06
1.76283782e-06
8.61692503e-07
-3.83987341e-07
-1.79310791e-06
-2.60224278e-06
-1.62320239e-05
-1.17589305e-05
-1.48288568e-05
-2.63968825e-06
-1.68615613e-06
-2.87583062e-07
9.00910497e-07
1.81347271e-06
3.21669428e-06
-8.38789549e-06
-6.13238959e-06
-1.21814997e-05
-1.38868666e-05
-8.66199753e-06
-1.00746907e-05
1.3946242e-06
1.04335996e-06
5.76778699e-07
5.69197844e-07
1.60100951e-06
1.39335109e-06
4.99643958e-07
2.4069099e-07
3.73258294e-07
3.19527292e-07
-1.10878935e-05
-1.12556629e-05
-1.07810694e-05
-7.27966209e-06
-8.32212761e-06
2.97121911e-06
2.40823248e-06
1.21402774e-06
-1.46442819e-07
-1.5517937e-06
-2.90574492e-06
-1.81720023e-05
-1.39656317e-05
-1.68226312e-05
-2.76432455e-06
-1.42631364e-06
-4.20520195e-08
1.2734149e-06
2.45136883e-06
3.100006e-06
-8.35869534e-06
-5.87680917e-06
-9.60054384e-06
-1.30628066e-05
-9.6116062e-06
-1.13061886e-05
2.78303889e-07
3.55169934e-07
2.04422386e-07
4.48374129e-07
1.3320995e-06
1.36545747e-06
4.81323003e-07
2.14165127e-07
3.37618655e-07
2.82421474e-07
-1.14139805e-05
-1.14986707e-05
-1.02431817e-05
-1.3497127e-05
-6.78112483e-06
-8.0379863e-06
3.01326456e-06
2.42803458e-06
1.21318779e-06
-1.2968963e-07
-1.48443187e-06
-2.8035015e-06
-1.82136029e-05
-1.38857125e-05
-1.03152416e-05
-1.74826222e-05
-2.93449762e-06
-1.47559687e-06
-5.53032968e-08
1.27377527e-06
2.46207582e-06
3.11251403e-06
-8.02811543e-06
-5.39638281e-06
-1.02926095e-05
-1.27261365e-05
-9.22362865e-06
-1.14725986e-05
2.71929737e-07
3.81282264e-07
2.28291569e-07
4.72490121e-07
1.36984742e-06
1.6051773e-06
6.15319125e-07
5.9218326e-07
1.0465623e-06
1.24158925e-06
-1.04352634e-05
-8.53968221e-06
-1.08817479e-05
-8.07803603e-06
-8.62748663e-06
3.04630612e-06
1.77989436e-06
8.60106017e-07
-3.47037016e-07
-1.71913121e-06
-2.56475035e-06
-1.70182623e-05
-1.31974513e-05
-1.61772202e-05
-2.62896753e-06
-1.69623085e-06
-2.8062524e-07
9.09783972e-07
1.82052756e-06
3.1832545e-06
-8.55352882e-06
-6.86107284e-06
-1.05995571e-05
-1.39268642e-05
-8.33904095e-06
-1.03150326e-05
1.26094252e-06
1.06988811e-06
6.43748837e-07
6.91148459e-07
1.74872394e-06
1.25074246e-06
4.49051401e-07
7.32364027e-07
1.38440041e-06
2.29018097e-06
-9.61603962e-06
-7.71847631e-06
-1.14286845e-05
-9.81467111e-06
-6.57353218e-06
3.07342525e-06
1.50656833e-06
8.11640377e-07
-4.72114837e-07
-1.94027735e-06
-3.68766698e-06
-1.64924529e-05
-1.11796253e-05
-1.44341031e-05
-3.63365399e-06
-1.91979833e-06
-4.20752218e-07
8.41584935e-07
1.54034942e-06
3.39939687e-06
-8.72024598e-06
-7.32424635e-06
-1.27492518e-05
-9.18876936e-06
-9.69559255e-06
2.31798252e-06
1.31244628e-06
7.86172254e-07
5.72208589e-07
1.48969827e-06
1.05373213e-06
-1.56206029e-07
2.55100149e-07
1.17423036e-06
-9.27868531e-06
-7.15831471e-06
-7.25755439e-06
-1.28145452e-05
-7.66862102e-06
-9.39356793e-06
2.66700942e-06
1.42958187e-06
-3.83202697e-07
-3.3467356e-06
-1.6901609e-05
-1.45668397e-05
-1.18212016e-05
-1.70390623e-05
-3.25439064e-06
-3.9798172e-07
1.42928669e-06
2.69018458e-06
-9.38454246e-06
-8.14267364e-06
-1.01615058e-05
-9.00406483e-06
-5.59003061e-06
-8.77149411e-06
1.10556968e-06
2.83560886e-07
-5.89145371e-08
1.22062168e-06
-1.2036266e-05
-7.27682218e-07
1.22186294e-06
2.4441681e-06
-9.72207805e-06
-8.09973258e-06
-1.29660731e-05
-9.74129001e-06
-6.53151088e-06
-8.69298556e-06
1.95356318e-06
-7.53530019e-07
-1.71381993e-05
-1.77186917e-05
-1.53203705e-05
-1.85766598e-05
-1.07773437e-06
1.62831225e-06
-9.38165727e-06
-7.34320833e-06
-8.28756815e-06
-1.04232561e-05
-8.51965236e-06
2.51931146e-06
8.9669503e-07
-6.09796463e-07
-1.33471987e-05
-7.29822804e-06
-1.36759113e-05
-1.31160774e-05
-7.9281399e-06
-8.87993938e-06
-1.26280826e-05
-9.13926422e-06
-9.79458698e-06
-1.40176736e-05
-1.4489284e-05
-1.20400897e-05
-1.56839553e-05
-1.38875135e-05
-9.9340696e-06
-1.05317574e-05
-1.050127e-05
-7.10360992e-06
-8.9428045e-06
-1.29932117e-05
-1.11257138e-05
3.56299213e-05
3.25471654e-05
3.38367942e-05
3.54433673e-05
3.49914772e-05
3.58030981e-05
3.40748792e-05
3.38967462e-05
3.30993462e-05
3.37905498e-05
4.82895577e-05
4.8724736e-05
3.72926685e-05
3.70759485e-05
3.84549812e-05
3.89538331e-05
4.71388373e-05
4.42928105e-05
2.94131656e-05
3.18281184e-05
3.05139098e-05
4.41959208e-05
4.67983071e-05
3.65751967e-05
4.04542927e-05
3.6819271e-05
3.33922957e-05
3.86095243e-05
4.87654881e-05
4.81830271e-05
4.91705425e-05
4.85071889e-05
4.96556663e-05
3.77655287e-05
3.70461235e-05
3.83584218e-05
4.0158357e-05
4.93112916e-05
4.63971139e-05
4.44970922e-05
4.30288825e-05
2.85720082e-05
3.27284068e-05
3.06339551e-05
4.29590215e-05
4.46113785e-05
4.63876704e-05
4.93091655e-05
3.85435344e-05
4.04494474e-05
3.5810557e-05
3.82004403e-05
4.98249208e-05
4.84558223e-05
4.90823696e-05
4.94601418e-05
4.8941047e-05
4.93548584e-05
3.71000639e-05
3.87935442e-05
3.31043246e-05
3.49067181e-05
3.85245634e-05
4.97396269e-05
4.80801043e-05
4.65885005e-05
4.52743559e-05
4.43617984e-05
4.26361025e-05
3.01822782e-05
3.49679975e-05
3.25434355e-05
4.2616582e-05
4.43461196e-05
4.53412393e-05
4.66288378e-05
4.81246998e-05
4.97567986e-05
3.7107398e-05
3.73438594e-05
3.65184328e-05
3.8793185e-05
4.93336732e-05
4.88188452e-05
4.93518643e-05
4.94956616e-05
4.86270078e-05
4.83921238e-05
3.72912429e-05
3.92295477e-05
3.61017604e-05
3.7376125e-05
3.68269377e-05
4.86913563e-05
4.79203851e-05
4.66189033e-05
4.54555632e-05
4.4500784e-05
4.42112156e-05
3.00580898e-05
3.34052418e-05
3.58105811e-05
3.10961777e-05
4.42102147e-05
4.45134735e-05
4.55181297e-05
4.67294644e-05
4.80653558e-05
4.87709544e-05
3.71509472e-05
3.85588537e-05
3.48097641e-05
3.86014356e-05
3.73403241e-05
4.82513895e-05
4.85297279e-05
4.94053328e-05
4.94645071e-05
4.84463066e-05
4.79444509e-05
3.62696623e-05
3.5648011e-05
3.50400508e-05
3.89910858e-05
3.8333604e-05
4.91056217e-05
4.77243092e-05
4.64776408e-05
4.52938996e-05
4.43079782e-05
4.45984595e-05
3.37084973e-05
3.31855117e-05
3.46716958e-05
3.20576345e-05
4.43947362e-05
4.4297059e-05
4.53526648e-05
4.66145187e-05
4.79040793e-05
4.91729227e-05
3.82536644e-05
4.05207092e-05
3.56939333e-05
3.16143812e-05
3.69781319e-05
3.60504162e-05
4.78678073e-05
4.83702315e-05
4.94170271e-05
4.94127709e-05
4.83936356e-05
4.78780886e-05
3.59706608e-05
3.53350463e-05
3.53253929e-05
3.95280898e-05
3.88518528e-05
4.89472103e-05
4.77248061e-05
4.65138309e-05
4.53367601e-05
4.43250059e-05
4.45080483e-05
3.40750957e-05
3.27633053e-05
3.41275739e-05
3.21659708e-05
4.43975399e-05
4.42424167e-05
4.53364852e-05
4.66019749e-05
4.78831493e-05
4.91091778e-05
3.86072908e-05
4.11883474e-05
3.64897424e-05
3.19797237e-05
3.68765234e-05
3.58047946e-05
4.78814424e-05
4.83628985e-05
4.94190992e-05
4.93319455e-05
4.84778316e-05
4.83188293e-05
3.68928021e-05
3.8058691e-05
3.56120708e-05
3.78623652e-05
3.762668e-05
4.85973163e-05
4.79199915e-05
4.6679907e-05
4.55249345e-05
4.45756819e-05
4.42470432e-05
3.13395821e-05
3.33838204e-05
3.57532954e-05
3.12401319e-05
4.42696923e-05
4.44722364e-05
4.550199e-05
4.6738235e-05
4.80541734e-05
4.87330151e-05
3.77393887e-05
3.96325495e-05
3.49361552e-05
3.2458659e-05
3.8425934e-05
3.68246196e-05
4.83430289e-05
4.85402517e-05
4.94269789e-05
4.92754172e-05
4.87485251e-05
4.92674097e-05
3.73652895e-05
3.90149741e-05
3.44729541e-05
3.7128934e-05
3.83900573e-05
4.96732613e-05
4.80874744e-05
4.66818763e-05
4.53506088e-05
4.44156268e-05
4.2476994e-05
2.91624706e-05
3.39634515e-05
3.14651359e-05
4.26916174e-05
4.43110975e-05
4.53449393e-05
4.67057871e-05
4.81887388e-05
4.977276e-05
3.69471304e-05
3.86778374e-05
3.70439857e-05
3.70553398e-05
4.94055351e-05
4.88688391e-05
4.93699112e-05
4.90184627e-05
4.83540365e-05
4.95328368e-05
3.68582406e-05
3.80794161e-05
3.31575306e-05
3.87233909e-05
3.77769183e-05
4.94733855e-05
4.64827495e-05
4.45166775e-05
4.29369061e-05
2.95543456e-05
3.07105388e-05
3.2723874e-05
2.90200516e-05
4.30146899e-05
4.46404309e-05
4.65334704e-05
4.92720192e-05
3.78738924e-05
3.88372587e-05
3.6256003e-05
3.65663277e-05
3.85226181e-05
4.96789135e-05
4.8444831e-05
4.90551047e-05
4.81861063e-05
4.86878938e-05
3.61667584e-05
3.81115308e-05
3.3997239e-05
3.74936847e-05
4.13553062e-05
3.84534025e-05
4.6880575e-05
4.406065e-05
2.88403756e-05
2.97113665e-05
3.63008311e-05
3.22368859e-05
2.8558833e-05
4.42337273e-05
4.7063183e-05
3.67590011e-05
3.98147445e-05
3.91671083e-05
3.58624381e-05
3.75449027e-05
4.86859386e-05
4.81260143e-05
3.30194898e-05
3.63570364e-05
3.7212447e-05
3.43831175e-05
3.80805623e-05
3.68088145e-05
3.19239521e-05
3.24436971e-05
3.47504983e-05
3.14856252e-05
3.28722033e-05
3.73231936e-05
3.72504432e-05
3.59837688e-05
3.63047196e-05
3.45559358e-05
7.90776232e-05
8.07282657e-05
8.22659692e-05
8.16464011e-05
8.16010238e-05
8.05636787e-05
8.07509903e-05
8.57713133e-05
8.32000141e-05
8.46232094e-05
9.48609367e-05
9.39891535e-05
9.17876773e-05
9.04814742e-05
7.92507333e-05
7.97256166e-05
9.02380993e-05
9.14629719e-05
9.36651486e-05
9.46065295e-05
8.42710998e-05
8.41279845e-05
8.12348842e-05
8.52486049e-05
9.81839513e-05
8.53863346e-05
8.29619948e-05
8.56102175e-05
8.34331601e-05
9.39721573e-05
9.33560703e-05
9.21656281e-05
9.12230197e-05
8.94040218e-05
7.80584348e-05
8.01673266e-05
7.93803144e-05
8.94424639e-05
9.13088546e-05
9.20748839e-05
9.33417362e-05
9.40837175e-05
8.29450146e-05
8.55779555e-05
8.38309743e-05
7.99938959e-05
8.59072428e-05
9.81384262e-05
9.75580027e-05
8.49744136e-05
8.66919422e-05
8.10476057e-05
8.28825035e-05
8.61288487e-05
9.48618774e-05
9.40867517e-05
9.33736812e-05
9.22192073e-05
9.13094996e-05
9.1095158e-05
7.7855501e-05
7.80538799e-05
8.25259853e-05
8.36000632e-05
8.3304737e-05
8.06834158e-05
7.68953192e-05
9.11311954e-05
9.14162637e-05
9.22396322e-05
9.34259656e-05
9.41829195e-05
9.48862463e-05
8.36977798e-05
8.50851081e-05
8.43863205e-05
8.62075195e-05
9.75736279e-05
9.71325593e-05
8.44200387e-05
8.5252402e-05
8.37522482e-05
8.40861764e-05
8.38971578e-05
9.47976571e-05
9.42166987e-05
9.33589535e-05
9.25681439e-05
9.18050226e-05
9.12437194e-05
9.05818177e-05
7.58493336e-05
7.94472881e-05
8.35939314e-05
8.43709942e-05
8.18379404e-05
7.70334418e-05
9.05856223e-05
9.12760967e-05
9.18039473e-05
9.25428544e-05
9.33649956e-05
9.42782909e-05
9.49704562e-05
8.38738822e-05
8.58794597e-05
8.06956974e-05
8.5003129e-05
8.39168503e-05
9.71578353e-05
9.76020133e-05
9.67852128e-05
8.30542184e-05
8.29446192e-05
8.59637566e-05
8.35724524e-05
9.39970525e-05
9.37284277e-05
9.31989785e-05
9.27952526e-05
9.22226397e-05
9.12026642e-05
9.12405401e-05
7.82082731e-05
7.72488343e-05
8.09990131e-05
8.20662453e-05
7.91977168e-05
7.67043744e-05
9.11443771e-05
9.11355811e-05
9.21872518e-05
9.27445058e-05
9.31900535e-05
9.38056933e-05
9.4229755e-05
8.34673536e-05
8.66116714e-05
8.34120531e-05
7.93240163e-05
8.47226474e-05
9.66635676e-05
9.7551599e-05
9.75619192e-05
9.67431384e-05
8.32111043e-05
8.32065777e-05
8.53766151e-05
8.29634489e-05
9.4096835e-05
9.38029844e-05
9.32299467e-05
9.28119015e-05
9.22416231e-05
9.12036736e-05
9.12399743e-05
8.06744484e-05
7.7321232e-05
8.03611227e-05
8.13961272e-05
7.87374869e-05
7.78318464e-05
9.116523e-05
9.11675379e-05
9.22151544e-05
9.27607576e-05
9.31944954e-05
9.37976286e-05
9.41875537e-05
8.28549966e-05
8.52987065e-05
8.39292467e-05
7.97532646e-05
8.49697485e-05
9.6658151e-05
9.75284698e-05
9.70314065e-05
8.38679892e-05
8.29678743e-05
8.33086856e-05
8.50634038e-05
8.38834407e-05
9.49212915e-05
9.43422996e-05
9.34184593e-05
9.25949555e-05
9.18555885e-05
9.12832052e-05
9.05614209e-05
7.70365635e-05
7.77749472e-05
8.21403802e-05
8.32066386e-05
8.02951131e-05
7.66672233e-05
9.05937911e-05
9.12872083e-05
9.186244e-05
9.25759568e-05
9.33770814e-05
9.42817258e-05
9.49722791e-05
8.39174529e-05
8.64899207e-05
8.24047307e-05
8.00113522e-05
8.42846046e-05
8.34437005e-05
9.70944306e-05
9.74967119e-05
8.45668539e-05
8.57848375e-05
8.25444839e-05
8.3569212e-05
8.55366348e-05
9.50288323e-05
9.42401657e-05
9.34305366e-05
9.22072826e-05
9.1294827e-05
9.10449155e-05
7.93927054e-05
7.6790107e-05
8.1170079e-05
8.37985876e-05
8.36587221e-05
8.33982297e-05
7.83749153e-05
7.69129046e-05
9.10852923e-05
9.13393274e-05
9.22507128e-05
9.34259244e-05
9.42280492e-05
9.50127692e-05
8.37489395e-05
8.63532314e-05
8.01572587e-05
8.47199059e-05
8.44385004e-05
9.73939633e-05
9.81615895e-05
8.45564395e-05
8.46549437e-05
8.09457914e-05
8.67551049e-05
8.36803672e-05
9.40679195e-05
9.3347055e-05
9.20423696e-05
9.11277594e-05
8.94026746e-05
7.66091081e-05
7.91379477e-05
8.25171326e-05
8.13454454e-05
7.77087816e-05
8.93176599e-05
9.12019436e-05
9.21354255e-05
9.3359773e-05
9.42000745e-05
8.32207131e-05
8.55746509e-05
8.4498581e-05
8.29163092e-05
8.64864354e-05
9.79839255e-05
8.50700787e-05
8.57558063e-05
8.15647257e-05
8.52590565e-05
8.4019812e-05
9.46806908e-05
9.39454691e-05
9.15677094e-05
9.03287719e-05
7.68921072e-05
7.8949039e-05
8.11214445e-05
7.76797124e-05
9.03365216e-05
9.17230677e-05
9.39362785e-05
9.46931104e-05
8.27804491e-05
8.55103514e-05
8.3623093e-05
8.51824967e-05
8.41535247e-05
7.89244609e-05
8.14419448e-05
8.44859183e-05
8.28724338e-05
7.80789881e-05
7.8011813e-05
8.30047409e-05
8.03599631e-05
7.75401012e-05
7.9097016e-05
8.38435128e-05
8.34846112e-05
8.12550887e-05
0.000126538675
0.000128434651
0.000128554879
0.000131348168
0.00012961106
0.000128524908
0.000126653093
0.000125550808
0.000125624123
0.000132061223
0.000132061784
0.000140884983
0.000139350261
0.00013822275
0.000136745303
0.000124602268
0.000126818594
0.000127378158
0.000125751574
0.0001367223
0.000138389706
0.000139231381
0.000140448525
0.000129236331
0.000133080192
0.000129294467
0.000131959557
0.000130851336
0.000130825678
0.000142279597
0.000140507522
0.000139414249
0.000138547825
0.00013798774
0.000138312083
0.00013888654
0.000138878319
0.00013835653
0.000137981168
0.000138638135
0.000139542095
0.000140559805
0.000142215666
0.000131143168
0.000132262658
0.000128948494
0.000128461664
0.00013346065
0.000129081279
0.000128444283
0.000131155783
0.00014310672
0.000141156369
0.000140336711
0.000139482615
0.000138756727
0.000138574395
0.000138940304
0.000138879137
0.000138825006
0.000138902929
0.000138561044
0.000138810453
0.000139566606
0.000140383251
0.000141136795
0.000143143669
0.000130614998
0.000131132253
0.000125302029
0.000131558076
0.000134784167
0.000130283811
0.000131280622
0.00013042009
0.000141892681
0.000141154979
0.000140299439
0.000139500035
0.000138951736
0.000138680689
0.000139343998
0.000140142678
0.000140116663
0.000139313295
0.000138705563
0.000138979283
0.000139534772
0.000140304007
0.000141098781
0.000141774804
0.000130494909
0.000132529617
0.000128302566
0.000126914203
0.000133563312
0.000134687213
0.00013111382
0.000125226079
0.000131370601
0.000129732173
0.000141555388
0.000141298567
0.000140318001
0.000139489246
0.000139150602
0.000138930365
0.000139240196
0.000140177049
0.000140167329
0.000139205057
0.000138935409
0.000139142193
0.000139481545
0.000140301571
0.000141247283
0.000141507003
0.000129937367
0.000131594842
0.000129063221
0.000127515176
0.000133760574
0.000135100993
0.000131620187
0.000124327998
0.000129751165
0.000128957208
0.000141567979
0.000141309024
0.000140324139
0.000139490765
0.000139150463
0.000138945775
0.00013924242
0.000140168577
0.000140161903
0.000139210756
0.000138923344
0.000139148641
0.000139482223
0.000140291507
0.000141256422
0.000141567754
0.000129239136
0.000128553783
0.000127887673
0.000128167104
0.000134117495
0.000133966355
0.000130208864
0.000131977132
0.000130733098
0.000141917073
0.000141146116
0.00014028654
0.000139498446
0.000138935075
0.000138680885
0.000139315737
0.000140083846
0.000140087313
0.000139311836
0.000138679578
0.00013897066
0.00013951939
0.000140286935
0.000141141566
0.000141929814
0.000130500394
0.000132941251
0.000130070265
0.000126596491
0.000133033306
0.000134482675
0.000130241944
0.000129823769
0.000130171202
0.000143051808
0.000141124821
0.000140300029
0.000139445588
0.000138721426
0.000138523687
0.000138887731
0.000138747866
0.000138726459
0.000138833247
0.000138534102
0.000138747638
0.000139493364
0.000140340357
0.000141143451
0.000143091844
0.000130522087
0.0001316074
0.00012638932
0.000132196062
0.000133473108
0.000128406849
0.000132802616
0.000130771304
0.000142194173
0.000140466431
0.000139397547
0.000138485581
0.000137826206
0.000138281658
0.000138871501
0.000138830632
0.000138183884
0.000137921476
0.000138491251
0.000139424952
0.000140567529
0.000142236494
0.000130709144
0.000132579971
0.000130513411
0.000130445301
0.000129498367
0.000128303949
0.000133067339
0.000131077716
0.000140760872
0.000139332351
0.000138330684
0.000136733932
0.000123196609
0.000125076345
0.0001257795
0.000124026491
0.000136550098
0.000138146297
0.00013916028
0.000140609151
0.000130036529
0.00013305906
0.000131469918
0.00012557716
0.000128549069
0.000130874322
0.000129666971
0.000126664579
0.000126577948
0.000125333214
0.000128151522
0.000131387252
0.000132127642
0.000130147444
0.000126494072
0.000124993386
0.000124924074
0.000127111552
0.000129688322
0.000130591121
0.000173327554
0.000174571255
0.00017525091
0.000176159562
0.000175644283
0.00017513267
0.000174525697
0.000174016791
0.000170907918
0.00017631179
0.000177695583
0.000175980561
0.000188001278
0.000186543941
0.000186923723
0.000186907108
0.000186596111
0.000187961657
0.000175726984
0.000177396307
0.000177360079
0.000175400271
0.000178094853
0.000178356365
0.000189795427
0.000187374355
0.000186911807
0.000186950293
0.000187114284
0.000187104806
0.000186989398
0.000186926954
0.000187507848
0.000189976296
0.000176946477
0.000178936046
0.000177041767
0.000176454875
0.000178790987
0.000176764899
0.000187663411
0.000187387442
0.000187193945
0.000187198936
0.000187351057
0.000187345644
0.000187216174
0.000187189613
0.000187466915
0.000187776917
0.000176771517
0.000176661566
0.000178119153
0.000177915518
0.000176794442
0.000188376847
0.000187511285
0.000187486115
0.000187343493
0.00018764516
0.000188302353
0.000188297091
0.000187631418
0.000187305883
0.000187502354
0.000187570824
0.000188448731
0.000176760019
0.000178734149
0.000175028723
0.00017245551
0.000178988132
0.000177431682
0.000187491078
0.000187359607
0.000187623588
0.00018743991
0.00018813704
0.000189125804
0.00018911795
0.000188120218
0.000187422999
0.000187631833
0.000187390231
0.000187539253
0.000177053113
0.000179789519
0.000175852892
0.000171312844
0.000178307834
0.000177474304
0.00018749427
0.000187353165
0.000187604376
0.00018742814
0.000188131918
0.00018911934
0.000189109554
0.000188119206
0.000187415123
0.0001876164
0.000187364693
0.000187484156
0.000177129927
0.000178840769
0.000174959291
0.000178977847
0.000177107556
0.00018833409
0.000187505631
0.000187425829
0.0001873023
0.000187632446
0.000188284579
0.000188269192
0.000187600872
0.000187288403
0.000187498206
0.000187532751
0.000188438691
0.000176810863
0.000179987071
0.000176312095
0.000177195779
0.000178436009
0.000176644481
0.000187659357
0.000187366433
0.00018717181
0.000187171227
0.0001873378
0.000187305373
0.000187112904
0.000187115283
0.000187382327
0.000187613652
0.000176421231
0.000176806795
0.000179255725
0.000174636589
0.000174524832
0.000178793686
0.000176816359
0.000189795239
0.000187411107
0.000186910902
0.00018696645
0.000187178074
0.000187103396
0.000186878311
0.000186853663
0.000187449074
0.000189941147
0.000177005561
0.000178242294
0.000177105732
0.000177158331
0.000178597352
0.000176442941
0.000175979084
0.00018817165
0.000186661063
0.000187001568
0.00018693216
0.000186508337
0.000187936734
0.000175582447
0.000176411513
0.000177751979
0.000177679491
0.000172603646
0.000176335951
0.000177184371
0.000178504587
0.000175184386
0.00017584162
0.000175928791
0.000175120497
0.000176956672
0.000177433951
0.000176478013
0.000174021863
0.000218766781
0.000222454378
0.000223054452
0.000222749037
0.000223010782
0.000223802468
0.000222958387
0.000220510722
0.00022217453
0.000224379619
0.000223906206
0.000222919927
0.000223150697
0.000223271191
0.000223180358
0.000222596292
0.000225266763
0.000223264624
0.000219835668
0.000224027525
0.00022457004
0.000223139429
0.000223280329
0.000234635301
0.000234617044
0.000223235684
0.000223266194
0.000223119603
0.000225531463
0.000222087707
0.000221560361
0.000224524717
0.000223055275
0.000223469
0.000235370618
0.000237082523
0.000237098507
0.000235350313
0.000222907044
0.000223568023
0.000222498402
0.000223986836
0.000219531443
0.000222471968
0.000224071263
0.000223659329
0.000223144346
0.000236881081
0.000239132272
0.000239126421
0.000236875466
0.000223133995
0.000223585908
0.000223004086
0.000224801245
0.000220489074
0.000222465573
0.000221635965
0.000223881752
0.000223127762
0.000236884206
0.000239130358
0.000239114612
0.000236887097
0.000223259069
0.000223651709
0.000222856367
0.000223250753
0.00022085024
0.000221982878
0.000224849193
0.00022325385
0.00022321057
0.000235356053
0.000237089172
0.000237071533
0.000235330117
0.000223000241
0.000223658437
0.000222837432
0.000224725173
0.00021946753
0.00022094687
0.000224967672
0.000222887354
0.000223281953
0.000222905402
0.000234657638
0.000234618739
0.000222946534
0.000222927858
0.000223221146
0.000223828852
0.000222962019
0.00022310769
0.000225896825
0.000222859717
0.00022331342
0.0002234161
0.000223481209
0.000223342543
0.000222968967
0.000224626975
0.000224586103
0.000221752102
0.000221700453
0.000224291434
0.000224690016
0.000222322404
0.000222331149
0.00022412484
0.000224059627
0.000223170482
0.000221396361
0.000219737612
0.000221062
0.000221597645
0.000220723515
0.000218737604
0.000266190812
0.000266556068
0.000267017837
0.000266444166
0.000265452078
0.000266174101
0.000268283448
0.000271759053
0.000272532956
0.00027021135
0.000266244153
0.000266233816
0.000271428299
0.000275490877
0.000276312104
0.000273746465
0.000268729258
0.000265663724
0.000266685452
0.000272165027
0.000276277281
0.000277113272
0.000274535775
0.000269324376
0.000266097916
0.000266188043
0.000270129015
0.000274002457
0.000274791265
0.000272323466
0.000267732278
0.000266293018
0.000265438803
0.000266455376
0.000269159014
0.000269774584
0.000267888651
0.000265337451
0.000265794267
0.000266352795
0.000266019304
-0.000265657831
-0.000265408605
-0.00026608806
-0.000266215619
-0.000265696319
-0.000264557015
-0.00026454202
-0.000264657397
-0.000264683896
-0.000265641689
-0.000266240756
-0.000266161872
-0.000265454275
-0.000265713645
-0.000264777698
-0.00026440388
-0.000264484399
-0.000265529145
-0.000265934667
-0.000265650769
-0.000267390293
-0.000266245476
-0.000266917378
-0.000268834555
-0.000269678273
-0.000267034722
-0.000266531493
-0.000269813633
-0.000269298628
-0.000265449794
-0.000264945248
-0.00026806042
-0.000266571136
-0.000265830859
-0.000265828766
-0.000266206088
-0.000265925653
-0.000266112466
-0.000265761475
-0.000265041315
-0.000265488878
-0.00026657414
-0.00026805525
-0.00026650031
-0.000267017862
-0.000269292407
-0.000269810004
-0.000266954417
-0.000266274242
-0.000269662923
-0.000268820633
-0.000265900882
-0.00026539977
-0.000267374436
-0.000265672813
-0.000264611158
-0.000264545477
-0.000264434612
-0.000265118904
-0.000264966313
-0.000265319834
-0.000265299136
-0.000266804413
-0.000267544788
-0.000269674272
-0.000269363853
-0.00027174854
-0.000271462158
-0.00027244845
-0.000273648793
-0.000274693093
-0.000272597475
-0.0002720147
-0.000274859234
-0.000274264173
-0.000270612809
-0.000268723701
-0.000272762607
-0.000270646814
-0.000266708479
-0.000265337316
-0.000268160741
-0.000265753477
-0.000265098357
-0.000265352515
-0.000265223253
-0.000265365957
-0.0002652932
-0.000266653653
-0.000265770934
-0.000268156078
-0.000268706389
-0.000270581361
-0.000270655636
-0.000272812947
-0.000271993001
-0.000272590362
-0.00027427787
-0.00027481294
-0.000272430303
-0.000271433088
-0.000274682837
-0.00027365122
-0.000269675358
-0.000267534853
-0.000271753805
-0.000269370585
-0.000265352215
-0.000264981811
-0.000266843197
-0.000265280543
-0.000265054413
-0.000264404411
-0.000264803649
-0.000265122133
-0.000267800023
-0.000265528201
-0.0002683756
-0.00027067081
-0.000273199524
-0.000271380967
-0.000273946336
-0.000275157246
-0.000276224723
-0.000275941525
-0.000277020985
-0.000276377353
-0.000275791129
-0.000277197144
-0.000276570499
-0.000274251397
-0.000272057422
-0.00027503742
-0.000272798436
-0.000269335224
-0.000266656741
-0.000269967541
-0.000267090647
-0.000266215039
-0.000265320773
-0.000264837479
-0.000266189144
-0.000264817764
-0.00026535479
-0.000266716493
-0.000269341906
-0.000267149729
-0.000269984676
-0.000272054239
-0.000274236954
-0.00027278882
-0.000275033915
-0.000275766804
-0.00027638875
-0.000276591687
-0.000277187424
-0.00027622556
-0.000275137196
-0.000277009685
-0.000275928921
-0.000273191874
-0.000270713517
-0.000273939804
-0.000271408205
-0.000267811014
-0.000265156911
-0.000268391788
-0.00026555407
-0.000264592595
-0.000264968768
-0.000264684406
-0.000264428349
-0.000265497469
-0.000268380913
-0.000265088856
-0.000267792229
-0.000271393888
-0.000273968809
-0.00027070088
-0.000273204888
-0.000275942668
-0.000276998345
-0.000275139519
-0.000276214049
-0.000277188266
-0.000276573993
-0.000276385455
-0.00027578452
-0.000275028285
-0.000272800645
-0.000274241493
-0.000272056351
-0.000269971318
-0.000267095398
-0.000269331688
-0.000266635473
-0.000265355391
-0.00026492846
-0.000266129802
-0.000264740452
-0.000265396074
-0.000266146293
-0.000267137765
-0.0002699875
-0.000266681471
-0.00026934698
-0.000272796249
-0.000275051673
-0.000272052536
-0.000274280707
-0.000276575713
-0.000277182273
-0.000275754936
-0.000276399729
-0.000277013204
-0.000275950609
-0.000276214667
-0.000275149948
-0.00027395571
-0.000271370053
-0.00027316784
-0.000270649429
-0.000268374649
-0.000265539186
-0.000267759701
-0.000265075252
-0.000264944346
-0.000264433057
-0.000265103582
-0.000265149178
-0.000266802123
-0.000264948108
-0.000265335531
-0.000269398238
-0.000271717691
-0.000267534119
-0.000269652883
-0.000273662801
-0.000274705064
-0.000271428778
-0.000272414827
-0.00027486724
-0.000274244462
-0.000272596466
-0.000272019992
-0.000272754506
-0.000270649495
-0.000270630303
-0.000268715086
-0.000268142779
-0.000265715546
-0.000266676392
-0.000265315454
-0.000265268293
-0.000265251003
-0.000265286135
-0.000265191717
-0.000265772445
-0.000268189994
-0.000265326608
-0.000266720692
-0.0002706466
-0.000272803349
-0.000268717784
-0.000270633909
-0.000274249015
-0.00027485367
-0.000272003967
-0.00027258058
-0.000274680712
-0.000273630959
-0.00027243213
-0.000271428473
-0.000271700152
-0.000269365253
-0.000269677705
-0.0002675353
-0.000266736889
-0.000265085424
-0.00026530856
-0.000264943513
-0.000264894665
-0.00026440486
-0.000264298944
-0.00026446604
-0.000265584762
-0.000267357356
-0.000265356722
-0.000265896161
-0.000268828076
-0.000269670279
-0.000266285241
-0.00026696721
-0.00026977592
-0.000269272746
-0.000267026752
-0.000266535553
-0.000268068746
-0.00026660376
-0.000265526894
-0.000265118869
-0.00026596245
-0.000266352501
-0.000266061773
-0.000266066171
-0.000265893508
-0.000266096362
-0.000266636724
-0.000268050589
-0.000265137199
-0.000265485746
-0.00026926561
-0.000269814835
-0.000266516213
-0.000267011487
-0.000269692313
-0.000268829398
-0.000266907357
-0.000266280597
-0.000267394346
-0.00026569811
-0.000265990729
-0.000265441992
-0.000264516234
-0.000264649831
-0.000264562497
-0.000265824114
-0.000265589095
-0.000266248999
-0.000266265124
-0.000265701969
-0.000264739958
-0.000264635672
-0.000264545829
-0.000264589068
-0.000265716871
-0.000266229766
-0.000266101087
-0.000265459274
-0.000265662946
-0.000218155587
-0.000219141042
-0.00022089747
-0.000221638162
-0.000221270182
-0.000221470835
-0.00022149519
-0.00022089337
-0.000219838833
-0.000219273607
-0.000219393991
-0.000220113496
-0.00022116945
-0.000221509086
-0.00022160083
-0.000221677275
-0.000221603038
-0.000220583938
-0.000218962483
-0.000218480914
-0.000220298094
-0.000221302432
-0.000222581438
-0.00022367485
-0.000243667481
-0.000222500333
-0.000223009676
-0.000224614351
-0.000225918227
-0.000244119
-0.000245696582
-0.000223553039
-0.000224483379
-0.000225377971
-0.000225848557
-0.000241406817
-0.000245673244
-0.000245160677
-0.000224928425
-0.000223256256
-0.000225321075
-0.000222804366
-0.000241040924
-0.000245044437
-0.000244733435
-0.000223144136
-0.000223144848
-0.000222506255
-0.000222501447
-0.000244748806
-0.000244676393
-0.000224103484
-0.000223958906
-0.000224491114
-0.000225351672
-0.00024312815
-0.000242125694
-0.000223731465
-0.000223525728
-0.000224888695
-0.000225006956
-0.000221281633
-0.000219546641
-0.000223901497
-0.000222720708
-0.000220362329
-0.000217857657
-0.000217909678
-0.000220490895
-0.00021983772
-0.000221603918
-0.00022271513
-0.000224141916
-0.000242102794
-0.000242864435
-0.000223657774
-0.000223436973
-0.00022513953
-0.000224580731
-0.00024161655
-0.000244618281
-0.00024478686
-0.000223686715
-0.000224232057
-0.000224932785
-0.000224490513
-0.000241300009
-0.000244860333
-0.000245058322
-0.00022319961
-0.000223269525
-0.000222546259
-0.000222532934
-0.000242382961
-0.000245022204
-0.000245476863
-0.000223432965
-0.000224819667
-0.000222801394
-0.000225193854
-0.000245747048
-0.00024431924
-0.000224526487
-0.00022370555
-0.000226051004
-0.000225609437
-0.000243673818
-0.000223418323
-0.000222818125
-0.000226209023
-0.00022519015
-0.00022134271
-0.000224054645
-0.000222651594
-0.000220155417
-0.000220270856
-0.000220737122
-0.000222044901
-0.000221780204
-0.000223596566
-0.000242314032
-0.000243000535
-0.000243574452
-0.000223774259
-0.000225072781
-0.000224812354
-0.000223923718
-0.000245534307
-0.000245519168
-0.000247521407
-0.00022508244
-0.000225172565
-0.000222671782
-0.000223134811
-0.000247748363
-0.000248487008
-0.000249139966
-0.000223468494
-0.000223629883
-0.000223417078
-0.000223453576
-0.000248887967
-0.000248509354
-0.000248913167
-0.000223729239
-0.000223589296
-0.000223420876
-0.000223457181
-0.000248526592
-0.000248975136
-0.000248538331
-0.000223463163
-0.000223278003
-0.000223385069
-0.00022315388
-0.000246937225
-0.000247771388
-0.000248159569
-0.000223153615
-0.000223029844
-0.000222894408
-0.000222868076
-0.000244296487
-0.000247659237
-0.000246699067
-0.000222913479
-0.000224609297
-0.000222976912
-0.000223230038
-0.000245291678
-0.000245114041
-0.000225946234
-0.00022514065
-0.000225236555
-0.000226768323
-0.000223090347
-0.000220119602
-0.000225690005
-0.000223128868
-0.000218708258
-0.000221249254
-0.000218562311
-0.000221246109
-0.000220106712
-0.000223129084
-0.000223035375
-0.000225576451
-0.000244482807
-0.000245314188
-0.000245479017
-0.000225405586
-0.000226319234
-0.000226946636
-0.000225491276
-0.000245550349
-0.000246914907
-0.000247822125
-0.000224749092
-0.000222822226
-0.000223340545
-0.000222996521
-0.000247674371
-0.000248258123
-0.000247858127
-0.00022292047
-0.00022310094
-0.000222865048
-0.000222893263
-0.000248934788
-0.000248428976
-0.000248943935
-0.000223212012
-0.00022344162
-0.000223110179
-0.000223361144
-0.000248311088
-0.000248964811
-0.000248444561
-0.000223575467
-0.000223663926
-0.000223446962
-0.000223363428
-0.000246734922
-0.00024907596
-0.000248475486
-0.000223639043
-0.00022351238
-0.000223360959
-0.00022333644
-0.000244291728
-0.00024745143
-0.000245612481
-0.000225352218
-0.000225580456
-0.000223127854
-0.000222815116
-0.000243581083
-0.000242991366
-0.000225379543
-0.000223956168
-0.000224138535
-0.000225145829
-0.000222028811
-0.000220651884
-0.000223900216
-0.000221790655
-0.000220263312
-0.000218670922
-0.000220535501
-0.000219862941
-0.000222232828
-0.000241979773
-0.000243334696
-0.000223300726
-0.000224802835
-0.000224586905
-0.00022472637
-0.000245241433
-0.000244491078
-0.000246618262
-0.000223607007
-0.000222120242
-0.000222258258
-0.000222208778
-0.000248137655
-0.000247625154
-0.000246350484
-0.000222382312
-0.000222710253
-0.000222314328
-0.000222305767
-0.00024745275
-0.000244975233
-0.00024550898
-0.000222946318
-0.000222953133
-0.000222374905
-0.000222632977
-0.000246816904
-0.000245647205
-0.000245349868
-0.000222511636
-0.000222690492
-0.00022267243
-0.0002226079
-0.000248461874
-0.000247360971
-0.000248938196
-0.000223114853
-0.00022340458
-0.000222974
-0.000223316279
-0.000245612338
-0.000248506088
-0.000246889822
-0.000223604537
-0.000225562895
-0.000223427377
-0.000223424536
-0.000244491257
-0.00024305921
-0.000226738561
-0.000225221059
-0.000225030405
-0.000225993296
-0.000222837853
-0.000221075469
-0.000223924102
-0.000220796675
-0.000218662276
-0.000218887413
-0.0002212324
-0.00022296922
-0.000220798385
-0.000223910611
-0.00024464162
-0.000242890097
-0.000244240166
-0.000224750706
-0.000226285688
-0.000225773798
-0.000224781586
-0.000247211642
-0.000246673248
-0.000248366111
-0.000225481016
-0.000223569675
-0.000223324693
-0.00022335968
-0.000248651722
-0.000248820426
-0.000247278529
-0.000223320903
-0.000223032542
-0.000223196401
-0.000222840155
-0.000245057722
-0.000245296329
-0.000245626417
-0.000222656059
-0.000222503237
-0.000222543939
-0.000222644948
-0.000247761965
-0.000245452009
-0.00024488891
-0.000222840396
-0.000222820622
-0.000222559694
-0.000222291608
-0.00024715076
-0.000246298589
-0.000247885493
-0.000222672268
-0.000222492821
-0.00022227014
-0.000222444721
-0.000243280297
-0.000247077738
-0.000244577031
-0.000222306377
-0.000223879736
-0.000222438391
-0.000222355454
-0.000243212116
-0.000225051426
-0.000223368385
-0.00022467041
-0.000224544651
-0.000220597334
-0.000218665298
-0.000222376259
-0.00021999038
-0.00021976447
-0.000221812393
-0.000223790045
-0.000221913963
-0.000224789774
-0.000244035198
-0.000242909978
-0.000244615654
-0.000225588462
-0.000224471875
-0.000225296797
-0.000222793469
-0.000247653707
-0.000247536073
-0.000248555963
-0.000222566215
-0.000222578977
-0.000222820792
-0.000222743254
-0.000244680471
-0.000246857047
-0.000245003026
-0.000222400124
-0.000222097656
-0.000222377494
-0.000222193046
-0.000247114767
-0.00024574897
-0.000245264308
-0.000222689934
-0.00022290139
-0.000222747824
-0.00022266737
-0.000247927804
-0.000248329076
-0.000248688214
-0.000223202942
-0.000223175116
-0.000223091259
-0.000223253051
-0.00024340728
-0.000246031412
-0.000243389726
-0.000222862019
-0.000224867818
-0.000222704243
-0.000224022304
-0.000241692858
-0.000224444057
-0.000221673506
-0.000224877526
-0.000222731907
-0.000219226604
-0.000220470324
-0.000219276358
-0.000220526825
-0.000241760593
-0.000221663246
-0.000224415506
-0.000222634195
-0.000224707035
-0.000244936581
-0.000243454332
-0.000246012738
-0.000224951506
-0.000222840042
-0.000224032745
-0.000222711417
-0.000248871064
-0.000248737987
-0.000248394661
-0.000223195336
-0.000223191509
-0.000223270501
-0.000223083737
-0.00024538325
-0.000245251877
-0.000245722143
-0.000222849789
-0.000222612541
-0.000222626423
-0.000222702915
-0.000247372834
-0.00024505986
-0.000246839216
-0.000222129675
-0.000222544988
-0.000222253614
-0.000222497206
-0.000246318157
-0.000248634688
-0.000247480901
-0.000222792087
-0.000222608592
-0.000222894033
-0.000222849858
-0.000242705458
-0.000244561915
-0.000242833183
-0.00022439336
-0.000225530995
-0.000222757038
-0.000225266223
-0.000223981652
-0.000221831135
-0.000224802118
-0.00022180009
-0.000219722602
-0.000219237174
-0.000219603804
-0.000221943543
-0.000225800252
-0.000222436811
-0.000226425723
-0.000245531993
-0.000244669041
-0.000246096937
-0.000226207105
-0.000223220348
-0.000226725669
-0.000223561672
-0.000247746144
-0.000248480602
-0.000247933618
-0.00022314183
-0.000222740904
-0.000223369266
-0.000222808798
-0.000245300854
-0.000244736551
-0.000245558638
-0.000222216509
-0.00022230575
-0.000222220283
-0.000222423414
-0.000248690183
-0.000247178827
-0.000248278307
-0.000223070218
-0.000223163405
-0.000222807425
-0.000222822989
-0.000243225058
-0.000246900773
-0.00024349095
-0.000222471134
-0.000221762146
-0.000222268465
-0.000221573806
-0.000241414659
-0.000223874055
-0.000223253935
-0.00022391569
-0.000223465898
-0.000221387639
-0.000220750159
-0.000218434222
-0.000221341337
-0.000218304749
-0.00022069287
-0.000241000067
-0.000241360947
-0.000222951675
-0.000223655783
-0.000223353119
-0.000223794836
-0.000246800027
-0.000243430157
-0.000246858767
-0.000221730392
-0.000222463635
-0.000221527474
-0.000222240089
-0.000248268516
-0.000248474655
-0.000247157635
-0.000223169018
-0.000223025924
-0.000222858038
-0.000222789094
-0.000244799123
-0.000245590859
-0.000244797889
-0.000222358853
-0.00022229833
-0.000222465489
-0.000222283115
-0.000248081667
-0.000248075408
-0.000248593885
-0.000222833224
-0.000223166688
-0.000222891262
-0.000223407181
-0.000243788436
-0.000245951576
-0.000244445757
-0.000223115017
-0.00022601538
-0.000223453907
-0.000226519983
-0.00022557866
-0.000221882741
-0.000226126323
-0.000222295669
-0.000219133272
-0.000219536034
-0.000219547555
-0.000219127095
-0.000222420046
-0.000226451326
-0.000221960223
-0.000225747363
-0.000246013282
-0.000243870025
-0.00024536652
-0.00022673617
-0.000223523652
-0.000226130538
-0.000223146952
-0.00024782393
-0.00024793304
-0.000247588536
-0.00022332302
-0.00022277932
-0.000223098794
-0.000222710181
-0.00024555973
-0.000244668315
-0.000245295037
-0.000222211863
-0.00022242281
-0.000222203586
-0.000222300653
-0.000248512164
-0.000248318102
-0.000248838298
-0.000222772346
-0.000222844131
-0.000223010071
-0.000223150401
-0.00024347659
-0.000246776099
-0.000243091917
-0.000222250425
-0.000221527908
-0.000222427159
-0.000221633076
-0.000240919585
-0.000223769964
-0.000223360511
-0.000223572259
-0.000223040366
-0.000220798461
-0.000218405393
-0.000221672173
-0.000218326608
-0.000220744487
-0.000221702368
-0.000241482837
-0.00024099747
-0.000223458271
-0.000223840636
-0.000223158534
-0.000223665273
-0.000246867283
-0.000243096699
-0.000246726241
-0.000221528316
-0.000222254469
-0.000221631409
-0.000222438126
-0.000247191513
-0.000248759316
-0.000248213559
-0.00022288011
-0.000222823743
-0.000223204856
-0.000223070988
-0.00024477595
-0.000245285937
-0.000244697256
-0.000222449408
-0.000222265162
-0.00022231387
-0.000222240545
-0.000248614341
-0.00024769211
-0.000248085429
-0.000222876484
-0.000223410613
-0.000222784908
-0.000223175318
-0.0002444329
-0.000245362369
-0.000243840012
-0.000223448328
-0.000226495443
-0.000223120643
-0.000226063312
-0.000226138941
-0.000222466045
-0.000225685672
-0.000222033917
-0.000219715049
-0.000219364924
-0.000219660827
-0.000221919864
-0.000224808406
-0.00022175925
-0.000223812647
-0.00024453329
-0.000242668618
-0.000244103768
-0.000225399483
-0.000222806497
-0.000225722122
-0.000224548571
-0.000248556604
-0.000246528229
-0.000248191583
-0.000222880283
-0.000222818311
-0.000222713434
-0.000222840107
-0.000244984533
-0.000247447944
-0.000244644479
-0.000222384552
-0.000222176519
-0.000222475888
-0.000222056749
-0.000245232194
-0.0002454247
-0.000247166195
-0.000222706138
-0.000222616775
-0.00022264407
-0.00022286266
-0.000248745557
-0.000248991967
-0.000248066542
-0.000223074484
-0.00022325673
-0.000223198784
-0.000223184191
-0.000243213454
-0.000244982953
-0.000243551114
-0.000222667863
-0.000223906637
-0.000222774634
-0.000224742604
-0.000224554019
-0.000222650239
-0.000224232973
-0.00022164107
-0.000220733172
-0.00021917738
-0.000220718388
-0.000219166689
-0.000241355606
-0.000222815731
-0.000224544095
-0.000221817305
-0.000224179191
-0.000245987474
-0.00024330498
-0.000244987601
-0.000223714066
-0.000222645567
-0.000224577006
-0.000222764453
-0.00024833426
-0.000247921651
-0.000248874359
-0.00022328884
-0.000223134848
-0.000223181477
-0.000223279121
-0.000245782251
-0.000247048033
-0.000245441803
-0.000222721583
-0.000222794065
-0.000222994015
-0.000222744036
-0.000246733572
-0.000244650859
-0.000247355702
-0.000222191382
-0.000222412915
-0.000222088752
-0.000222483937
-0.000247558379
-0.000247889487
-0.000246378022
-0.000222820435
-0.000222879623
-0.000222755352
-0.000222638166
-0.000242852844
-0.000243895555
-0.000242673482
-0.000222742895
-0.000225388002
-0.00022440315
-0.00022561714
-0.000224895712
-0.000221833004
-0.000223877432
-0.000221679757
-0.000219731385
-0.000219817866
-0.000222168872
-0.000218576662
-0.000220405053
-0.000243491565
-0.000242237463
-0.000224722637
-0.000224957613
-0.000223371869
-0.000224964367
-0.00024739776
-0.000243219351
-0.00024547914
-0.000222468957
-0.000222531093
-0.000223863558
-0.000222304409
-0.000246192152
-0.000246986234
-0.000247929054
-0.000222381134
-0.000222181306
-0.000222394286
-0.000222553992
-0.000245448173
-0.000247789973
-0.000247415593
-0.000222249816
-0.000222546842
-0.00022279003
-0.000222857694
-0.000245344004
-0.000245113076
-0.000246876452
-0.000222689228
-0.000222606245
-0.000222551955
-0.000222737828
-0.000249085301
-0.000248864829
-0.000248695065
-0.000222928211
-0.000223273595
-0.000223162061
-0.000223412691
-0.000246749379
-0.000247285575
-0.000245404311
-0.000223389379
-0.000223332809
-0.000223556943
-0.000225454268
-0.000243068331
-0.000244568203
-0.000224681408
-0.000225495528
-0.000226313248
-0.000224746468
-0.00022379832
-0.000220549793
-0.00022292935
-0.000220983841
-0.00021862132
-0.0002187257
-0.000220905575
-0.000223809761
-0.000221286576
-0.000222972961
-0.000244284637
-0.000244585328
-0.000225497455
-0.000224766504
-0.000225007725
-0.00022660362
-0.000248438196
-0.00024554533
-0.000247274844
-0.000223373878
-0.000223473779
-0.000225558854
-0.000223626668
-0.000247431736
-0.000248672331
-0.000248888032
-0.000223423561
-0.000223036616
-0.000223504024
-0.000223225648
-0.000245659586
-0.00024694456
-0.000245064581
-0.000222652793
-0.000222692479
-0.000222743852
-0.000222520341
-0.000244914476
-0.000247418425
-0.000247812943
-0.000222591595
-0.000222313777
-0.000222888133
-0.000222860153
-0.000247973427
-0.000248113405
-0.000247138578
-0.000222276013
-0.000222453641
-0.00022267799
-0.000222484294
-0.000244611426
-0.000245467521
-0.000243142264
-0.0002225028
-0.000222399996
-0.000222337526
-0.000223825858
-0.000242157235
-0.000224798313
-0.000224641979
-0.000224920705
-0.000223387511
-0.000222234811
-0.000219879274
-0.0002203951
-0.00021858425
-0.000220074431
-0.000221748473
-0.000223604984
-0.000220481979
-0.000221842119
-0.000243561401
-0.000242481118
-0.000225065771
-0.0002240881
-0.000223996978
-0.00022548084
-0.000247404515
-0.000244102025
-0.000245192296
-0.000222728259
-0.000223017518
-0.000225237292
-0.000225036016
-0.000249156759
-0.000246549241
-0.000247865541
-0.000223262829
-0.000223378158
-0.000223370619
-0.000223628576
-0.000249015003
-0.000248617333
-0.000249036375
-0.000223433319
-0.000223483691
-0.000223744649
-0.000223608443
-0.000248560501
-0.000248997836
-0.000248533576
-0.000223389525
-0.000223155932
-0.000223440998
-0.00022324598
-0.000248355443
-0.000247792687
-0.000246946744
-0.00022293418
-0.000222947443
-0.000223122365
-0.000222960009
-0.00024694465
-0.000245540727
-0.000244110357
-0.000223074
-0.00022327729
-0.000222808068
-0.000224486255
-0.00024504438
-0.000244205215
-0.000225226666
-0.000226899235
-0.000225814982
-0.000225307263
-0.000225611302
-0.000223121848
-0.000223163427
-0.000220146263
-0.000221304983
-0.000218686022
-0.0002211942
-0.000218446832
-0.000223216546
-0.000225816944
-0.000220099857
-0.000223161258
-0.000245506919
-0.000244200682
-0.000226904963
-0.000225320037
-0.00022536682
-0.000226084236
-0.000247954692
-0.000244231421
-0.000245513391
-0.000223325421
-0.000223071814
-0.0002245615
-0.000222797842
-0.000247740273
-0.000246671466
-0.000247492555
-0.000222891269
-0.000222853125
-0.00022286364
-0.00022300586
-0.000248969606
-0.000248541777
-0.000248953958
-0.000223120694
-0.000223358159
-0.000223221363
-0.000223424238
-0.000248515857
-0.00024889221
-0.000248456221
-0.000223433519
-0.000223388299
-0.000223549565
-0.000223663071
-0.000248487276
-0.000247823066
-0.000246614912
-0.000223412069
-0.000223338199
-0.000223590354
-0.000223425987
-0.000245623263
-0.000245398109
-0.000244143489
-0.000223075277
-0.000222703315
-0.000225171811
-0.000225028588
-0.00024281001
-0.000242313719
-0.000224073687
-0.000225092539
-0.000225146899
-0.000223906953
-0.000223624436
-0.000221806228
-0.000221939186
-0.000220539475
-0.000220091411
-0.000220136942
-0.000222926969
-0.000224286506
-0.000221636284
-0.000243493099
-0.000224712297
-0.000225798789
-0.000222705046
-0.00022322201
-0.0002457799
-0.000225434534
-0.000226047326
-0.000223611342
-0.00022462201
-0.000244972552
-0.000242390782
-0.000241324985
-0.000225256855
-0.000222755626
-0.000224839858
-0.000223365677
-0.000244725487
-0.000241256452
-0.000240971578
-0.000222428511
-0.00022243147
-0.000223182717
-0.000223020166
-0.000244609712
-0.000241493305
-0.000224412608
-0.000225090909
-0.000224046199
-0.000223720714
-0.000241963434
-0.000224748905
-0.000224907243
-0.000223652298
-0.000223588386
-0.000223758356
-0.000222605261
-0.000221294378
-0.000219557344
-0.000220434977
-0.000217885773
-0.000217821293
-0.0002204714
-0.000222746833
-0.000223982394
-0.000219764186
-0.000221440637
-0.000242988941
-0.000224963772
-0.000224706035
-0.000223465387
-0.000223416439
-0.000244667932
-0.000241423154
-0.000225124576
-0.000224393963
-0.000223882167
-0.00022414815
-0.00024503727
-0.000240981352
-0.00024129001
-0.000222442912
-0.000222473868
-0.000223047078
-0.000223146908
-0.000245395782
-0.000241342863
-0.000242213119
-0.000222758718
-0.000225022545
-0.000223338681
-0.000224701203
-0.000244145438
-0.000225734714
-0.000225489901
-0.000224328443
-0.000223673186
-0.000225894567
-0.000224743185
-0.000223076237
-0.000222775928
-0.000224036019
-0.000222676734
-0.000221672528
-0.000220166684
-0.000218530214
-0.000219131528
-0.000220700007
-0.000221532684
-0.000221552442
-0.000221573114
-0.000221180863
-0.000220835117
-0.000220013387
-0.000219367989
-0.000219221246
-0.000220109285
-0.000220932048
-0.000221281821
-0.000221487124
-0.000221437353
-0.00022167711
-0.000220865034
-0.000219120605
-0.000218327404
-0.000175075184
-0.00019516117
-0.000172272089
-0.00017647574
-0.000176739863
-0.000197356591
-0.000199167682
-0.000172276235
-0.000173120775
-0.000176424072
-0.000176904863
-0.000195751857
-0.000200150675
-0.000200208452
-0.000173993699
-0.000175286506
-0.000176950067
-0.000176582028
-0.000196162923
-0.000199430086
-0.000200226566
-0.000174630712
-0.000175421408
-0.000174869305
-0.000175282647
-0.000196589343
-0.000200633536
-0.00020061985
-0.00017579377
-0.00017562608
-0.000175664593
-0.000175771834
-0.000196780348
-0.000200777128
-0.000200767182
-0.000175612614
-0.000175418215
-0.000175803746
-0.000175615649
-0.000194375342
-0.000200034846
-0.000199354006
-0.000175081075
-0.000174075883
-0.000175156126
-0.000174676747
-0.000200937043
-0.000200969064
-0.000174855431
-0.000174041863
-0.000176551701
-0.000176965711
-0.00019903882
-0.000197798707
-0.00017250477
-0.000171753586
-0.000176321956
-0.000175928167
-0.000196583423
-0.000172024621
-0.000176740214
-0.000176751219
-0.00017491924
-0.000172873732
-0.000173155159
-0.000175376834
-0.000196765021
-0.000172490332
-0.000177079141
-0.000177154786
-0.000198185796
-0.000200110087
-0.000172344494
-0.00017340398
-0.000176433741
-0.000177314541
-0.000196288905
-0.00020158461
-0.000201240955
-0.000174860886
-0.000175999033
-0.00017772261
-0.000177032474
-0.000196499658
-0.000199925037
-0.000200481714
-0.000175565903
-0.000175900453
-0.000175387807
-0.000175662226
-0.00019684916
-0.000200827669
-0.000200889681
-0.000175837936
-0.000175755082
-0.000175869648
-0.000175946061
-0.000196609508
-0.000201018953
-0.000200679798
-0.000175717919
-0.000175831459
-0.00017592755
-0.000175712998
-0.000194335805
-0.000199826516
-0.000199141805
-0.000175137973
-0.000173982989
-0.000175127874
-0.000174622115
-0.000200670181
-0.00020097286
-0.000174944161
-0.000174247146
-0.00017667349
-0.000177504893
-0.000199537077
-0.000197410332
-0.000173253272
-0.000172288597
-0.000177278285
-0.000176527878
-0.000195346908
-0.000171912701
-0.000176870648
-0.000176837626
-0.000175198454
-0.000174502643
-0.000175634786
-0.000176524447
-0.000196102088
-0.000199432064
-0.000177225822
-0.000178606386
-0.000178396278
-0.000179148147
-0.000199816285
-0.000201198556
-0.000202303687
-0.000179244023
-0.000177748438
-0.000179032014
-0.000176794472
-0.000202241603
-0.000202329358
-0.000201959093
-0.000176211246
-0.00017600721
-0.000176542075
-0.00017620949
-0.000201071848
-0.000199628334
-0.000201167664
-0.000175148616
-0.00017544148
-0.000175354128
-0.000175718734
-0.000198965357
-0.000201083298
-0.000200573173
-0.000177381035
-0.000177835051
-0.000175953903
-0.000176090461
-0.000199320313
-0.00019896208
-0.000177920999
-0.000176590885
-0.00017786482
-0.000179388866
-0.000174926871
-0.000171268929
-0.000177838984
-0.000174720258
-0.000172615813
-0.000172485898
-0.000171334537
-0.000175070979
-0.000174867602
-0.000177942247
-0.000197260892
-0.000199021476
-0.000199424894
-0.000177112015
-0.000178364781
-0.000179689787
-0.000178204427
-0.000200343642
-0.000200764406
-0.000201275762
-0.000178218664
-0.000177906894
-0.000176381606
-0.000176281399
-0.000201659098
-0.000201380537
-0.000199963975
-0.000175894795
-0.000175771969
-0.000176055933
-0.000175749406
-0.000201116714
-0.000202118093
-0.000202321293
-0.000176241849
-0.000176324479
-0.000176353502
-0.000176593803
-0.000199512338
-0.0002023094
-0.000201063934
-0.000178063813
-0.000179477624
-0.000176815052
-0.000178871873
-0.000199244192
-0.000196216684
-0.00017815853
-0.000176985554
-0.000178685048
-0.000178328822
-0.00017471659
-0.000176605141
-0.000175407207
-0.000175129747
-0.000173017624
-0.000176102688
-0.000196006865
-0.000198933949
-0.000177330538
-0.000178488313
-0.000178653436
-0.00017885692
-0.000200587225
-0.00020011784
-0.000201727331
-0.000177528068
-0.000176581271
-0.000176414995
-0.000176302955
-0.000200568112
-0.000201820349
-0.000201666187
-0.00017658782
-0.00017893677
-0.000176638763
-0.000177035015
-0.000199778943
-0.000197528389
-0.000179860953
-0.00017769453
-0.000178636239
-0.000179178221
-0.000176105613
-0.000177500613
-0.000176012425
-0.000176227684
-0.000176429846
-0.000177877941
-0.000199121221
-0.000197392171
-0.000199656984
-0.00017760226
-0.000179827957
-0.000179074579
-0.000178553169
-0.000201531311
-0.00020199762
-0.000202054079
-0.000179139723
-0.000176808023
-0.000177238518
-0.000176838063
-0.000198391953
-0.000201940769
-0.000200296441
-0.000176529095
-0.000177778219
-0.000176420873
-0.000176537626
-0.000198843014
-0.000178602129
-0.000176962739
-0.000178881743
-0.000178518583
-0.00017478449
-0.000175995481
-0.000172856089
-0.000172725233
-0.000174631947
-0.000177732024
-0.000175862332
-0.000178837176
-0.00020019294
-0.000199345263
-0.000201065949
-0.000180248663
-0.000178881289
-0.000179740432
-0.000177193964
-0.000200608293
-0.000201710383
-0.000199350389
-0.000176567371
-0.000176197586
-0.000176719362
-0.000176237387
-0.000197931072
-0.000201268792
-0.000199084542
-0.000176353875
-0.000177533981
-0.000175948284
-0.000175773283
-0.000196116909
-0.000177754781
-0.000175670561
-0.000177556312
-0.000176364945
-0.000173236677
-0.000174242572
-0.000173268821
-0.0001742237
-0.000195128677
-0.000196413521
-0.000176174866
-0.000178184258
-0.000176962294
-0.000178077907
-0.000200731582
-0.000199262432
-0.00020156073
-0.000177654272
-0.000176484709
-0.000176056576
-0.000176182517
-0.000201566083
-0.000199533537
-0.000201862146
-0.000176362943
-0.000176675847
-0.000176416729
-0.000176902877
-0.000198252489
-0.000201308482
-0.000199474276
-0.000178818471
-0.000180148266
-0.000177379402
-0.000179960394
-0.000177719164
-0.000174553401
-0.000179070804
-0.000175895776
-0.000172811373
-0.000173473676
-0.000175249421
-0.000197242649
-0.000197377192
-0.000176699846
-0.000179580064
-0.000178023746
-0.000179173694
-0.000201997961
-0.000200208079
-0.000202484022
-0.000179053895
-0.000177197041
-0.000177001109
-0.000176982225
-0.000200171828
-0.000201752202
-0.000201006615
-0.000175991143
-0.000176012412
-0.000176174126
-0.000176130525
-0.000197933472
-0.000195181096
-0.000178091575
-0.000177573529
-0.000177434818
-0.000177967809
-0.000176303116
-0.000175992767
-0.000173184476
-0.000176183677
-0.000173134222
-0.000175878629
-0.000198081356
-0.000195162538
-0.00019791227
-0.000177634541
-0.000178446755
-0.000177701427
-0.000177526659
-0.000201348949
-0.000201113334
-0.000201726031
-0.00017634714
-0.000176238745
-0.00017635832
-0.000176324335
-0.000200068463
-0.000202361444
-0.000200115676
-0.000177379854
-0.00017928254
-0.000176977838
-0.00017695746
-0.000197282941
-0.000179731023
-0.000176765215
-0.000179042456
-0.000177840795
-0.000173462763
-0.000175169075
-0.000176418468
-0.000176998019
-0.000198351989
-0.000198992127
-0.000179183634
-0.000179949277
-0.000179896498
-0.000180502768
-0.000201635478
-0.000201051493
-0.000201837907
-0.000177164067
-0.000176868158
-0.000177379622
-0.000176907284
-0.000201251111
-0.000201097215
-0.000201215169
-0.000176241377
-0.00017597763
-0.000176048679
-0.000175709397
-0.000194792352
-0.000198188143
-0.000195148858
-0.000175224217
-0.000176781376
-0.000174929356
-0.000176836144
-0.000175298428
-0.000172378163
-0.000175588507
-0.000172739933
-0.000172467934
-0.000175306605
-0.000172771238
-0.000175530305
-0.000198048822
-0.000195012418
-0.000198085811
-0.00017670888
-0.000175258155
-0.000176754359
-0.000174879
-0.000201827667
-0.00020111057
-0.000200998125
-0.000176076515
-0.000176308516
-0.000175707899
-0.000176076848
-0.000200321087
-0.000201689901
-0.000200807607
-0.000176749209
-0.000177000564
-0.000176793042
-0.000177212338
-0.000198701296
-0.00017978188
-0.000178980898
-0.000180199165
-0.000179515471
-0.00017633354
-0.000177055799
-0.000177026029
-0.000176287887
-0.000198947075
-0.000198122756
-0.000179843471
-0.000180446826
-0.000178897075
-0.000179784832
-0.000201749778
-0.000200396024
-0.000201483232
-0.000177323175
-0.00017686219
-0.000177061795
-0.000176795873
-0.000201236364
-0.000202258458
-0.000201758273
-0.000176079757
-0.000175770166
-0.00017641118
-0.000176252224
-0.00019517233
-0.000198232032
-0.000194891049
-0.000174984205
-0.000176876156
-0.000175406668
-0.000176850469
-0.000175609055
-0.000172740817
-0.000175353668
-0.000172391025
-0.000172764576
-0.000175473208
-0.000172446288
-0.000175362412
-0.000198104478
-0.000194711931
-0.000198163356
-0.000176734169
-0.00017491691
-0.000176765471
-0.000175349842
-0.000201118119
-0.000201582733
-0.000202180711
-0.000175799991
-0.000176179058
-0.000176283317
-0.000176503265
-0.000200989986
-0.000201556562
-0.0002005706
-0.00017683891
-0.000177270548
-0.000176773088
-0.000177052696
-0.000198255622
-0.000180256329
-0.000179669033
-0.000179805751
-0.000179038071
-0.000177308989
-0.000176297491
-0.000175235402
-0.000173643406
-0.000197358631
-0.000197477929
-0.000177863206
-0.000179132776
-0.000176962449
-0.000179826203
-0.000202466917
-0.000200145119
-0.000202218175
-0.000177033186
-0.00017700723
-0.000179291964
-0.000177392236
-0.000201514129
-0.000201159623
-0.000200281808
-0.000176373717
-0.000176481198
-0.000176096645
-0.000176241738
-0.000195433543
-0.000198062514
-0.000177866256
-0.000178145604
-0.000178567702
-0.000177868375
-0.000175956088
-0.000172986663
-0.000176241034
-0.000173147132
-0.000176173219
-0.000176419731
-0.000198109652
-0.000198015944
-0.000177987174
-0.000177661075
-0.000177704261
-0.000178412107
-0.000202072384
-0.000200290462
-0.000201270321
-0.000176509007
-0.000176466211
-0.000176276027
-0.000176223613
-0.000200017141
-0.000201857043
-0.000199628975
-0.000176841989
-0.000176824414
-0.000177061738
-0.00017866548
-0.000196965789
-0.000178969258
-0.000177758966
-0.000179212991
-0.000176697811
-0.000174931877
-0.000173513075
-0.000172946912
-0.000176002173
-0.00017895428
-0.000174618902
-0.000177626676
-0.000201239074
-0.000198459966
-0.000200406982
-0.000179925253
-0.000177433712
-0.000180335347
-0.000179203617
-0.000199378049
-0.000201538076
-0.000200578702
-0.000176843883
-0.000176291909
-0.000176723738
-0.00017626116
-0.00019907278
-0.00020032891
-0.000197827515
-0.000175915975
-0.000175859712
-0.000176223961
-0.000177437973
-0.000195175434
-0.000177817461
-0.000176673517
-0.000177844714
-0.000175780935
-0.000174314262
-0.000173193625
-0.000174400774
-0.000173435746
-0.000196242403
-0.000195004566
-0.000176877863
-0.000177978688
-0.000176041268
-0.000177812297
-0.000201490394
-0.000197724999
-0.000200766925
-0.000175928272
-0.00017613476
-0.000177404932
-0.000176450511
-0.000201686329
-0.000200612075
-0.000201462639
-0.000176244012
-0.000176703386
-0.000176257026
-0.000176635595
-0.000199278057
-0.000200473455
-0.000198603016
-0.000177166433
-0.000179433083
-0.000179102227
-0.000180191149
-0.00017849706
-0.000175810282
-0.000177621857
-0.000174663594
-0.000172917569
-0.000172931689
-0.000176149533
-0.000174886262
-0.000199057472
-0.000196304158
-0.000178898562
-0.000179211555
-0.000177116038
-0.000178636642
-0.000201777282
-0.000198477825
-0.000200806205
-0.000176615547
-0.000176403708
-0.000177862871
-0.000176739025
-0.00020181977
-0.000201499447
-0.000200489798
-0.000176672715
-0.000177017464
-0.00017665962
-0.000178889343
-0.000197465772
-0.000198936703
-0.000178509356
-0.000178955773
-0.000179861779
-0.000177806785
-0.000177439235
-0.000175999857
-0.000176182592
-0.000176153526
-0.000177364008
-0.000176095333
-0.000199878251
-0.000199002427
-0.000179006617
-0.000178629311
-0.000177925784
-0.0001798607
-0.000202041948
-0.000200360428
-0.000201282553
-0.000177118762
-0.00017673609
-0.000178849976
-0.000176600704
-0.000200239385
-0.000200934946
-0.000198403583
-0.000176478936
-0.000176605974
-0.000176845079
-0.00017785908
-0.000196223648
-0.000179311758
-0.000178870364
-0.000178685438
-0.000177150954
-0.000175950421
-0.000173045707
-0.000174934631
-0.000175481882
-0.000176830697
-0.000174660154
-0.00019977063
-0.000178668578
-0.000179339189
-0.000177185744
-0.000178727664
-0.000202155984
-0.000199524851
-0.000199907105
-0.000179283657
-0.000176844659
-0.000179628283
-0.000177898557
-0.000202498228
-0.000201469051
-0.000202831477
-0.000176732649
-0.000176512564
-0.000176424942
-0.000176348981
-0.000201174219
-0.000201315512
-0.000201145306
-0.00017544448
-0.000175790466
-0.000175477389
-0.000175632805
-0.00020075821
-0.000199980896
-0.000199283202
-0.000176069914
-0.00017624723
-0.000177688166
-0.000178047176
-0.000199000196
-0.000197360967
-0.000178081791
-0.000179442624
-0.000178131324
-0.000176747312
-0.000177791149
-0.000174868752
-0.000174953886
-0.000171291434
-0.000172495
-0.000172418265
-0.000174815723
-0.00017770024
-0.00017131154
-0.000175089347
-0.000199401449
-0.000197272283
-0.00017941688
-0.000178046211
-0.000177262461
-0.000178277566
-0.000201316691
-0.000199428634
-0.000200527218
-0.000176332997
-0.000176348672
-0.000178126112
-0.000178153875
-0.000199916474
-0.000201651258
-0.000201643316
-0.000176147256
-0.000175749108
-0.000176109204
-0.000175857101
-0.000202713293
-0.000202878802
-0.000201509062
-0.000176449395
-0.000176783228
-0.000176389019
-0.000176482798
-0.000201386153
-0.000199940905
-0.000199610003
-0.000176957482
-0.000179466359
-0.000178070036
-0.000179824759
-0.0001964631
-0.00017951854
-0.000178700056
-0.000178832516
-0.000177169252
-0.000176791627
-0.0001756736
-0.00017461883
-0.000175099322
-0.000195143947
-0.000176546248
-0.000176769595
-0.000172193977
-0.000199303788
-0.000176420349
-0.00017705969
-0.000172065247
-0.000173063902
-0.000200148399
-0.000195501721
-0.000177107794
-0.000176422738
-0.000173914919
-0.000175060422
-0.000199965869
-0.000194992944
-0.00019580692
-0.000174755799
-0.000175205255
-0.000174527301
-0.000175373917
-0.00020092297
-0.000196590189
-0.000197009884
-0.000175699405
-0.000175900138
-0.000175887528
-0.000175848075
-0.000200524599
-0.000196955279
-0.000196522502
-0.000175871474
-0.000175591789
-0.000175777311
-0.000175495682
-0.000199472852
-0.000195983544
-0.000194922618
-0.000175168114
-0.000174711237
-0.000175144929
-0.000174119362
-0.000201402703
-0.000195220103
-0.00017649246
-0.000177292124
-0.000174784223
-0.000174362436
-0.000198018699
-0.000177014773
-0.000176152878
-0.000173349824
-0.000171926153
-0.000177110651
-0.000177071062
-0.000172208457
-0.000175155678
-0.000172842778
-0.000173310929
-0.000174908226
-0.000196969753
-0.000176636575
-0.000177480462
-0.000172620895
-0.000200313218
-0.000176910036
-0.000177590281
-0.000172762555
-0.000173865439
-0.000200977902
-0.000196278175
-0.000177540052
-0.000177022745
-0.000174674903
-0.000175896493
-0.000200194884
-0.000195701035
-0.000196210768
-0.000175343865
-0.00017558725
-0.000175435873
-0.000175849224
-0.000200866215
-0.000196831902
-0.000196910725
-0.000175851499
-0.000175974954
-0.000175840947
-0.000175858636
-0.000200756303
-0.000196784635
-0.000196904694
-0.000175921304
-0.000175736946
-0.00017581215
-0.000175803989
-0.000199108774
-0.000195687584
-0.000194370888
-0.000175182136
-0.000174538877
-0.0001751679
-0.000173852113
-0.000200777014
-0.000195060721
-0.000176209787
-0.00017738199
-0.000174397306
-0.000174198179
-0.000197473476
-0.000177460439
-0.000176522169
-0.000173503327
-0.000172144621
-0.000177235393
-0.000177082306
-0.000172193093
-0.000175133337
-0.000127325407
-0.000129252224
-0.000149521865
-0.000152336511
-0.000125206424
-0.000126144219
-0.000129880542
-0.000130172489
-0.000150308844
-0.000155455801
-0.000155568137
-0.000128030367
-0.000129517593
-0.000131215691
-0.000130635733
-0.000151787308
-0.000153746796
-0.000153175551
-0.00012736667
-0.000128698838
-0.000125974429
-0.000125208806
-0.000150187653
-0.000151155268
-0.000148568146
-0.000129932052
-0.000129484635
-0.000125567959
-0.000124161892
-0.000152424257
-0.000147962997
-0.000148596262
-0.000124235852
-0.000126451023
-0.000154189358
-0.000149337276
-0.000150169353
-0.000127894714
-0.000129387363
-0.000155362509
-0.000150900626
-0.000151382792
-0.000131051345
-0.000131915427
-0.000155046516
-0.000151487764
-0.000151162807
-0.000132110031
-0.000131635945
-0.000153500026
-0.000150426236
-0.000149511783
-0.000130460774
-0.000128564999
-0.000150879306
-0.000148584851
-0.000147457225
-0.000126794779
-0.000124794919
-0.00014930161
-0.000147305263
-0.000148360794
-0.000128548949
-0.000123250602
-0.000123645163
-0.000149607922
-0.000152207456
-0.000152768324
-0.000128451046
-0.000126660985
-0.00012437116
-0.000123693134
-0.000148438564
-0.000152694226
-0.000153334011
-0.000125666006
-0.000127892713
-0.000124767866
-0.000129247882
-0.000152822041
-0.000151229795
-0.000126965054
-0.000126925073
-0.000130213071
-0.000130873088
-0.000130485963
-0.000129461342
-0.000129208878
-0.000130874748
-0.000151521116
-0.000153299312
-0.000127291211
-0.00012716046
-0.000131722475
-0.000130572916
-0.000149201025
-0.000153835839
-0.000153371675
-0.000128078029
-0.000126344477
-0.000129546244
-0.000125324245
-0.000150929573
-0.000153441756
-0.000152412342
-0.000127423853
-0.000128141911
-0.000124346621
-0.000124465295
-0.000150439845
-0.000148527196
-0.00014785009
-0.000128150343
-0.000123815435
-0.000124069778
-0.000153041322
-0.000148204792
-0.000148994369
-0.000125521575
-0.000126903616
-0.000155400445
-0.000149878642
-0.000150798597
-0.000128613204
-0.000130528345
-0.000155496273
-0.000151338458
-0.000151593319
-0.000131683156
-0.000132173884
-0.000155071498
-0.000151527487
-0.000151038042
-0.000132029827
-0.000131230776
-0.000153353026
-0.00015031524
-0.000149372411
-0.00012960774
-0.000128070678
-0.000151361801
-0.000148336491
-0.000148453171
-0.000126365425
-0.000124688387
-0.000150559269
-0.000149329193
-0.000150971562
-0.000129465709
-0.000128756504
-0.00012489374
-0.000125294206
-0.000149938266
-0.000152643336
-0.000153726882
-0.000127782481
-0.000127567315
-0.000124900708
-0.000125977884
-0.00015495123
-0.000154056913
-0.00012932205
-0.000126933423
-0.000130017261
-0.000130172572
-0.000151709522
-0.000149344339
-0.000124854666
-0.000124427324
-0.000129344199
-0.000129318829
-0.000128923156
-0.000127180635
-0.000130354006
-0.000130989699
-0.000132522979
-0.000152425635
-0.000153598468
-0.000154924648
-0.00013114893
-0.000132267792
-0.000133693909
-0.000132597981
-0.000155188086
-0.000156208754
-0.000155025164
-0.000130994874
-0.000129473766
-0.00013048036
-0.000129740154
-0.000151000061
-0.000150604722
-0.000150674348
-0.000125191507
-0.000126253117
-0.000125324792
-0.000125004662
-0.000151808366
-0.000150966448
-0.000151244263
-0.000126736939
-0.000127385197
-0.000125133137
-0.000125725623
-0.000151576697
-0.000151318021
-0.00015102786
-0.000127654098
-0.000127147016
-0.000125937729
-0.000125455248
-0.000150338512
-0.000150475393
-0.000150030425
-0.000126162047
-0.000125385839
-0.00012457596
-0.000124080579
-0.000149595113
-0.000149822428
-0.000149910599
-0.000124140705
-0.000123766354
-0.000124300522
-0.000125702357
-0.000153741014
-0.000153056841
-0.000153838751
-0.000128795131
-0.000130891454
-0.000128854177
-0.000129381634
-0.0001497308
-0.000154614121
-0.000152601835
-0.000131596645
-0.000132095248
-0.000129794356
-0.000131196837
-0.000149881974
-0.000130575771
-0.000126988036
-0.000131336201
-0.000129125698
-0.000127342689
-0.000127165667
-0.000150001643
-0.000126734546
-0.000130190687
-0.000128980345
-0.00013124439
-0.000152659858
-0.000152533285
-0.000154641161
-0.000131911701
-0.000131724655
-0.000131166381
-0.000129908203
-0.000154464935
-0.00015396643
-0.000153286398
-0.000131488614
-0.000129165232
-0.000129641474
-0.000129075996
-0.000150077797
-0.000150149478
-0.000149846237
-0.000124225435
-0.000123896535
-0.000125807262
-0.000123948177
-0.000151047639
-0.000149950287
-0.000150484107
-0.00012491681
-0.000126122647
-0.000123627112
-0.000124523416
-0.000151979876
-0.000151046098
-0.000151373459
-0.000127052208
-0.000127640428
-0.000125396714
-0.000125953748
-0.000151563784
-0.000151367108
-0.000151065834
-0.000127651669
-0.000126999085
-0.000125919951
-0.000125323372
-0.000150569377
-0.000150600889
-0.000150495507
-0.000126040379
-0.000125063141
-0.000124703882
-0.0001250672
-0.000153169317
-0.000154800983
-0.000155811976
-0.000129034153
-0.000130510262
-0.000129478003
-0.000130203309
-0.000154795057
-0.000153575595
-0.000132156576
-0.000131350978
-0.000132576925
-0.000133801673
-0.000130379038
-0.000132137665
-0.000130551597
-0.000129966514
-0.000127153198
-0.00013022581
-0.000152610036
-0.000150300595
-0.000153052444
-0.000131775546
-0.000133587985
-0.000132340134
-0.000131940379
-0.000156417529
-0.000155454334
-0.000155205049
-0.000132872161
-0.000131030064
-0.00013064566
-0.000130497059
-0.00015510522
-0.000155522458
-0.000156203407
-0.000130039779
-0.000130086705
-0.000129983241
-0.000130084636
-0.000149204447
-0.000153967058
-0.000151694293
-0.000130857832
-0.000131142963
-0.000129737423
-0.000131458501
-0.000129020827
-0.000126169107
-0.000130303452
-0.000128889563
-0.000126204646
-0.000128956136
-0.000128600946
-0.00013058482
-0.000152097972
-0.000151984606
-0.000154414612
-0.000131167123
-0.000130923946
-0.000131685585
-0.000129984589
-0.000155814369
-0.00015677506
-0.000155921378
-0.000130141268
-0.000130164335
-0.000130397306
-0.000130260432
-0.000154433785
-0.000154953701
-0.000155284518
-0.000130899421
-0.000132781556
-0.000130376937
-0.000130570976
-0.000153190378
-0.000150337829
-0.000133269156
-0.000131359549
-0.000131960312
-0.000132408167
-0.000129475602
-0.000129972657
-0.000126877964
-0.00012611043
-0.000149826453
-0.000128716916
-0.000130840704
-0.000129479638
-0.000132021597
-0.000153908454
-0.000152941916
-0.000155148496
-0.000132077562
-0.000130175579
-0.000131767588
-0.000130154374
-0.000152909999
-0.000155118088
-0.000153860434
-0.000129800196
-0.000131294278
-0.000129854496
-0.00012988179
-0.000151397535
-0.000131858078
-0.000130149146
-0.000131750102
-0.000130514657
-0.000127155282
-0.000128249423
-0.000126729573
-0.000128249105
-0.000150222892
-0.000151440507
-0.000129545108
-0.000132042968
-0.000130410186
-0.000131766383
-0.00015550242
-0.000154060182
-0.000155398949
-0.000131609686
-0.00013009068
-0.00013000276
-0.000130028386
-0.000151921568
-0.000155104793
-0.000152807038
-0.000130082509
-0.000131984315
-0.000130012885
-0.000131529347
-0.000149772652
-0.000130630111
-0.000128516607
-0.000131743995
-0.000129313672
-0.000126022505
-0.000126798511
-0.000128556784
-0.000150545693
-0.000152112194
-0.000130305864
-0.000132084761
-0.000131782511
-0.000133311915
-0.000155152113
-0.000155398688
-0.000156636145
-0.000130402503
-0.000130440338
-0.000131281136
-0.00013121304
-0.000154775182
-0.000154848423
-0.000155192743
-0.000129964264
-0.000129874249
-0.00012959704
-0.000129454009
-0.000148482437
-0.000152093947
-0.000148272464
-0.000131119748
-0.000131127499
-0.000128861861
-0.000130270713
-0.00012970301
-0.000129205123
-0.000126238299
-0.000129930375
-0.000126319286
-0.000129258327
-0.000152159307
-0.000148249492
-0.00015228489
-0.000131282434
-0.000131223736
-0.000130305323
-0.000128926443
-0.000155813578
-0.000155160295
-0.000154641943
-0.000129927313
-0.000130004087
-0.000129429084
-0.000129534802
-0.00015360555
-0.000156472045
-0.000155221126
-0.000130324166
-0.000130236598
-0.00013106542
-0.000131125314
-0.000152124482
-0.000131893945
-0.000130105802
-0.000133231396
-0.000131711853
-0.000126778452
-0.000128372127
-0.000129855809
-0.000130333153
-0.000153547951
-0.000154366431
-0.000133228641
-0.000134557906
-0.000133902249
-0.000135238073
-0.000157636451
-0.000157088002
-0.000158149427
-0.000132182743
-0.000131957881
-0.000132686525
-0.000132373219
-0.000153944224
-0.00015191821
-0.000154073646
-0.000128978729
-0.000128996454
-0.00012874753
-0.000128890002
-0.000149109914
-0.000152712839
-0.000149689786
-0.000128671222
-0.000130590743
-0.000128754884
-0.000130874585
-0.000129033984
-0.000125587703
-0.000129335137
-0.00012595406
-0.00012563384
-0.000129036643
-0.000126055943
-0.000129263878
-0.000152439936
-0.000149578744
-0.000152813138
-0.000130586674
-0.000128743111
-0.000130790189
-0.000128786222
-0.000152139863
-0.000154214468
-0.000151932224
-0.000129037696
-0.000128983498
-0.000128951142
-0.000128776674
-0.000156308651
-0.000158188034
-0.000157056421
-0.000131814865
-0.000131960152
-0.000132297424
-0.000132507228
-0.000153761565
-0.000134138603
-0.000132715201
-0.000134667465
-0.000133311742
-0.000129676028
-0.000130631177
-0.000130289665
-0.000129822596
-0.000154177161
-0.000153477691
-0.000133622121
-0.000135040324
-0.000133122926
-0.000134492832
-0.000158173407
-0.000156426786
-0.000157538169
-0.000132648946
-0.000132362037
-0.000132123128
-0.000131914151
-0.000154093804
-0.000152165736
-0.000153988565
-0.000128753954
-0.000128892375
-0.000128974249
-0.000128982166
-0.000149696761
-0.00015227523
-0.000149092598
-0.000128747945
-0.000130841141
-0.000128636603
-0.000130454155
-0.000129292697
-0.000125925436
-0.000128841277
-0.000125591909
-0.000125992397
-0.000129229278
-0.000125597918
-0.000129052822
-0.000152754135
-0.000149156349
-0.000152391758
-0.000130745099
-0.000128764056
-0.000130569336
-0.000128712954
-0.000151924376
-0.000154074535
-0.000152201549
-0.000128944969
-0.000128784989
-0.000129056779
-0.000129030383
-0.000157323922
-0.000157514375
-0.000156379793
-0.000132351942
-0.000132618276
-0.000131831506
-0.000132023157
-0.000153355967
-0.000134858427
-0.000133544859
-0.000134327869
-0.000132954904
-0.000130554668
-0.000129707964
-0.000128560353
-0.000126806965
-0.000152201673
-0.000150458579
-0.00013186419
-0.000133338144
-0.000130112197
-0.000131934784
-0.000156533466
-0.000153816279
-0.000155299981
-0.000131250988
-0.0001311859
-0.000130417632
-0.000130495881
-0.000155149874
-0.000155763978
-0.000154929212
-0.000129541537
-0.000129374466
-0.000129981665
-0.000129813911
-0.000148150279
-0.000151790716
-0.00014823448
-0.000128728053
-0.000130114946
-0.000130764011
-0.000130792094
-0.000129061832
-0.000126287715
-0.000129648421
-0.000126261088
-0.000129341643
-0.000129980849
-0.000152089592
-0.000148226869
-0.000151760419
-0.000130246744
-0.000128818115
-0.000131010545
-0.000130876901
-0.00015483432
-0.000155205752
-0.000155976812
-0.000129470343
-0.000129622109
-0.000129913918
-0.000130063668
-0.000154996502
-0.000155133073
-0.000153597377
-0.000131003001
-0.000131055104
-0.000130275591
-0.000130184812
-0.000150421369
-0.000133191901
-0.000131705356
-0.000131906409
-0.000130168567
-0.000128492347
-0.000126747623
-0.000125975744
-0.000149957072
-0.000129216305
-0.000132093598
-0.000128354643
-0.000130903255
-0.000155226224
-0.000152161004
-0.000153903753
-0.000131902031
-0.000130207671
-0.000132174515
-0.000130204864
-0.000154173344
-0.000155353633
-0.000153435255
-0.000130026864
-0.00013000278
-0.000130035363
-0.000131831867
-0.000150412619
-0.000131572228
-0.000130200692
-0.000132390541
-0.000129992207
-0.000128139904
-0.000127068233
-0.000128271991
-0.000126956911
-0.00015138417
-0.000150371748
-0.000130257914
-0.000131473489
-0.00013002412
-0.00013211505
-0.000155496516
-0.000153294286
-0.000155462965
-0.000129942401
-0.000130038132
-0.000131604241
-0.000130042668
-0.000152683167
-0.000153652349
-0.000151787834
-0.000129931573
-0.000131293052
-0.000129941765
-0.000131742239
-0.000131740381
-0.000129590371
-0.000130712513
-0.000128948409
-0.000126274435
-0.000126759025
-0.000130109005
-0.000129812985
-0.00015298567
-0.000152818182
-0.000132328976
-0.000131903614
-0.000131593346
-0.000133727951
-0.000155130344
-0.000154886019
-0.00015624076
-0.000130728264
-0.000130545792
-0.000133202131
-0.000131078051
-0.000156285075
-0.000155645258
-0.000154828092
-0.00013003354
-0.000130164968
-0.000129966304
-0.000129973088
-0.000152146626
-0.000152319555
-0.000149338829
-0.000129918333
-0.000131827263
-0.00013090484
-0.00013128027
-0.000130788913
-0.000128799933
-0.000128845852
-0.000125984958
-0.00012866982
-0.000130387718
-0.000125956718
-0.000128665787
-0.000154211417
-0.000149011951
-0.000152177133
-0.000131473317
-0.000129854949
-0.000130979654
-0.000130765017
-0.000155689815
-0.000154928078
-0.000155477639
-0.000130292419
-0.000130094186
-0.000129987333
-0.000129921057
-0.000155278263
-0.000156166526
-0.000154440476
-0.000130373602
-0.000130538717
-0.000130902583
-0.000132779524
-0.000150297575
-0.000152639862
-0.000131799321
-0.000132382671
-0.000133248347
-0.000131413336
-0.000130280089
-0.000127224711
-0.000129736151
-0.000130969792
-0.000132815078
-0.000130253613
-0.000154949755
-0.000152573801
-0.000134067261
-0.000132646131
-0.000131241522
-0.000132306447
-0.000155232496
-0.000153574684
-0.000155406253
-0.000130547707
-0.000129850643
-0.000131108429
-0.000129597007
-0.000150420797
-0.000150535406
-0.000150804547
-0.000124876594
-0.000124293289
-0.000124991373
-0.000125631869
-0.000151211776
-0.00015140367
-0.000151818637
-0.000125065158
-0.000125718584
-0.000126721011
-0.000127443836
-0.000151070016
-0.000151871272
-0.000151601577
-0.000125841029
-0.000125596939
-0.000127512541
-0.000127246161
-0.000149990733
-0.000151026628
-0.000150287558
-0.000124876749
-0.000123892455
-0.000126503361
-0.000125025139
-0.000150008688
-0.000149947044
-0.000149826147
-0.000124127841
-0.000125760749
-0.000123830865
-0.000123838341
-0.000153756284
-0.000153911695
-0.000153763307
-0.000128712177
-0.000129324443
-0.000128633102
-0.000130972676
-0.000152313494
-0.000152683384
-0.000149629274
-0.000129653421
-0.000130823247
-0.000131396321
-0.000131624283
-0.00013102829
-0.000129247856
-0.000129872912
-0.000126967458
-0.000127283747
-0.000127193918
-0.000149891143
-0.000129111917
-0.00013106902
-0.000126872406
-0.00013021857
-0.000154289734
-0.000149567448
-0.000152476364
-0.000130935903
-0.00012961444
-0.00013190453
-0.000131335962
-0.000153059324
-0.000153752266
-0.000154264675
-0.000129351307
-0.000128893398
-0.000130881381
-0.00012892889
-0.000149863781
-0.000149953743
-0.000150048476
-0.000125744298
-0.000124105124
-0.000123875861
-0.000123816994
-0.000150548359
-0.000150407658
-0.000151110372
-0.00012382095
-0.000124694182
-0.000124969611
-0.000126309709
-0.000151368656
-0.000151719897
-0.000152005782
-0.000125557279
-0.000125930761
-0.000127298735
-0.000127677865
-0.000151025087
-0.000151925827
-0.000151542746
-0.000125796164
-0.000125240125
-0.00012753687
-0.000126918057
-0.000150556375
-0.00015101829
-0.000150639198
-0.000124806774
-0.000125200172
-0.000126103322
-0.000125193767
-0.000156168605
-0.000155138575
-0.00015371987
-0.000129690534
-0.00013043943
-0.000129356052
-0.000131118382
-0.000153426173
-0.000152524185
-0.000132484525
-0.000133646592
-0.000132264951
-0.00013086289
-0.000132221378
-0.000130595471
-0.000130104932
-0.000127309009
-0.000129359885
-0.000152574302
-0.000130055185
-0.000130347983
-0.000125404832
-0.000126327303
-0.000154817249
-0.000150176587
-0.000130967445
-0.000129892471
-0.000127675912
-0.000128767595
-0.000153004424
-0.000150103019
-0.000151508926
-0.000125566785
-0.00012493017
-0.000126854762
-0.00012825849
-0.000149383888
-0.000151247527
-0.0001506623
-0.000125584223
-0.000125180475
-0.000129817551
-0.000130042584
-0.000148666256
-0.000151829687
-0.000152286967
-0.000125095797
-0.000126922298
-0.000150204526
-0.000153215867
-0.000154282604
-0.000128050162
-0.000129515786
-0.000151391702
-0.000154999211
-0.000155275558
-0.000131099107
-0.000131909694
-0.000151118314
-0.000155354991
-0.000155104745
-0.000132060036
-0.000131546927
-0.000149557476
-0.000154449064
-0.000153628429
-0.000130465029
-0.00012860582
-0.000147966825
-0.000152763321
-0.000151511456
-0.000126887159
-0.000125210186
-0.000148737778
-0.000150531243
-0.000149627716
-0.000123943707
-0.000123754653
-0.000128774777
-0.000153240114
-0.000151246434
-0.000150021742
-0.000124265523
-0.000123536785
-0.000128510574
-0.0001265706
-0.000152954863
-0.000148509098
-0.000148057318
-0.000124243245
-0.00012865333
-0.00012514219
-0.000127418188
-0.00015108164
-0.000129782764
-0.00013100721
-0.000126425798
-0.000126564191
-0.000130418364
-0.000129325708
-0.000129639121
-0.000130878564
-0.000153013307
-0.000131295755
-0.00013027565
-0.000127147777
-0.000126812197
-0.00015260014
-0.000148806686
-0.000148415307
-0.00012923578
-0.000124616323
-0.000127702591
-0.000125543278
-0.000152615111
-0.000149593371
-0.000151174232
-0.000124091529
-0.000124604069
-0.000126941583
-0.000128431745
-0.000148121639
-0.000149518081
-0.000150760903
-0.00012390264
-0.000123947641
-0.000128274147
-0.000148999466
-0.000151767361
-0.000153160087
-0.000125243087
-0.000126863405
-0.000150807567
-0.000154569634
-0.000155343907
-0.000128609709
-0.000130526483
-0.000151655979
-0.0001554772
-0.000155607348
-0.000131692841
-0.000132218395
-0.000151074334
-0.000155466563
-0.000155131011
-0.000132032285
-0.000131224448
-0.000149415948
-0.000154619774
-0.000153199139
-0.000129625897
-0.000128179265
-0.000147948128
-0.000151995452
-0.000151068611
-0.000126809579
-0.000124301206
-0.000150899717
-0.000150271713
-0.000150530972
-0.000123886653
-0.000125009723
-0.000129005598
-0.000128806194
-0.000154016162
-0.000151069103
-0.000150493211
-0.000124947937
-0.000126116863
-0.000127852896
-0.000127625889
-0.000154109266
-0.000150140536
-0.000129983257
-0.000130350104
-0.00012933759
-0.000127272903
-0.000149623432
-0.000129880416
-0.000129956567
-0.000125398709
-0.000124497961
-0.000129591352
-0.000127245348
-8.08230648e-05
-8.29962124e-05
-0.000104174148
-0.000106503247
-7.94813625e-05
-7.98716317e-05
-8.39030364e-05
-8.33526165e-05
-0.000102962713
-0.000107188086
-0.000106334103
-8.10968734e-05
-7.97945795e-05
-8.25945094e-05
-7.86741271e-05
-0.000102502443
-0.000105503537
-0.000101806324
-8.1051693e-05
-8.0885832e-05
-7.7649648e-05
-7.64369789e-05
-0.000105966392
-0.000101378079
-0.000101970343
-7.7403045e-05
-7.96542463e-05
-0.000101394819
-0.000102201252
-8.19457586e-05
-0.000103886551
-0.000105296895
-0.000103924868
-0.000102180457
-0.000100190939
-0.000104938875
-9.9688374e-05
-0.000101385322
-8.00577877e-05
-7.90362532e-05
-0.000105843701
-0.000102598892
-0.000106487938
-8.27894877e-05
-8.25072846e-05
-7.84184914e-05
-7.89892735e-05
-0.000104211995
-0.000107598158
-0.000108916001
-8.16558865e-05
-8.19724514e-05
-7.96697666e-05
-8.33948565e-05
-0.000108040705
-0.000106188879
-7.99081196e-05
-8.13422778e-05
-8.41740559e-05
-8.58509416e-05
-8.46643195e-05
-8.26836527e-05
-8.33565347e-05
-8.56700267e-05
-0.000105912079
-0.00010783142
-8.1619806e-05
-8.16456479e-05
-8.64872382e-05
-8.49239696e-05
-0.000104879452
-0.000109052699
-0.000108098862
-8.32303968e-05
-8.17487625e-05
-8.41779361e-05
-8.02130138e-05
-0.00010412794
-0.000107100827
-0.000102858248
-8.26271228e-05
-8.28617172e-05
-7.92248522e-05
-7.82462501e-05
-0.000104860035
-0.000101713258
-0.000100335928
-7.89667419e-05
-8.04468572e-05
-0.000100584781
-0.000102319466
-0.000104193825
-0.000105519077
-0.000103943938
-0.000106033145
-0.000102208226
-0.000101657573
-8.20740763e-05
-0.00010428588
-0.000101819553
-0.000101301639
-7.93696887e-05
-7.74610051e-05
-0.0001037308
-0.000102066364
-0.000105396409
-8.14781687e-05
-8.13086468e-05
-7.7253187e-05
-7.83022331e-05
-0.000102390494
-0.000106025322
-0.000107271586
-7.96747305e-05
-8.09966289e-05
-7.88612301e-05
-8.26321327e-05
-0.000106740553
-0.000104476595
-8.00934965e-05
-7.97244461e-05
-8.37288497e-05
-8.43888044e-05
-8.34701654e-05
-8.06767062e-05
-8.33148297e-05
-8.34111e-05
-8.50078092e-05
-0.000107242347
-0.000107242012
-0.00010935909
-8.50048901e-05
-8.6394723e-05
-8.72641942e-05
-8.66576942e-05
-0.000109654333
-0.000111108564
-0.000110040473
-8.52028199e-05
-8.32950523e-05
-8.47729075e-05
-8.39979745e-05
-0.00010101493
-0.000102502344
-0.000102334006
-7.83524517e-05
-7.99550708e-05
-7.63351136e-05
-7.75556312e-05
-0.000101603004
-0.000100871446
-9.96334198e-05
-8.2557613e-05
-7.94954623e-05
-8.08361108e-05
-0.000105755377
-0.000101055579
-0.000102592105
-0.000104097429
-0.000104869826
-0.000106343544
-0.000107354823
-0.000107651178
-0.000106959979
-0.000105617577
-0.000103923248
-0.000103938666
-0.000103033899
-0.000101607864
-0.000100487852
-9.99835831e-05
-0.000100167069
-8.24092913e-05
-8.01537669e-05
-9.96306548e-05
-0.000100341171
-0.00010215474
-8.04482453e-05
-7.85060571e-05
-7.86949493e-05
-7.76134434e-05
-0.000102842194
-0.00010239741
-0.000103057009
-7.74104378e-05
-7.78004762e-05
-7.80572364e-05
-7.89462225e-05
-0.000103586135
-0.000108119023
-0.000105935175
-8.52679499e-05
-8.52405186e-05
-8.31314716e-05
-8.43081368e-05
-0.000103625499
-8.32813356e-05
-7.97164516e-05
-8.41755812e-05
-8.18297098e-05
-8.01167406e-05
-7.99344728e-05
-0.000103734715
-7.96754287e-05
-8.34095064e-05
-8.18984593e-05
-8.43675949e-05
-0.000107128796
-0.000105847349
-0.000108113821
-8.5590818e-05
-8.59051074e-05
-8.44095198e-05
-8.33743594e-05
-0.000100303246
-0.000103080618
-0.000102416637
-7.76267007e-05
-7.75363095e-05
-7.88475527e-05
-7.80041002e-05
-9.93257946e-05
-0.000102084129
-0.000100099328
-7.83409939e-05
-8.00952008e-05
-7.74854748e-05
-7.84483208e-05
-0.000101839157
-0.000100213201
-0.000100401732
-8.01536141e-05
-8.27626253e-05
-0.000105404713
-0.000101486193
-0.000102433323
-0.000103623383
-0.000105540617
-0.00010689957
-0.000107663574
-0.0001075267
-0.000106472983
-0.000106844672
-0.000104773011
-0.000103913916
-0.00010289044
-0.00010264425
-0.00010124823
-0.00010098053
-9.99506536e-05
-0.000100956028
-8.27024828e-05
-8.09241519e-05
-7.95821618e-05
-0.000101084172
-0.000102291537
-0.000102405008
-8.00968275e-05
-7.84193024e-05
-7.75189193e-05
-7.61724314e-05
-0.000108296714
-0.000109769822
-0.000110526344
-8.34515789e-05
-8.54151136e-05
-8.39103496e-05
-8.46026639e-05
-0.000109031403
-0.000107563768
-8.65551964e-05
-8.46755386e-05
-8.66127713e-05
-8.73049033e-05
-8.28935491e-05
-8.50970144e-05
-8.33898597e-05
-8.20180528e-05
-7.91940927e-05
-8.26345268e-05
-0.000105862476
-0.000103004796
-0.000106416732
-8.4331507e-05
-8.61362898e-05
-8.51490634e-05
-8.49035232e-05
-0.000110180052
-0.000109031628
-0.00010882991
-8.60691069e-05
-8.47100545e-05
-8.39685606e-05
-8.40223659e-05
-0.000100446097
-0.00010217688
-0.000102338413
-7.70918416e-05
-7.88284805e-05
-7.59682478e-05
-7.72377694e-05
-0.000100556063
-0.000102882064
-0.000101563184
-8.11217115e-05
-8.31034342e-05
-7.96217549e-05
-8.19592522e-05
-0.000102460856
-9.97837454e-05
-9.99767331e-05
-8.19848442e-05
-0.000104711063
-0.000100505823
-0.000101114563
-0.000104570144
-0.000101335149
-0.000101344398
-0.00010185601
-0.000101254199
-0.000100442846
-8.35109225e-05
-9.95256361e-05
-0.000100431703
-0.000100510594
-8.10733621e-05
-8.21039989e-05
-8.01738949e-05
-0.000102462729
-0.000102347356
-0.000102530215
-8.0288509e-05
-7.8697988e-05
-7.829009e-05
-7.7084458e-05
-0.00010270426
-0.000102752119
-0.000102962874
-7.75099438e-05
-7.82096971e-05
-7.82603522e-05
-7.95330858e-05
-0.00010796792
-0.000106357299
-0.000108554411
-8.27959668e-05
-8.28588758e-05
-8.27968059e-05
-8.31331471e-05
-0.000102036288
-0.000107280309
-0.000104748431
-8.37483855e-05
-8.40592207e-05
-8.30392577e-05
-8.48591924e-05
-8.3071864e-05
-8.44389789e-05
-8.27404732e-05
-8.30840495e-05
-8.28540168e-05
-8.43366648e-05
-0.000105368478
-0.000104800189
-0.000106973493
-8.42928378e-05
-8.3959732e-05
-8.46103057e-05
-8.29163116e-05
-0.000107540283
-0.000108114689
-0.000106369403
-8.28941198e-05
-8.28969088e-05
-8.29871921e-05
-8.28201054e-05
-0.000102404035
-0.000102829555
-0.000102635421
-7.80932968e-05
-7.7438015e-05
-7.93702954e-05
-7.8190918e-05
-0.000101080731
-0.000102525387
-0.00010249915
-7.8768902e-05
-8.05149031e-05
-7.70866746e-05
-7.83527558e-05
-0.000100509611
-0.000100733227
-0.000100633818
-8.12864476e-05
-8.03518264e-05
-8.21990924e-05
-0.000103295195
-0.000100719759
-0.000101522377
-8.36669027e-05
-0.000104945339
-0.000101508756
-0.000101417158
-0.000103903094
-0.000101198277
-0.000100828274
-0.000101338266
-0.000100588814
-9.9995431e-05
-8.20810524e-05
-0.000100694989
-0.000101475474
-0.000102928642
-8.2968329e-05
-8.13000782e-05
-8.18933127e-05
-7.96899529e-05
-0.000102136302
-0.000102368062
-0.000102084427
-7.90268458e-05
-7.70201926e-05
-7.71202429e-05
-7.56574345e-05
-0.000108177524
-0.000108633856
-0.000108899688
-8.45914789e-05
-8.621216e-05
-8.39072335e-05
-8.39063467e-05
-0.000106193041
-0.000102952649
-8.6443141e-05
-8.43440688e-05
-8.48289612e-05
-8.50156089e-05
-8.20862799e-05
-8.24697545e-05
-7.89971858e-05
-0.000102226017
-8.09254035e-05
-8.33375246e-05
-8.28991582e-05
-8.45764484e-05
-0.000107065253
-0.000105705568
-0.000108182175
-8.4767325e-05
-8.31365293e-05
-8.44717613e-05
-8.30501824e-05
-0.0001025207
-0.000102832864
-0.000102726677
-7.74448461e-05
-7.66350674e-05
-7.94962366e-05
-7.81840163e-05
-0.000103121121
-0.000102659281
-0.000102784261
-7.80170539e-05
-7.99139257e-05
-7.69234116e-05
-7.78877139e-05
-0.000100527376
-0.000103224661
-0.00010376276
-8.16136709e-05
-8.26795245e-05
-8.04680748e-05
-8.27143464e-05
-9.96325375e-05
-0.000101937576
-0.000101000465
-8.29549815e-05
-8.34538968e-05
-8.33127549e-05
-0.000100538177
-0.000101289788
-0.000102708534
-8.38409771e-05
-8.38195326e-05
-8.45540931e-05
-0.000102172688
-0.00010478122
-0.000104150922
-8.39761219e-05
-8.32552841e-05
-8.41128387e-05
-8.19812081e-05
-0.000102572213
-0.000103243363
-0.000102436949
-8.14590222e-05
-7.84822343e-05
-7.92126942e-05
-7.71519923e-05
-0.000102252673
-0.000102007558
-0.000102155054
-7.67398066e-05
-7.6848101e-05
-7.58261005e-05
-7.69267909e-05
-0.000106338051
-0.000108889745
-0.000107448427
-8.33613875e-05
-8.48934508e-05
-8.34210388e-05
-8.34375983e-05
-0.000104343429
-8.52294965e-05
-8.2833924e-05
-8.52486883e-05
-8.37021184e-05
-7.92937719e-05
-8.03530693e-05
-7.91810232e-05
-8.02242714e-05
-0.000102938958
-0.000104230012
-8.26505728e-05
-8.51092134e-05
-8.36070448e-05
-8.52667261e-05
-0.00010847518
-0.000107326611
-0.000108722186
-8.46912806e-05
-8.31543058e-05
-8.3405711e-05
-8.33599586e-05
-0.000102231755
-0.000102205502
-0.000102073451
-7.68126766e-05
-7.67693096e-05
-7.69667871e-05
-7.57961403e-05
-0.000103479234
-0.000102500393
-0.000103335208
-7.84882893e-05
-8.15424833e-05
-7.70014241e-05
-7.9223961e-05
-0.000101973451
-0.000104255283
-0.000104825797
-8.34694505e-05
-8.42317701e-05
-8.20353048e-05
-8.41314056e-05
-0.000100003732
-0.00010251711
-0.00010121363
-8.37966289e-05
-8.43570031e-05
-8.36818972e-05
-9.99178453e-05
-0.000101137444
-0.00010199005
-8.30542981e-05
-8.33543012e-05
-8.35507708e-05
-0.000101333831
-0.000103889346
-0.000103295193
-8.28935733e-05
-8.18940608e-05
-8.27895616e-05
-8.04729182e-05
-0.000102896402
-0.000102832012
-0.000102695181
-7.99244631e-05
-7.80107389e-05
-7.78849663e-05
-7.69345561e-05
-0.000102436415
-0.000102736432
-0.000102837263
-7.65107658e-05
-7.73430838e-05
-7.81945798e-05
-7.95518608e-05
-0.000104836275
-0.000108042327
-0.00010566556
-8.30283378e-05
-8.48056323e-05
-8.29692312e-05
-8.45449849e-05
-0.000102346318
-8.32425919e-05
-8.05790395e-05
-8.46454541e-05
-8.3142032e-05
-8.0036281e-05
-8.036379e-05
-0.000102831207
-0.00010452359
-8.27419122e-05
-8.43406486e-05
-8.37520891e-05
-8.5560941e-05
-0.000108244977
-0.000107959233
-0.000109579467
-8.30381742e-05
-8.33268824e-05
-8.38310467e-05
-8.40516124e-05
-0.000102094194
-0.000101947294
-0.000101628555
-7.67780607e-05
-7.63835607e-05
-7.62814756e-05
-7.54606962e-05
-0.00010379718
-0.000102199331
-0.000103236035
-7.86792258e-05
-8.10502784e-05
-7.69738863e-05
-7.94775296e-05
-0.000105132283
-0.000104434888
-0.000105264213
-8.30627999e-05
-8.41830882e-05
-8.16371704e-05
-8.29823708e-05
-0.000105303356
-0.000105485305
-0.00010499191
-8.45124803e-05
-8.3950313e-05
-8.32892635e-05
-8.24655187e-05
-0.000103562623
-0.000103874721
-0.000102568756
-8.23789672e-05
-8.00349345e-05
-8.06591591e-05
-7.82478979e-05
-0.000102227053
-0.000101786076
-0.000101903043
-7.74875648e-05
-7.64352597e-05
-7.61693475e-05
-7.6598831e-05
-0.000108337941
-0.000108017289
-0.000108485198
-8.34182497e-05
-8.35351713e-05
-8.29884592e-05
-8.30734119e-05
-0.000105898601
-0.000102148894
-8.56082537e-05
-8.45965615e-05
-8.45807386e-05
-8.48451323e-05
-8.2322563e-05
-8.3594126e-05
-8.21513053e-05
-8.33432114e-05
-0.000106101833
-0.00010240032
-0.000105768594
-8.45134562e-05
-8.57215444e-05
-8.47552965e-05
-8.46546884e-05
-0.000109252656
-0.000108520507
-0.000108269011
-8.35940732e-05
-8.35108994e-05
-8.3129945e-05
-8.31022821e-05
-0.000102687247
-0.000101921717
-0.000101789366
-7.64788638e-05
-7.75006471e-05
-7.66176074e-05
-7.61031564e-05
-0.000104703848
-0.00010261187
-0.000103897449
-8.00609002e-05
-8.23915311e-05
-7.83179877e-05
-8.06765566e-05
-0.000105346349
-0.00010499884
-0.000105483529
-8.39396136e-05
-8.45087882e-05
-8.24634321e-05
-8.32916308e-05
-0.000104665921
-0.000105262857
-0.000104441198
-8.41777455e-05
-8.30521649e-05
-8.29838436e-05
-8.16195907e-05
-0.000102805514
-0.000103286771
-0.00010225089
-8.10728079e-05
-7.85845332e-05
-7.95508767e-05
-7.69423005e-05
-0.000102398394
-0.000101814058
-0.000102129633
-7.6732062e-05
-7.69816436e-05
-7.57096596e-05
-7.64553158e-05
-0.000106288641
-0.000109282002
-0.000107615041
-8.32196015e-05
-8.30182972e-05
-8.38732508e-05
-8.36809589e-05
-0.000104389211
-8.45777509e-05
-8.35142682e-05
-8.55727746e-05
-8.38825568e-05
-8.04566775e-05
-8.04735967e-05
-8.14315357e-05
-8.21457045e-05
-0.000105841096
-0.000106447849
-8.49446165e-05
-8.66590015e-05
-8.54957113e-05
-8.71656573e-05
-0.000110714939
-0.000109567914
-0.000111072386
-8.46959916e-05
-8.48014574e-05
-8.50698421e-05
-8.51428783e-05
-0.000101728968
-0.000102593942
-0.000102003414
-7.72255143e-05
-7.54830947e-05
-7.98929192e-05
-7.68360984e-05
-0.000102679191
-0.000101756884
-0.000102347061
-7.63155666e-05
-7.84516036e-05
-7.61650416e-05
-7.78842036e-05
-0.000104727322
-0.00010343217
-0.00010431331
-8.04660471e-05
-8.18365816e-05
-7.98028767e-05
-8.1160818e-05
-0.000104290316
-0.000104495097
-0.000103823689
-8.21300146e-05
-8.12361753e-05
-8.14480949e-05
-8.05436937e-05
-0.000101662668
-0.000102517815
-0.000101139987
-7.93987603e-05
-7.69774313e-05
-7.87014091e-05
-7.62465507e-05
-0.000101376383
-0.000100514609
-0.000101029119
-7.4925762e-05
-7.57365527e-05
-7.42588322e-05
-7.51885151e-05
-0.000107174727
-0.000105385673
-0.000107162171
-8.23941533e-05
-8.23889469e-05
-8.2135148e-05
-8.21028088e-05
-0.000101503229
-0.00010536447
-0.00010189248
-8.20786949e-05
-8.34749046e-05
-8.17255944e-05
-8.33639539e-05
-8.25218617e-05
-7.92489541e-05
-8.16613815e-05
-7.79480796e-05
-7.92558275e-05
-8.23993428e-05
-7.80089055e-05
-8.14211088e-05
-0.000105274011
-0.000101733252
-0.000105419285
-8.34993226e-05
-8.20986113e-05
-8.31982075e-05
-8.17009767e-05
-0.000105642547
-0.000107223461
-0.000105389489
-8.24184744e-05
-8.24430134e-05
-8.2120914e-05
-8.21594958e-05
-0.000100958498
-0.000100969108
-0.000100484711
-7.56865289e-05
-7.48513425e-05
-7.51066229e-05
-7.4181104e-05
-0.00010303167
-0.000101193315
-0.00010251461
-7.70406889e-05
-7.93873273e-05
-7.64062125e-05
-7.86646591e-05
-0.000104925731
-0.000103826297
-0.000104498464
-8.12422027e-05
-8.21269456e-05
-8.0547066e-05
-8.14487111e-05
-0.000103846598
-0.000104319686
-0.000103440689
-8.18388814e-05
-8.04661233e-05
-8.11648912e-05
-7.98072748e-05
-0.000101929805
-0.000102354058
-0.000101781839
-7.84797645e-05
-7.61875871e-05
-7.78505635e-05
-7.61058308e-05
-0.000102343114
-0.000102056843
-0.00010270136
-7.55467291e-05
-7.74858806e-05
-7.6789316e-05
-7.99961948e-05
-0.00010880556
-0.000111278791
-0.000109751562
-8.46344349e-05
-8.44583205e-05
-8.51716531e-05
-8.50528906e-05
-0.000106199082
-8.6271147e-05
-8.45187469e-05
-8.68826447e-05
-8.5119438e-05
-8.15294921e-05
-8.21165086e-05
-8.21571557e-05
-8.11782965e-05
-0.0001063582
-0.000105618881
-8.54098142e-05
-8.70845764e-05
-8.4562195e-05
-8.63642121e-05
-0.000111025244
-0.000108973579
-0.000110559706
-8.49949424e-05
-8.50934313e-05
-8.45135865e-05
-8.4685226e-05
-0.00010199531
-0.000102153596
-0.000101744884
-7.99388083e-05
-7.68438483e-05
-7.74607655e-05
-7.57424327e-05
-0.000102364933
-0.000101899513
-0.000102720334
-7.60915757e-05
-7.79428174e-05
-7.62990705e-05
-7.85679861e-05
-0.000104312678
-0.000103846393
-0.000104722639
-7.98122837e-05
-8.11603606e-05
-8.04783475e-05
-8.18301842e-05
-0.000103822346
-0.000104916233
-0.000104285415
-8.14493334e-05
-8.05467545e-05
-8.21274664e-05
-8.12442273e-05
-0.000101135784
-0.000103008307
-0.000101654962
-7.86680566e-05
-7.62247054e-05
-7.935912e-05
-7.69242616e-05
-0.000101051433
-0.000101005038
-0.000101410632
-7.4331494e-05
-7.52348926e-05
-7.49598181e-05
-7.57539312e-05
-0.000107123881
-0.000105483413
-0.000107012946
-8.21295585e-05
-8.20990526e-05
-8.23789755e-05
-8.237577e-05
-0.000101934843
-0.000105165162
-0.000101726934
-8.17369549e-05
-8.33928811e-05
-8.21307346e-05
-8.35809346e-05
-8.16374408e-05
-7.79534248e-05
-8.23614117e-05
-7.92151009e-05
-7.80986946e-05
-8.13246562e-05
-7.92937351e-05
-8.21744825e-05
-0.000105318567
-0.000101448026
-0.000104969676
-8.31141424e-05
-8.16499782e-05
-8.32720606e-05
-8.19799912e-05
-0.00010537518
-0.000106946503
-0.00010557796
-8.21008192e-05
-8.21613649e-05
-8.23616461e-05
-8.24436997e-05
-0.000100459974
-0.00010130695
-0.000100928882
-7.51136365e-05
-7.41309454e-05
-7.56465271e-05
-7.48466123e-05
-0.000102499053
-0.000101672558
-0.000102998965
-7.63776437e-05
-7.8638132e-05
-7.70350696e-05
-7.9324461e-05
-0.0001044986
-0.000104290427
-0.000104928613
-8.05411094e-05
-8.14497523e-05
-8.1240492e-05
-8.21297398e-05
-0.000103443027
-0.000104731774
-0.00010384253
-8.11645035e-05
-7.98173987e-05
-8.18359745e-05
-8.04704154e-05
-0.000101800803
-0.000102679736
-0.000101937304
-7.78573008e-05
-7.61778179e-05
-7.83903937e-05
-7.62443211e-05
-0.000102699331
-0.000101829404
-0.0001023008
-7.68670644e-05
-7.99989959e-05
-7.55918367e-05
-7.74810514e-05
-0.000109679034
-0.000110490773
-0.000108912103
-8.51697497e-05
-8.50916149e-05
-8.46933803e-05
-8.45753634e-05
-0.000105805505
-8.71615856e-05
-8.54709922e-05
-8.66597517e-05
-8.49529079e-05
-8.20246133e-05
-8.14005372e-05
-8.00911579e-05
-8.02880203e-05
-0.000104343805
-0.000102797349
-8.35250332e-05
-8.53292296e-05
-8.31160154e-05
-8.42424265e-05
-0.000109552397
-0.000106380873
-0.000108184587
-8.37094334e-05
-8.39661955e-05
-8.29479011e-05
-8.32268432e-05
-0.00010170306
-0.000102246165
-0.000102170348
-7.65519049e-05
-7.58574201e-05
-7.68588103e-05
-7.66030802e-05
-0.000103281212
-0.000102841719
-0.000103867916
-7.69855355e-05
-7.95573464e-05
-7.87656169e-05
-8.11244228e-05
-0.000105250506
-0.000104655397
-0.000105109131
-8.16148814e-05
-8.29734647e-05
-8.30152159e-05
-8.41754639e-05
-0.000104965334
-0.000105289567
-0.00010517205
-8.32774108e-05
-8.2464466e-05
-8.44719758e-05
-8.38004968e-05
-0.000102590092
-0.000104627767
-0.000103614279
-8.06460511e-05
-7.82694373e-05
-8.23244473e-05
-8.01435454e-05
-0.000101958647
-0.000102699217
-0.000102326678
-7.61352976e-05
-7.66101303e-05
-7.74438414e-05
-7.63767113e-05
-0.000108402871
-0.000109080693
-0.000108309975
-8.30253603e-05
-8.31319178e-05
-8.34581512e-05
-8.35900211e-05
-0.000102492795
-0.000106417874
-8.486236e-05
-8.51591303e-05
-8.57163653e-05
-8.47411851e-05
-8.35697218e-05
-8.24255552e-05
-8.33810283e-05
-8.22264341e-05
-0.000105643868
-0.000106395101
-8.47507836e-05
-8.47327025e-05
-8.45891463e-05
-8.5858279e-05
-0.00010823587
-0.000108646436
-0.000109391182
-8.31727091e-05
-8.31383739e-05
-8.37501412e-05
-8.36140398e-05
-0.000101733182
-0.000102164225
-0.000102570279
-7.65548658e-05
-7.61022844e-05
-7.64034836e-05
-7.73698348e-05
-0.000103867713
-0.000103551512
-0.000104675833
-7.82910915e-05
-8.06335845e-05
-8.00326359e-05
-8.23675834e-05
-0.000105497409
-0.000105300725
-0.000105404238
-8.24634274e-05
-8.32897827e-05
-8.38771429e-05
-8.44922779e-05
-0.000104433498
-0.000105146136
-0.00010463503
-8.29828405e-05
-8.16252481e-05
-8.42295269e-05
-8.30440728e-05
-0.000102251157
-0.000103820215
-0.00010279036
-7.95083124e-05
-7.70335624e-05
-8.11073135e-05
-7.86980559e-05
-0.000102046306
-0.000102117405
-0.000102259027
-7.55500883e-05
-7.6418842e-05
-7.63871977e-05
-7.67709515e-05
-0.000107758766
-0.000108103844
-0.00010621934
-8.39182091e-05
-8.3725673e-05
-8.31941065e-05
-8.29028421e-05
-0.000102845559
-8.55900626e-05
-8.3835849e-05
-8.43823061e-05
-8.3070097e-05
-8.0380154e-05
-8.01669741e-05
-0.000102439782
-8.29549454e-05
-8.44152622e-05
-8.06358217e-05
-8.30719095e-05
-0.000108018261
-0.000104786549
-0.000106616458
-8.44184954e-05
-8.2889908e-05
-8.46599482e-05
-8.28972665e-05
-0.000102534966
-0.000102262204
-0.000102266838
-7.93870775e-05
-7.79220558e-05
-7.72864233e-05
-7.63344421e-05
-0.000102814026
-0.000102745636
-0.000103103599
-7.67865211e-05
-7.79831532e-05
-7.79024783e-05
-7.99008919e-05
-0.000103926904
-0.000101323379
-0.000101123218
-8.05700115e-05
-8.27393065e-05
-8.17057322e-05
-8.29056421e-05
-0.000101218056
-0.000100057454
-0.000100055726
-8.34390607e-05
-8.3173814e-05
-8.33442452e-05
-0.000102446668
-0.000100196776
-0.000100381156
-8.35313783e-05
-8.42211846e-05
-8.36704096e-05
-0.000104212177
-0.000101749615
-0.000102322894
-8.40037578e-05
-8.20207968e-05
-8.39341257e-05
-8.33538339e-05
-0.000102566511
-0.000103504037
-0.000102759689
-7.91803469e-05
-7.7015942e-05
-8.15372303e-05
-7.85255692e-05
-0.000102418128
-0.000102399991
-0.000102477704
-7.59802392e-05
-7.73040795e-05
-7.70258076e-05
-7.71917992e-05
-0.0001072799
-0.000109020805
-0.000106376744
-8.33949072e-05
-8.33985806e-05
-8.3401808e-05
-8.49421016e-05
-0.000103025996
-8.51248826e-05
-8.3373347e-05
-8.51555793e-05
-8.22550464e-05
-8.01890322e-05
-7.88967036e-05
-8.0248738e-05
-7.91814247e-05
-0.000104305263
-0.00010291703
-8.36450585e-05
-8.53433437e-05
-8.24340535e-05
-8.51899361e-05
-0.000108840632
-0.000106312474
-0.000108913735
-8.35108491e-05
-8.34786042e-05
-8.48062693e-05
-8.33384143e-05
-0.000101927238
-0.000102163455
-0.000102072273
-7.69648869e-05
-7.57486854e-05
-7.67706874e-05
-7.65978797e-05
-0.000103222483
-0.000102606228
-0.000103353605
-7.71073856e-05
-7.91681948e-05
-7.85395035e-05
-8.14020676e-05
-0.000104783254
-0.000102144411
-0.00010181782
-8.18859093e-05
-8.40426246e-05
-8.31429984e-05
-8.4156944e-05
-0.000101449952
-0.000100532825
-0.000100258451
-8.43723957e-05
-8.37127663e-05
-8.40731089e-05
-0.000101892864
-9.98317538e-05
-9.96268093e-05
-8.34238837e-05
-8.34372193e-05
-8.30023919e-05
-0.000103225837
-0.000100718921
-0.000101215176
-8.27028182e-05
-8.04742466e-05
-8.27688524e-05
-8.17021241e-05
-0.000102564264
-0.000103055027
-0.000102699657
-7.79219105e-05
-7.68185764e-05
-7.99139712e-05
-7.77707998e-05
-0.000102694002
-0.000102263394
-0.000102256404
-7.80320452e-05
-7.9442794e-05
-7.62893741e-05
-7.72479224e-05
-0.00010539243
-0.000107162886
-0.000104699951
-8.29537983e-05
-8.41282268e-05
-8.31476186e-05
-8.45859907e-05
-8.43044936e-05
-8.29065268e-05
-8.31694368e-05
-8.08971787e-05
-7.89975363e-05
-8.22987536e-05
-8.20381297e-05
-0.000105992376
-0.000105967604
-8.49758822e-05
-8.48139064e-05
-8.42610965e-05
-8.63116012e-05
-0.00010871676
-0.000108056899
-0.0001101823
-8.3792654e-05
-8.39141931e-05
-8.61369516e-05
-8.46066552e-05
-0.000102082141
-0.000101931567
-0.000100172513
-7.57085138e-05
-7.70073948e-05
-7.68984708e-05
-7.87345224e-05
-0.000101395475
-0.000100239635
-0.000100365304
-7.95510861e-05
-8.1819189e-05
-8.09233985e-05
-8.2797714e-05
-0.000100586417
-0.00010121723
-0.000102311584
-8.20131594e-05
-0.000101360422
-0.000103810102
-0.000104692527
-0.000101408131
-0.000104940439
-0.000104573329
-0.000100642068
-0.000103279574
-0.000101998118
-8.36335167e-05
-0.00010078358
-0.000100904984
-9.97602248e-05
-8.23141289e-05
-8.04714441e-05
-8.12465343e-05
-0.000102620654
-0.0001009711
-0.000102488857
-7.85330511e-05
-7.72152098e-05
-8.04467056e-05
-7.88152401e-05
-0.000102811351
-0.000102338559
-0.000102460442
-7.81583826e-05
-7.93661424e-05
-7.72029024e-05
-7.78790995e-05
-0.000108226861
-0.00010740244
-0.000107649286
-8.28231574e-05
-8.30677069e-05
-8.27688067e-05
-8.27891503e-05
-0.000105016144
-0.00010537028
-0.000102408502
-8.310463e-05
-8.50190006e-05
-8.40384192e-05
-8.45380853e-05
-8.44464828e-05
-8.24508314e-05
-8.32218378e-05
-8.23203774e-05
-8.39093597e-05
-8.27202999e-05
-0.000107380908
-0.000102226226
-0.000105501061
-8.45020253e-05
-8.30202178e-05
-8.423384e-05
-8.40534491e-05
-0.000106292536
-0.000107783285
-0.000107375654
-8.30539473e-05
-8.2766392e-05
-8.28616175e-05
-8.28060278e-05
-0.000102680162
-0.000102688343
-0.000102558791
-7.95200629e-05
-7.82443006e-05
-7.8212303e-05
-7.76089867e-05
-0.000102322559
-0.000102577149
-0.000100856274
-7.69637059e-05
-7.81216686e-05
-7.89104307e-05
-8.03041434e-05
-0.000100579727
-9.959084e-05
-0.00010049939
-8.03180497e-05
-8.21441955e-05
-8.10982039e-05
-0.000101138039
-0.000101682436
-0.000103158043
-8.34206958e-05
-0.000101530481
-0.000104566839
-0.000104952054
-0.00010066593
-0.000104687878
-0.000103859515
-9.9883042e-05
-0.000102378834
-0.000101584458
-8.2035711e-05
-0.00010263109
-0.000100500513
-0.000100032155
-8.19651624e-05
-7.94941221e-05
-8.30434817e-05
-8.08189099e-05
-0.000101843118
-9.98778505e-05
-0.000101785148
-7.69544714e-05
-7.55861722e-05
-7.84294347e-05
-7.67710155e-05
-0.000109124547
-0.000110153048
-0.000108235672
-8.39613215e-05
-8.40238494e-05
-8.45527436e-05
-8.61357476e-05
-0.000103316152
-0.000106106856
-8.52214812e-05
-8.5303033e-05
-8.65381506e-05
-8.44051306e-05
-8.25128532e-05
-7.91284238e-05
-8.19271784e-05
-8.33356822e-05
-8.51078359e-05
-8.32308903e-05
-0.000108866338
-0.000106609544
-8.70268227e-05
-8.62216229e-05
-8.44463016e-05
-8.59374815e-05
-0.000110063495
-0.000108078577
-0.000109823314
-8.45635133e-05
-8.39774363e-05
-8.50509396e-05
-8.33767858e-05
-0.000102156338
-0.000100946351
-0.000100983156
-7.58966877e-05
-7.73648071e-05
-7.83449967e-05
-8.00245444e-05
-9.96524359e-05
-0.00010103106
-0.000101922787
-7.96184928e-05
-8.07622282e-05
-8.26504443e-05
-0.000102635552
-0.000103144517
-0.000106024428
-0.000104573709
-0.00010685892
-0.000107382177
-0.000107125518
-0.00010390402
-0.000101508807
-0.000105331318
-0.000103856834
-0.000100092358
-0.000101354641
-0.00010065866
-8.25606947e-05
-8.01853298e-05
-0.000101888924
-9.92758316e-05
-9.9151495e-05
-7.84224271e-05
-7.74360406e-05
-8.01690462e-05
-7.82957647e-05
-0.000102850066
-9.96959346e-05
-0.00010262306
-7.79605663e-05
-7.8772673e-05
-7.73268152e-05
-7.76430071e-05
-0.000105637528
-0.000106999399
-0.000103519407
-8.31158399e-05
-8.41734814e-05
-8.54043704e-05
-8.50416313e-05
-8.44537689e-05
-8.23146866e-05
-8.32682517e-05
-7.98678203e-05
-8.0218865e-05
-7.99897508e-05
-0.000103951303
-8.22780612e-05
-8.45474188e-05
-7.986518e-05
-8.3476565e-05
-0.000108035422
-0.00010350681
-0.000107093701
-8.43895894e-05
-8.33602139e-05
-8.54291429e-05
-8.61312256e-05
-0.000102442844
-0.000103067173
-0.000100048803
-7.91056628e-05
-7.81085037e-05
-7.80214043e-05
-7.73907517e-05
-0.000100512818
-9.95535356e-05
-9.95836658e-05
-7.76617498e-05
-7.8877943e-05
-7.82648008e-05
-8.03256426e-05
-0.000100193641
-0.000101002599
-0.000101591489
-8.02963734e-05
-8.24065395e-05
-0.000102587925
-0.000103796421
-0.000105232695
-0.000105673976
-0.000107629015
-0.000106455885
-0.000104075404
-0.00010706805
-0.000100513527
-0.000105991331
-0.000102817045
-0.000100680584
-0.000101495953
-0.000100720275
-8.05028923e-05
-7.95117155e-05
-8.25437919e-05
-0.000102460731
-0.000100978498
-0.000101259438
-7.7501633e-05
-7.6154035e-05
-8.00066394e-05
-7.84445951e-05
-0.000110586364
-0.00010940314
-0.000108030792
-8.37379677e-05
-8.44366562e-05
-8.31784892e-05
-8.50895158e-05
-0.000107199779
-0.000106915591
-8.61492454e-05
-8.68505649e-05
-8.60010858e-05
-8.4292676e-05
-8.49865512e-05
-8.34139153e-05
-8.28504931e-05
-8.0673019e-05
-8.30095804e-05
-0.000106815601
-8.3981153e-05
-8.36437808e-05
-7.93821499e-05
-8.0048171e-05
-0.000106432644
-0.000102800589
-0.000102896012
-8.28587764e-05
-7.90261519e-05
-8.12254222e-05
-7.99114983e-05
-0.000101961301
-0.000104015452
-0.000102537019
-7.81067538e-05
-7.66540506e-05
-8.12251347e-05
-8.08414107e-05
-0.000102045887
-0.000104520311
-0.000105853223
-7.77534322e-05
-7.99300066e-05
-0.000101956727
-0.000105881054
-8.19636122e-05
-0.000105635781
-0.000103964669
-9.95026959e-05
-0.000101175329
-0.000104368268
-0.00010464262
-8.00353683e-05
-7.87942434e-05
-0.000106493806
-0.000103996644
-0.000105674315
-7.82781964e-05
-7.93029095e-05
-8.27645879e-05
-8.28439043e-05
-0.000109008726
-0.000104544732
-0.000104641469
-8.02134016e-05
-8.38967377e-05
-8.2152332e-05
-8.24694893e-05
-0.000106020123
-8.43488905e-05
-8.56045323e-05
-8.01647087e-05
-8.12267008e-05
-8.45252697e-05
-8.269379e-05
-8.30471617e-05
-8.53261404e-05
-0.000108489819
-8.62168315e-05
-8.51946245e-05
-8.14027597e-05
-8.18155673e-05
-0.000108083871
-0.000104808621
-0.000104875967
-8.4174535e-05
-8.00729447e-05
-8.30637199e-05
-8.14402213e-05
-0.000102922258
-0.000105892958
-0.000104107184
-7.94251131e-05
-7.87686746e-05
-8.25655768e-05
-8.28632816e-05
-9.975104e-05
-0.000105173723
-0.000104827824
-7.93707011e-05
-8.03713839e-05
-0.000102261086
-0.000103809507
-0.000101696916
-0.000106270381
-8.2189754e-05
-0.000101842832
-0.000106459456
-0.000104621612
-8.01351489e-05
-7.82667788e-05
-0.000105590079
-0.000102298462
-0.000103812586
-7.66327345e-05
-7.80810495e-05
-8.06382032e-05
-8.10921202e-05
-0.000107313382
-0.000103096332
-0.000102974803
-7.9338633e-05
-8.29151551e-05
-8.02485923e-05
-8.1387862e-05
-0.000104097955
-8.34762028e-05
-8.41097868e-05
-8.00485431e-05
-7.96411899e-05
-8.30850808e-05
-8.05858525e-05
-3.3190752e-05
-3.60478785e-05
-5.67912918e-05
-5.92384834e-05
-3.29750048e-05
-3.29870614e-05
-3.70356839e-05
-3.63439967e-05
-5.63216058e-05
-6.04369959e-05
-5.98242605e-05
-3.43532547e-05
-3.30863295e-05
-3.58157335e-05
-3.20884044e-05
-5.64406357e-05
-5.9082878e-05
-5.55260582e-05
-3.4582562e-05
-3.49350132e-05
-3.14275432e-05
-3.11265578e-05
-5.84106812e-05
-5.50052797e-05
-5.40614136e-05
-3.22567953e-05
-3.40533298e-05
-5.49728514e-05
-5.62262944e-05
-5.86775119e-05
-5.60352171e-05
-5.87175996e-05
-5.52172988e-05
-5.57571362e-05
-3.57810261e-05
-3.32285001e-05
-5.85903093e-05
-5.63698095e-05
-6.04392934e-05
-3.61306524e-05
-3.47994602e-05
-3.20896415e-05
-3.22411985e-05
-5.7413586e-05
-6.11445068e-05
-6.23037234e-05
-3.34389121e-05
-3.59516164e-05
-3.28456923e-05
-3.73270858e-05
-6.0934448e-05
-5.87006758e-05
-3.48231934e-05
-3.44339319e-05
-3.81055889e-05
-3.86584213e-05
-3.77274782e-05
-3.6028072e-05
-3.55163185e-05
-3.74847229e-05
-5.9463232e-05
-6.10551513e-05
-3.4371803e-05
-3.45991181e-05
-3.87852947e-05
-3.79289827e-05
-5.92350706e-05
-6.24426786e-05
-6.23164648e-05
-3.61756188e-05
-3.51963508e-05
-3.71631574e-05
-3.37213342e-05
-5.91251575e-05
-6.18402039e-05
-5.76599192e-05
-3.67720812e-05
-3.75929351e-05
-3.34098243e-05
-3.31886598e-05
-6.03225208e-05
-5.67449113e-05
-5.57048084e-05
-3.38858108e-05
-3.6028426e-05
-5.64788256e-05
-5.85035011e-05
-5.67574965e-05
-5.54909428e-05
-5.80650037e-05
-5.42492671e-05
-5.50679805e-05
-3.37693166e-05
-3.20905938e-05
-5.8088626e-05
-5.60299888e-05
-5.98112259e-05
-3.53642688e-05
-3.52421482e-05
-3.09876861e-05
-3.20745313e-05
-5.62591294e-05
-6.02714522e-05
-6.06030185e-05
-3.35224798e-05
-3.47258101e-05
-3.26263903e-05
-3.61686403e-05
-5.97025221e-05
-5.70271764e-05
-3.30809412e-05
-3.22948657e-05
-3.65485823e-05
-3.67816125e-05
-3.55284247e-05
-3.27903751e-05
-3.49017345e-05
-3.2980473e-05
-3.6829969e-05
-5.92705998e-05
-5.92774439e-05
-6.14104201e-05
-3.68036056e-05
-3.87674712e-05
-3.92886054e-05
-3.88711785e-05
-6.2432549e-05
-6.32190369e-05
-6.25850953e-05
-3.78515941e-05
-3.61688825e-05
-3.72348568e-05
-3.67615361e-05
-5.38558734e-05
-5.59518203e-05
-5.44538841e-05
-3.30644091e-05
-3.59731904e-05
-3.11133411e-05
-3.30042679e-05
-5.74893402e-05
-5.39836632e-05
-5.54992421e-05
-3.54993373e-05
-5.62606814e-05
-5.94944255e-05
-5.68115893e-05
-5.72713138e-05
-5.41684699e-05
-5.33713586e-05
-5.24058362e-05
-5.33918831e-05
-3.29956451e-05
-3.21177661e-05
-3.07876604e-05
-5.65254528e-05
-5.53932116e-05
-5.6101612e-05
-3.21896716e-05
-3.08095093e-05
-2.97143012e-05
-3.07390966e-05
-5.62982689e-05
-6.13155455e-05
-5.90854614e-05
-3.83249826e-05
-3.85184843e-05
-3.65897434e-05
-3.80912032e-05
-5.58545462e-05
-3.80910892e-05
-3.93355237e-05
-3.86745476e-05
-5.57358041e-05
-3.82994891e-05
-3.93171634e-05
-3.97412581e-05
-5.96473984e-05
-5.88973114e-05
-6.12328799e-05
-3.83685192e-05
-3.86043963e-05
-3.81578423e-05
-3.67058646e-05
-5.4771206e-05
-5.62395701e-05
-5.53940036e-05
-3.0826799e-05
-3.19992164e-05
-3.06010692e-05
-2.94220495e-05
-5.45648625e-05
-5.33593482e-05
-5.2096424e-05
-3.30687291e-05
-3.08294737e-05
-3.2312477e-05
-6.05020971e-05
-5.41094764e-05
-5.72021663e-05
-5.95051474e-05
-5.62836359e-05
-5.52379505e-05
-5.54986747e-05
-5.42088202e-05
-3.56344042e-05
-5.42736423e-05
-5.48054832e-05
-5.62408528e-05
-3.61500425e-05
-3.31303892e-05
-3.35051608e-05
-3.15042569e-05
-6.07007621e-05
-6.24050015e-05
-6.31366373e-05
-3.60920222e-05
-3.77313988e-05
-3.66509346e-05
-3.71000903e-05
-6.13643458e-05
-5.90704672e-05
-3.84871897e-05
-3.66379722e-05
-3.86693236e-05
-3.89396636e-05
-3.50184273e-05
-3.67213241e-05
-3.31133195e-05
-5.84287615e-05
-6.02332043e-05
-3.47308987e-05
-3.85307814e-05
-3.64661898e-05
-3.85889388e-05
-6.26636908e-05
-6.15073397e-05
-6.1299294e-05
-3.84341118e-05
-3.71436734e-05
-3.65398747e-05
-3.658064e-05
-5.5464318e-05
-5.55858833e-05
-5.52168187e-05
-3.0069484e-05
-3.04972164e-05
-2.98546036e-05
-2.86714462e-05
-5.34449832e-05
-5.53869689e-05
-5.31065058e-05
-3.3227513e-05
-3.55918378e-05
-3.10110669e-05
-3.28079979e-05
-5.64875639e-05
-5.34615404e-05
-5.54826153e-05
-5.7113456e-05
-5.96131291e-05
-5.71242053e-05
-5.78086837e-05
-5.51711697e-05
-5.22669799e-05
-5.30039971e-05
-5.36593935e-05
-3.26247423e-05
-3.42208541e-05
-3.21295287e-05
-5.49710071e-05
-5.52684337e-05
-5.54571821e-05
-3.10064507e-05
-2.94306862e-05
-3.02158927e-05
-3.07546158e-05
-6.18465329e-05
-6.23592694e-05
-6.329883e-05
-3.68948815e-05
-3.74880293e-05
-3.70649998e-05
-3.76565142e-05
-6.12384216e-05
-5.90697154e-05
-3.95671826e-05
-3.93132331e-05
-3.95934955e-05
-4.05413392e-05
-3.79336906e-05
-3.84242454e-05
-3.52339544e-05
-3.77919544e-05
-3.49679631e-05
-3.79899322e-05
-5.99291342e-05
-5.9062583e-05
-6.15361664e-05
-3.97970331e-05
-3.99511728e-05
-4.06390276e-05
-3.9819498e-05
-6.25549832e-05
-6.35415506e-05
-6.26255563e-05
-3.76838574e-05
-3.7066858e-05
-3.78520772e-05
-3.72423983e-05
-5.30743145e-05
-5.56209245e-05
-5.53344454e-05
-2.97275697e-05
-3.12788966e-05
-3.11419399e-05
-3.05852374e-05
-5.42171395e-05
-5.35336686e-05
-5.28408714e-05
-3.2540215e-05
-3.21764796e-05
-3.42194713e-05
-5.92218376e-05
-5.50171837e-05
-5.77732218e-05
-5.96037799e-05
-5.68822026e-05
-5.48878217e-05
-5.53076189e-05
-5.35451302e-05
-5.45113271e-05
-5.32879135e-05
-5.56238888e-05
-3.5576322e-05
-3.34752585e-05
-3.30199336e-05
-3.13793484e-05
-5.60405549e-05
-5.55552951e-05
-5.58264824e-05
-3.12885505e-05
-3.0516853e-05
-2.94078165e-05
-3.0199734e-05
-6.01244185e-05
-6.12162253e-05
-6.1310333e-05
-3.69943105e-05
-3.8045285e-05
-3.65001575e-05
-3.64590321e-05
-6.02812433e-05
-3.83323267e-05
-3.4941517e-05
-3.88197124e-05
-3.68556938e-05
-6.02385862e-05
-5.60089446e-05
-6.02325967e-05
-3.62310461e-05
-3.77752999e-05
-3.25840078e-05
-3.48413036e-05
-5.34325275e-05
-5.6041887e-05
-5.59644778e-05
-3.01269309e-05
-3.18735712e-05
-3.09182734e-05
-3.17191284e-05
-5.46879414e-05
-5.47430217e-05
-5.39210236e-05
-3.39612851e-05
-3.43094548e-05
-3.6582461e-05
-5.83745228e-05
-5.56737364e-05
-5.87284027e-05
-6.01225639e-05
-5.78635153e-05
-5.76934539e-05
-5.66600708e-05
-5.4043363e-05
-5.47273213e-05
-5.40810747e-05
-3.66266099e-05
-3.55532327e-05
-5.58375654e-05
-5.60970765e-05
-5.59528602e-05
-3.4078241e-05
-3.16910942e-05
-3.28393784e-05
-3.0517279e-05
-6.05731221e-05
-6.20126154e-05
-6.11079471e-05
-3.77740893e-05
-4.03154877e-05
-3.75971523e-05
-3.98031662e-05
-5.82861292e-05
-3.91983615e-05
-3.66630374e-05
-4.0165271e-05
-3.73056561e-05
-3.40991393e-05
-3.4270717e-05
-5.81370282e-05
-3.6808635e-05
-3.88134973e-05
-3.73874953e-05
-3.99281115e-05
-6.18745632e-05
-6.07858455e-05
-6.18458595e-05
-4.0065205e-05
-3.76903298e-05
-3.957303e-05
-3.74455255e-05
-5.43442797e-05
-5.57999993e-05
-5.58709334e-05
-3.15737683e-05
-3.39359474e-05
-3.03562653e-05
-3.26836822e-05
-5.59095773e-05
-5.3481443e-05
-5.42469195e-05
-3.63115174e-05
-3.52151491e-05
-5.67969748e-05
-5.76905089e-05
-6.00500658e-05
-5.66713479e-05
-5.8760206e-05
-5.58376591e-05
-5.2826847e-05
-5.39027751e-05
-5.47149845e-05
-3.40883249e-05
-3.64676421e-05
-3.43978333e-05
-5.57577731e-05
-5.61498874e-05
-5.61803646e-05
-3.210856e-05
-3.03524618e-05
-3.2000289e-05
-3.10723251e-05
-5.58130136e-05
-6.08689238e-05
-5.61451809e-05
-3.82193313e-05
-3.66658372e-05
-3.53042528e-05
-3.28775023e-05
-6.10731719e-05
-5.81687536e-05
-6.07898564e-05
-3.24937899e-05
-3.45191418e-05
-3.293723e-05
-3.46143869e-05
-5.6469866e-05
-5.69604816e-05
-5.66868869e-05
-3.170784e-05
-3.11904286e-05
-3.40110983e-05
-3.2050073e-05
-5.3929616e-05
-5.63391214e-05
-5.30674045e-05
-3.36693858e-05
-3.59327609e-05
-3.29034336e-05
-3.45476909e-05
-5.78744462e-05
-5.33578245e-05
-5.64716585e-05
-5.7729735e-05
-5.97764809e-05
-5.96642888e-05
-5.58334678e-05
-5.83951973e-05
-5.48348173e-05
-5.30280543e-05
-5.26164703e-05
-5.34856879e-05
-3.35538781e-05
-3.5225298e-05
-3.3257121e-05
-5.56582027e-05
-5.52725643e-05
-5.53340528e-05
-3.15914029e-05
-3.05380978e-05
-3.04657285e-05
-2.96444677e-05
-6.14839151e-05
-6.31127588e-05
-6.22982022e-05
-3.75258869e-05
-3.77383948e-05
-3.75484902e-05
-3.78169078e-05
-5.99079626e-05
-3.95295951e-05
-3.78412487e-05
-4.02002318e-05
-3.9082787e-05
-3.48939128e-05
-3.66291052e-05
-3.49930075e-05
-3.64472406e-05
-5.86326329e-05
-6.0355457e-05
-3.80595384e-05
-3.96628246e-05
-3.94799479e-05
-4.05125598e-05
-6.24449007e-05
-6.21680577e-05
-6.28270704e-05
-3.76515217e-05
-3.73402283e-05
-3.77597697e-05
-3.7362744e-05
-5.54050269e-05
-5.51967509e-05
-5.51748872e-05
-3.04933016e-05
-3.14931377e-05
-2.96202805e-05
-3.04940862e-05
-5.3207921e-05
-5.34976672e-05
-5.26450079e-05
-3.34246462e-05
-3.33767854e-05
-3.53430507e-05
-5.86261074e-05
-5.48418294e-05
-5.83967286e-05
-5.96793157e-05
-5.94816994e-05
-5.79858611e-05
-5.463898e-05
-5.65760354e-05
-5.35377182e-05
-5.66077972e-05
-5.32089103e-05
-5.63233846e-05
-3.59468611e-05
-3.37840817e-05
-3.46041943e-05
-3.27300047e-05
-5.6646572e-05
-5.66815425e-05
-5.70080907e-05
-3.1459329e-05
-3.18883202e-05
-3.19468694e-05
-3.4058684e-05
-5.74522625e-05
-6.09817657e-05
-5.83538029e-05
-3.49478411e-05
-3.2738815e-05
-3.48552232e-05
-3.31385849e-05
-6.16170835e-05
-5.99875175e-05
-6.2168213e-05
-3.36200717e-05
-3.50538294e-05
-3.40702432e-05
-3.53896586e-05
-5.65773085e-05
-5.70139216e-05
-5.64432341e-05
-3.40855684e-05
-3.15955158e-05
-3.39156637e-05
-3.11504215e-05
-5.30886139e-05
-5.60818669e-05
-5.41810893e-05
-3.21273391e-05
-3.36306019e-05
-3.16936441e-05
-3.45882381e-05
-5.56185414e-05
-5.35643326e-05
-5.57250099e-05
-3.6488463e-05
-5.89242607e-05
-5.8893216e-05
-5.99671216e-05
-5.86581897e-05
-5.79799296e-05
-5.44243669e-05
-5.7057519e-05
-5.40108001e-05
-5.59546308e-05
-5.3573539e-05
-5.63109425e-05
-3.58876e-05
-3.33133077e-05
-3.5470066e-05
-3.33079643e-05
-5.52615606e-05
-5.58760522e-05
-5.54603445e-05
-3.03954738e-05
-2.94470101e-05
-3.06772952e-05
-3.04335393e-05
-6.22549272e-05
-5.89995011e-05
-6.03923098e-05
-3.71143295e-05
-3.75619359e-05
-3.64870231e-05
-3.68948342e-05
-5.94172675e-05
-5.63143386e-05
-4.03834173e-05
-3.97945721e-05
-3.91829712e-05
-3.94974169e-05
-3.78569608e-05
-3.79249675e-05
-3.75178771e-05
-3.79028172e-05
-6.06868216e-05
-5.62653386e-05
-5.91014621e-05
-3.94137952e-05
-4.01373573e-05
-3.91510825e-05
-3.88736321e-05
-6.16396921e-05
-6.0275119e-05
-5.88371843e-05
-3.73419223e-05
-3.69148093e-05
-3.67387116e-05
-3.63514764e-05
-5.53671328e-05
-5.52305243e-05
-5.56862006e-05
-2.94637645e-05
-3.03128262e-05
-3.03033794e-05
-3.04437402e-05
-5.364416e-05
-5.62546058e-05
-5.34906017e-05
-3.34293115e-05
-3.58521748e-05
-3.32998912e-05
-3.54583384e-05
-5.75195885e-05
-5.3840082e-05
-5.69326145e-05
-5.78384598e-05
-5.82412104e-05
-6.00911603e-05
-5.89838353e-05
-5.32606278e-05
-5.57354121e-05
-5.34907717e-05
-3.65277735e-05
-5.60469588e-05
-5.41281663e-05
-5.61028565e-05
-3.37445916e-05
-3.19108503e-05
-3.45065081e-05
-3.16875112e-05
-5.70852048e-05
-5.64597761e-05
-5.70591404e-05
-3.13861793e-05
-3.41101587e-05
-3.11430022e-05
-3.39891191e-05
-5.94125791e-05
-6.21318771e-05
-5.99313388e-05
-3.51601985e-05
-3.37255621e-05
-3.54105872e-05
-3.40795102e-05
-6.2154948e-05
-5.90554633e-05
-6.13127498e-05
-3.40807422e-05
-3.53746225e-05
-3.35967771e-05
-3.49710993e-05
-5.64246311e-05
-5.69682428e-05
-5.64687578e-05
-3.38770617e-05
-3.1169168e-05
-3.39730916e-05
-3.14203924e-05
-5.42228703e-05
-5.59956037e-05
-5.30744673e-05
-3.16979645e-05
-3.45069411e-05
-3.1985794e-05
-3.35929697e-05
-5.58122813e-05
-5.33353004e-05
-5.5850091e-05
-3.65872101e-05
-6.0002127e-05
-5.83524706e-05
-5.91867965e-05
-5.79867411e-05
-5.86198149e-05
-5.38929566e-05
-5.75767661e-05
-5.44238431e-05
-5.6321948e-05
-5.3834918e-05
-5.60831951e-05
-3.53602076e-05
-3.3324927e-05
-3.58226958e-05
-3.34320242e-05
-5.54102782e-05
-5.54969845e-05
-5.5245284e-05
-3.05413325e-05
-3.03908625e-05
-3.02810568e-05
-2.95000062e-05
-6.03316623e-05
-6.16411881e-05
-6.19176103e-05
-3.64338367e-05
-3.68379788e-05
-3.6951371e-05
-3.73560803e-05
-5.62665801e-05
-6.07150858e-05
-3.91442094e-05
-3.94778687e-05
-4.01273229e-05
-3.95804053e-05
-3.79521351e-05
-3.77281858e-05
-3.80889562e-05
-3.7814659e-05
-5.95799835e-05
-6.07715529e-05
-3.98424075e-05
-3.93920473e-05
-3.98898431e-05
-4.02633005e-05
-5.88448922e-05
-6.20517428e-05
-6.16610344e-05
-3.68949876e-05
-3.64073243e-05
-3.74742125e-05
-3.70173188e-05
-5.56945616e-05
-5.5064968e-05
-5.53784456e-05
-3.0187102e-05
-3.040561e-05
-2.92129228e-05
-3.01436598e-05
-5.36225443e-05
-5.6048019e-05
-5.39386075e-05
-3.33352521e-05
-3.55829672e-05
-3.34912117e-05
-3.59315325e-05
-5.69537417e-05
-5.45935403e-05
-5.75605184e-05
-5.85375653e-05
-5.90194172e-05
-5.9129727e-05
-5.83687319e-05
-5.35846483e-05
-5.56976303e-05
-5.33237957e-05
-3.6505818e-05
-5.60996542e-05
-5.30515216e-05
-5.60300166e-05
-3.45363666e-05
-3.1740083e-05
-3.37631405e-05
-3.19936656e-05
-5.70343867e-05
-5.65346784e-05
-5.70488315e-05
-3.12003833e-05
-3.3908998e-05
-3.14400268e-05
-3.40387614e-05
-5.99346621e-05
-6.15497969e-05
-5.92696696e-05
-3.53841515e-05
-3.40706517e-05
-3.50565776e-05
-3.36483908e-05
-6.05238688e-05
-5.76095142e-05
-6.15032572e-05
-3.31370541e-05
-3.46349943e-05
-3.28125368e-05
-3.4780772e-05
-5.65473233e-05
-5.63767428e-05
-5.63421855e-05
-3.38793611e-05
-3.18595317e-05
-3.16548916e-05
-3.11213896e-05
-5.31280129e-05
-5.64887989e-05
-5.39872744e-05
-3.27727133e-05
-3.45772484e-05
-3.36198182e-05
-3.60303572e-05
-5.65966681e-05
-5.45715062e-05
-5.78878907e-05
-5.93788375e-05
-5.96953124e-05
-5.97927167e-05
-5.50849022e-05
-5.86693361e-05
-5.59640022e-05
-5.3901524e-05
-5.37232649e-05
-5.33489057e-05
-3.55418421e-05
-3.36543527e-05
-3.37122016e-05
-5.54147963e-05
-5.56684557e-05
-5.57150797e-05
-3.05999194e-05
-2.9813679e-05
-3.16823417e-05
-3.06210472e-05
-6.2141044e-05
-6.28749415e-05
-6.16252965e-05
-3.74322045e-05
-3.77242012e-05
-3.74461891e-05
-3.76891222e-05
-5.86173658e-05
-4.02012812e-05
-3.90890867e-05
-3.96581188e-05
-3.81087281e-05
-3.63401061e-05
-3.48180471e-05
-3.65092902e-05
-3.49684454e-05
-5.99128108e-05
-5.86568699e-05
-3.9100198e-05
-4.01533188e-05
-3.81898573e-05
-3.97196601e-05
-6.28567149e-05
-6.14258832e-05
-6.26424108e-05
-3.77465864e-05
-3.74405487e-05
-3.76851469e-05
-3.74094007e-05
-5.52406847e-05
-5.56846835e-05
-5.55122229e-05
-2.95609378e-05
-3.04257734e-05
-3.06239319e-05
-3.15346964e-05
-5.30007003e-05
-5.28423674e-05
-5.33012799e-05
-3.35087744e-05
-3.52432706e-05
-3.33727284e-05
-5.83123546e-05
-5.58936758e-05
-5.85848598e-05
-5.96909893e-05
-5.77880143e-05
-5.92232668e-05
-5.33481738e-05
-5.78790797e-05
-5.45235936e-05
-5.63027058e-05
-5.39264604e-05
-5.65081666e-05
-3.45489024e-05
-3.28414451e-05
-3.58485893e-05
-3.36323619e-05
-5.69908625e-05
-5.65672609e-05
-5.66182548e-05
-3.20250185e-05
-3.40730911e-05
-3.14706029e-05
-3.197498e-05
-5.82636978e-05
-6.11953784e-05
-5.73224562e-05
-3.46718465e-05
-3.30080112e-05
-3.45713554e-05
-3.25163981e-05
-6.07580034e-05
-5.62592315e-05
-6.01912575e-05
-3.29566165e-05
-3.51054779e-05
-3.65126565e-05
-3.78088445e-05
-5.5834049e-05
-5.55373087e-05
-5.35072966e-05
-3.07730282e-05
-3.15614547e-05
-3.01923487e-05
-3.17651069e-05
-5.38943154e-05
-5.26631919e-05
-5.454914e-05
-3.4288979e-05
-3.65620325e-05
-3.39828209e-05
-5.86412891e-05
-5.66711662e-05
-5.82432824e-05
-5.67966009e-05
-5.78934665e-05
-5.37690199e-05
-5.59983906e-05
-5.38028222e-05
-3.54911328e-05
-3.64010515e-05
-5.58818672e-05
-5.44222053e-05
-5.57320754e-05
-3.27979486e-05
-3.03632955e-05
-3.39736985e-05
-3.15077489e-05
-6.06472209e-05
-6.15170339e-05
-6.02743768e-05
-3.73503942e-05
-3.93324781e-05
-3.74670093e-05
-3.99452887e-05
-3.98185097e-05
-3.77151926e-05
-3.88210753e-05
-3.68760985e-05
-3.44751422e-05
-3.42918493e-05
-5.81475456e-05
-3.75296748e-05
-3.98462702e-05
-3.66616626e-05
-3.87457914e-05
-6.18120174e-05
-6.03936023e-05
-6.17894076e-05
-3.94204355e-05
-3.73727884e-05
-4.00180212e-05
-3.75679847e-05
-5.60676234e-05
-5.60180846e-05
-5.46331886e-05
-3.06209103e-05
-3.28906234e-05
-3.18669046e-05
-3.41769616e-05
-5.42366361e-05
-5.40131274e-05
-5.60949742e-05
-3.53476314e-05
-3.66173377e-05
-5.77475156e-05
-5.76507778e-05
-5.99088112e-05
-5.57726157e-05
-5.83882151e-05
-5.66841539e-05
-5.45378978e-05
-5.45358926e-05
-5.25351956e-05
-3.64282833e-05
-3.4134359e-05
-3.38102902e-05
-5.61411001e-05
-5.34224917e-05
-5.55969944e-05
-3.2038549e-05
-3.12129314e-05
-3.19470442e-05
-3.0231097e-05
-5.60794777e-05
-6.01861141e-05
-5.58954341e-05
-3.48537087e-05
-3.26138972e-05
-3.75582821e-05
-3.60194619e-05
-6.00242278e-05
-5.79658122e-05
-3.64392706e-05
-3.83997407e-05
-3.46878648e-05
-3.83197032e-05
-6.10504219e-05
-6.00780195e-05
-6.2448334e-05
-3.63033682e-05
-3.64179737e-05
-3.81723138e-05
-3.69973541e-05
-5.52193156e-05
-5.55630059e-05
-5.53996493e-05
-2.95774936e-05
-2.89621964e-05
-2.97289706e-05
-3.04566495e-05
-5.30000302e-05
-5.4246821e-05
-5.33211184e-05
-3.13701826e-05
-3.29428192e-05
-3.3250699e-05
-3.557597e-05
-5.52453191e-05
-5.46737552e-05
-5.61462861e-05
-5.96192246e-05
-5.5018536e-05
-5.89237035e-05
-5.70356024e-05
-5.35314407e-05
-5.4282483e-05
-5.21581043e-05
-3.43269647e-05
-3.20935241e-05
-3.22105934e-05
-5.55707055e-05
-5.29090853e-05
-5.50915584e-05
-3.03134452e-05
-3.09789871e-05
-3.09830429e-05
-2.97838552e-05
-6.29469499e-05
-6.22849581e-05
-6.15033073e-05
-3.69919751e-05
-3.74951162e-05
-3.68482564e-05
-3.74057413e-05
-5.90509363e-05
-5.97201018e-05
-3.95401457e-05
-4.06020026e-05
-3.9736839e-05
-3.97478174e-05
-3.82853048e-05
-3.50113741e-05
-3.79717625e-05
-3.50072365e-05
-3.8285008e-05
-3.7619904e-05
-6.14214552e-05
-5.98879436e-05
-4.08036755e-05
-3.97042401e-05
-3.95268766e-05
-3.98172436e-05
-6.2065386e-05
-6.11642902e-05
-6.19899763e-05
-3.74629769e-05
-3.69056608e-05
-3.73676219e-05
-3.68215627e-05
-5.56764065e-05
-5.52717343e-05
-5.34392567e-05
-3.1316125e-05
-3.07937935e-05
-2.99258588e-05
-3.16745959e-05
-5.33786589e-05
-5.28101103e-05
-5.47944219e-05
-3.25340977e-05
-3.46420429e-05
-3.28795633e-05
-5.78490816e-05
-5.72737759e-05
-5.92664011e-05
-5.68331004e-05
-5.35667379e-05
-5.63543833e-05
-5.50318591e-05
-5.54898083e-05
-5.37138988e-05
-5.44629485e-05
-3.29948766e-05
-3.11845072e-05
-3.57895089e-05
-3.31902982e-05
-5.53480194e-05
-5.53785812e-05
-5.54839094e-05
-2.8682437e-05
-2.93938288e-05
-3.01318465e-05
-2.93980352e-05
-6.12745345e-05
-6.25383505e-05
-6.04125948e-05
-3.64229313e-05
-3.62986355e-05
-3.69761784e-05
-3.8173078e-05
-5.80706206e-05
-3.83179577e-05
-3.6173913e-05
-3.83908716e-05
-3.44931327e-05
-3.29304013e-05
-3.67570327e-05
-3.50302157e-05
-6.1338744e-05
-5.93076054e-05
-3.91678031e-05
-3.88386267e-05
-3.67518987e-05
-3.86521505e-05
-6.25071979e-05
-6.05995293e-05
-6.22295382e-05
-3.72052728e-05
-3.67303056e-05
-3.77871224e-05
-3.61229599e-05
-5.44692247e-05
-5.39470753e-05
-5.38619384e-05
-3.11144936e-05
-3.31964587e-05
-3.29004365e-05
-3.59374966e-05
-5.52496801e-05
-5.53102177e-05
-5.7470209e-05
-3.54307224e-05
-5.93926993e-05
-5.39448971e-05
-6.07546872e-05
-5.68957991e-05
-5.35671623e-05
-5.49673366e-05
-5.37447625e-05
-3.21284138e-05
-3.1258327e-05
-3.33600746e-05
-5.60776549e-05
-5.48174706e-05
-5.65626119e-05
-2.95430574e-05
-3.04911395e-05
-3.20145858e-05
-3.06328156e-05
-5.89326576e-05
-5.94848421e-05
-5.59933397e-05
-3.65651234e-05
-3.79285684e-05
-3.82620337e-05
-3.79554624e-05
-3.93799022e-05
-3.9317949e-05
-3.77093011e-05
-5.5983636e-05
-3.88603683e-05
-3.9429998e-05
-3.79394662e-05
-6.15606725e-05
-5.61519215e-05
-6.01603249e-05
-3.81212905e-05
-3.68457938e-05
-3.84219365e-05
-3.8953076e-05
-5.55820252e-05
-5.6988919e-05
-5.50446235e-05
-3.06685958e-05
-2.97378293e-05
-3.10573894e-05
-3.24887668e-05
-5.24443401e-05
-5.37333936e-05
-5.49136114e-05
-3.10473583e-05
-3.23475003e-05
-3.33299325e-05
-5.72208727e-05
-5.69144444e-05
-6.05868512e-05
-5.62832597e-05
-5.4179619e-05
-5.73178899e-05
-5.52395282e-05
-3.54810421e-05
-5.5945698e-05
-5.40449663e-05
-5.40700479e-05
-3.31548309e-05
-3.109469e-05
-3.60853194e-05
-3.30491973e-05
-6.30610764e-05
-6.22504489e-05
-6.0684428e-05
-3.66616034e-05
-3.70929913e-05
-3.60770457e-05
-3.78272691e-05
-5.92864961e-05
-5.92628821e-05
-3.86915955e-05
-3.90697907e-05
-3.86637584e-05
-3.65418115e-05
-3.67278273e-05
-3.26482805e-05
-3.47214869e-05
-3.29339508e-05
-3.59176195e-05
-5.95819815e-05
-3.69931062e-05
-3.65578531e-05
-3.27627876e-05
-3.31288044e-05
-5.97727901e-05
-5.60757226e-05
-5.6333472e-05
-3.59302742e-05
-3.22040266e-05
-3.44409416e-05
-3.32561324e-05
-5.54906924e-05
-5.78235401e-05
-5.65511753e-05
-3.17918975e-05
-3.06384637e-05
-3.51945915e-05
-3.54761848e-05
-5.4159816e-05
-5.81545573e-05
-5.8563435e-05
-3.13366028e-05
-3.36711478e-05
-5.62028981e-05
-5.65409497e-05
-5.58240084e-05
-6.0441783e-05
-5.88694447e-05
-3.58648437e-05
-3.32903721e-05
-6.04085662e-05
-5.76506118e-05
-5.86948046e-05
-3.21261221e-05
-3.25777549e-05
-3.59910697e-05
-3.51055722e-05
-6.19638289e-05
-5.66298456e-05
-5.70976961e-05
-3.32638897e-05
-3.69155073e-05
-3.39331171e-05
-3.57439593e-05
-5.91147127e-05
-3.7607153e-05
-3.81574383e-05
-3.44951108e-05
-3.40588398e-05
-3.70093077e-05
-3.5334355e-05
-3.56675512e-05
-3.78078063e-05
-6.17318117e-05
-3.90669477e-05
-3.81732269e-05
-3.43358256e-05
-3.50333857e-05
-6.18803914e-05
-5.8048189e-05
-5.84702812e-05
-3.77269016e-05
-3.4035018e-05
-3.67836268e-05
-3.54728201e-05
-5.74617471e-05
-6.02261266e-05
-5.88677379e-05
-3.35699893e-05
-3.31390338e-05
-3.69423302e-05
-3.75628369e-05
-5.58161757e-05
-6.00676152e-05
-6.0308176e-05
-3.37893313e-05
-3.61502065e-05
-5.88122036e-05
-5.52179671e-05
-5.4789182e-05
-5.88518315e-05
-5.79168023e-05
-3.37677882e-05
-3.15781242e-05
-5.92731721e-05
-5.63421732e-05
-5.7879771e-05
-3.03437326e-05
-3.13429917e-05
-3.50597936e-05
-3.46324891e-05
-6.02083442e-05
-5.65070645e-05
-5.60857133e-05
-3.18481046e-05
-3.57185134e-05
-3.29192388e-05
-3.42338366e-05
-5.68984873e-05
-3.63134381e-05
-3.68743287e-05
-3.26608617e-05
-3.21282445e-05
-3.57571842e-05
-3.27277846e-05
-6.96249752e-06
-1.14581772e-05
1.15018282e-05
1.0969556e-05
9.84723872e-06
-1.12588189e-05
-1.37360854e-05
-1.40208744e-05
1.03393988e-05
1.05951673e-05
9.63440977e-06
1.24564687e-05
-1.03879479e-05
-1.34295571e-05
-9.20035868e-06
9.55310697e-06
1.09295138e-05
1.37924261e-05
1.59761501e-05
-1.19677588e-05
-8.62061372e-06
-7.68418233e-06
1.49850463e-05
1.25159315e-05
-8.74339192e-06
-1.10402237e-05
-1.24892907e-05
-9.6054074e-06
-1.28701629e-05
-8.79312062e-06
-9.50841778e-06
1.07102478e-05
1.33195873e-05
-1.32238683e-05
-1.02778986e-05
-1.42225274e-05
9.81484354e-06
1.03740099e-05
1.42625615e-05
1.38522308e-05
-1.15158089e-05
-1.49982852e-05
-1.55394702e-05
1.17207987e-05
1.06804736e-05
1.32301727e-05
9.48239829e-06
-1.44411636e-05
-1.21749517e-05
1.20617311e-05
1.2243976e-05
8.67086924e-06
7.51116134e-06
8.46225941e-06
1.11830051e-05
1.15032153e-05
8.98222869e-06
-1.24911145e-05
-1.51921624e-05
1.2478509e-05
1.15602533e-05
7.95957574e-06
8.2451695e-06
-1.10355954e-05
-1.5689356e-05
-1.4150952e-05
1.03658866e-05
1.26712279e-05
9.1850001e-06
1.40840678e-05
-1.14528383e-05
-1.35446887e-05
-9.92161925e-06
1.14408354e-05
1.0222444e-05
1.47024173e-05
1.47099721e-05
-1.39614035e-05
-9.46016847e-06
-9.0713389e-06
1.33984818e-05
1.05732889e-05
-1.01293642e-05
-1.30084185e-05
-1.06375515e-05
-8.89419673e-06
-1.12835023e-05
-7.74443004e-06
-8.07280459e-06
1.28913756e-05
1.49152694e-05
-1.08329845e-05
-8.73014086e-06
-1.23397579e-05
1.16379979e-05
1.18773296e-05
1.62428799e-05
1.50488096e-05
-8.29085067e-06
-1.25439077e-05
-1.28852515e-05
1.30779497e-05
1.14917853e-05
1.39798944e-05
1.04936892e-05
-1.11230236e-05
-6.90901429e-06
1.20337894e-05
1.00581047e-05
1.07334683e-05
-1.41469972e-05
-1.19007114e-05
-1.36660576e-05
1.31964013e-05
1.17235889e-05
1.33768089e-05
1.21195508e-05
-8.6626243e-06
-9.87510338e-06
-8.82661748e-06
1.32974812e-05
9.80627876e-06
1.50937421e-05
1.27425069e-05
-1.35600599e-05
-8.39217169e-06
-1.07083244e-05
1.00719212e-05
-1.29584996e-05
-1.033895e-05
-9.84168148e-06
-8.27535251e-06
-6.75547976e-06
-6.22116467e-06
-6.79263323e-06
1.32517253e-05
1.37897376e-05
1.55780151e-05
-9.83581957e-06
-8.69951722e-06
-9.26225624e-06
1.4524864e-05
1.62762901e-05
1.71324404e-05
1.64148436e-05
-1.70390093e-05
-1.54501751e-05
5.86887666e-06
7.24755264e-06
5.56651453e-06
4.59892514e-06
8.6725319e-06
6.53423668e-06
8.02967231e-06
8.81772212e-06
7.6615548e-06
6.72099147e-06
-1.48186651e-05
-1.49917544e-05
-1.69997523e-05
7.77450849e-06
5.86984922e-06
5.15088856e-06
5.74341389e-06
-8.28822476e-06
-9.34331475e-06
-8.96246563e-06
1.62812803e-05
1.46326937e-05
1.65376545e-05
1.70368127e-05
-9.26889062e-06
-7.48394064e-06
-6.83668685e-06
1.31109167e-05
1.49223288e-05
1.28970837e-05
-8.39990085e-06
-9.62510534e-06
-1.31093872e-05
-1.00167444e-05
-1.04905061e-05
-8.19375211e-06
9.97114714e-06
-7.91275576e-06
-8.65515232e-06
-9.77336701e-06
9.92883846e-06
1.33738538e-05
1.28163211e-05
1.51713895e-05
-1.10081658e-05
-1.38030523e-05
-1.21937841e-05
1.17108913e-05
1.29851037e-05
1.20457275e-05
1.31798488e-05
-9.22349278e-06
-9.28301053e-06
-8.89542196e-06
1.62007226e-05
1.54327835e-05
1.633334e-05
1.71602183e-05
-7.64341013e-06
-6.96576885e-06
-6.27400163e-06
1.37298792e-05
1.54133574e-05
1.30843032e-05
-7.91626309e-06
-9.27323928e-06
-1.0418903e-05
-1.27717648e-05
-9.78888126e-06
-6.83530454e-06
-7.57622161e-06
-7.98867107e-06
1.23474831e-05
9.9306691e-06
1.30871927e-05
-8.74856006e-06
-9.29659662e-06
-9.38440431e-06
1.44094431e-05
1.64875451e-05
1.52653348e-05
1.49710699e-05
-1.64352666e-05
-1.69609724e-05
-1.72209209e-05
7.25673503e-06
5.46985718e-06
7.95625135e-06
7.80285169e-06
-1.4709901e-05
-1.17934228e-05
5.05998725e-06
6.99598452e-06
6.59848839e-06
6.20610987e-06
8.74487165e-06
8.24179146e-06
1.09214683e-05
8.44294777e-06
1.10031476e-05
8.35512016e-06
-1.42095024e-05
-1.17631246e-05
-1.49065319e-05
6.37590255e-06
5.20044707e-06
6.12535551e-06
6.54105296e-06
-1.81157063e-05
-1.70060587e-05
-1.66133957e-05
5.95209655e-06
7.46222794e-06
7.97264833e-06
8.16389175e-06
-7.79220476e-06
-9.5350348e-06
-9.49758541e-06
1.63296499e-05
1.39916352e-05
1.50305294e-05
1.52716105e-05
-8.83215999e-06
-8.31613644e-06
-7.86873963e-06
1.19392647e-05
1.27339679e-05
9.66325113e-06
-1.00734645e-05
-1.29753688e-05
-9.62240982e-06
-9.64750692e-06
-8.07714675e-06
-7.27389123e-06
-6.46978327e-06
-7.07091581e-06
1.37698702e-05
1.31931791e-05
1.52158204e-05
-9.36403367e-06
-8.81882283e-06
-9.13648387e-06
1.56599594e-05
1.63787308e-05
1.71911816e-05
1.64921249e-05
-8.10090972e-06
-9.77610633e-06
-9.85706723e-06
1.55347661e-05
1.28318181e-05
1.52628467e-05
1.36454678e-05
-9.68433238e-06
-8.00286931e-06
-9.25202345e-06
9.83657942e-06
1.08659865e-05
-1.15391914e-05
-1.28192175e-05
-8.48860846e-06
-9.9118735e-06
-6.94033523e-06
-9.21761215e-06
-5.98411099e-06
-8.59987778e-06
1.1813896e-05
1.43011392e-05
1.44946417e-05
1.58948875e-05
-1.36226518e-05
-1.62018797e-05
-1.42964362e-05
8.5051054e-06
6.40367626e-06
8.75945952e-06
6.81354581e-06
-1.13573516e-05
7.42323932e-06
9.35674927e-06
6.36652585e-06
8.68303289e-06
1.10316615e-05
1.1078468e-05
-1.13073323e-05
9.26417099e-06
7.51837103e-06
8.56391723e-06
6.47979525e-06
-1.52920619e-05
-1.42939599e-05
-1.64930362e-05
6.43226935e-06
8.46602252e-06
6.92733829e-06
8.65695226e-06
-7.25155096e-06
-8.46245038e-06
-5.9927235e-06
1.45105479e-05
1.15105909e-05
1.64257975e-05
1.44696856e-05
-1.12387633e-05
-6.97273864e-06
-9.89211711e-06
-1.26584306e-05
-1.23705606e-05
-1.15458896e-05
-7.53496975e-06
-9.3928402e-06
-8.12130795e-06
9.86939653e-06
1.08077593e-05
-9.37354587e-06
-9.95709709e-06
-9.86984585e-06
1.3083946e-05
1.55242999e-05
1.35091215e-05
1.50966846e-05
-9.83027753e-06
-1.03661653e-05
-1.03659745e-05
1.55688647e-05
1.45912405e-05
1.44273145e-05
1.4701042e-05
-8.45942125e-06
-8.60415266e-06
-8.22004249e-06
1.28846562e-05
1.24923092e-05
9.57733313e-06
-1.39477522e-05
-1.09918432e-05
-1.41081706e-05
-1.21392921e-05
-1.07080513e-05
-6.16221768e-06
-8.10268931e-06
-6.66481951e-06
1.18376117e-05
1.18390676e-05
-8.39769701e-06
-8.51482578e-06
-8.53391624e-06
1.48936201e-05
1.70936317e-05
1.48911032e-05
1.64316724e-05
-1.47258162e-05
-1.74862135e-05
-1.61832962e-05
8.66611218e-06
8.63681231e-06
8.1828451e-06
8.16653071e-06
-1.31547999e-05
6.83545026e-06
8.25852935e-06
6.1009001e-06
7.46478449e-06
1.04546371e-05
1.08886756e-05
1.37296846e-05
1.07000129e-05
1.38380012e-05
1.10792278e-05
-1.16758528e-05
-1.32621769e-05
8.43388831e-06
6.96831212e-06
7.38941643e-06
5.99021723e-06
-1.63847294e-05
-1.60206569e-05
-1.72928826e-05
8.6372876e-06
8.61870306e-06
8.1954223e-06
8.25233265e-06
-6.51772319e-06
-8.59286962e-06
-8.60209538e-06
1.71786415e-05
1.4823733e-05
1.62670346e-05
1.46399137e-05
-9.02157821e-06
-6.65240382e-06
-8.02553355e-06
1.19130095e-05
1.18405475e-05
-1.0629628e-05
-1.11113077e-05
-1.37601426e-05
-1.09236518e-05
-7.88457808e-06
-8.45965789e-06
-9.00672589e-06
1.25251482e-05
9.32604628e-06
1.23010203e-05
-1.00095641e-05
-1.05886779e-05
-1.05029467e-05
1.44263916e-05
1.5546926e-05
1.47370202e-05
1.45669659e-05
-1.11193336e-05
-1.14113378e-05
-1.13897859e-05
1.19145582e-05
1.34220916e-05
1.16261204e-05
1.3478136e-05
-9.41181152e-06
-1.15085517e-05
-9.32126677e-06
1.17841659e-05
8.78822978e-06
1.20346158e-05
9.13057223e-06
-1.33172633e-05
-1.03299606e-05
-1.27359986e-05
-9.81821127e-06
-1.34405539e-05
-1.06531959e-05
-6.1036262e-06
-6.82712274e-06
-5.64430891e-06
1.27672503e-05
1.33647573e-05
-8.37514043e-06
-8.08143374e-06
-8.18924805e-06
1.56019027e-05
1.69749789e-05
1.59963489e-05
1.7313353e-05
-1.69733845e-05
-1.82855384e-05
-1.71279402e-05
7.83676728e-06
7.86642273e-06
7.82179628e-06
7.94171644e-06
-1.35299988e-05
-9.85333682e-06
6.21922659e-06
7.6847335e-06
7.16964815e-06
7.77312818e-06
1.10506839e-05
1.43462074e-05
1.09394041e-05
1.40797484e-05
1.43598943e-05
1.10473152e-05
1.41679971e-05
1.09271337e-05
-1.45972909e-05
-1.02969049e-05
-1.39039224e-05
6.93304142e-06
5.52273709e-06
7.20272522e-06
6.54134315e-06
-1.78881306e-05
-1.71447187e-05
-1.82531559e-05
7.79244692e-06
7.91452038e-06
7.81229311e-06
7.80681934e-06
-8.27836634e-06
-8.06464951e-06
-7.90480997e-06
1.69237661e-05
1.55272168e-05
1.74936684e-05
1.62270228e-05
-7.00269901e-06
-5.31284704e-06
-6.44970394e-06
1.28297269e-05
1.35683927e-05
-1.04390365e-05
-1.33694246e-05
-1.08392515e-05
-1.27373406e-05
-1.04840196e-05
-1.14872196e-05
-9.47864841e-06
-1.16796487e-05
8.64785611e-06
1.15880572e-05
9.01752128e-06
1.18197407e-05
-1.12293639e-05
-1.15575783e-05
-1.1546546e-05
1.33028054e-05
1.18280585e-05
1.32835952e-05
1.14628827e-05
-1.13930154e-05
-1.11075336e-05
-1.1099316e-05
1.16298744e-05
1.34385313e-05
1.18849494e-05
1.34457072e-05
-9.23632651e-06
-1.11985206e-05
-9.31915884e-06
1.19634645e-05
9.20612482e-06
1.18459184e-05
8.94505176e-06
-1.27073643e-05
-1.06642133e-05
-1.32211163e-05
-1.05841078e-05
-9.6228946e-06
-5.58047029e-06
-7.14859643e-06
-6.03302739e-06
1.33413456e-05
1.2765254e-05
-8.1549401e-06
-8.2933898e-06
-8.35182527e-06
1.61074736e-05
1.74134012e-05
1.56853732e-05
1.70502863e-05
-1.72727962e-05
-1.79775293e-05
-1.69767595e-05
7.83482032e-06
7.84904233e-06
7.91866681e-06
7.81730455e-06
-1.02482516e-05
-1.44146604e-05
6.68941844e-06
7.36027004e-06
5.72486014e-06
7.20775541e-06
1.09777496e-05
1.41430425e-05
1.10680138e-05
1.44082271e-05
1.42233533e-05
1.09250703e-05
1.4399785e-05
1.1016221e-05
-1.39188172e-05
-1.44232126e-05
7.19400911e-06
6.55781705e-06
6.9999625e-06
5.61674376e-06
-1.84230995e-05
-1.72596439e-05
-1.82018656e-05
7.71120152e-06
7.7221571e-06
7.63415982e-06
7.7442049e-06
-7.89195404e-06
-8.25752774e-06
-8.22613844e-06
1.75570625e-05
1.62945089e-05
1.71789549e-05
1.58008013e-05
-6.50948207e-06
-6.03506156e-06
-7.17078435e-06
1.35107047e-05
1.2691332e-05
-1.32718185e-05
-9.52948824e-06
-1.01858254e-05
-1.31038996e-05
-1.06611995e-05
-1.15571747e-05
-9.45425343e-06
-1.13012315e-05
9.23600682e-06
1.20100209e-05
8.86483423e-06
1.18206626e-05
-1.14935975e-05
-1.11338159e-05
-1.11250369e-05
1.34302636e-05
1.15433189e-05
1.34870973e-05
1.19108389e-05
-1.03456557e-05
-9.82741428e-06
-9.7053827e-06
1.42789728e-05
1.46331448e-05
1.56427047e-05
1.47560673e-05
-8.08303447e-06
-7.45344894e-06
-8.22724225e-06
1.2586285e-05
9.5434582e-06
1.2936009e-05
-1.39780774e-05
-1.09842571e-05
-1.3991716e-05
-1.06824533e-05
-1.21461656e-05
-6.73715452e-06
-9.10208151e-06
-6.29429571e-06
1.17741382e-05
1.16500471e-05
-8.6331789e-06
-6.8042559e-06
-8.63656366e-06
1.47318305e-05
1.62701488e-05
1.4611532e-05
1.67706036e-05
-1.56558629e-05
-1.59575148e-05
-1.43428121e-05
8.38864904e-06
8.34905912e-06
8.82222871e-06
8.85220023e-06
-1.17792347e-05
6.03179908e-06
7.50674749e-06
6.92696801e-06
8.35014598e-06
1.1090609e-05
1.37770143e-05
1.08657835e-05
1.39659848e-05
1.11023788e-05
1.0734774e-05
-1.31217533e-05
-1.16309565e-05
7.56579294e-06
6.17238808e-06
8.5003917e-06
7.10556444e-06
-1.74539686e-05
-1.48884849e-05
-1.63886194e-05
8.1207355e-06
8.12724479e-06
8.60696552e-06
8.5649364e-06
-8.65518246e-06
-8.54327325e-06
-6.86536612e-06
1.64849011e-05
1.48041843e-05
1.70344393e-05
1.45143622e-05
-8.20658999e-06
-6.35112011e-06
-9.0338201e-06
1.17528169e-05
1.17488481e-05
-1.21467518e-05
-1.10870421e-05
-1.4033885e-05
-1.1268923e-05
-8.69221396e-06
-8.28717452e-06
-7.36153774e-06
9.36351596e-06
1.25479154e-05
1.28515929e-05
-1.0371812e-05
-9.74069836e-06
-9.83370791e-06
1.49596045e-05
1.46142324e-05
1.47069198e-05
1.56294808e-05
-9.56290702e-06
-9.28889858e-06
-7.665382e-06
1.54938619e-05
1.4119771e-05
1.5505664e-05
1.33512538e-05
-9.03112628e-06
-7.28904053e-06
-9.7840364e-06
1.10007656e-05
1.00858581e-05
-1.25182884e-05
-1.25540495e-05
-7.23852988e-06
-1.11030724e-05
-8.63163155e-06
-8.92743727e-06
-7.37834155e-06
-9.42077265e-06
1.42814146e-05
1.55893916e-05
1.14829168e-05
1.41357228e-05
-1.39560579e-05
-1.53993784e-05
-1.3397437e-05
8.77585304e-06
7.18716024e-06
8.55536135e-06
6.72662357e-06
6.57950225e-06
8.44926449e-06
7.65615791e-06
9.22197682e-06
1.09552086e-05
1.11339995e-05
-1.13427831e-05
8.70575217e-06
6.41057834e-06
9.31023413e-06
7.33961314e-06
-1.63979183e-05
-1.36212233e-05
-1.52799015e-05
6.72421557e-06
8.62817416e-06
6.27538272e-06
8.41070207e-06
-6.43833171e-06
-9.34194371e-06
-7.29928727e-06
1.60726112e-05
1.41470874e-05
1.41669625e-05
1.14606643e-05
-1.00155778e-05
-8.7725507e-06
-1.12895531e-05
-1.16685797e-05
-1.26089685e-05
-7.8421938e-06
-9.63303153e-06
-7.50462222e-06
1.09504987e-05
9.74213876e-06
-9.62727586e-06
-7.82919398e-06
-9.07749785e-06
1.37974285e-05
1.53635292e-05
1.30560155e-05
1.58122104e-05
-8.98182047e-06
-9.41819559e-06
-9.20865459e-06
1.61677493e-05
1.67335978e-05
1.62476954e-05
1.53757884e-05
-6.00387207e-06
-7.38112076e-06
-7.96073675e-06
1.48431097e-05
1.32539241e-05
1.35749292e-05
-9.45390173e-06
-9.07022441e-06
-9.93154705e-06
-1.05877705e-05
-8.15549267e-06
-8.7308775e-06
-7.14793464e-06
9.8241401e-06
1.30727762e-05
1.21373037e-05
-9.41663163e-06
-7.56241551e-06
-8.84796244e-06
1.53853703e-05
1.51007032e-05
1.41197068e-05
1.65278956e-05
-1.70072934e-05
-1.86866526e-05
-1.61993755e-05
7.97527846e-06
7.91149592e-06
7.13220319e-06
5.61109591e-06
-1.16374305e-05
-1.41256692e-05
6.77930859e-06
6.21087987e-06
5.23769226e-06
6.91860496e-06
8.04475692e-06
1.08429762e-05
8.545097e-06
1.09334264e-05
8.23994359e-06
9.0345643e-06
-1.47518851e-05
-1.44891689e-05
5.99848167e-06
6.4277561e-06
7.21364365e-06
5.0281801e-06
-1.6640301e-05
-1.63291553e-05
-1.78502498e-05
7.86818452e-06
8.16375609e-06
5.55683474e-06
7.51562123e-06
-9.34506323e-06
-8.8694102e-06
-7.32497566e-06
1.51471247e-05
1.53815812e-05
1.65723077e-05
1.44096021e-05
-7.76931815e-06
-6.91260152e-06
-8.82718069e-06
1.29131149e-05
9.89300909e-06
1.22299998e-05
-1.27290486e-05
-1.08445862e-05
-7.31600643e-06
-8.87626628e-06
-6.39779981e-06
-7.11443583e-06
-6.60588327e-06
1.34800468e-05
1.58385164e-05
1.40874317e-05
-9.40252348e-06
-9.12380681e-06
-9.61447355e-06
1.7011975e-05
1.58396882e-05
1.5255785e-05
1.56326195e-05
-1.36485065e-05
-1.10368209e-05
-1.39066904e-05
1.32321075e-05
1.20861446e-05
1.2986839e-05
1.17412542e-05
-8.52964819e-06
-7.87525492e-06
-7.934543e-06
1.52110587e-05
1.28505943e-05
1.34696081e-05
9.81746301e-06
-1.05092795e-05
-9.74058096e-06
-1.34281822e-05
9.97371519e-06
-8.39537655e-06
-1.02924829e-05
-7.04916083e-06
-8.99415876e-06
-7.31936267e-06
1.32250353e-05
1.54957956e-05
1.33702868e-05
-9.15846814e-06
-8.21344902e-06
-9.75840845e-06
1.74097967e-05
1.67040869e-05
1.47943095e-05
1.64604709e-05
-1.53951153e-05
-1.51343714e-05
5.30361437e-06
4.52343239e-06
5.88914419e-06
7.41605217e-06
6.25854669e-06
7.69241543e-06
8.71957759e-06
8.19074462e-06
6.33896784e-06
8.47504196e-06
-1.67415742e-05
-1.48916868e-05
4.74070824e-06
5.77161959e-06
7.35538941e-06
5.84829429e-06
-8.87718528e-06
-1.00277154e-05
-8.34890275e-06
1.64564421e-05
1.72378198e-05
1.63794457e-05
1.46240655e-05
-6.61208338e-06
-7.5750047e-06
-9.17048873e-06
1.54068083e-05
1.3495452e-05
1.3050545e-05
-9.76437195e-06
-1.04989395e-05
-1.28885133e-05
-8.06514383e-06
-1.34748534e-05
-9.88662607e-06
1.00464422e-05
-9.72769114e-06
-7.91635679e-06
-7.62951606e-06
1.27532822e-05
1.50800474e-05
1.00228185e-05
1.34581546e-05
-1.16672733e-05
-1.37792158e-05
-1.06682602e-05
1.23372293e-05
1.35120912e-05
1.19962455e-05
1.332094e-05
-1.12883989e-05
1.0671191e-05
9.78075336e-06
1.15265887e-05
-1.37252944e-05
-1.00996268e-05
-1.12469762e-05
9.61979483e-06
1.25531797e-05
1.03632071e-05
1.05667222e-05
-8.78127701e-06
-1.24355201e-05
-1.01373464e-05
1.40346992e-05
1.66001556e-05
9.52854577e-06
1.09979645e-05
-7.26617855e-06
-1.12510594e-05
-1.17456593e-05
1.58352455e-05
1.32164347e-05
-1.06555666e-05
-1.00681806e-05
-9.42687787e-06
-1.33866545e-05
-1.27622919e-05
1.06620101e-05
1.35419358e-05
-1.34596697e-05
-1.13229187e-05
-1.25946082e-05
1.44772871e-05
1.38448163e-05
9.96173884e-06
1.03221735e-05
-1.53129059e-05
-1.11308041e-05
-1.13964233e-05
1.34050578e-05
9.43430572e-06
1.18714896e-05
1.05361993e-05
-1.1939811e-05
8.75852419e-06
7.9254033e-06
1.19992719e-05
1.24633539e-05
8.97027389e-06
1.14146157e-05
1.11578311e-05
8.93667207e-06
-1.46201404e-05
8.18243297e-06
8.39891177e-06
1.23008466e-05
1.16266715e-05
-1.44744625e-05
-1.14455593e-05
-1.14597964e-05
9.21484859e-06
1.34113434e-05
1.04470909e-05
1.2075018e-05
-1.0536899e-05
-1.28311164e-05
-1.19783484e-05
1.38895616e-05
1.43008378e-05
1.06158841e-05
9.6472548e-06
-9.26762751e-06
-1.33567184e-05
-1.38176433e-05
1.32882388e-05
1.07523999e-05
-1.31658594e-05
-8.24825776e-06
-8.12271909e-06
-1.17735017e-05
-1.12447328e-05
1.30863628e-05
1.48766883e-05
-1.25893235e-05
-9.61068541e-06
-1.09530693e-05
1.56556534e-05
1.46229678e-05
1.16600581e-05
1.16581385e-05
-1.30843654e-05
-9.52837367e-06
-8.83340887e-06
1.38249367e-05
1.02560823e-05
1.29637701e-05
1.135682e-05
-7.00355629e-06
1.01508162e-05
1.1160718e-05
1.20850438e-05
3.38630097e-05
3.32110268e-05
3.45749717e-05
5.85630822e-05
5.70764406e-05
6.07468286e-05
6.00667569e-05
3.27614883e-05
3.64772942e-05
3.64838996e-05
6.06709663e-05
5.80137408e-05
3.73227212e-05
3.65728949e-05
5.53125294e-05
3.44458178e-05
3.68102904e-05
3.41320439e-05
3.81652209e-05
3.74558407e-05
5.8479707e-05
6.11436901e-05
3.38141292e-05
3.66403688e-05
3.23704322e-05
5.76003259e-05
5.81908067e-05
6.17982655e-05
6.12459918e-05
3.59852722e-05
3.17330971e-05
3.15870444e-05
5.92754289e-05
5.7675779e-05
6.05117118e-05
5.63143584e-05
3.22949139e-05
3.43798556e-05
5.91036124e-05
5.92253696e-05
5.56587806e-05
5.47480575e-05
5.49795739e-05
5.71108408e-05
5.73126069e-05
5.51424607e-05
3.43844348e-05
3.21161935e-05
5.91441162e-05
5.86016627e-05
5.44537202e-05
5.5005392e-05
3.54652928e-05
3.13228959e-05
3.21735496e-05
5.7620187e-05
5.8818524e-05
5.58586724e-05
5.9674604e-05
3.52367175e-05
3.26930084e-05
3.63691063e-05
5.74686231e-05
5.74579766e-05
6.03571787e-05
6.13364585e-05
3.39554138e-05
3.72843244e-05
3.88770997e-05
6.06331699e-05
5.86091687e-05
3.79666447e-05
3.47064107e-05
3.62910735e-05
3.76091091e-05
5.52431788e-05
3.33583902e-05
3.66714177e-05
3.65845155e-05
5.72596223e-05
5.95966134e-05
3.50556189e-05
3.43021872e-05
3.27739226e-05
5.57527133e-05
5.78440975e-05
5.95016783e-05
6.01560808e-05
3.87841499e-05
3.62748992e-05
3.78000927e-05
5.91041009e-05
5.70760569e-05
6.14275804e-05
5.91654057e-05
3.34782168e-05
3.81896244e-05
3.60246749e-05
5.74660774e-05
3.39368446e-05
3.6926646e-05
3.72821021e-05
3.88847541e-05
3.99852305e-05
4.09890134e-05
4.02603156e-05
6.08268464e-05
6.12149784e-05
6.29709121e-05
3.6720627e-05
3.82301661e-05
3.69304283e-05
6.23348565e-05
6.38486409e-05
6.47190211e-05
6.33740479e-05
3.07546772e-05
2.91122728e-05
2.82583381e-05
5.57742156e-05
5.37433263e-05
5.52048455e-05
5.45290557e-05
2.99529784e-05
3.24022556e-05
5.23058749e-05
5.39309904e-05
5.25991166e-05
5.29909085e-05
3.63468218e-05
5.57469676e-05
5.84864476e-05
5.38245282e-05
5.60717438e-05
5.79043376e-05
5.77178338e-05
3.60681971e-05
5.87029301e-05
5.57950136e-05
5.59624641e-05
5.36339717e-05
3.13895419e-05
3.20575795e-05
2.90183869e-05
5.37672629e-05
5.21862377e-05
5.26087881e-05
5.20895283e-05
2.93404375e-05
2.76621899e-05
2.90302967e-05
5.34627537e-05
5.54551949e-05
5.40849489e-05
5.49466366e-05
3.93723675e-05
3.68620943e-05
3.84074713e-05
6.33479307e-05
6.26360743e-05
6.32185434e-05
6.5048363e-05
3.84309817e-05
4.0290195e-05
4.09720179e-05
6.10653297e-05
6.32307225e-05
6.12966971e-05
3.92538745e-05
3.73520619e-05
3.3923869e-05
3.72156823e-05
3.58803818e-05
3.82914553e-05
5.76381591e-05
3.74166513e-05
3.79403977e-05
3.63071153e-05
5.72960425e-05
5.90847525e-05
5.95917699e-05
6.14068198e-05
3.81782526e-05
3.68088782e-05
3.84922762e-05
5.9132674e-05
5.60964101e-05
6.10257194e-05
5.8595428e-05
3.8190332e-05
3.68484407e-05
3.58403012e-05
3.30746981e-05
3.61472701e-05
4.03811931e-05
3.90086809e-05
3.89813482e-05
5.99926975e-05
5.6946417e-05
6.0309496e-05
3.86128133e-05
3.79355437e-05
3.7872956e-05
6.21353437e-05
6.4282454e-05
6.28788795e-05
6.2724325e-05
3.06788472e-05
2.97056369e-05
2.89378985e-05
5.45198758e-05
5.47330651e-05
5.48493682e-05
5.46156101e-05
3.07743122e-05
3.27387514e-05
5.30330511e-05
5.38638561e-05
5.27367458e-05
5.18709287e-05
5.58159659e-05
5.76991675e-05
5.38778024e-05
5.67390943e-05
5.8441948e-05
5.86164852e-05
5.75486401e-05
5.56519132e-05
5.6565906e-05
5.39266641e-05
3.27157546e-05
3.29407367e-05
3.10050289e-05
5.36780172e-05
5.29972573e-05
5.23009785e-05
5.31485743e-05
2.80141448e-05
2.91622043e-05
2.97495425e-05
5.46106959e-05
5.41618133e-05
5.4732506e-05
5.47808376e-05
4.00561909e-05
3.77754348e-05
3.77983614e-05
6.42919482e-05
6.21727982e-05
6.2551294e-05
6.27685877e-05
3.81819933e-05
3.88951606e-05
3.89717238e-05
5.98797102e-05
6.03379554e-05
5.68576415e-05
3.63448358e-05
3.31378222e-05
3.7137274e-05
3.68386472e-05
3.84372548e-05
3.78785383e-05
3.88042235e-05
3.69988835e-05
5.6135086e-05
5.93631326e-05
5.87221355e-05
6.11527458e-05
3.8405918e-05
3.72138184e-05
3.70600163e-05
6.26609027e-05
5.99415995e-05
6.25713671e-05
6.1036763e-05
3.64857047e-05
3.86846623e-05
3.7139871e-05
5.66549017e-05
5.79139548e-05
3.4245263e-05
3.70219797e-05
3.72179325e-05
3.84942522e-05
5.60655768e-05
3.71060313e-05
3.82980809e-05
3.69878595e-05
5.8686736e-05
6.11237855e-05
5.94664483e-05
6.23200734e-05
3.23562153e-05
2.93066477e-05
3.14364422e-05
5.48023041e-05
5.33402159e-05
5.51835964e-05
5.52798062e-05
3.39473828e-05
5.28487096e-05
5.51212246e-05
5.31452094e-05
5.38497079e-05
5.80362128e-05
5.94353717e-05
5.65266353e-05
5.8285327e-05
5.95990167e-05
5.82534071e-05
5.82791137e-05
5.64927328e-05
3.49527749e-05
3.40888866e-05
5.49519319e-05
5.2765451e-05
5.40109937e-05
5.33116098e-05
3.02604023e-05
3.15096496e-05
2.92609583e-05
5.36214088e-05
5.50055602e-05
5.54105353e-05
5.5257746e-05
3.86029912e-05
3.70257648e-05
3.8424822e-05
6.11625996e-05
5.87478878e-05
6.23235896e-05
5.9599115e-05
3.51405829e-05
3.88023315e-05
3.75941921e-05
5.60980339e-05
3.3127453e-05
3.40544753e-05
3.91302143e-05
3.73942122e-05
3.91053713e-05
5.6917515e-05
5.81165316e-05
3.7293774e-05
3.72624089e-05
3.72975126e-05
6.02191749e-05
6.28641343e-05
6.11683971e-05
6.26741559e-05
3.72500876e-05
3.68843253e-05
3.68113352e-05
6.28924952e-05
6.19641703e-05
6.19033566e-05
6.21907989e-05
3.82722047e-05
3.82971009e-05
3.84213678e-05
5.99830162e-05
5.96778328e-05
5.6051012e-05
3.56135361e-05
3.22240268e-05
3.48725398e-05
3.48817854e-05
3.83561464e-05
3.79570599e-05
3.93963176e-05
5.65614234e-05
5.82584221e-05
3.70562635e-05
3.75430241e-05
3.76375997e-05
5.99918442e-05
6.18935218e-05
6.15616102e-05
6.30939052e-05
3.09461164e-05
3.11368211e-05
3.09593607e-05
5.55051061e-05
5.56044765e-05
5.60457493e-05
5.61981763e-05
3.56512095e-05
3.35019552e-05
3.56822942e-05
5.39291819e-05
5.30630896e-05
5.63038719e-05
5.36767997e-05
5.51287441e-05
5.77008042e-05
5.42700537e-05
5.74742452e-05
5.8677138e-05
5.87730622e-05
5.8633537e-05
5.86893834e-05
5.77243204e-05
5.50554184e-05
5.74349446e-05
5.4149155e-05
3.36775049e-05
3.56614829e-05
3.34173462e-05
5.33243303e-05
5.42151777e-05
5.36154143e-05
5.62950834e-05
3.01705145e-05
3.09216325e-05
3.12135192e-05
5.56817875e-05
5.55380756e-05
5.61645419e-05
5.60194084e-05
3.69784343e-05
3.76673735e-05
3.76127123e-05
6.20653403e-05
6.02381153e-05
6.30583995e-05
6.15513725e-05
3.76503088e-05
3.95594993e-05
3.80394718e-05
5.66841232e-05
5.82853343e-05
3.46557029e-05
3.6035923e-05
3.2477896e-05
3.58952201e-05
3.97393235e-05
3.87130067e-05
3.85996734e-05
6.03735502e-05
5.63709575e-05
5.98778643e-05
3.72503805e-05
3.6796584e-05
3.67980808e-05
6.19303085e-05
6.28315876e-05
6.20439042e-05
6.17648928e-05
3.60865745e-05
3.60027953e-05
3.58014753e-05
5.94696772e-05
6.08331712e-05
5.9297265e-05
6.08693505e-05
3.69756779e-05
3.5323468e-05
3.70302949e-05
5.88711623e-05
5.54238639e-05
5.90250478e-05
5.57641026e-05
3.1628398e-05
3.52747279e-05
3.20180892e-05
3.58416243e-05
3.63363823e-05
4.04381598e-05
3.9327152e-05
4.08485666e-05
5.94924321e-05
6.00237489e-05
3.82625925e-05
3.87907056e-05
3.86079992e-05
6.27532036e-05
6.4029477e-05
6.34387481e-05
6.44878863e-05
3.21833e-05
3.40656022e-05
3.20465485e-05
5.66476024e-05
5.66130741e-05
5.68989144e-05
5.66919607e-05
3.47745543e-05
3.27518752e-05
3.43045466e-05
5.63275847e-05
5.30435654e-05
5.61741264e-05
5.26373398e-05
5.33240589e-05
5.68962973e-05
5.28885372e-05
5.6535317e-05
5.94173027e-05
6.03358901e-05
6.00502746e-05
6.12968637e-05
6.03889953e-05
5.9448135e-05
6.12708466e-05
6.00719085e-05
5.68839124e-05
5.30793195e-05
5.64705167e-05
5.2626708e-05
3.30443482e-05
3.41345538e-05
3.27556354e-05
5.28171478e-05
5.6222969e-05
5.24217588e-05
5.61071873e-05
3.3647327e-05
3.21159472e-05
3.40417005e-05
5.65470858e-05
5.6602531e-05
5.66835544e-05
5.68758868e-05
3.83616507e-05
3.86243644e-05
3.88980911e-05
6.38690334e-05
6.26251852e-05
6.43955446e-05
6.34764168e-05
3.89807048e-05
4.12357824e-05
3.98150359e-05
5.95467681e-05
6.04344634e-05
3.63998753e-05
3.49495537e-05
3.18504277e-05
3.49742513e-05
3.56499952e-05
3.68044059e-05
3.52766971e-05
5.54156574e-05
5.88254693e-05
5.55747717e-05
5.90507269e-05
3.62142263e-05
3.57937536e-05
3.59818751e-05
6.07922662e-05
5.94199855e-05
6.09246202e-05
5.92556795e-05
3.57941113e-05
3.62106332e-05
3.60158741e-05
5.92414292e-05
6.09292528e-05
5.9421235e-05
6.07968163e-05
3.70695274e-05
3.55617061e-05
3.7006618e-05
5.91297195e-05
5.57679866e-05
5.87903023e-05
5.54166774e-05
3.19837658e-05
3.50627339e-05
3.16317147e-05
3.6386284e-05
3.58776244e-05
4.09947577e-05
3.91003181e-05
4.05325778e-05
6.02079841e-05
5.96437271e-05
3.86327206e-05
3.84131553e-05
3.83003964e-05
6.35249731e-05
6.45039923e-05
6.28464373e-05
6.40236691e-05
3.20324233e-05
3.37410111e-05
3.21176958e-05
5.69142102e-05
5.66965081e-05
5.66976399e-05
5.66264634e-05
3.43406744e-05
3.30953177e-05
3.48050721e-05
5.61818468e-05
5.26692519e-05
5.63074514e-05
5.30322541e-05
5.29383294e-05
5.64851485e-05
5.3338177e-05
5.68037191e-05
6.01162365e-05
6.14186854e-05
5.93771527e-05
6.01924396e-05
6.12285215e-05
6.00482112e-05
6.03922847e-05
5.94262827e-05
5.64179326e-05
5.25953299e-05
5.67513292e-05
5.32356403e-05
3.28273981e-05
3.47518329e-05
3.31995414e-05
5.24284113e-05
5.61458827e-05
5.29575903e-05
5.63199941e-05
3.40574112e-05
3.22707712e-05
3.37610913e-05
5.67200092e-05
5.69006694e-05
5.66614757e-05
5.66908743e-05
3.88625605e-05
3.82944167e-05
3.83934701e-05
6.43114025e-05
6.3359705e-05
6.39700628e-05
6.2728722e-05
3.98004207e-05
4.05256074e-05
3.90845418e-05
6.03053103e-05
5.9456309e-05
3.60107339e-05
3.51333308e-05
3.16919466e-05
3.50506495e-05
3.52745473e-05
3.69722674e-05
3.55767847e-05
5.56397833e-05
5.90341843e-05
5.54317417e-05
5.87006188e-05
3.60093888e-05
3.60726376e-05
3.62922179e-05
6.09118796e-05
5.92681075e-05
6.07484971e-05
5.94481347e-05
3.67421924e-05
3.74002748e-05
3.73485092e-05
6.21383429e-05
6.22780783e-05
6.33154471e-05
6.23740744e-05
3.81832202e-05
3.93009971e-05
3.81742823e-05
5.94271494e-05
5.60350413e-05
5.98358787e-05
3.21548225e-05
3.62268902e-05
3.49397324e-05
3.47669545e-05
3.93958748e-05
3.71563237e-05
3.83122784e-05
5.82831755e-05
5.66755069e-05
3.77093686e-05
3.69009134e-05
3.71257957e-05
6.17301783e-05
6.32135509e-05
6.0195467e-05
6.20513616e-05
3.10759111e-05
3.02041542e-05
3.11896483e-05
5.6178687e-05
5.62949344e-05
5.56327753e-05
5.57456732e-05
3.56899196e-05
3.35506513e-05
3.5667952e-05
5.63028414e-05
5.36620324e-05
5.40264774e-05
5.31819068e-05
5.4200426e-05
5.74619718e-05
5.50483382e-05
5.77840934e-05
5.88353413e-05
5.8871693e-05
5.88025673e-05
5.87356669e-05
5.74416089e-05
5.43216198e-05
5.77749526e-05
5.50622402e-05
3.35109873e-05
3.56822835e-05
3.3591542e-05
5.3660905e-05
5.63567156e-05
5.31557308e-05
5.41705897e-05
3.15288906e-05
3.12422654e-05
3.04418464e-05
5.63285891e-05
5.61895964e-05
5.57896019e-05
5.56802638e-05
3.76877811e-05
3.71188554e-05
3.69408387e-05
6.32774191e-05
6.17772103e-05
6.19780429e-05
6.01224877e-05
3.82077909e-05
3.85728755e-05
3.77172911e-05
5.83576524e-05
5.67270175e-05
3.48153571e-05
3.58108938e-05
3.61819724e-05
3.82566673e-05
3.81543687e-05
3.91530048e-05
5.62314965e-05
5.94431949e-05
5.9781619e-05
3.69629905e-05
3.72676233e-05
3.73607618e-05
6.21928214e-05
6.20459963e-05
6.21259722e-05
6.30889347e-05
3.72746049e-05
3.73178804e-05
3.8784965e-05
6.28030043e-05
6.12951633e-05
6.29987455e-05
6.0263855e-05
3.73941192e-05
3.90508228e-05
3.63532766e-05
5.8022919e-05
5.70492686e-05
3.30986788e-05
3.8560232e-05
3.49331347e-05
3.70879624e-05
5.62305404e-05
3.69750927e-05
3.84795267e-05
3.6984764e-05
5.95133296e-05
6.2220006e-05
5.861024e-05
6.09439726e-05
3.15939922e-05
3.00449364e-05
3.23946237e-05
5.51790287e-05
5.5336888e-05
5.4757588e-05
5.32427358e-05
3.47892823e-05
5.31280948e-05
5.39064568e-05
5.25943482e-05
5.50030113e-05
5.64739302e-05
5.81638909e-05
5.81000381e-05
5.94704504e-05
5.8321589e-05
5.64325773e-05
5.95646039e-05
5.79962195e-05
3.4044246e-05
3.49402313e-05
5.38248011e-05
5.32325886e-05
5.4937234e-05
5.27855711e-05
2.93328717e-05
3.24482421e-05
3.02462173e-05
5.5367592e-05
5.52580245e-05
5.33751577e-05
5.48331182e-05
3.8359211e-05
3.70121652e-05
3.85129381e-05
6.21910684e-05
5.95133864e-05
6.09661707e-05
5.87335817e-05
3.73817519e-05
3.71624196e-05
3.49295943e-05
5.60938086e-05
3.41354009e-05
3.32647967e-05
3.86561942e-05
3.65675199e-05
3.89912334e-05
5.7763861e-05
5.67291983e-05
3.72186444e-05
3.85182725e-05
3.71443156e-05
6.10048205e-05
6.25721167e-05
6.00161893e-05
6.27539003e-05
3.85863917e-05
3.76667795e-05
3.79734996e-05
6.10739899e-05
5.86927678e-05
5.90520537e-05
5.59945625e-05
3.64213802e-05
3.6800461e-05
3.6303132e-05
3.60525173e-05
3.86249598e-05
3.81473546e-05
4.01547646e-05
5.65693601e-05
6.00093015e-05
5.97283842e-05
3.78462833e-05
4.00434828e-05
3.86021381e-05
6.27848515e-05
6.27181415e-05
6.20969713e-05
6.4244753e-05
2.88916921e-05
2.81379165e-05
3.04511008e-05
5.46841391e-05
5.45069353e-05
5.42438149e-05
5.45380043e-05
3.26772524e-05
3.25564508e-05
5.26369606e-05
5.17379077e-05
5.27242428e-05
5.35597335e-05
5.38478662e-05
5.65558039e-05
5.61405015e-05
5.77685906e-05
5.83061443e-05
5.82734987e-05
5.64839375e-05
5.41055306e-05
5.76358277e-05
5.60319337e-05
3.06465652e-05
3.2651879e-05
5.19331359e-05
5.26068744e-05
5.37656776e-05
5.27752899e-05
2.97170808e-05
3.05847575e-05
2.86184429e-05
5.45989434e-05
5.4846423e-05
5.46357824e-05
5.45193465e-05
3.78928953e-05
3.84152723e-05
4.00888182e-05
6.29052862e-05
6.30540817e-05
6.41383823e-05
6.22354805e-05
3.90119044e-05
4.03483294e-05
3.85481338e-05
6.03449383e-05
5.69590578e-05
5.99862725e-05
3.30537839e-05
3.61175017e-05
3.80746943e-05
3.69163885e-05
3.67959367e-05
3.82583864e-05
3.76902207e-05
5.88312081e-05
6.10676241e-05
5.62084412e-05
5.90970965e-05
3.77235623e-05
3.72210195e-05
3.88384921e-05
6.13825382e-05
5.91603811e-05
5.91669484e-05
5.69098939e-05
3.58697594e-05
3.73361962e-05
3.34880838e-05
5.73994859e-05
3.92855798e-05
3.7015858e-05
4.05759571e-05
3.88318096e-05
4.04062474e-05
6.15274293e-05
6.34192671e-05
6.11005344e-05
3.70606407e-05
3.91218741e-05
3.68175544e-05
6.50397225e-05
6.35244019e-05
6.26516223e-05
6.38226634e-05
2.77488872e-05
2.92497115e-05
3.02411529e-05
5.49410361e-05
5.41983822e-05
5.54807991e-05
5.34401138e-05
3.24104157e-05
3.16564885e-05
5.24469416e-05
5.2870453e-05
5.2299842e-05
5.37951387e-05
5.36761762e-05
5.60263871e-05
5.56386325e-05
5.864505e-05
5.8054653e-05
5.81333901e-05
3.61998683e-05
5.63184742e-05
5.37257521e-05
5.86271308e-05
5.55957804e-05
3.0232646e-05
3.20849981e-05
5.29801761e-05
5.27401039e-05
5.38536118e-05
5.26029854e-05
2.90401787e-05
3.10110833e-05
2.93166281e-05
5.46477021e-05
5.51790014e-05
5.39744267e-05
5.57079098e-05
3.79642043e-05
3.65418948e-05
3.86329963e-05
6.31014147e-05
6.44200104e-05
6.36007154e-05
6.18872704e-05
4.09336631e-05
3.97089973e-05
3.84997717e-05
6.25692191e-05
6.09646518e-05
6.0621709e-05
3.7378355e-05
3.71885146e-05
3.37621576e-05
3.79921816e-05
3.37075644e-05
3.68238693e-05
5.76133054e-05
3.60823936e-05
3.7953074e-05
3.71129417e-05
5.93212908e-05
6.13475529e-05
5.71143226e-05
5.90359586e-05
3.47582306e-05
3.56105178e-05
3.41334233e-05
6.06535237e-05
6.0386552e-05
5.85738111e-05
5.7490727e-05
3.60476613e-05
3.26309169e-05
3.25211224e-05
6.03619517e-05
5.74724008e-05
3.67276387e-05
5.5438453e-05
3.68834769e-05
3.75639613e-05
3.3751117e-05
3.43465257e-05
5.8588301e-05
6.11206753e-05
3.25765852e-05
3.56952727e-05
3.41013409e-05
6.1405678e-05
6.0199445e-05
5.73903011e-05
5.73362824e-05
3.15565618e-05
3.5391022e-05
3.59445076e-05
5.95568203e-05
5.59541417e-05
5.8592262e-05
5.74510161e-05
3.45806369e-05
5.52837655e-05
5.43252237e-05
5.87573158e-05
5.89688464e-05
5.47423831e-05
5.70222757e-05
5.72140569e-05
5.53532893e-05
3.23718162e-05
5.46581774e-05
5.55299361e-05
5.88059536e-05
5.89212217e-05
3.20903046e-05
3.59302257e-05
3.54604566e-05
5.63078107e-05
5.99159174e-05
5.79024625e-05
5.90295832e-05
3.66552941e-05
3.43172142e-05
3.54419626e-05
6.06927182e-05
6.17915093e-05
5.76982666e-05
5.74299996e-05
3.80146161e-05
3.39766485e-05
3.35484005e-05
6.10322743e-05
5.81841262e-05
3.47306833e-05
3.74650071e-05
5.50736529e-05
3.63541904e-05
3.28964227e-05
3.32295966e-05
5.68989901e-05
5.94844104e-05
3.29117099e-05
3.40892493e-05
3.52294639e-05
5.95459023e-05
6.00738263e-05
5.5797772e-05
5.77551267e-05
8.4156577e-05
8.16729252e-05
0.000103188359
7.9049873e-05
8.18975549e-05
8.42394901e-05
8.06023099e-05
8.53106947e-05
8.39536327e-05
0.000104997366
0.000107182202
8.07437205e-05
8.33831858e-05
7.94371013e-05
0.000104015973
0.000104298516
0.000108307172
0.000107641718
8.15859018e-05
7.84558111e-05
7.74955358e-05
0.000105056524
0.000103544212
0.000106568455
0.000102482253
7.84324849e-05
8.07492674e-05
0.000105150287
0.000107097434
0.000101827156
0.000102664144
8.30573039e-05
0.0001078131
0.000102667416
0.000102796773
0.000104792508
0.000106753733
0.000106824438
0.000104481547
8.2964393e-05
0.000106367376
0.000102269391
0.00010185983
8.05120668e-05
7.80810328e-05
0.000105405227
0.000103778739
0.000101714598
0.000100889977
8.13660934e-05
7.7292259e-05
7.82877661e-05
0.000102920839
0.000104418816
0.000101944412
0.000105859538
8.23558384e-05
7.90940429e-05
8.31923848e-05
0.000103309684
0.000103640764
0.000106876116
0.000107988959
8.03052389e-05
8.38594074e-05
8.44038116e-05
0.000106978616
0.000104789921
8.31698178e-05
8.16459945e-05
7.83015017e-05
7.86913645e-05
8.11864881e-05
8.3803455e-05
0.000103148796
8.51797134e-05
8.53064868e-05
8.55270106e-05
0.000108630881
0.000105406246
0.000111330113
0.000107623932
8.15925407e-05
8.56531124e-05
8.35331748e-05
0.000105557813
8.14375048e-05
8.44392525e-05
8.51767621e-05
8.56295094e-05
0.000101876738
8.48498509e-05
8.42508635e-05
8.28320446e-05
0.000102154362
0.000105537605
0.00010505237
0.00010736672
7.93205165e-05
7.67491633e-05
7.7339647e-05
0.000101500227
9.97470442e-05
0.000102382645
9.97529521e-05
7.89807513e-05
8.14385655e-05
0.000100982844
0.000102034553
9.94759526e-05
9.93773901e-05
0.000103242787
0.000104725258
0.000100691383
0.000101867413
0.000102882292
0.000104866604
0.000106585171
0.00010751924
0.000107441006
0.000106542288
0.000105046467
0.000103204485
0.000104902408
0.000103514192
0.000102234668
0.000100784794
8.1215326e-05
7.92946807e-05
0.000102467054
0.000101435116
9.95795048e-05
0.000100222273
7.92634758e-05
7.79068495e-05
7.6814409e-05
9.99437594e-05
0.000101344852
0.000100310047
0.000102472093
8.42791574e-05
8.26332427e-05
8.40787726e-05
0.000105421145
0.000102073664
0.000107415711
0.000105049657
8.54902207e-05
8.5141015e-05
0.000101797184
8.14909904e-05
8.30354793e-05
8.35271286e-05
8.59115675e-05
0.000105872727
8.56434039e-05
8.58019519e-05
8.52971916e-05
0.000105727766
0.000108509762
0.000107986174
0.000111342241
8.56780949e-05
8.46094954e-05
8.63827407e-05
0.000107097995
0.000104221473
0.000109014474
0.000107100522
7.99173368e-05
8.49966438e-05
8.27056288e-05
8.38366114e-05
8.10791433e-05
8.41720659e-05
8.57405967e-05
8.6545253e-05
8.55757939e-05
0.000105712646
0.00010500501
0.000107216423
8.29043518e-05
8.35062664e-05
8.3013645e-05
0.0001073347
0.000108124731
0.000108857496
0.00010813338
7.9483646e-05
7.67470185e-05
7.77776019e-05
0.000102076986
0.000100354916
0.00010231885
0.000102146832
7.92713027e-05
8.1154237e-05
9.88390995e-05
9.97522699e-05
0.00010022493
0.000100110113
8.26313546e-05
0.000101021678
0.000102562771
9.98107124e-05
0.000100752439
0.000104151685
0.000104898801
0.000100951399
0.00010137649
0.000104839301
0.000104121113
0.00010140951
0.000101009041
8.24343962e-05
0.000102674654
0.000101046762
0.000100678698
9.96143953e-05
8.00922698e-05
8.11965504e-05
7.94166393e-05
0.000100063272
9.87949963e-05
9.99538318e-05
0.000100095109
7.80436262e-05
7.8140237e-05
7.69632853e-05
0.000100289986
0.00010223497
0.000102207243
0.000102444063
8.33812191e-05
8.3109342e-05
8.34970044e-05
0.000108416828
0.000107262506
0.000108374435
0.000108843174
8.55236484e-05
8.54089516e-05
8.63318703e-05
0.000105622582
0.000107219423
0.000104990059
8.39478424e-05
8.0994127e-05
8.32988225e-05
8.29833774e-05
8.49980305e-05
8.55620816e-05
8.62773778e-05
8.45201899e-05
0.000104512896
0.000107362038
0.000107088722
0.000108921549
8.64524462e-05
8.47939486e-05
8.4460899e-05
0.000110742744
0.000108447155
0.000109970237
0.000108585437
8.41262379e-05
8.59992668e-05
8.4698068e-05
0.000104961189
0.000106179041
8.22325047e-05
8.02680912e-05
8.49616845e-05
8.36743645e-05
8.61716779e-05
0.000104272472
8.36561122e-05
8.57884408e-05
8.36126175e-05
0.000106453592
0.000107816636
0.000107027183
0.000108007884
7.6720131e-05
7.93969943e-05
7.68834561e-05
0.00010250355
0.000102319946
0.000102606873
0.000102221413
8.06970238e-05
7.66792474e-05
7.84607046e-05
0.000102414362
0.000102901279
0.000102206099
0.000102845901
8.33888746e-05
8.12706624e-05
8.34557224e-05
0.000101649278
0.000101332241
0.000103707422
0.000104383369
8.41260652e-05
8.36846129e-05
0.000100272273
0.000100038724
0.000102564192
0.000101331334
8.35009148e-05
8.35796463e-05
8.40533112e-05
0.000100003191
0.000100191176
0.000101263272
0.000102387192
8.24367524e-05
8.34622134e-05
8.12825438e-05
0.000101154478
0.00010146097
0.000104326278
0.000103686916
7.79348372e-05
7.84911842e-05
7.67473094e-05
0.000102822881
0.000102361856
0.000102856959
0.000102253406
7.81629211e-05
7.68997141e-05
7.94663688e-05
0.000102403678
0.000102648252
0.000102278224
0.000102684123
8.61900727e-05
8.37161916e-05
8.58984431e-05
0.000107923201
0.000106466111
0.000108111344
0.000107169274
8.28838901e-05
8.63521623e-05
8.37205146e-05
0.000104413399
8.02291272e-05
8.10853459e-05
8.22692026e-05
8.66504075e-05
8.44475487e-05
8.57066501e-05
0.000105094037
0.000106032437
8.48021461e-05
8.43014965e-05
8.46941649e-05
0.000107902205
0.000110543937
0.00010864696
0.000110054123
8.40119007e-05
8.40215415e-05
8.35857759e-05
0.000109197286
0.000109104269
0.000107070307
0.000108278005
8.53902636e-05
8.30389282e-05
8.43078013e-05
0.000106293775
0.000102656825
0.000106218696
0.000102489153
8.29926353e-05
8.00565196e-05
8.06164439e-05
8.22116669e-05
8.57484267e-05
8.53375591e-05
8.65436624e-05
0.000104725039
0.000106364943
8.37032276e-05
8.3943598e-05
8.37030509e-05
0.000107743028
0.000109102822
0.00010833301
0.00010927795
7.69393211e-05
7.69700144e-05
7.66699949e-05
0.000102140551
0.000102493138
0.000102340419
0.000102337321
8.18550175e-05
7.79743738e-05
8.0270832e-05
0.000103368882
0.000104440248
0.000102963246
0.000103912269
8.44590206e-05
8.21572208e-05
8.32115786e-05
0.000105153499
0.000105401253
0.000104919012
0.000105516048
8.35085913e-05
8.32021276e-05
8.21642338e-05
0.000105345609
0.000105076013
0.000105504581
0.000104901899
7.94587113e-05
8.02499388e-05
7.78751766e-05
0.000104408797
0.000103355101
0.000103878901
0.000102898437
7.60114239e-05
7.67057833e-05
7.70325709e-05
0.000102525781
0.000102226142
0.000102360946
0.000102416207
8.40660754e-05
8.39433868e-05
8.41627535e-05
0.000109287848
0.00010797928
0.000109508356
0.000108643305
8.40996167e-05
8.66268513e-05
8.5329758e-05
0.000104769955
0.000106322989
8.22007861e-05
8.36444769e-05
7.99342097e-05
8.29830443e-05
8.48174401e-05
8.43173475e-05
8.29071562e-05
0.000102483852
0.000105921385
0.000102544775
0.000106097183
8.43866333e-05
8.34927046e-05
8.39663659e-05
0.000109311979
0.000109440933
0.000108239322
0.000107084221
8.4739754e-05
8.32581566e-05
8.51085077e-05
0.000106937876
0.000103434728
0.000107454635
0.000104125695
7.93606803e-05
8.338112e-05
7.97229666e-05
8.36589541e-05
8.41563623e-05
8.66841465e-05
8.58235663e-05
8.55178876e-05
0.000107064304
0.000102725705
0.000105664746
8.31676712e-05
8.30386073e-05
8.26558498e-05
0.000108008927
0.000107707819
0.000106612047
0.000105178149
7.66762389e-05
8.06353622e-05
7.78694417e-05
0.000102804475
0.00010256002
0.000103271629
0.000102867282
7.91782659e-05
7.72256043e-05
7.86348189e-05
0.000102726088
0.000103360404
0.000102634364
0.000103045904
8.2067433e-05
8.03616352e-05
8.13931565e-05
0.000104329647
0.000104987171
0.000103937513
0.000104580312
8.09945626e-05
8.13968313e-05
8.03240262e-05
0.00010498302
0.00010431762
0.000104577924
0.000103919484
7.71872843e-05
7.87458932e-05
7.70671553e-05
0.000103342007
0.000102665547
0.000103049309
0.000102554513
7.82398919e-05
7.77978431e-05
8.06463852e-05
0.000102580528
0.000102869376
0.000102830854
0.000103279474
8.38232745e-05
8.28551506e-05
8.31672274e-05
0.000108100223
0.000108379161
0.000105323555
0.000106563718
8.59025734e-05
8.5397253e-05
8.57166647e-05
0.00010708974
0.000105598286
0.000102659009
8.40086429e-05
8.2925523e-05
7.98061639e-05
8.32186952e-05
8.29350583e-05
8.49760212e-05
8.3068364e-05
0.000103450247
0.000106786257
0.000103992916
0.000107074703
8.49234852e-05
8.29687776e-05
8.45942699e-05
0.000107466212
0.000103981467
0.000106874669
0.000103327322
7.9771869e-05
8.28496791e-05
7.9334767e-05
8.412247e-05
8.36338881e-05
8.50314719e-05
8.53762284e-05
8.60111558e-05
0.00010238537
0.000105299947
0.000106652126
8.26771286e-05
8.35323445e-05
8.32802334e-05
0.000106622051
0.00010525563
0.000108366615
0.000108101131
7.79114037e-05
7.81141335e-05
7.65917098e-05
0.000103297247
0.000102891794
0.000102851796
0.000102592928
7.87018751e-05
7.72449588e-05
7.92410506e-05
0.000102665713
0.00010306623
0.000102735237
0.000103374016
8.13935807e-05
8.09976372e-05
8.20578073e-05
0.00010393833
0.000104577815
0.000104321626
0.000104972241
8.03274046e-05
8.20626369e-05
8.09915404e-05
0.000104575696
0.000103919478
0.000104972942
0.000104313785
7.71625819e-05
7.92419652e-05
7.72436973e-05
0.000103048261
0.000102566536
0.000103360192
0.0001026924
8.06384204e-05
7.66862279e-05
7.82825507e-05
0.000102825352
0.000103271193
0.000102569703
0.000102861602
8.31394092e-05
8.3461139e-05
8.37664738e-05
0.000105351054
0.000106583029
0.000108231936
0.000108463027
8.55619854e-05
8.64239462e-05
8.57247921e-05
0.000105501657
0.000102591491
0.00010700262
8.35728363e-05
8.32186992e-05
7.9330529e-05
8.28703915e-05
8.31251639e-05
8.45934348e-05
8.29563066e-05
0.000103947098
0.000107256953
0.000103421144
0.000106863362
8.34433788e-05
8.41677224e-05
8.3806574e-05
0.000106950538
0.000108140193
0.000108893371
0.000108877596
8.43873763e-05
8.51436307e-05
8.53005066e-05
0.000106110039
0.000102512362
0.000106215162
0.000102665216
8.02338708e-05
8.39843343e-05
8.23642911e-05
8.08516823e-05
8.61308782e-05
8.39324391e-05
8.55594106e-05
0.000106111773
0.000104571151
8.37428717e-05
8.38001025e-05
8.36947131e-05
0.000108488306
0.000109393443
0.000107704967
0.00010911749
7.66004647e-05
7.60097974e-05
7.70919747e-05
0.000102403943
0.000102355423
0.000102180836
0.000102515355
8.02437589e-05
7.9405599e-05
8.17991074e-05
0.000102907267
0.00010388151
0.000103331639
0.000104373933
8.32008563e-05
8.34921593e-05
8.43970341e-05
0.000104879063
0.000105477135
0.000105024481
0.000105290692
8.21435915e-05
8.44227668e-05
8.35193653e-05
0.000105482681
0.000104884948
0.000105313057
0.000105049409
7.78590655e-05
8.18271711e-05
7.94216886e-05
0.000103895862
0.000102923959
0.000104387448
0.000103337966
7.71173462e-05
7.70091368e-05
7.59156154e-05
0.000102359408
0.000102410785
0.000102510345
0.000102178971
8.40925613e-05
8.38301163e-05
8.39769998e-05
0.000109586382
0.000108654129
0.000109192983
0.000107818902
8.53096826e-05
8.56807524e-05
8.38881974e-05
0.000106201622
0.000104588478
8.06876606e-05
8.31627086e-05
8.38079516e-05
8.29324946e-05
8.5309734e-05
8.52547861e-05
0.000102488542
0.000106007969
0.000102710682
0.000106312794
8.38955035e-05
8.39110813e-05
8.42704881e-05
0.000108095766
0.000106986889
0.000109024496
0.000109097575
8.42117992e-05
8.48043704e-05
8.59789542e-05
0.00010983275
0.00010839941
0.000110769126
0.000107966653
8.45548274e-05
8.62573711e-05
8.40560322e-05
0.000106068124
0.000104630534
8.12592112e-05
8.02281639e-05
8.59237471e-05
8.27757959e-05
8.4895994e-05
0.000104058247
8.36147508e-05
8.60857179e-05
8.37545187e-05
0.0001068532
0.000108058462
0.000106677267
0.000108033549
7.68974671e-05
7.79200335e-05
7.68562311e-05
0.000102584695
0.000102218087
0.000102470521
0.000102312616
7.86190018e-05
7.80203696e-05
8.06807439e-05
0.000102223313
0.00010284915
0.000102326067
0.00010279633
8.33340154e-05
8.24081022e-05
8.34474095e-05
0.000103638409
0.000104272143
0.000101546659
0.000101264359
8.36394609e-05
8.34942314e-05
0.000102212788
0.000101298227
0.000100102528
9.99954861e-05
8.38155163e-05
8.3317954e-05
0.000101223051
0.000102124675
9.98555128e-05
9.98407479e-05
8.11794335e-05
8.33695817e-05
8.23343984e-05
0.00010423883
0.000103616172
0.000100963576
0.000101360195
7.66561115e-05
8.06257379e-05
7.80153674e-05
0.000102812601
0.000102217617
0.000102841021
0.000102413104
7.93798628e-05
7.67464224e-05
7.78127666e-05
0.000102237687
0.000102587909
0.00010231364
0.000102455793
8.5992666e-05
8.37748969e-05
8.64175256e-05
0.000108129514
0.000107242517
0.000107961281
0.000106663731
8.35166003e-05
8.54385398e-05
8.28117197e-05
0.000104458419
8.2172851e-05
8.09886328e-05
8.61582852e-05
8.43446066e-05
8.6815763e-05
0.000106403224
0.000105233958
8.46361357e-05
8.63959575e-05
8.4697657e-05
0.000108695228
0.00010992834
0.000108242619
0.000110245544
8.59876935e-05
8.55764905e-05
8.58554975e-05
0.000109181194
0.0001069479
0.000107507702
0.000104531283
8.28105126e-05
8.31131045e-05
7.99502173e-05
8.44432507e-05
8.38497925e-05
8.57434045e-05
8.56288685e-05
8.58935562e-05
0.000105549226
0.000107401862
0.000105612093
8.32003606e-05
8.34789314e-05
8.293842e-05
0.000109180337
0.000108545069
0.00010739595
0.000108244909
7.78900097e-05
7.77273782e-05
7.93656303e-05
0.000102204996
0.00010205366
0.000101926202
0.000100165379
8.10040991e-05
8.00114979e-05
9.99088489e-05
9.97562883e-05
9.85079829e-05
9.94061264e-05
9.96749483e-05
0.000100643148
0.000101003018
0.000102621081
0.000101033189
0.000101313272
0.000104126327
0.000104884047
0.000101333514
0.000100883015
0.000104953118
0.00010412686
8.24526386e-05
0.000100364837
9.94354694e-05
0.000102535921
0.000100892969
7.95013593e-05
8.0186346e-05
0.000100122552
0.000100286273
9.99331586e-05
9.86920097e-05
7.65006755e-05
7.9247194e-05
7.77049416e-05
0.0001020741
0.000102173475
0.000100095986
0.00010191263
8.36378595e-05
8.30754478e-05
8.35317377e-05
0.000108441141
0.000108988829
0.000108500989
0.000107511697
8.65467225e-05
8.56277885e-05
8.53961942e-05
0.000107267667
0.000105152333
0.000105641725
8.1086143e-05
8.4089654e-05
8.51805882e-05
7.99473089e-05
8.30312117e-05
8.44643263e-05
8.57996098e-05
8.54695971e-05
0.000107130842
0.000108720743
0.000104483505
0.000107373307
8.5555941e-05
8.56340746e-05
8.52734693e-05
0.0001109035
0.000107787811
0.000108198538
0.000105498339
8.36976269e-05
8.30580338e-05
8.13374486e-05
0.00010575727
8.55678485e-05
8.41467458e-05
0.000101700837
8.2670568e-05
8.41267347e-05
8.44630661e-05
0.000104918879
0.000107395137
0.000101930603
0.00010552358
7.75460704e-05
7.92082946e-05
7.92902039e-05
0.000102444234
9.97850163e-05
0.00010149984
9.97272848e-05
8.14022181e-05
9.9479566e-05
9.95884852e-05
0.000100912692
0.000102450069
0.000100786698
0.000101665935
0.00010340357
0.000104525046
0.000102912622
0.000105064469
0.000106583148
0.000107493771
0.000107548577
0.000106634399
0.000104970289
0.000102779181
0.000101608539
0.000100394824
0.000104555132
0.000103218082
7.90609155e-05
9.93394436e-05
9.95505781e-05
0.000102163641
0.000100959256
7.69751484e-05
7.9352424e-05
7.92047121e-05
9.98336103e-05
0.000102380102
9.95409705e-05
0.000101147408
8.42711804e-05
8.45625476e-05
8.4794033e-05
0.000107378545
0.000105065372
0.00010543792
0.00010220618
8.47484601e-05
8.44522993e-05
0.000101832008
8.14309205e-05
8.5502982e-05
8.12797723e-05
8.27316884e-05
0.000105566203
8.50262654e-05
8.47667582e-05
8.53680816e-05
0.000107709893
0.000111105575
0.000105378162
0.000108107368
8.18643084e-05
7.8915888e-05
0.000102986906
8.32578892e-05
8.36310644e-05
8.02749474e-05
8.04145185e-05
0.000105005543
0.000106850863
7.89865053e-05
8.18182357e-05
8.05856541e-05
0.000108085031
0.000107317373
0.000104012804
0.000104122391
7.71527267e-05
8.15625102e-05
8.18199509e-05
0.000106380503
0.00010229498
0.000105166466
0.000103606435
8.06820157e-05
0.000101615832
0.000102571514
0.000105010399
0.000107082335
0.000102608602
0.00010289485
0.000107782251
0.000104917007
0.000107073885
0.000106659456
0.000104366894
8.27944539e-05
0.000102000497
0.000101741349
0.000106350074
7.82007387e-05
0.000101828044
0.000101375633
0.000105639123
0.000104252588
7.8225519e-05
8.16386217e-05
8.13975566e-05
0.000102154461
0.000106220593
0.000103089185
0.000104739621
8.30494995e-05
8.05910681e-05
8.20464436e-05
0.000107154446
0.00010782138
0.000103397073
0.000103191377
8.45945423e-05
8.0720319e-05
8.06226446e-05
0.000106773521
0.000105036266
8.19910798e-05
7.86650266e-05
8.37629171e-05
7.86566008e-05
0.000103037583
0.000128557817
0.000130763793
0.000126891278
0.000131100117
0.000130410308
0.000150691083
0.000153173891
0.000128680105
0.000130107253
0.000128315037
0.000148946732
0.000149534469
0.000153880859
0.000153573836
0.000129743255
0.000126641528
0.000126083405
0.000150602076
0.00015219078
0.000153892067
0.000153444698
0.00013146496
0.000126559966
0.000125935401
0.000152794393
0.000152226551
0.000152116462
0.000150295567
0.000125710413
0.000126499922
0.000152407134
0.000152700232
0.000149111429
0.000148726584
0.000128084359
0.000130095442
0.000153967128
0.000154954242
0.000149478723
0.000150470945
0.000131428202
0.000132161395
0.000155340372
0.000155567772
0.000151191731
0.000151578685
0.000132084217
0.000131370903
0.000155445
0.000155115889
0.000151480784
0.000151032856
0.00013013037
0.000128158323
0.000154894402
0.000153771847
0.000150377219
0.000149363214
0.00012615868
0.000124792682
0.000152110938
0.000151062586
0.00014838257
0.000147961422
0.00012972657
0.000124983394
0.000125617996
0.000150615183
0.000150634072
0.000148900159
0.000150879498
0.000127519929
0.000125164664
0.000125691334
0.000150449014
0.000150182799
0.00015234194
0.000153178949
0.000126199225
0.000127055919
0.000128507355
0.000148302903
0.000146912839
0.000152668595
0.000152405462
0.000125626467
0.000129342179
0.000130386247
0.000152178042
0.000150710363
0.000130328452
0.000128417699
0.000130154511
0.00012545781
0.000129665541
0.000128299076
0.000131535391
0.000149104759
0.000133591501
0.000132961178
0.000133423112
0.000154125817
0.000153466264
0.000156255959
0.000129895311
0.000131217515
0.000130215666
0.000154620796
0.000155765898
0.000157353029
0.000155754445
0.000125569658
0.000123262333
0.000123971643
0.000150062894
0.000150681498
0.000149637682
0.00015010441
0.000127508168
0.000125098717
0.000125762714
0.000151410885
0.000151834427
0.000150766564
0.000151155585
0.00012670434
0.000125691212
0.000125048742
0.000151763232
0.000151314065
0.000151122266
0.000150738025
0.000124875646
0.000124135662
0.000123718538
0.000150683309
0.000150096918
0.000150166165
0.000149791813
0.000131580857
0.000129876446
0.000130925049
0.000155047186
0.000154545686
0.000155565068
0.000157350784
0.000131451089
0.000132863803
0.00013241439
0.000153830202
0.000155834493
0.000153118587
0.000125531211
0.000131452727
0.000128438557
0.000149153349
0.000125759366
0.000130052017
0.000128335821
0.000133205031
0.00013055646
0.00014950268
0.000129021208
0.00012826917
0.000130290912
0.000132158085
0.000132327803
0.00013214344
0.000152519186
0.000151777971
0.000154465312
0.000131230233
0.000130698923
0.000130651311
0.000154863087
0.000157259953
0.00015632757
0.000155693782
0.000130836498
0.000130836585
0.000131004293
0.000157257325
0.000155046021
0.000156064183
0.000156886831
0.00013081838
0.000132467242
0.000132638054
0.000152662411
0.000154652062
0.000151806551
0.000130387863
0.000128507168
0.000131898541
0.000130630758
0.000133367352
0.000149538644
0.000131483072
0.00013459151
0.000132290241
0.000151336449
0.000154335949
0.000130328059
0.000125138308
0.000126377403
0.000130981844
0.000129607735
0.000131353303
0.000148620187
0.000149922151
0.00013045634
0.000129949047
0.000130439105
0.000152244369
0.00015526271
0.000153511551
0.000156384033
0.000131432314
0.000130477659
0.000130003316
0.000155344248
0.000152294162
0.00015642033
0.000153615645
0.000128549107
0.000131276956
0.000129459758
0.000148811169
0.000149930836
0.000126442058
0.000128789839
0.000130332207
0.000133597657
0.000132585595
0.000134858787
0.000151431429
0.000154639337
0.000133248487
0.000133862551
0.000132979782
0.000155343445
0.000150800864
0.000156617631
0.00015117835
0.000126628045
0.000130224244
0.000126750488
0.000128390296
0.000129852351
0.000132539472
0.00013170666
0.000132635594
0.000151929697
0.000153498403
0.000130543209
0.000130544925
0.000130579693
0.000154660887
0.000156049258
0.000155430988
0.00015641088
0.00013040468
0.00013052609
0.000130608131
0.000155928843
0.000154490922
0.000156251178
0.000155327798
0.00013110786
0.000132984122
0.000132041178
0.000151869782
0.000153685906
0.000129964042
0.000130561478
0.00012665075
0.000130313462
0.000135085529
0.000133082019
0.00013404594
0.000150935535
0.00015566682
0.000151200587
0.000156909452
0.000133838593
0.000135142596
0.000134347044
0.000158215401
0.000152364937
0.000158865141
0.000152991661
0.000127642678
0.000131679998
0.000128233118
0.000128784405
0.000124315628
0.000127729293
0.00013129838
0.000129677401
0.000128368579
0.000149148699
0.000152240125
0.000147962918
0.000151020156
0.000129920929
0.000128863382
0.000129214785
0.000154795491
0.000154935571
0.000153037826
0.000152110781
0.000129877204
0.000129248004
0.000128997224
0.000154922045
0.000154984807
0.000152136293
0.000153250914
0.000131764416
0.000128598508
0.000129904237
0.000152632702
0.000149215725
0.000151317841
0.000148029702
0.000125259893
0.000127829184
0.00012417349
0.000131033665
0.000127982848
0.000131459927
0.000134650469
0.000134168411
0.000135059369
0.000152222099
0.000158106035
0.000152739491
0.000158782517
0.000134273042
0.000134648112
0.000133747889
0.000158804908
0.000152882361
0.000158151043
0.000152242852
0.000128285399
0.00013100803
0.000127601492
0.000127830439
0.000125563005
0.000128996104
0.00012845972
0.000131588629
0.000131543914
0.000147846357
0.000151191449
0.000149022602
0.000152574577
0.00012928072
0.000129946465
0.000130070323
0.000153249544
0.000152222219
0.000155248813
0.000155220817
0.00012897133
0.000129938301
0.00012983517
0.000152136745
0.000153211303
0.000154979083
0.000154998699
0.000129869382
0.000131465126
0.000131692039
0.000151270314
0.000147965587
0.000152512488
0.000149093498
0.000124259719
0.000129239291
0.000125482086
0.000131414355
0.00012760451
0.000130957594
0.000135075614
0.000133687563
0.000134647956
0.000152767997
0.00015886002
0.000152199143
0.000158140837
0.000133030942
0.000134789074
0.000133460333
0.000156915082
0.000151226808
0.000155111351
0.000150981018
0.000126637379
0.000130206313
0.000126564556
0.000129855888
0.000128269447
0.00013301931
0.000131418582
0.000132770958
0.000153600642
0.000152073221
0.000130711646
0.000130633934
0.000130727246
0.000155593306
0.00015653902
0.000155001159
0.000156348687
0.000130547862
0.000130549568
0.000130481461
0.000156125779
0.000155176595
0.000156006663
0.000154632659
0.000132026744
0.000132790728
0.000131452018
0.000153486717
0.000152095345
0.00012834191
0.000130272665
0.000126724088
0.000130344141
0.000134006672
0.000133427731
0.000134909059
0.000151172527
0.000156896952
0.000150790918
0.000155655072
0.000132450181
0.000133478962
0.000131611346
0.000153866775
0.000151448372
0.000129152199
0.000126400112
0.00012516564
0.000131610793
0.000128559657
0.000131432676
0.000150132237
0.00014893608
0.000130593549
0.000131599127
0.000130601566
0.000153745651
0.000156483486
0.00015240745
0.000155198017
0.000130095758
0.000130610407
0.00013138189
0.000156367632
0.000153632989
0.000155284566
0.000152262345
0.000129876575
0.000131135108
0.000128669617
0.000150274167
0.000148761327
0.000125269412
0.000130071708
0.000128700054
0.000134514617
0.000131078252
0.000133336922
0.000154507144
0.000151357324
0.000130866617
0.00013171336
0.000128534624
0.000149785431
0.000130639463
0.000129151993
0.000132365457
0.000131022057
0.000132252853
0.000151977106
0.000154395067
0.000152597516
0.000130705709
0.000130903656
0.000131329984
0.000156290374
0.000155732812
0.000154933734
0.000157520351
0.000130853794
0.000131132489
0.000130823203
0.000155805071
0.000156451435
0.000157156256
0.000154890555
0.000132895128
0.00013237742
0.000131182803
0.000154594761
0.000151802724
0.000152783003
0.000128746935
0.000129026704
0.000133038574
0.000128669387
0.000131841632
0.000149368073
0.000125658415
0.000131561428
0.000125509568
0.000129615182
0.00014918636
0.000133498553
0.000132176952
0.000133483433
0.00015367904
0.000156530694
0.000153982484
0.000130073213
0.000131623065
0.000129629136
0.000157302363
0.000155643023
0.000154642774
0.000155488706
0.000124140182
0.000124462682
0.00012563664
0.000149626102
0.000150143891
0.000150053605
0.000150666232
0.000125761203
0.000126699445
0.000127507396
0.000150762495
0.000151168693
0.000151370267
0.000151849742
0.000125127761
0.000127528764
0.000126788157
0.000151159186
0.000150716358
0.000151832207
0.000151324315
0.000123120732
0.000125691182
0.000124480239
0.000149997617
0.000149413184
0.000150580442
0.000149866212
0.000130995024
0.000129546896
0.000131979133
0.000155673105
0.000157049226
0.000155456322
0.000154620167
0.000132567707
0.000133429263
0.000131592169
0.000155942014
0.000153422022
0.000154107896
0.000128411661
0.000129356289
0.000125565485
0.000149085322
0.000130189676
0.000130586968
0.000130155972
0.000126758243
0.000126832412
0.000150897713
0.000152930716
0.000128162955
0.00012817472
0.000128601408
0.000153419209
0.000153166286
0.000148813834
0.000149263817
0.000126013334
0.00012869004
0.000129891164
0.000154047254
0.000153745844
0.000150898839
0.000152557955
0.000125781749
0.000131339913
0.000131131007
0.000152102251
0.000149945963
0.000152692925
0.000151768707
0.00012646385
0.000148906549
0.000148889785
0.000152035184
0.00015278733
0.000129987983
0.000149496538
0.00015031716
0.000153782385
0.000154605852
0.000132144705
0.000151148454
0.000151589805
0.000155308667
0.000155580311
0.000131367423
0.000151548985
0.000151057424
0.000155456121
0.000155083411
0.000128158643
0.000150354353
0.000149351503
0.000154574493
0.000153396127
0.000125367819
0.00014873295
0.000148658043
0.000152278434
0.000151624871
0.000125454701
0.000129712505
0.000129463529
0.000149287366
0.000150873938
0.00015075293
0.000150429765
0.000125608114
0.000128395603
0.000127608264
0.000152360131
0.000153061407
0.000150470521
0.000150101225
0.000128904362
0.00012676382
0.000126561505
0.000152456016
0.000152780168
0.000148333987
0.000147157617
0.000130902939
0.000125850904
0.000125936553
0.00015280325
0.000150792003
0.000128381252
0.000172521095
0.000174570839
0.000172816188
0.000176468754
0.000176939074
0.000195982275
0.00017424992
0.000176988059
0.00017764498
0.000197643608
0.000199270753
0.000175630208
0.000177420811
0.000176653182
0.000195957666
0.000200687636
0.000200360866
0.000176052955
0.000175052799
0.000175497076
0.000195577461
0.000196311241
0.000199534544
0.000200129449
0.000175864274
0.000175840404
0.000175923138
0.000196834187
0.000197012903
0.000200641525
0.000200897744
0.000175380521
0.000175768153
0.000175475784
0.000196588175
0.000196405602
0.000200638162
0.000200441734
0.000174369302
0.000175072311
0.000174575255
0.000195690772
0.000194580051
0.000199935127
0.000199120378
0.000174107496
0.000176031249
0.000177152764
0.000195142752
0.000200188604
0.000200759742
0.000171848656
0.000177495116
0.000176309472
0.000199505999
0.000197578332
0.000176435385
0.000176126725
0.000195996414
0.00017432829
0.000171826001
0.000175615957
0.000176897481
0.000177444371
0.000177626436
0.000178624418
0.00017778339
0.000195960785
0.000197348247
0.000198949497
0.000177572141
0.000176452768
0.000176363742
0.000198567158
0.000199924632
0.000200963897
0.000202319366
0.000175870924
0.000175983616
0.000175577238
0.00020080884
0.000200788783
0.000200948527
0.000199296588
0.000175661102
0.000175512365
0.000175866398
0.000200889457
0.000200593606
0.000199267346
0.000200745672
0.000177550035
0.00017634245
0.000176526045
0.00019974751
0.000198642642
0.000202253949
0.000201289915
0.000175808346
0.000177684968
0.000178514298
0.000195997858
0.000199159604
0.000197266921
0.000177489239
0.000176932992
0.000176790029
0.000174602923
0.000177037218
0.000179063775
0.000178931105
0.000178167895
0.00019750134
0.000196201254
0.000198786122
0.000176833904
0.000176822847
0.000176798766
0.000199445721
0.000201697291
0.000201129196
0.000202719176
0.000178300976
0.000177071543
0.000176887026
0.00020191362
0.000199391969
0.000203273123
0.000201353671
0.00017803848
0.000177990491
0.000178888367
0.000197327103
0.00019854965
0.000196066335
0.000177461563
0.000175083186
0.000174763384
0.000177941828
0.000177315013
0.000179113375
0.000196667713
0.000176722398
0.000178407641
0.000176875308
0.000197802529
0.000200379033
0.000199188805
0.000201540716
0.000176581762
0.00017685508
0.000176449891
0.000202316454
0.000201255143
0.000202039713
0.000199683843
0.000176806971
0.000176501307
0.000176802227
0.000201639969
0.000202444597
0.000199747224
0.000201990709
0.000178767925
0.000176790611
0.000178405548
0.000200288034
0.00019778192
0.000201401227
0.000199141496
0.000176603221
0.000179138507
0.000177201022
0.000196604024
0.000174755378
0.000175121443
0.000176324085
0.000179041931
0.000178907425
0.000179782249
0.000197290384
0.00019868819
0.000176859023
0.000177145802
0.000176892058
0.000200016535
0.000202330576
0.0002009708
0.000201808952
0.000176696068
0.000176798292
0.000177038346
0.000202283672
0.000199953611
0.000201702808
0.000200823113
0.00017749513
0.000179606728
0.00017858646
0.000197030397
0.000198501721
0.000176253296
0.000175752933
0.000171321629
0.000174964217
0.000179988591
0.000178388407
0.000178860714
0.000199434586
0.000195724065
0.00019867497
0.000177072032
0.000177430865
0.000177182106
0.00020171147
0.000202281513
0.000202131397
0.000202608952
0.000177416924
0.000177143196
0.000177385089
0.000202375881
0.000201869767
0.000202617106
0.000202121142
0.000178873933
0.000178727879
0.000178433862
0.000199524034
0.00019860201
0.000195672739
0.000172389561
0.000174966048
0.000171289833
0.000175101957
0.000172588616
0.000175986347
0.000178783786
0.000178850289
0.000179887438
0.000195691345
0.000198690442
0.000199603414
0.000177215771
0.000177452244
0.000177072453
0.000202274419
0.000202729861
0.000201779347
0.000202314198
0.000177387285
0.000177027513
0.000177437055
0.000202564593
0.000202039711
0.000202254588
0.000201743841
0.000178479298
0.0001799334
0.000178892449
0.00019869392
0.000195740049
0.000199622208
0.000171328891
0.000175765356
0.000172430402
0.000176542286
0.000175257389
0.000179829762
0.00017777869
0.000178877251
0.000198669268
0.000197180664
0.000176807525
0.000176744435
0.000176711702
0.000200822805
0.000201668154
0.000200028906
0.000202176262
0.000177160171
0.000176771188
0.000176833265
0.000201653499
0.000200874501
0.000202263787
0.000200055492
0.000179050859
0.000179097222
0.000177957942
0.00019878716
0.000197416003
0.000174976318
0.000174737311
0.000179096397
0.000176221783
0.000177933388
0.000196563799
0.000176716652
0.00017877962
0.000176632593
0.000199203243
0.000201255352
0.000198046513
0.00020021224
0.000176368783
0.000176701461
0.000176626914
0.000201719348
0.000199611001
0.000202263642
0.000201427358
0.000176766187
0.000176671778
0.000176805825
0.000199635573
0.000201976255
0.000201453238
0.000202424616
0.000178498998
0.000176735582
0.000178758252
0.000201400434
0.000199258358
0.000200386399
0.000198023685
0.000177265049
0.00017798094
0.00017633845
0.000196622094
0.000177102185
0.000176746806
0.000178004528
0.000178001139
0.000178951728
0.000196280009
0.00019856642
0.000197342188
0.00017686451
0.00017821881
0.000176815124
0.000201280534
0.000202872774
0.000199412971
0.00020171934
0.000176987321
0.000176971926
0.00017852274
0.000203128862
0.000201442987
0.000201932606
0.000199639217
0.000178967518
0.000179216174
0.000177885887
0.000198799355
0.000196279332
0.000197602784
0.000174656908
0.000176587048
0.000177675484
0.000175715166
0.000177704388
0.000176182202
0.00017742855
0.000197300407
0.000199031247
0.000195935933
0.000176305485
0.000177534128
0.000177587762
0.000201066385
0.000202067239
0.000198486752
0.000199534539
0.000175704165
0.00017604466
0.000176153141
0.00020077319
0.000199386078
0.00020071482
0.000201042586
0.000175963905
0.000175799403
0.00017576632
0.000199356075
0.000201005384
0.000200834593
0.000200762683
0.000176559202
0.000177491914
0.000177517731
0.000202465472
0.000201376409
0.000200018575
0.000198682064
0.000178672977
0.000177372691
0.000176157594
0.000199185207
0.00019744874
0.000195847331
0.000176798009
0.000175556123
0.000174460269
0.000177329883
0.000173050146
0.000196016593
0.000178211135
0.000173712915
0.000174935528
0.000197854613
0.000199912535
0.000177426893
0.000175444707
0.000176034491
0.000201714239
0.000201228334
0.000196279661
0.000175430412
0.000175171613
0.000175843947
0.000199660232
0.000200073931
0.000195572237
0.000196267293
0.000176025623
0.000176166814
0.000176024667
0.000200621251
0.000201052774
0.000196824757
0.00019724725
0.000175539781
0.000175873385
0.000175503643
0.000200951628
0.000200398995
0.00019708696
0.000196447193
0.000174780808
0.000175194532
0.000174458768
0.000199930105
0.000199395778
0.000195744143
0.000195180262
0.00017769502
0.000175267501
0.000174572507
0.000200774292
0.000201166492
0.000196026921
0.00017644149
0.000173826062
0.000172017737
0.000199412142
0.00019772844
0.00017594075
0.000171053009
0.000196091262
0.000172121054
0.000218865829
0.00021969022
0.000220675025
0.000221078826
0.000221537711
0.000221347573
0.000221169015
0.000220763823
0.000219569355
0.000218815189
0.000221180811
0.000220463949
0.000221969666
0.00022313167
0.000222779718
0.000224085396
0.000224035311
0.000241085636
0.0002421795
0.000223503846
0.000224601474
0.000223998185
0.000241175125
0.00024406569
0.000244192938
0.000222985005
0.00022216242
0.000222193396
0.000240732301
0.000241035598
0.000244378851
0.000244759024
0.000222883324
0.000222226658
0.000222262045
0.000241154918
0.000240751224
0.000244858704
0.000244510057
0.000223204836
0.000224263658
0.000224727815
0.000241164932
0.000244377849
0.000244228066
0.000222904033
0.000224096915
0.000224203116
0.000242208176
0.00024104634
0.00021858837
0.000223061526
0.000221694279
0.000221052437
0.000221528526
0.000223061626
0.000223072524
0.000224643839
0.000225217381
0.000225716169
0.000224557394
0.000243377927
0.000243898603
0.000244373744
0.000222535524
0.000222821196
0.000223050554
0.000243382922
0.000244824047
0.000246149147
0.000247943986
0.00022306706
0.000223386758
0.000223393581
0.000246675177
0.000247745057
0.000248814688
0.000249409817
0.000223299238
0.000223318154
0.000223399024
0.000248324918
0.000248875121
0.000248669727
0.000249008564
0.000223150059
0.000223364321
0.000223291564
0.000248739102
0.000248136158
0.000248876879
0.000248443319
0.000223031494
0.000223456417
0.000223511132
0.000247874279
0.00024690029
0.00024930748
0.000249021324
0.000223941941
0.000223110426
0.000222867976
0.000244882657
0.000243384905
0.000248075603
0.000246195499
0.000224559139
0.000224708255
0.000226110641
0.000243238627
0.000244532121
0.000244042396
0.000222429561
0.000224807448
0.000223206572
0.00022183749
0.000221832919
0.000221134419
0.0002231128
0.000225521261
0.000224815491
0.000224008418
0.00024330871
0.000241617532
0.000243086717
0.000222999959
0.000222846983
0.000223254532
0.00024420083
0.000246351577
0.000245400217
0.000248106915
0.000223236561
0.000223365876
0.000223082458
0.000247977615
0.000248942717
0.000249075891
0.000247324394
0.000223180915
0.000222912655
0.00022302392
0.000248444292
0.000247882248
0.000245639891
0.000245985521
0.000223376313
0.000223068158
0.000222950629
0.000247776271
0.000248537476
0.000246019316
0.000245667281
0.000223160054
0.000223056971
0.000223292146
0.000248994227
0.000248070961
0.000247240488
0.000248996542
0.000224780408
0.000223297757
0.00022299101
0.000246578523
0.000244393361
0.000248279186
0.000245614578
0.000224130191
0.000224121656
0.000224867373
0.000243347254
0.00024322354
0.000241479127
0.000220126546
0.000223053457
0.000221123394
0.000219645448
0.000219732225
0.000223954953
0.000222036637
0.000224593754
0.000222418846
0.000224957521
0.000222761382
0.00024203744
0.000243998192
0.000243579942
0.000245346549
0.00022359648
0.000223364702
0.000223652005
0.000247238246
0.000248944176
0.000248407168
0.000249546562
0.000222972076
0.00022337095
0.000223084807
0.000248530348
0.000245658383
0.000247862968
0.000245965394
0.000223352472
0.00022301176
0.000223263987
0.000245579456
0.000248409139
0.000245880695
0.000247711879
0.000223134497
0.00022362288
0.000223471764
0.00024896838
0.000247376633
0.000249519495
0.000248640034
0.000224557953
0.000222854161
0.00022505698
0.000244052373
0.000242058337
0.000245452014
0.000243783841
0.00022143344
0.000224819294
0.000222003466
0.00021958011
0.000220443335
0.000220974938
0.000224583937
0.000222452075
0.000223203189
0.000241306417
0.000240258337
0.000222904371
0.000221650087
0.000222868467
0.000243248787
0.000246155054
0.000242616482
0.000246575139
0.000223581631
0.000223912413
0.000223697801
0.000249043448
0.000248780964
0.000249864462
0.00024925356
0.000223181411
0.000223144057
0.000223294837
0.000245783072
0.00024624312
0.000245826023
0.000246504278
0.000223092191
0.00022326302
0.000223107345
0.000246201913
0.000245729204
0.000246482601
0.000245789508
0.000223729105
0.00022366656
0.000223878798
0.000248834654
0.000249176468
0.000249178469
0.000249719383
0.000224197335
0.00022288585
0.000221713681
0.000246312124
0.000243371767
0.000246542124
0.000242668983
0.000222567049
0.000223283744
0.000222514178
0.000241350472
0.000240170716
0.000220946263
0.000221026637
0.000220415285
0.000223173354
0.000222422616
0.000224546912
0.000240283914
0.000241278739
0.000222856277
0.00022402441
0.000222881911
0.000242615852
0.000246553941
0.00024325143
0.000246091111
0.000223688046
0.000223576761
0.000223518519
0.000249799999
0.000249272425
0.000248831933
0.000248706129
0.000223283351
0.000223070916
0.000223140114
0.00024581668
0.000246500313
0.000245677981
0.00024620801
0.000223100323
0.000223128496
0.000223083247
0.000246475137
0.000245770035
0.000246198146
0.000245692655
0.000223855087
0.000223575504
0.0002236817
0.000249119093
0.000249668996
0.00024878507
0.000249060581
0.00022167768
0.000222939452
0.000223992266
0.000246496656
0.000242641877
0.000246229207
0.000243215916
0.000222453638
0.000224535921
0.000222550724
0.000240226372
0.000241315801
0.000220352507
0.000219518454
0.00021940457
0.000224544412
0.000221372755
0.000223975228
0.000222734945
0.000224595272
0.000222421514
0.000243629913
0.000245314422
0.000242083102
0.000244001717
0.000223491294
0.000223002683
0.00022344458
0.000248157515
0.000249308463
0.000247237964
0.000248701758
0.0002230079
0.000223306662
0.000222903174
0.000247642395
0.000245872182
0.000248154272
0.000245531965
0.000223270452
0.000222844698
0.000223313891
0.000245881736
0.000247754289
0.000245494267
0.000248260604
0.000223459458
0.000223578189
0.000223103253
0.000249616306
0.000248594881
0.000249015538
0.000247416632
0.000225037992
0.000222397747
0.000224494255
0.000245488527
0.000243647466
0.000243999835
0.000242034473
0.000222021706
0.000224017346
0.000221377142
0.000219468975
0.000223070434
0.000219926472
0.000221965475
0.000224082268
0.000224157386
0.000225457282
0.000241678469
0.000243138412
0.000243295378
0.000223200908
0.000224596101
0.000223013557
0.000245606507
0.000248015632
0.000244238936
0.000246413183
0.000223077874
0.000223167832
0.000223288452
0.000248709187
0.000247246312
0.000248027184
0.000249120201
0.000223027474
0.000223220398
0.000223164818
0.000245630159
0.000245976213
0.000248113506
0.000247585925
0.000222797031
0.000223087652
0.000223123857
0.000245916752
0.000245523235
0.00024767825
0.00024817069
0.000223213498
0.000223058812
0.000223057197
0.000247169143
0.000248828932
0.000248676264
0.00024793997
0.000222851358
0.000222963777
0.000224438576
0.000248121236
0.000245584872
0.00024635944
0.000244174778
0.000224583349
0.000225173377
0.000223836289
0.000242950917
0.000241292046
0.000243131573
0.000221039287
0.00022205118
0.000220020395
0.00022171226
0.000224768892
0.000222233627
0.000223197265
0.000224546913
0.000224384066
0.000225165411
0.000243890224
0.000244381286
0.000243285379
0.000223082341
0.000223950258
0.000222610892
0.000246255487
0.000248069755
0.000243502778
0.00024487295
0.000223409168
0.000223003103
0.000223212527
0.000248453133
0.00024924809
0.00024683117
0.000247979419
0.000223534994
0.000223315602
0.000223489729
0.000248752457
0.000249199017
0.000248531979
0.00024917966
0.000223332802
0.00022342086
0.000223213754
0.000249093228
0.00024866854
0.000249002074
0.000248394145
0.000223296699
0.0002231024
0.000222966577
0.000249287312
0.000248687787
0.000247819169
0.000246784526
0.000222847962
0.000222551172
0.000223922161
0.000247809013
0.000246235519
0.000244882799
0.000243435109
0.000225801508
0.000225338774
0.000224706706
0.00024446697
0.000243976455
0.000243342606
0.000222989518
0.000223464132
0.00022226797
0.000221095182
0.000223168213
0.000218596514
0.000220584901
0.000224183048
0.000222860136
0.000222971521
0.000241096822
0.000242234426
0.000224184328
0.000223251392
0.000223742911
0.00024424139
0.000244344892
0.000241142012
0.000222345382
0.000222853407
0.000223073793
0.000244508452
0.000244975104
0.000240729279
0.000241073966
0.000222270828
0.000223081099
0.000222836131
0.000244992608
0.00024455068
0.000241102827
0.000240796531
0.00022486089
0.000223682686
0.000223363954
0.000244390914
0.000244159366
0.000241158646
0.000224132572
0.000222788
0.000222597565
0.000242268592
0.000241003545
0.000221983757
0.000220453215
0.000218704299
0.000218943013
0.000220637491
0.000221652237
0.000221016756
0.000219716202
0.000266206191
0.000265739115
0.000266278554
0.000266184413
0.000265733666
0.000266123005
0.000265570827
0.000265635341
0.000265453045
0.000266477046
0.000266406683
0.000267922738
0.000267045749
0.00026914635
0.000269808612
0.000266564637
0.00026979427
0.000269147945
0.00026614748
0.000267945356
0.00026637133
0.000265317841
0.000265825247
0.000266173358
0.000266322979
0.000266350002
0.000267759737
0.000270242207
0.000270156298
0.000272307274
0.000272536579
0.000273983314
0.000274802032
0.000271785277
0.0002747979
0.000274005955
0.000268266876
0.000272279232
0.000270126943
0.00026627424
0.000267687728
0.00026618015
0.000266148857
0.000265701002
0.000266269279
0.000268746839
0.000266680478
0.000269342545
0.000273750459
0.000272138762
0.000274516859
0.000276323045
0.000276258788
0.000277129568
0.000275489194
0.000277128452
0.000276270952
0.000271423926
0.000274539257
0.00027214208
0.000266213506
0.000269344081
0.000266665499
0.000266161836
0.000266282413
0.000265575655
0.000269352394
0.00026617555
0.00026874289
0.000274520525
0.000271441473
0.00027377001
0.00027713747
0.000275480253
0.000276324937
0.000276257694
0.000276332152
0.000275482189
0.000272149903
0.000273793845
0.000271432837
0.000266631506
0.00026872513
0.000266162485
0.000265677415
0.000265960902
0.000267716742
0.000265968505
0.000266313567
0.000272309494
0.000268296626
0.000270234748
0.00027481034
0.000271771458
0.000272536869
0.000273972002
0.000272536504
0.000271764999
0.000270117296
0.000270203544
0.000268273833
0.000266302623
0.000266244342
0.000266047733
0.00026549814
0.000265741628
0.000267907985
0.000266192691
0.000266195193
0.000269786492
0.000266556103
0.000267094082
0.000269125928
0.000267074482
0.000266534069
0.000266363689
0.000266329703
0.000266112329
0.000265430578
0.00026554033
0.000265828346
0.0002663869
0.000265757986
-1.60344521e-05
-1.70240417e-05
-1.86660411e-05
9.52475397e-06
7.0528353e-06
9.23292419e-06
7.76568852e-06
-1.77859704e-05
-1.9147778e-05
-1.75242186e-05
6.89818907e-06
9.14860779e-06
7.55954821e-06
8.92415219e-06
-1.90165015e-05
-1.72109311e-05
-1.61452603e-05
9.18065344e-06
7.62457254e-06
9.53371709e-06
7.16122148e-06
-1.71306325e-05
-1.62482181e-05
-1.73629568e-05
7.86870192e-06
9.18691754e-06
7.15280899e-06
9.40173208e-06
)
;

boundaryField
{
    left
    {
        type            calculated;
        value           nonuniform List<scalar> 
122
(
-5.195174e-05
-5.40736513e-05
-5.6778578e-05
-5.76167428e-05
-5.64685602e-05
-5.30899863e-05
-8.80898999e-06
2.91465749e-06
2.72960361e-06
2.77211671e-06
2.21025126e-06
2.14352435e-06
2.50310827e-06
2.42907971e-06
2.7817869e-06
-1.0329825e-05
-4.95677937e-06
3.58427221e-05
4.92385257e-05
4.96765611e-05
4.98222841e-05
5.00169573e-05
5.0048331e-05
4.99924617e-05
4.98456569e-05
4.96219778e-05
4.94680851e-05
4.89801479e-05
3.28091021e-05
7.89402882e-05
8.55203342e-05
9.77846813e-05
9.74450689e-05
9.82498181e-05
9.89932701e-05
9.89608743e-05
9.81547713e-05
9.73379486e-05
9.76252327e-05
8.55943366e-05
8.40282758e-05
0.000134414919
0.000132672551
0.000134542405
0.00013644086
0.000136874013
0.000135552115
0.000133238205
0.00013476788
0.000130936095
-2.91803179e-05
-3.15704728e-05
-3.48246313e-05
-3.46832453e-05
-3.08369662e-05
-5.21376906e-05
-3.10298106e-05
-3.1630286e-05
-5.54123358e-05
-3.24323319e-05
-3.29372798e-05
-5.75645416e-05
-3.29726396e-05
-3.2545358e-05
-5.68794235e-05
-3.21176545e-05
-3.15462106e-05
-5.4782577e-05
-3.14413117e-05
-3.50896521e-05
-5.30849235e-05
-3.49056472e-05
-3.18560892e-05
-2.94630005e-05
1.2143853e-05
-4.12891697e-06
1.4276279e-05
1.43497241e-05
-1.02700076e-05
1.41895913e-05
1.40132868e-05
-8.90538876e-06
1.176347e-05
5.79964217e-05
5.96231043e-05
3.30846138e-05
5.94637649e-05
5.79768664e-05
3.56968766e-05
0.000105076074
8.4325347e-05
0.00011102006
0.000112678462
8.60370561e-05
0.000111767888
0.000110052244
8.50790857e-05
0.000104493193
7.85841354e-05
0.000132163007
0.000151706288
0.000134477196
0.000153151415
0.000156048671
0.000133578171
0.000158244631
0.000160174889
0.00013543995
0.000162097368
0.000162809292
0.000136916082
0.000162721615
0.000162044346
0.000136402639
0.000160565629
0.000157392744
0.000134288686
0.000155043512
0.000153275819
0.000132691308
0.000152000139
0.00013384913
)
;
    }
    right
    {
        type            calculated;
        value           nonuniform List<scalar> 
122
(
-5.19241018e-05
-5.43399858e-05
-5.68886442e-05
-5.76365639e-05
-5.55638771e-05
-5.25555841e-05
-8.7205688e-06
2.76136968e-06
2.57317045e-06
2.62204377e-06
2.14912782e-06
2.16930281e-06
2.71996318e-06
2.66203161e-06
2.96308176e-06
-1.03445428e-05
-4.46231658e-06
3.55372668e-05
4.90090787e-05
4.95638199e-05
4.97440751e-05
4.99470168e-05
5.00150924e-05
5.0016191e-05
4.99564269e-05
4.97322593e-05
4.9555605e-05
4.89944788e-05
3.27320341e-05
7.87819506e-05
8.5176422e-05
9.77289994e-05
9.75319843e-05
9.83191379e-05
9.89805154e-05
9.89688109e-05
9.82770338e-05
9.73693367e-05
9.74803332e-05
8.56775276e-05
8.41509784e-05
0.000134145011
0.000132832931
0.000134824176
0.000136418961
0.000136905485
0.00013566156
0.000133668127
0.000134125014
0.000131850969
-2.93983945e-05
-3.47402412e-05
-3.21772198e-05
-5.26322405e-05
-3.11182379e-05
-3.45378098e-05
-5.57395192e-05
-3.1855764e-05
-3.12812942e-05
-5.75379005e-05
-3.29562804e-05
-3.25408715e-05
-5.69588884e-05
-3.25252074e-05
-3.29791302e-05
-5.38866814e-05
-3.10502593e-05
-3.17245668e-05
-5.248421e-05
-3.4748964e-05
-3.10302885e-05
-3.14930357e-05
-3.48406696e-05
-2.90467954e-05
-3.97509358e-06
1.21316887e-05
-1.05654371e-05
1.41440143e-05
1.41453693e-05
-8.87051671e-06
1.42518388e-05
1.43497926e-05
1.22435232e-05
3.27805721e-05
5.92050415e-05
5.75840857e-05
3.54165763e-05
5.74403766e-05
5.91494439e-05
8.41029762e-05
0.000104825806
8.58380892e-05
0.000112297377
0.000110391975
8.49873935e-05
0.000109885801
0.000111958666
7.87494212e-05
0.000104695763
0.000131746423
0.000134696573
0.000151808182
0.000133842001
0.00015628938
0.000153255448
0.000135685415
0.000160643577
0.000158584569
0.000136872371
0.00016278361
0.000161993262
0.000136445403
0.000162088425
0.000162883092
0.00013476823
0.000158589756
0.000160644709
0.000132589833
0.000153202396
0.00015624553
0.000133851823
0.000151422275
)
;
    }
    yarn_to_fluid
    {
        type            calculated;
        value           nonuniform List<scalar> 
11952
(
-0.000271851154
-0.000276131883
-0.000277232756
-0.000275204696
-0.000270837908
-0.000273011702
-0.000276671309
-0.000277147013
-0.000274036444
-0.000269435576
-0.000271456633
-0.000278462601
-0.000283190816
-0.000284435274
-0.000282247808
-0.000276859868
-0.000269799176
-0.000273160293
-0.000279880688
-0.000283826562
-0.000284254526
-0.000281138534
-0.000275049837
-0.000274765784
-0.000282385348
-0.000287181526
-0.000288433801
-0.000286226766
-0.000280695449
-0.000272885467
-0.000276891536
-0.000283837011
-0.000287836977
-0.000288261116
-0.000285106737
-0.000278871872
-0.000270806484
-0.000275561698
-0.000283208916
-0.000288003578
-0.000289253287
-0.000287060875
-0.000281485135
-0.000273218971
-0.00026919112
-0.000277565373
-0.000284649116
-0.000288659352
-0.000289100995
-0.000285895365
-0.000279653289
-0.000271388158
-0.000273261489
-0.000280858434
-0.000285608722
-0.000286876987
-0.000284647729
-0.000279154954
-0.000271475109
-0.000275453324
-0.000282265913
-0.000286263755
-0.000286695913
-0.000283517974
-0.000277333598
-0.000269633181
-0.000269002255
-0.000275436806
-0.000280001235
-0.000281212573
-0.000279111289
-0.000273913265
-0.00027098268
-0.00027681777
-0.000280633459
-0.00028109043
-0.000277996476
-0.000272382021
-0.000271840208
-0.000272858532
-0.000270916368
-0.000269357323
-0.000272282911
-0.000272734395
-0.000270281779
-0.000231737416
-0.000244856741
-0.000237025383
-0.000248569212
-0.000240998191
-0.000244341433
-0.000249107154
-0.000241102013
-0.000247336784
-0.00023993598
-0.000242776478
-0.000243716257
-0.000235485664
-0.000230433974
-0.000226281059
-0.000241137293
-0.000233016299
-0.000242981267
-0.000245365775
-0.000237882098
-0.000248525895
-0.000240735388
-0.000248888858
-0.000241035341
-0.000243948591
-0.000246799571
-0.000239233034
-0.000242900782
-0.000234553646
-0.000228024032
-0.000227011507
-0.00024280086
-0.000243551442
-0.000237253333
-0.000251583462
-0.000245040432
-0.00025844333
-0.000262030454
-0.00026333997
-0.00026120309
-0.000257261607
-0.000249807285
-0.000243973653
-0.000244782797
-0.000235219895
-0.000224528159
-0.000229396657
-0.000245080798
-0.000245787243
-0.000239702431
-0.000253333101
-0.000259556813
-0.000262631093
-0.00026306916
-0.000260457232
-0.000255013618
-0.000247827008
-0.000242379245
-0.000242807021
-0.000232367765
-0.000224537101
-0.000242227601
-0.000236265645
-0.000252021221
-0.00026085836
-0.000259540909
-0.000249943864
-0.00024538486
-0.000244838154
-0.000233233433
-0.000226976201
-0.000244642387
-0.000243694092
-0.000238759063
-0.000254589844
-0.000262917005
-0.000257175121
-0.000247081248
-0.000242465126
-0.000242035223
-0.000229896189
-0.000229562302
-0.000247887705
-0.000243977849
-0.000242495305
-0.000258549404
-0.000255893274
-0.000244704625
-0.00024292815
-0.000239239114
-0.000226849365
-0.000233221359
-0.000250187107
-0.000244842973
-0.000261378267
-0.000262857933
-0.00025293645
-0.000242727385
-0.000236591147
-0.000233060127
-0.000250925671
-0.000245537417
-0.000262079741
-0.000259557251
-0.00024759561
-0.000242172536
-0.000229348463
-0.000242094118
-0.000236062974
-0.000253771924
-0.000264272045
-0.000256637189
-0.000245413255
-0.000239689237
-0.000226477601
-0.000233894296
-0.000251596422
-0.000246327229
-0.000262463474
-0.000260223844
-0.000248481995
-0.000242699346
-0.000229957234
-0.00022378254
-0.000242950492
-0.000236738663
-0.000254427014
-0.000257408227
-0.00024613881
-0.00024049893
-0.000226850641
-0.00023140765
-0.000249555922
-0.000244249231
-0.000260876694
-0.000258040166
-0.000246588013
-0.000241194739
-0.000243056807
-0.000228548699
-0.000241173886
-0.000235302444
-0.000252041769
-0.000263108337
-0.000255246056
-0.000244223336
-0.000238463868
-0.000225535785
-0.000227267046
-0.000243889696
-0.000244980956
-0.000239556368
-0.000255856382
-0.000262958271
-0.000253079949
-0.000243112192
-0.000236826278
-0.000224371839
-0.00023024187
-0.000248413137
-0.000242948325
-0.000243746686
-0.000258588236
-0.000260792901
-0.000250383323
-0.000244934221
-0.000233998477
-0.00023195241
-0.000248038753
-0.000242931913
-0.000243027178
-0.000257177887
-0.000263284208
-0.000262215464
-0.000254729436
-0.000245382492
-0.000245678308
-0.000240267186
-0.000228894833
-0.000235328926
-0.000250685646
-0.000245596311
-0.000245484042
-0.000259133429
-0.00026066708
-0.000252530837
-0.000242636008
-0.000242852535
-0.000237379804
-0.000226051731
-0.00023123237
-0.00024516264
-0.000244243038
-0.000238791272
-0.000251862087
-0.000244989779
-0.000255209397
-0.000256413776
-0.000254327153
-0.000250392015
-0.000243608663
-0.000243930077
-0.000242601836
-0.000237346198
-0.000228184477
-0.000224015008
-0.000233120631
-0.000247933441
-0.000242791886
-0.00024140623
-0.000252429397
-0.00024553413
-0.000255991992
-0.000256466352
-0.000253621188
-0.00024653785
-0.000249344232
-0.000244350674
-0.00024289202
-0.000241859596
-0.000234737332
-0.000226668973
-0.000228522259
-0.000240704346
-0.000232078319
-0.000241230823
-0.000232170729
-0.000239902337
-0.000231470099
-0.000226879474
-0.000229879602
-0.000240614601
-0.000231842769
-0.000241171214
-0.000232165231
-0.000230823558
-0.000226201515
-0.000196246445
-0.000183919182
-0.000197692922
-0.000201382763
-0.000188221012
-0.000206677524
-0.000192647548
-0.000208775022
-0.000193935819
-0.000209308271
-0.000194034629
-0.000208089391
-0.000193243005
-0.000205633411
-0.000190926597
-0.000197781663
-0.000199160676
-0.000185853658
-0.00019410537
-0.000182739539
-0.000197235261
-0.000184643226
-0.000197933233
-0.000202219126
-0.000189186507
-0.000207340886
-0.00019337143
-0.000209113446
-0.000193913901
-0.000209419912
-0.000193909573
-0.000207764084
-0.000193069339
-0.000205295692
-0.000191544873
-0.000197547891
-0.000199000267
-0.000186099486
-0.000192259849
-0.000182393602
-0.000195708466
-0.000187035363
-0.00020697793
-0.000197811669
-0.000199578064
-0.000215672592
-0.000212747497
-0.000204610554
-0.000196036171
-0.000197062151
-0.000184229859
-0.000178351868
-0.000196824351
-0.000198075144
-0.000189164184
-0.000208699277
-0.000199435464
-0.0002112889
-0.000199289323
-0.00019978513
-0.000191094405
-0.000182242024
-0.000195768679
-0.000188190385
-0.000208355651
-0.000205305018
-0.000198727583
-0.000198354559
-0.000184791274
-0.000198373501
-0.000197781089
-0.000191294437
-0.00021148821
-0.000214407676
-0.000202665321
-0.000195983072
-0.000195857589
-0.000181237918
-0.00018265566
-0.000204521131
-0.000198937659
-0.000197916509
-0.000214358462
-0.000201287649
-0.000195652251
-0.000194171336
-0.000179849264
-0.000194117339
-0.000186632811
-0.000207579637
-0.000210875336
-0.000197866027
-0.000190696004
-0.000196234658
-0.000189082773
-0.000209974197
-0.000206091949
-0.000198702993
-0.000185140806
-0.000198900921
-0.000196516134
-0.000191909774
-0.00021374229
-0.000216680676
-0.000203237933
-0.000198799188
-0.000196489502
-0.000181379742
-0.000199321944
-0.000192396726
-0.000213482395
-0.000209871145
-0.00019519961
-0.000187990393
-0.000180104991
-0.00020232932
-0.000195239085
-0.000216196365
-0.000205998505
-0.000199181269
-0.000184434867
-0.000200119797
-0.000193204332
-0.000213952126
-0.0002106431
-0.000195775973
-0.000188684021
-0.000180753809
-0.000202818731
-0.000195616823
-0.000206735454
-0.000199895926
-0.000185146902
-0.000198024543
-0.000190886243
-0.000212431032
-0.000208049446
-0.000194346748
-0.000186704296
-0.000178911615
-0.000201141572
-0.00019434592
-0.00019658197
-0.000215594531
-0.000204973444
-0.000198053322
-0.000183076989
-0.000186285118
-0.000207244672
-0.000200197166
-0.00020422949
-0.000196955178
-0.00018256321
-0.000196996227
-0.000189970519
-0.000211292962
-0.000214364047
-0.000198167819
-0.000200011241
-0.000193157551
-0.000179029002
-0.0001789506
-0.000199386047
-0.000199868152
-0.000193382527
-0.00021352714
-0.000210131404
-0.000195446515
-0.00019681443
-0.000189305389
-0.000183158164
-0.000203508116
-0.000196227353
-0.000197686436
-0.000216497084
-0.000207143941
-0.000199916421
-0.000186363017
-0.000182321916
-0.000202730274
-0.000195751889
-0.000195793484
-0.00021305156
-0.0002108196
-0.000198969344
-0.000198803492
-0.000191779132
-0.000178735887
-0.000185424676
-0.000205787711
-0.000198653218
-0.00019822212
-0.000208167974
-0.000200693329
-0.000195607652
-0.000195540774
-0.000188243756
-0.000197930982
-0.000195089302
-0.000187888129
-0.000207279298
-0.00019602696
-0.000212565535
-0.0002011034
-0.000211364939
-0.000199678306
-0.000204909173
-0.000196172164
-0.000193807102
-0.000196076039
-0.000186140941
-0.000181971063
-0.000199668667
-0.000196657557
-0.00018912085
-0.00020900049
-0.000197863462
-0.000213125457
-0.000202075369
-0.000210835529
-0.00019928392
-0.000194602525
-0.000192166932
-0.000202482779
-0.000183967975
-0.000192314513
-0.00019379192
-0.000194190737
-0.000193590743
-0.000190991466
-0.000193132106
-0.000194000604
-0.000194023276
-0.000192590427
-0.000191456816
-0.000146913955
-0.000135553214
-0.000151981162
-0.000156142197
-0.000142539091
-0.000163930705
-0.000149369106
-0.000151436797
-0.000152613532
-0.000136806394
-0.000155918796
-0.000140766844
-0.000157596103
-0.00014330659
-0.000158252472
-0.000144555418
-0.000156233587
-0.000142155247
-0.000154946647
-0.000139779925
-0.000151221709
-0.00013603023
-0.000150369621
-0.000161211412
-0.000145444152
-0.000150329452
-0.000153783712
-0.000140904468
-0.000149346981
-0.000138350655
-0.000159334377
-0.000145101735
-0.000150526524
-0.000164298581
-0.000148845401
-0.000149903691
-0.000154077861
-0.000138175278
-0.00015741612
-0.000141875796
-0.000157969804
-0.000143829908
-0.000157877505
-0.000144010629
-0.000157411097
-0.000142677116
-0.0001542621
-0.000138683974
-0.000151324552
-0.000149578889
-0.0001613851
-0.000146939578
-0.000151793275
-0.000150907744
-0.000137787826
-0.00015214903
-0.000152785543
-0.00014361693
-0.000165736799
-0.000162800855
-0.000153401637
-0.000148198889
-0.000149275192
-0.000140419481
-0.000134804206
-0.000157547664
-0.000147953832
-0.000148307351
-0.000160731882
-0.000150859252
-0.000152343265
-0.000138224449
-0.000151507768
-0.000150628947
-0.000143421188
-0.000166280241
-0.000163014117
-0.000148395084
-0.00013992123
-0.000132196128
-0.000156142499
-0.000148860518
-0.000148586576
-0.000169937248
-0.000159818136
-0.000152512726
-0.000151718599
-0.000136716956
-0.000137442679
-0.000160685244
-0.000152310548
-0.000156910007
-0.000150797488
-0.000149612516
-0.000133304357
-0.000149189684
-0.000140938249
-0.000164120117
-0.000167890108
-0.00015226421
-0.000150589701
-0.000144747618
-0.000151057957
-0.000143125328
-0.000166319563
-0.000162248866
-0.000146983638
-0.000138788292
-0.000154497265
-0.000149919903
-0.000147163589
-0.000170013848
-0.000158460068
-0.000150873332
-0.000135032644
-0.000154238323
-0.000146628588
-0.000169954908
-0.000165297246
-0.000149618983
-0.000141906892
-0.000133438427
-0.000157124496
-0.000149498728
-0.000161782075
-0.000154014652
-0.00013835291
-0.000154845955
-0.0001472972
-0.000170690705
-0.000166034431
-0.000150167222
-0.000142598717
-0.000134084058
-0.000157970786
-0.00015027886
-0.000162397079
-0.000154728579
-0.000139066902
-0.000152957636
-0.000145202548
-0.000168545095
-0.000164527918
-0.000148064238
-0.000140105758
-0.000132836561
-0.000155994601
-0.000148211439
-0.000160409628
-0.000152755866
-0.000136847023
-0.000148996226
-0.000140265709
-0.000163593532
-0.000159474985
-0.000151541424
-0.000136910081
-0.000149600411
-0.000151876953
-0.000144159751
-0.00016764635
-0.000156238294
-0.00014886912
-0.000150411912
-0.000132631255
-0.000133663564
-0.000156882941
-0.000149579245
-0.000150415847
-0.000167968068
-0.000151183089
-0.000152442257
-0.000144942445
-0.000137283358
-0.000160651732
-0.000152088499
-0.000164019991
-0.00014934796
-0.000141231874
-0.000138518631
-0.000160847668
-0.000152964458
-0.000152658106
-0.000156799314
-0.000149075546
-0.000148984537
-0.000134613352
-0.000148407121
-0.000149019548
-0.000140786606
-0.000163629526
-0.000167046208
-0.000152337227
-0.000152865599
-0.000144512249
-0.000136050061
-0.000158558145
-0.000148805225
-0.00014700055
-0.000166589747
-0.000155573219
-0.000164170207
-0.000153247319
-0.000153873681
-0.00015122976
-0.000142468226
-0.000147899486
-0.000138599384
-0.000160603931
-0.000151452545
-0.000149324903
-0.000162915799
-0.000151356294
-0.000151030379
-0.000148521163
-0.00014082936
-0.000149076179
-0.000151328484
-0.000152569933
-0.000156079585
-0.00015718366
-0.000157683872
-0.000156762849
-0.000155022934
-0.000151533509
-0.000150392669
-0.000145486613
-0.000145389573
-0.000148886588
-0.000149963565
-0.000154109217
-0.000157419479
-0.000157754562
-0.000157386922
-0.000157075227
-0.000153962355
-0.000151312357
-0.000149471865
-0.000147012444
-0.000101409051
-9.05179403e-05
-0.000112949277
-9.82554667e-05
-0.000103405933
-0.000103125029
-0.000105344173
-8.97726162e-05
-0.000109914497
-0.000104448707
-9.56780483e-05
-0.000117421904
-0.000104519813
-0.00011556053
-0.000102965509
-0.000108754638
-0.000103232803
-9.41204039e-05
-0.000105100325
-0.000118240513
-0.000103856716
-0.000105149703
-0.000108242919
-9.47380412e-05
-0.000103991387
-9.25727066e-05
-0.000115557129
-0.000100920382
-0.000105916165
-0.000104917407
-0.000106123353
-9.1184162e-05
-0.000113177173
-0.000103021086
-9.9944938e-05
-0.000117669921
-0.000106680512
-0.000118567757
-0.000108055694
-0.000114041639
-0.000104458343
-0.000101305027
-0.000108965699
-9.30440371e-05
-0.0001023227
-0.000115732954
-0.000100979255
-0.0001034027
-0.000106497138
-9.35724832e-05
-0.000106453349
-0.000106834486
-9.77090417e-05
-0.000121188421
-0.000102501397
-9.37833426e-05
-0.000108509272
-0.000106459739
-0.000100857142
-0.000112836951
-0.000105253896
-0.000114119602
-0.000106621296
-0.000112055474
-0.00010439417
-0.000106767521
-0.000104935246
-9.89854694e-05
-0.000100647552
-9.16318227e-05
-0.000117602311
-0.000108173464
-0.000101899091
-0.000102908186
-9.38974063e-05
-8.79109551e-05
-0.000111205107
-0.000101983061
-0.000101877596
-8.77057405e-05
-0.000104049821
-9.48795854e-05
-0.00010978778
-0.000104702761
-0.000102423622
-0.000113401213
-0.000105846
-0.000114003379
-0.00010657888
-0.000111194641
-0.000106034093
-0.000103866011
-0.000105669085
-9.73201094e-05
-8.97196596e-05
-0.000114936557
-0.000105363713
-0.000106408214
-9.14326842e-05
-0.000104585423
-0.000103333157
-9.61052756e-05
-0.000120156335
-8.72876428e-05
-9.21715563e-05
-9.37194384e-05
-9.10790015e-05
-8.58457897e-05
-0.000116561594
-0.000100768648
-9.23424435e-05
-0.000108933062
-0.000101876033
-0.000101151052
-8.86996646e-05
-9.29723402e-05
-9.34582183e-05
-8.98058707e-05
-0.000113237135
-0.0001057729
-0.000104516731
-8.90707391e-05
-8.97806605e-05
-0.000113375235
-0.000104771686
-8.39608515e-05
-0.000109735133
-0.000103668091
-0.000102051097
-8.5770984e-05
-0.000101979895
-9.3271089e-05
-0.000117498703
-8.39045417e-05
-0.000120850709
-0.000104766938
-0.000103297466
-9.72200128e-05
-0.00010297996
-9.44386287e-05
-0.0001192263
-0.000115071031
-0.000106562824
-9.13664092e-05
-0.000106657013
-0.000103877707
-9.90138828e-05
-0.000123007143
-0.000110851147
-0.00010296771
-8.67311977e-05
-0.000106275475
-9.84433676e-05
-0.000122766673
-0.000117948691
-0.000101651258
-9.31114891e-05
-8.53892317e-05
-0.000109756749
-0.000101672609
-0.000114173544
-0.000106026069
-8.99193251e-05
-0.000106863899
-9.90886164e-05
-0.00012311669
-0.000118496853
-0.000102043054
-9.42107847e-05
-8.63301736e-05
-0.000110249419
-0.000102040939
-0.000114797383
-0.000107007129
-9.04526074e-05
-0.000104782744
-9.66818796e-05
-0.000121295128
-0.000116669624
-0.000100896509
-9.26639048e-05
-0.000108749408
-0.000100801362
-0.000104259833
-0.000112856034
-0.000105060807
-8.85007169e-05
-0.000100954582
-9.21711269e-05
-0.000116625491
-0.000112562142
-0.000104439458
-8.83035192e-05
-0.000104595056
-9.68575196e-05
-0.000120835821
-0.000108702923
-0.00010099409
-0.000102926491
-8.57000467e-05
-0.000110233879
-0.000102324325
-0.000103748556
-8.70437205e-05
-8.83307377e-05
-8.61117339e-05
-0.000121224623
-0.000103600641
-0.000105010086
-9.69889118e-05
-8.95151509e-05
-0.00011365852
-0.000104776801
-8.76194001e-05
-8.77393601e-05
-8.48565154e-05
-0.000117511168
-0.000102273961
-9.35713173e-05
-9.10446763e-05
-0.000114876668
-0.000106268851
-0.000106419797
-8.63225033e-05
-9.36565763e-05
-0.00010537849
-9.87738133e-05
-0.000106554824
-0.000100192202
-0.000104703325
-9.7621986e-05
-9.21687027e-05
-0.000110799297
-0.000102358213
-0.000102556405
-8.77105896e-05
-0.000102017844
-0.000102873726
-9.38831032e-05
-0.0001177297
-8.79391004e-05
-0.000102624609
-9.55038099e-05
-0.000106043324
-9.93181643e-05
-0.000106446056
-9.99390756e-05
-0.000103902162
-9.69422819e-05
-8.9937026e-05
-0.00012140026
-0.000105589275
-0.000106134783
-9.74851396e-05
-8.96319936e-05
-0.000113463276
-0.000103153541
-0.000101745206
-0.000104596768
-9.33721161e-05
-0.000112926016
-0.000102911278
-0.000105882614
-0.000117454592
-0.000108391776
-0.000121778416
-0.000123022858
-0.000120768227
-0.000115771861
-0.000106459369
-0.000111415079
-0.000100788193
-0.000104312145
-0.00010260335
-9.10983397e-05
-0.000120010524
-0.000108637579
-0.000108171204
-0.000106126815
-9.66957708e-05
-0.000101858145
-9.24773221e-05
-0.000116039878
-0.00010669115
-0.000104120839
-9.94430825e-05
-8.77180209e-05
-0.000104666284
-0.000106677643
-9.54350643e-05
-0.000113540005
-0.000103540978
-0.00011841274
-0.000122358772
-0.000122708848
-0.000119582732
-0.000115227756
-0.000105603323
-0.000105761967
-0.000108375602
-9.74384699e-05
-0.000101411122
-9.04484215e-05
-0.000117847069
-0.000106831698
-0.000105469755
-0.000103247907
-9.48448734e-05
-9.86451075e-05
-0.00010289907
-0.000105313225
-0.000109840551
-0.000108165483
-0.000104983839
-0.000103894002
-0.000101407265
-0.000105045815
-0.000105912814
-0.000108976331
-0.000102415902
-0.000101141008
-5.41252569e-05
-4.29917342e-05
-6.67382846e-05
-5.18609756e-05
-5.68533079e-05
-5.70052386e-05
-5.92745515e-05
-4.40936617e-05
-6.71777703e-05
-5.70049701e-05
-5.41194326e-05
-7.22014856e-05
-6.1389916e-05
-6.39526348e-05
-5.89567171e-05
-4.93071644e-05
-5.73447731e-05
-7.17044759e-05
-5.42673578e-05
-5.94288459e-05
-6.20036491e-05
-4.89791371e-05
-5.72951392e-05
-4.59464721e-05
-6.97128455e-05
-5.47487864e-05
-5.9592908e-05
-5.94069276e-05
-6.18849948e-05
-4.71129916e-05
-6.93918243e-05
-5.92164523e-05
-5.65899663e-05
-6.98155687e-05
-5.89819425e-05
-6.16289908e-05
-5.70000272e-05
-4.70526988e-05
-5.73061631e-05
-7.00835774e-05
-5.50245247e-05
-5.73089683e-05
-6.01614092e-05
-4.66052015e-05
-5.83443301e-05
-5.84539927e-05
-4.930602e-05
-7.35500162e-05
-5.38553161e-05
-4.48176758e-05
-6.57205005e-05
-5.78568635e-05
-5.68379259e-05
-7.60203765e-05
-7.29211817e-05
-6.18968559e-05
-6.16893498e-05
-5.32661246e-05
-4.19226102e-05
-6.97020361e-05
-6.06397217e-05
-5.42296706e-05
-5.45149806e-05
-4.65939674e-05
-6.3745472e-05
-5.42537514e-05
-5.41539537e-05
-5.70180025e-05
-4.73969311e-05
-6.84638914e-05
-6.17781411e-05
-6.04834126e-05
-7.06376841e-05
-5.81787114e-05
-5.74438877e-05
-4.93007683e-05
-6.72789751e-05
-5.76645041e-05
-5.84597849e-05
-4.2611943e-05
-5.74221538e-05
-4.84939083e-05
-7.22741478e-05
-4.34495269e-05
-6.27172208e-05
-5.65962132e-05
-5.67026323e-05
-7.34140205e-05
-7.051893e-05
-5.97663934e-05
-5.94462279e-05
-5.32665247e-05
-4.01101977e-05
-6.87227283e-05
-5.99385322e-05
-4.48451735e-05
-5.99065379e-05
-5.93392722e-05
-5.17987093e-05
-7.63126563e-05
-4.67730883e-05
-6.55213784e-05
-5.94825772e-05
-5.96089847e-05
-7.56151004e-05
-7.76055757e-05
-6.80331479e-05
-5.64207828e-05
-5.63854763e-05
-4.98262352e-05
-6.53108146e-05
-5.73618481e-05
-5.70218039e-05
-6.36955904e-05
-5.83243132e-05
-4.67564459e-05
-6.37734117e-05
-5.8564623e-05
-5.94685645e-05
-7.3023343e-05
-7.84158065e-05
-7.73367744e-05
-7.07381417e-05
-6.16141181e-05
-5.66074965e-05
-5.65662654e-05
-4.38959559e-05
-6.11030164e-05
-5.92456072e-05
-5.34085572e-05
-4.55232488e-05
-6.93074937e-05
-6.07381889e-05
-5.62443885e-05
-5.01677581e-05
-6.58060615e-05
-7.49317197e-05
-7.92038045e-05
-7.62463806e-05
-6.81414186e-05
-5.77183717e-05
-5.87264275e-05
-5.30452173e-05
-4.07308735e-05
-7.20507172e-05
-7.10303999e-05
-4.07503999e-05
-5.76146662e-05
-5.28398106e-05
-6.60494147e-05
-7.25992513e-05
-7.45890692e-05
-7.13066684e-05
-6.38906477e-05
-5.93684229e-05
-5.0134595e-05
-3.82708396e-05
-6.67656953e-05
-5.87643535e-05
-4.3013509e-05
-5.90553966e-05
-5.11304766e-05
-7.46847528e-05
-4.39230122e-05
-5.85314476e-05
-5.9644021e-05
-5.51771991e-05
-6.79693982e-05
-7.35899953e-05
-7.42310098e-05
-6.96886092e-05
-6.19205898e-05
-5.75434878e-05
-4.72036044e-05
-7.43484202e-05
-3.77462451e-05
-4.9566585e-05
-6.24383091e-05
-5.85052299e-05
-6.87256724e-05
-7.07581375e-05
-6.74608362e-05
-6.02910394e-05
-5.64828819e-05
-4.6614114e-05
-6.97276482e-05
-6.16595282e-05
-4.66955459e-05
-6.15581098e-05
-5.80114341e-05
-5.40025149e-05
-4.05809399e-05
-5.6197171e-05
-5.18459174e-05
-6.42155394e-05
-6.97340327e-05
-7.0412109e-05
-6.59560373e-05
-5.69542346e-05
-5.84214874e-05
-5.44086096e-05
-4.33555514e-05
-7.52416604e-05
-4.87513937e-05
-6.18697909e-05
-5.79643559e-05
-6.79236193e-05
-6.9959848e-05
-6.6649674e-05
-5.95032509e-05
-5.55807634e-05
-4.59822726e-05
-6.96781085e-05
-5.44292131e-05
-4.67398693e-05
-6.18134647e-05
-5.44310287e-05
-5.81630833e-05
-3.99987511e-05
-5.55843903e-05
-5.12914794e-05
-6.34268639e-05
-6.89290507e-05
-6.96062374e-05
-6.51492021e-05
-5.81882783e-05
-5.39920754e-05
-4.26875775e-05
-7.30816655e-05
-3.8957885e-05
-5.61751675e-05
-5.08821546e-05
-6.37137892e-05
-7.02270491e-05
-7.22910798e-05
-6.89639003e-05
-6.17774388e-05
-5.79065228e-05
-4.80157814e-05
-6.9218128e-05
-6.06462313e-05
-4.53124217e-05
-6.06100766e-05
-5.27105117e-05
-7.66080388e-05
-4.18187075e-05
-5.77300741e-05
-5.33328855e-05
-6.56737701e-05
-7.12526746e-05
-7.19324227e-05
-6.73827779e-05
-6.005666e-05
-5.70409736e-05
-5.59132196e-05
-4.49883591e-05
-6.86218232e-05
-4.33693881e-05
-5.96592854e-05
-5.88383293e-05
-5.47445068e-05
-6.90723546e-05
-7.53383962e-05
-7.69948985e-05
-7.42155386e-05
-6.66237197e-05
-5.74826056e-05
-5.67752759e-05
-5.24811596e-05
-4.06425624e-05
-6.47484216e-05
-5.72411282e-05
-5.89352668e-05
-4.08834773e-05
-5.71296926e-05
-4.87202231e-05
-7.20512129e-05
-4.71287593e-05
-6.25959466e-05
-5.84544825e-05
-5.76351173e-05
-7.09119051e-05
-7.64130828e-05
-7.69337198e-05
-7.26946076e-05
-6.45470455e-05
-5.96585628e-05
-5.00560806e-05
-7.58427609e-05
-5.84470048e-05
-6.0772725e-05
-5.32707847e-05
-3.85778695e-05
-5.70702874e-05
-5.64123297e-05
-5.10401073e-05
-6.77178667e-05
-7.68142228e-05
-7.51933065e-05
-6.55660539e-05
-5.97247205e-05
-4.79446514e-05
-7.29397594e-05
-5.77544152e-05
-4.93713898e-05
-4.18526059e-05
-6.60480783e-05
-5.79735454e-05
-5.92943977e-05
-4.15115987e-05
-5.94370102e-05
-5.9491447e-05
-5.38535107e-05
-7.08223201e-05
-7.8541024e-05
-7.28991354e-05
-6.27173865e-05
-5.76552518e-05
-5.69351368e-05
-4.4974451e-05
-6.92057449e-05
-6.06450415e-05
-4.24306366e-05
-6.65426714e-05
-5.79460659e-05
-5.84258376e-05
-5.62739595e-05
-5.65804994e-05
-4.89746376e-05
-6.9119469e-05
-7.63836495e-05
-6.67394099e-05
-5.91651574e-05
-5.97287349e-05
-4.68448613e-05
-6.31595263e-05
-5.48092957e-05
-5.48499291e-05
-5.46406322e-05
-4.66336256e-05
-6.99923408e-05
-4.02445596e-05
-5.95051132e-05
-6.00814372e-05
-5.26011745e-05
-7.15078118e-05
-7.44168238e-05
-6.33880174e-05
-5.63648475e-05
-5.66315901e-05
-4.38678663e-05
-7.34461291e-05
-5.76362197e-05
-5.82153309e-05
-4.94975025e-05
-4.20304417e-05
-6.60580914e-05
-5.58246366e-05
-5.42457605e-05
-5.39954332e-05
-4.28162097e-05
-6.51223988e-05
-5.39895099e-05
-5.59770906e-05
-7.30115227e-05
-7.13379443e-05
-6.26218278e-05
-5.93523475e-05
-6.10708926e-05
-4.94382755e-05
-7.29672182e-05
-6.18831025e-05
-6.03629501e-05
-5.90492057e-05
-4.94155641e-05
-5.43514718e-05
-4.50059593e-05
-6.86056011e-05
-5.9385434e-05
-5.70513431e-05
-5.60620127e-05
-4.53622658e-05
-6.76651237e-05
-5.71858258e-05
-5.94822149e-05
-6.84116495e-05
-5.84342094e-05
-5.62404752e-05
-5.83367357e-05
-4.69714127e-05
-7.10636725e-05
-5.96689179e-05
-5.75968021e-05
-5.56798375e-05
-4.72456075e-05
-5.24216166e-05
-5.69268378e-05
-5.92075362e-05
-6.43831544e-05
-5.77681738e-05
-5.46157415e-05
-5.43618031e-05
-5.94920208e-05
-6.18729207e-05
-6.20280248e-05
-5.74637997e-05
-5.51354683e-05
-5.60909291e-06
-1.96593043e-05
-6.48860265e-06
-1.03947251e-05
-1.22900901e-05
-1.27185664e-05
1.92921201e-06
-2.06746678e-05
-1.0465827e-05
-7.80386604e-06
-2.51892199e-05
-1.50114054e-05
-1.6600607e-05
-1.17809934e-05
-2.90893956e-06
-1.25492787e-05
-2.60324848e-05
-1.04842336e-05
-1.24599788e-05
-1.48176654e-05
-1.71356941e-06
-9.62768387e-06
1.07806676e-06
-2.21317036e-05
-7.67611792e-06
-1.23983977e-05
-1.19473215e-05
-1.50152374e-05
3.25004513e-07
-2.34216945e-05
-1.30013398e-05
-1.01207851e-05
-2.43655618e-05
-1.25909344e-05
-1.50466608e-05
-1.06390213e-05
-4.07717555e-07
-1.02916309e-05
-2.18150603e-05
-7.5008489e-06
-9.10596345e-06
-1.08352487e-05
1.2927066e-06
-2.54035656e-05
-9.25899843e-06
3.97026652e-07
-2.29728028e-05
-1.53241645e-05
-1.37195402e-05
-1.98192256e-05
-1.11708347e-05
-1.08388621e-05
4.01612442e-06
-2.27897639e-05
-1.33233832e-05
-1.42965656e-05
6.364702e-07
-1.40899583e-05
-1.44476876e-05
-4.94948717e-06
-2.9731386e-05
-1.22677314e-05
-1.12145244e-05
-2.7533712e-06
-2.51126652e-05
-2.84207094e-05
-1.48932813e-05
-1.48426297e-05
-5.52390518e-06
-8.33712898e-06
-4.34953324e-07
-2.27208232e-05
-1.92979457e-05
-1.15705994e-05
-1.24949831e-05
2.93316439e-06
-2.14275027e-05
-1.41711775e-05
-1.31780661e-05
1.5206404e-06
-1.30848881e-05
-1.20956394e-05
-5.07974955e-06
-2.79237741e-05
-1.07233152e-05
-1.17595073e-05
-3.51353229e-06
-2.58529013e-05
-2.92038457e-05
-1.66447393e-05
-8.99060947e-06
-9.34429746e-06
6.3435846e-06
-1.16535279e-05
-1.32349972e-05
-6.40278105e-06
-2.78391992e-05
-2.42134644e-05
-1.08824271e-05
-3.33882891e-06
-2.91822807e-05
-1.398471e-05
-1.24100172e-05
-6.51514013e-06
5.33244949e-07
-2.19562041e-05
-1.35590882e-05
4.58293803e-06
-1.74758611e-05
-1.0475136e-05
-1.18991268e-05
-3.07372077e-05
-2.09604688e-05
-1.32434476e-05
8.9767765e-07
-9.93751845e-07
-2.15489806e-05
-1.4997192e-05
-1.83422397e-05
-1.13736373e-05
3.48760345e-06
-1.98785989e-05
-1.23427808e-05
2.78766463e-06
-1.22238137e-05
-4.52609242e-06
-2.77241838e-05
-1.15254175e-05
-4.45465164e-06
-2.57619694e-05
-2.85811602e-05
-1.27501837e-05
-1.45032671e-05
-7.82398647e-06
6.08671077e-06
2.12141074e-06
-1.89559347e-05
-1.22000543e-05
-2.89253496e-05
-1.52425352e-05
-8.78937289e-06
-1.15505226e-05
6.14342348e-06
-2.24931434e-05
-1.45722608e-05
-5.34211563e-07
7.06486913e-06
-1.52471939e-05
-1.22288577e-05
-8.07286088e-06
-3.07280187e-05
-8.67779979e-06
-1.76781692e-06
-2.19082321e-05
-2.60919984e-05
-1.18891461e-05
-5.18371243e-06
2.84073612e-06
-1.82387979e-05
-1.15831703e-05
-3.09944147e-05
-2.78983769e-05
-1.45896645e-05
-1.16256658e-05
-8.2289766e-06
6.8426083e-06
-2.36288846e-05
-8.83862354e-06
-1.32869046e-06
6.63161985e-06
-1.58133085e-05
-8.6937419e-06
-1.21365427e-05
-3.19025135e-05
-1.12120838e-06
-2.11049256e-05
-1.46569584e-05
-2.54082431e-05
-1.15265587e-05
-4.61480242e-06
1.2782637e-06
-1.99144593e-05
-1.34609486e-05
-2.97162023e-05
-1.66481667e-05
-9.82119474e-06
5.04831339e-06
-2.17052224e-05
-1.39941452e-05
1.49754434e-06
8.02717237e-06
-1.38815398e-05
-6.43562965e-06
-2.96526387e-05
-9.56358346e-06
-2.62667198e-06
-2.37274269e-05
-2.68261251e-05
-1.34483687e-05
-6.45122492e-06
-1.09857659e-05
-3.83567917e-06
-2.44085469e-05
-2.05190312e-05
-1.32339046e-05
5.05005238e-07
-1.75893714e-05
-1.02878777e-05
-1.19776798e-05
4.92880183e-06
-1.01267854e-05
-2.13034935e-06
-2.50261636e-05
7.72871871e-06
-1.35602509e-05
-1.19318091e-05
-6.70523071e-06
-2.79033247e-05
-3.06974034e-05
-1.79257935e-05
-1.27856797e-05
-1.09975686e-05
3.99886409e-06
4.51012394e-06
-1.76995959e-05
-1.1993609e-05
-1.05792859e-05
-2.82727134e-05
-1.37613706e-05
-1.26954276e-05
-6.71647875e-06
-2.55723459e-05
-1.08329869e-05
-2.73063931e-06
4.51688054e-06
-1.81485163e-05
-1.06854486e-05
-1.22006359e-05
7.88730374e-07
-2.13119026e-05
-1.3245111e-05
-2.45180406e-05
-1.025868e-05
-8.54229815e-06
-2.68785984e-06
-1.34125007e-05
-1.37518147e-05
-5.97428845e-06
-2.91361192e-05
-2.48359337e-05
-1.05623526e-05
-1.03468656e-05
-2.24577254e-06
-3.00267794e-05
-1.39496266e-05
-1.40789325e-05
-5.66982032e-06
3.28076056e-07
-2.27399226e-05
-1.43278888e-05
-1.44782298e-05
3.99233226e-06
-1.87314089e-05
-1.1069514e-05
-1.03465114e-05
-2.2025205e-05
-1.34739709e-05
6.54714205e-07
-1.72057544e-05
-5.37807407e-06
-8.16016188e-06
3.30089557e-06
-1.95167036e-05
-8.59977427e-06
-1.02683276e-05
-2.69784635e-05
-1.35450296e-05
-1.48339479e-05
-3.60703513e-06
-2.6141208e-05
-1.50821766e-05
-1.31058235e-05
-1.09988477e-05
-2.64860035e-06
2.29836597e-06
-2.11599146e-05
-1.10709087e-05
-9.49533725e-06
-1.06799159e-05
7.3436133e-07
-2.23307231e-05
-1.21281303e-05
-1.41887464e-05
-2.43709596e-05
-1.53046355e-05
-1.05724364e-05
-1.28272381e-05
-8.05370926e-07
-2.28167194e-05
-1.10570526e-05
-6.58334682e-06
-1.2272719e-05
-1.28399148e-05
-1.70630911e-05
-1.26167013e-05
-1.02350388e-05
-7.7274576e-06
-1.23541564e-05
-1.48110133e-05
-1.52691932e-05
-1.02480034e-05
-7.58076577e-06
2.08139532e-05
3.62017655e-05
3.10332821e-05
4.69116811e-05
2.41528906e-05
3.38345361e-05
3.86940953e-05
2.05074109e-05
3.20659118e-05
2.9678706e-05
3.45474468e-05
4.44916175e-05
3.47984522e-05
2.12786427e-05
3.70048195e-05
3.51060175e-05
3.21224778e-05
4.54494008e-05
3.71593109e-05
4.85255094e-05
2.52622821e-05
3.97713898e-05
3.46870725e-05
3.49995077e-05
3.26277964e-05
4.77037726e-05
2.47976603e-05
3.49179819e-05
3.78828029e-05
2.2903432e-05
3.4836728e-05
2.96634811e-05
3.47690022e-05
4.36443268e-05
3.27356653e-05
3.83332857e-05
4.7431662e-05
2.39680078e-05
3.23837182e-05
3.28946277e-05
2.69086936e-05
3.60207655e-05
3.63634228e-05
5.10766827e-05
2.36463721e-05
3.31454158e-05
3.22122374e-05
3.69930991e-05
4.61550363e-05
5.15556276e-05
3.20222462e-05
3.1647867e-05
4.06395777e-05
1.79251212e-05
3.52763408e-05
3.61729245e-05
4.48734909e-05
2.12825607e-05
1.74985255e-05
3.19239193e-05
3.18344077e-05
4.16279345e-05
3.79082113e-05
4.63051011e-05
2.3006402e-05
2.59357611e-05
3.42264854e-05
3.31546095e-05
5.01410326e-05
2.42804312e-05
3.22978506e-05
4.52902752e-05
5.13843198e-05
3.21841124e-05
3.25172358e-05
3.90744753e-05
1.71697682e-05
3.54929582e-05
3.44842264e-05
4.31732661e-05
1.95588689e-05
3.03816268e-05
3.80929776e-05
3.72900787e-05
3.35074355e-05
3.1938242e-05
3.93219166e-05
1.65347371e-05
2.00872985e-05
3.56086254e-05
4.39960445e-05
1.55716053e-05
2.92064991e-05
3.43594917e-05
3.55335139e-05
4.87752953e-05
5.41437248e-05
3.53239296e-05
4.19509009e-05
2.24093197e-05
5.10777481e-05
2.78224604e-05
3.56870378e-05
2.36329853e-05
3.19414623e-05
4.72285851e-05
3.66086518e-05
4.49343278e-05
2.16123926e-05
2.56589586e-05
3.38295468e-05
4.83942825e-05
2.36907371e-05
3.62605499e-05
4.23498307e-05
5.37433226e-05
4.86391149e-05
3.0162901e-05
3.44922643e-05
3.60769824e-05
1.66829593e-05
3.62977805e-05
3.36240615e-05
4.08347269e-05
1.80603906e-05
2.91107979e-05
3.64627662e-05
3.41064618e-05
5.32072308e-05
4.76097292e-05
2.44512752e-05
3.17300425e-05
2.88943088e-05
3.63798897e-05
5.23837058e-05
2.05402972e-05
3.30426672e-05
3.90665758e-05
5.10666795e-05
5.59363576e-05
4.53136315e-05
2.73214324e-05
3.30757205e-05
3.63189716e-05
4.4091793e-05
2.09231541e-05
1.65089043e-05
3.18811873e-05
3.95909399e-05
4.84479144e-05
2.50323747e-05
3.28205918e-05
2.95306168e-05
3.70004253e-05
5.30445359e-05
1.98063597e-05
3.26337677e-05
3.83421385e-05
5.0287719e-05
5.52198661e-05
4.44034573e-05
2.65918992e-05
3.23740916e-05
3.71206938e-05
4.47109827e-05
2.15090966e-05
1.71452053e-05
3.25023551e-05
4.00845307e-05
4.65987585e-05
2.33990335e-05
3.11037419e-05
2.75287882e-05
3.54255502e-05
5.08355172e-05
2.13303464e-05
3.45152077e-05
4.03517465e-05
5.2188303e-05
4.65151893e-05
2.86079777e-05
3.47936184e-05
3.51626655e-05
4.27014827e-05
1.99269916e-05
1.54717415e-05
3.12305045e-05
3.41949764e-05
3.8661485e-05
3.47962097e-05
4.23383319e-05
1.92439509e-05
2.31286955e-05
3.79431688e-05
4.65232422e-05
2.63773767e-05
3.29361363e-05
4.48277959e-05
5.13830392e-05
3.43124688e-05
3.3029109e-05
3.89090514e-05
1.8710998e-05
3.07715899e-05
3.61895107e-05
3.82327871e-05
2.69541588e-05
3.4596238e-05
5.02455154e-05
5.04091569e-05
2.70344622e-05
3.35872561e-05
3.52315285e-05
1.59361293e-05
3.21470264e-05
3.31773394e-05
3.95475669e-05
1.95973371e-05
3.43739266e-05
3.33746866e-05
3.97939188e-05
5.27033083e-05
4.63803811e-05
2.65189195e-05
3.35422164e-05
3.2335798e-05
4.71479069e-05
2.36787214e-05
3.21532399e-05
2.02549091e-05
3.57443259e-05
3.67389297e-05
4.3893654e-05
3.32414439e-05
3.28932781e-05
4.14288583e-05
1.65727074e-05
2.0941643e-05
3.63308071e-05
3.66692771e-05
4.45684763e-05
1.70110352e-05
2.99245568e-05
3.69909994e-05
3.72609302e-05
5.14715821e-05
3.69213465e-05
4.52774266e-05
2.3067811e-05
3.15041874e-05
5.14833559e-05
2.77165175e-05
3.57999703e-05
3.62457781e-05
2.405311e-05
3.28286163e-05
4.77453677e-05
3.86031043e-05
2.78234964e-05
3.87499738e-05
3.69160091e-05
1.94372402e-05
3.32478931e-05
3.17322754e-05
4.33414909e-05
2.10118367e-05
3.22374695e-05
3.3139328e-05
3.5347136e-05
4.35139105e-05
4.78897326e-05
2.57312133e-05
3.57565813e-05
3.73521419e-05
3.74943644e-05
4.84157047e-05
2.49914748e-05
3.55807864e-05
3.34049867e-05
2.27185232e-05
3.21376893e-05
3.65662264e-05
3.53416113e-05
4.60707263e-05
3.64231669e-05
3.10834116e-05
2.96889705e-05
3.4719394e-05
3.70948923e-05
3.97004683e-05
3.50724534e-05
3.26724931e-05
2.98644683e-05
3.27505328e-05
7.98883541e-05
8.90636779e-05
7.53464489e-05
7.624433e-05
6.90847782e-05
7.95717731e-05
7.69199283e-05
8.19643315e-05
9.12090113e-05
8.15085021e-05
6.79243435e-05
8.29151486e-05
8.03814318e-05
7.76780088e-05
9.10061914e-05
8.59292002e-05
9.70484947e-05
8.11807171e-05
9.30670262e-05
7.08840317e-05
8.50141449e-05
8.03432505e-05
8.13022149e-05
7.96058652e-05
9.46125056e-05
7.12905498e-05
8.1569795e-05
8.42406747e-05
6.77547887e-05
7.94290919e-05
8.04200193e-05
9.5530082e-05
7.16419343e-05
8.0604346e-05
8.08112984e-05
7.54985684e-05
8.50315372e-05
8.52775004e-05
6.71116172e-05
7.88938889e-05
7.80394297e-05
8.58778068e-05
9.44982285e-05
9.79959229e-05
8.1808264e-05
9.05751091e-05
7.18369952e-05
8.06797056e-05
7.94140276e-05
8.37874002e-05
8.48104634e-05
9.26445259e-05
6.90656641e-05
6.50285767e-05
7.9605014e-05
8.04360001e-05
8.92552986e-05
9.45591888e-05
7.02197288e-05
7.90819036e-05
7.41597232e-05
8.26567594e-05
8.14710235e-05
9.78175043e-05
6.43927833e-05
7.42592681e-05
8.01579628e-05
7.96703293e-05
8.2047354e-05
8.77493852e-05
9.2606774e-05
9.36541294e-05
9.04177005e-05
7.97137244e-05
7.92054299e-05
8.49665057e-05
6.94244867e-05
8.4036881e-05
8.25232799e-05
9.13426632e-05
6.68023829e-05
6.3029906e-05
7.94588765e-05
7.89563256e-05
8.68577379e-05
8.17865262e-05
8.00540082e-05
8.79279598e-05
6.33766304e-05
6.71017443e-05
8.30843327e-05
9.16433687e-05
6.4915454e-05
7.38294118e-05
7.88582284e-05
8.23554626e-05
8.20142524e-05
8.19242271e-05
8.05727752e-05
8.41796096e-05
7.68809478e-05
8.09639182e-05
6.96840282e-05
9.93679407e-05
7.52617604e-05
8.29062168e-05
8.12327713e-05
7.11924299e-05
7.97882669e-05
9.56428026e-05
8.45694034e-05
9.29429135e-05
6.87624033e-05
7.27797292e-05
8.10295751e-05
9.70979674e-05
6.70569556e-05
7.30994218e-05
7.43521533e-05
7.05931762e-05
6.29944409e-05
8.10981958e-05
8.89249276e-05
6.46018946e-05
7.66587082e-05
8.43256962e-05
8.17161978e-05
9.58982697e-05
7.15876218e-05
7.96414834e-05
7.63928652e-05
8.44154105e-05
0.000100540569
6.34316213e-05
6.92712802e-05
7.06222956e-05
6.67732403e-05
8.41816498e-05
9.25267119e-05
6.78299507e-05
6.34759673e-05
7.92471558e-05
8.7296516e-05
9.65205432e-05
7.23221774e-05
8.02018878e-05
7.72628955e-05
8.51250634e-05
6.30378782e-05
6.84866789e-05
6.98230484e-05
6.61238123e-05
8.49541205e-05
9.31903656e-05
6.85532866e-05
6.41028869e-05
8.02337806e-05
8.8197231e-05
9.42694765e-05
7.03768318e-05
7.88632527e-05
7.50901426e-05
8.2950987e-05
9.87838499e-05
6.45650402e-05
7.07962499e-05
7.21539274e-05
6.82748899e-05
6.13377989e-05
8.30779521e-05
9.08751032e-05
6.66955389e-05
6.26374618e-05
7.86542768e-05
8.15333679e-05
8.64537954e-05
8.27029036e-05
9.10046635e-05
6.655298e-05
7.03052885e-05
7.90244402e-05
9.45369244e-05
6.18242909e-05
7.00192605e-05
7.5918817e-05
7.72026704e-05
8.06250366e-05
7.36019056e-05
6.55467617e-05
7.88710404e-05
8.10868569e-05
8.65856102e-05
6.21306742e-05
7.44704652e-05
8.26450792e-05
9.87389584e-05
9.90657845e-05
7.52974465e-05
8.17497576e-05
8.3051309e-05
6.32717502e-05
7.993295e-05
8.12539042e-05
8.78357581e-05
6.92928241e-05
7.73158125e-05
8.17380595e-05
8.18193629e-05
8.26790053e-05
8.71265482e-05
8.79621125e-05
8.10942714e-05
8.1436014e-05
8.50901087e-05
7.4255961e-05
7.95304918e-05
6.405841e-05
9.5589355e-05
7.12361257e-05
7.95822271e-05
6.73438592e-05
8.30404231e-05
9.17703915e-05
8.0119766e-05
8.09604691e-05
8.91734832e-05
6.51617028e-05
6.88043896e-05
8.43100536e-05
8.56239208e-05
9.28110468e-05
7.02811282e-05
7.80999343e-05
8.00575007e-05
8.13054673e-05
8.69291915e-05
9.47618326e-05
9.91013119e-05
0.000100068585
9.69218622e-05
9.09438183e-05
7.49287896e-05
8.0802813e-05
8.17066877e-05
6.54633235e-05
7.54241582e-05
8.36471746e-05
8.40612978e-05
7.15206922e-05
7.94999472e-05
8.00031022e-05
9.5829973e-05
7.80687356e-05
7.59693502e-05
8.75209961e-05
6.43548567e-05
6.78066104e-05
8.17750988e-05
7.95076059e-05
9.12881628e-05
6.60667728e-05
7.7399363e-05
8.35694351e-05
8.55883233e-05
7.42778242e-05
9.46067168e-05
9.93358126e-05
8.04354691e-05
8.3886172e-05
9.05354651e-05
6.96505048e-05
8.1203423e-05
8.45172618e-05
9.55024065e-05
7.29939241e-05
8.41576201e-05
8.20406436e-05
6.95664836e-05
7.97878358e-05
7.87748589e-05
8.06338076e-05
9.30911437e-05
7.54406833e-05
7.70834738e-05
8.14079236e-05
8.30623033e-05
8.48900976e-05
8.14511399e-05
7.97581117e-05
0.000115170141
0.000126031063
0.000122854382
0.000128075657
0.000137219663
0.000127210133
0.000129528308
0.000118075045
0.000133816493
0.000128733164
0.000124929497
0.000138356891
0.000128782361
0.000141132139
0.000132313032
0.00014329556
0.000133011362
0.000143775864
0.000130791553
0.000142923304
0.000126527859
0.000139418013
0.000119757232
0.00013361527
0.00012792728
0.000114779832
0.000129497238
0.000126441038
0.000124150304
0.000139209579
0.000117385435
0.000127403764
0.000130262215
0.000120515517
0.000129284911
0.000109883802
0.000123926972
0.000123827272
0.000133586534
0.00014490847
0.000109288495
0.000113115206
0.000113891136
0.000111526412
0.000129224694
0.000139258252
0.000115816463
0.000123819182
0.000124980132
0.000112949846
0.000142689903
0.000118430176
0.000127022017
0.000121649893
0.000129437224
0.000128618469
0.000145267785
0.000129601955
0.000138211119
0.000114666542
0.000111569384
0.000127914304
0.000127215866
0.000135530718
0.000129972446
0.000128357083
0.000135829661
0.000111582062
0.000115536893
0.000124014716
0.00013910332
0.000125853967
0.000124048751
0.00013177162
0.000119349811
0.000127842878
0.000142834968
0.000140877966
0.000116776126
0.000125306744
0.000121147193
0.000128994767
0.000145027568
0.000129229323
0.00013668822
0.0001131211
0.000108517267
0.000128529038
0.000125641699
0.000133272702
0.000144254742
0.000120206632
0.000128082739
0.000127218644
0.000124018481
0.000131585014
0.000139670919
0.000115891643
0.000123785637
0.000111779823
0.000127888098
0.000135796017
0.000144940866
0.000120928611
0.000128756838
0.000108110821
0.000124131006
0.000132119215
0.000140271562
0.00011591353
0.000123993775
0.000112390485
0.00012861798
0.000136570464
0.000142871631
0.000118871496
0.00012686274
0.000123171133
0.000127713584
0.000130642126
0.000146566904
0.000130589221
0.000138707845
0.000115271724
0.000110731244
0.000126641448
0.000134743154
0.000130299189
0.000138725861
0.00011485218
0.000118285809
0.000126633729
0.000142622656
0.000126493378
0.000134405376
0.000110832691
0.000122775724
0.000128102417
0.00013025363
0.000146259395
0.000123607106
0.000129781035
0.000131280096
0.000112514253
0.000127255487
0.000128615031
0.000135451785
0.000142553286
0.000119219482
0.000125807576
0.000127767754
0.000115910143
0.000130778467
0.000139477451
0.000128309397
0.000129176433
0.000136043164
0.000112929524
0.000116002387
0.00012488934
0.000139416082
0.000124557095
0.000124627044
0.000132301491
0.000108451926
0.000119952793
0.000128070932
0.000128596456
0.000111053734
0.000114366883
0.000123737815
0.000127456437
0.00012583664
0.000137150286
0.000113872361
0.00012426244
0.000117712828
0.000128767673
0.000122284047
0.000132307746
0.000123177098
0.000133124738
0.000120519055
0.00013075962
0.000115174622
0.000126681627
0.000130345156
0.00014236567
0.000118720245
0.000129259908
0.000127237185
0.000122878286
0.000127403467
0.000129657787
0.000133877192
0.000133222144
0.000129364739
0.000126507961
0.000124109549
0.000159096494
0.000169570899
0.000164322727
0.000174469123
0.00017750826
0.000170968693
0.000185022841
0.000173863815
0.000188657594
0.000175488645
0.00017608985
0.000175441431
0.000175070484
0.000173961212
0.000171837281
0.000187014389
0.00016726152
0.000172872697
0.000182179831
0.000160656029
0.000173430091
0.000167038198
0.000175332292
0.000176132136
0.000187912591
0.000173721134
0.000175356954
0.000183076337
0.000161917542
0.000168451941
0.000175796863
0.000174927887
0.000189544675
0.000176500849
0.000175948954
0.000183679939
0.000161323816
0.000158075559
0.000162571803
0.000177181671
0.000185052807
0.000191975626
0.000169940822
0.000177368994
0.00017583874
0.00015474915
0.000164628275
0.000168227811
0.000175883087
0.000190893912
0.000175833023
0.000183413382
0.000160571774
0.000156666123
0.000169492446
0.000155640161
0.000174438471
0.000171324435
0.000178825966
0.000193694737
0.000186210598
0.000163217152
0.000171293407
0.000159377576
0.000170137507
0.000155765657
0.000171061684
0.000178847049
0.000187087852
0.000163643083
0.000171232539
0.00016024205
0.000167758513
0.00017027865
0.000174663401
0.000177429584
0.000192640963
0.000177099488
0.000184585207
0.000162270375
0.000158424437
0.000161163371
0.000166289242
0.00017394617
0.000188125135
0.000173829061
0.000175610095
0.000181038714
0.000158381292
0.00015468616
0.000158319368
0.000173807999
0.000174948787
0.000181003386
0.000188113155
0.000165849709
0.000173954789
0.000162628668
0.000176923457
0.000176173356
0.000184216237
0.00018963119
0.00016844153
0.00017644058
0.000176361136
0.000155567297
0.000159681338
0.000172270532
0.000170208141
0.000181530319
0.000177275771
0.000188122808
0.000173213399
0.000184925509
0.000163916469
0.000173932112
0.000171664643
0.000171098726
0.00017386099
0.000175251579
0.000176132657
0.000175671275
0.000175144795
0.000173761141
0.000171117045
0.000167232352
0.000207249853
0.000218701657
0.000208984594
0.000221073637
0.000209083925
0.000221288406
0.000207770667
0.000220254905
0.000205764396
0.000215791495
0.000207810881
0.000217073611
0.000218806164
0.000224969489
0.000222881998
0.000232179966
0.00023728254
0.000234551832
0.000220555037
0.000229360675
0.000211864443
0.000218758855
0.000220091574
0.000202580939
0.000210105911
0.000222232778
0.000222439898
0.000228681743
0.000238370911
0.000233530108
0.000216283888
0.000222534231
0.000222479707
0.000203615213
0.000205731095
0.000220366065
0.00021960582
0.000225675863
0.000237713993
0.00023179954
0.000212927709
0.000219753167
0.000212309412
0.000219078808
0.000231098434
0.000237584873
0.000220870871
0.000219153648
0.000225143148
0.000204904603
0.000215005355
0.000221738962
0.000234874426
0.000221733046
0.000227989534
0.000207496918
0.000201106119
0.000215904552
0.000222522453
0.00023517692
0.000222334865
0.0002287582
0.000208032552
0.000213900602
0.000220462284
0.000233765223
0.000239696667
0.000220398983
0.000226708158
0.00020668933
0.000209344062
0.000221889003
0.000228552508
0.000235241551
0.000216033216
0.000220910391
0.000222122842
0.000202272003
0.000202615039
0.000215126755
0.000220528051
0.00022161343
0.000233468169
0.00023852683
0.000221632485
0.000222382207
0.000227791188
0.000208801267
0.000203937048
0.000215171793
0.000222360167
0.000221427103
0.000232102232
0.000236432499
0.000221638682
0.000220479027
0.00022747299
0.000209762145
0.000208041343
0.000217485679
0.000212944071
0.000223175168
0.000219491864
0.000218604094
0.000229384214
0.000220999247
0.000231604516
0.00022161709
0.000232088586
0.000220155952
0.000230966719
0.000219419627
0.00021631523
0.000226621169
0.000210572974
0.000220444419
0.000204404489
0.000248301319
0.000248994614
0.000247047455
0.000252254776
0.000258981072
0.000262337804
0.000267748462
0.000263097521
0.000268288612
0.000261050505
0.000266548955
0.000256065425
0.000248524837
0.00025323289
0.000262149818
0.000266508289
0.000266531014
0.000268327449
0.000272501793
0.000276405424
0.000277221554
0.000274650962
0.000266313728
0.000266175216
0.000270125797
0.000258520439
0.000248540918
0.000248912123
0.000259858779
0.000268486576
0.000272554857
0.000279224925
0.000283504138
0.000284354596
0.000281683382
0.000275958545
0.000264161696
0.0002689379
0.000267698979
0.000254522079
0.000251832509
0.00026327403
0.000267876979
0.000275871129
0.000283132592
0.000287507437
0.000288374277
0.00028566979
0.000279835992
0.000267799215
0.000271897805
0.000258099006
0.000246037807
0.000252826165
0.000264365506
0.00026876386
0.000276717129
0.000283975152
0.000288335899
0.00028919446
0.000286514869
0.000280620965
0.000268483867
0.000272517908
0.000258758681
0.000246732806
0.00025061101
0.000261712723
0.000266648414
0.000274369811
0.000281606822
0.000285961239
0.000286796767
0.00028412826
0.000278296915
0.000267088866
0.000267776571
0.000271142544
0.000256749546
0.000246905692
0.000257096676
0.000266085659
0.000266665584
0.000270643738
0.000276292387
0.000280346556
0.00028116442
0.000278553981
0.000273164938
0.000261662689
0.000266144045
0.000251587714
0.000249331423
0.000258183787
0.000263786065
0.000268258198
0.000267344916
0.000267771636
0.000272056521
0.000268534833
0.00027281576
0.000267692086
0.000266748605
0.000271056798
0.000261365315
0.000266308821
0.000253612316
0.000246654449
0.000252110264
0.000255695489
0.000256565025
0.000253948401
0.000249692616
-0.000249469739
-0.00025194587
-0.00025365779
-0.000248963708
-0.000255199916
-0.000256473942
-0.000248622998
-0.000256582161
-0.000255963898
-0.000254298519
-0.000252472533
-0.000250466322
-0.000247760872
-0.000247630732
-0.000250434553
-0.000247481672
-0.000252594498
-0.00025441552
-0.000248932451
-0.000256098988
-0.000256583749
-0.00024825435
-0.000256302747
-0.000255018973
-0.000253583234
-0.00025193215
-0.000249287735
-0.000248254706
-0.000248482533
-0.000252668816
-0.000255089209
-0.000257100397
-0.000265542962
-0.000260676598
-0.000270375722
-0.000265987993
-0.00026052075
-0.000267097082
-0.000267783047
-0.000263437859
-0.000271804361
-0.000272690759
-0.000267266699
-0.000268287594
-0.000263160756
-0.00027279004
-0.000272279798
-0.000268445636
-0.000267868201
-0.000262695668
-0.000270938431
-0.000269337367
-0.000266507815
-0.000265131865
-0.0002595289
-0.000265987431
-0.000253424727
-0.000266479632
-0.000261949511
-0.000258952397
-0.00025475144
-0.000250577088
-0.000249937709
-0.000250757585
-0.000254685983
-0.000257094163
-0.000259058067
-0.000265788299
-0.000266737343
-0.000262096939
-0.000269376032
-0.000271086933
-0.000265157974
-0.000266577458
-0.000261256471
-0.000272332686
-0.000272883049
-0.00026783416
-0.000268505746
-0.00026331208
-0.00027272731
-0.000271900066
-0.000268291588
-0.000267298673
-0.000261864647
-0.000270528654
-0.000266200723
-0.000258552682
-0.000267334817
-0.00026753292
-0.000263407795
-0.000251365623
-0.000265186172
-0.000260607251
-0.000257100056
-0.00025245334
-0.000248244587
-0.000247436814
-0.000250396884
-0.000257056009
-0.000255588057
-0.00026493307
-0.000260052847
-0.000269693471
-0.000269453417
-0.000272410719
-0.000265569692
-0.000265440198
-0.000274035042
-0.00027546032
-0.000277964753
-0.00027708857
-0.000280010723
-0.000281089688
-0.00027666287
-0.000281249727
-0.000280664545
-0.000272939799
-0.000279106094
-0.000276761554
-0.000273921545
-0.000270892179
-0.000267116682
-0.000267294556
-0.000262904987
-0.000266976018
-0.000254631285
-0.00026646623
-0.00026285127
-0.0002587027
-0.000252942233
-0.000248039873
-0.000249946365
-0.000248091199
-0.000253093514
-0.000259377859
-0.000258574295
-0.000266923236
-0.000266417298
-0.000262669979
-0.00027079884
-0.000270882446
-0.000273859096
-0.000267275438
-0.00026721822
-0.000275289132
-0.000276821903
-0.000279117492
-0.00027723495
-0.000280654282
-0.000281242788
-0.000276150729
-0.00028107393
-0.000279998538
-0.000271810177
-0.000277969687
-0.000275564455
-0.000272394825
-0.000269269158
-0.000265441828
-0.000265439307
-0.000261144778
-0.000265207921
-0.000251834372
-0.00026051361
-0.000255645297
-0.000250192239
-0.000252944802
-0.000249647624
-0.000255391264
-0.000269669266
-0.000266799247
-0.000267086148
-0.000262675899
-0.000265699679
-0.000260876944
-0.000275139016
-0.000273297227
-0.000277351202
-0.0002811345
-0.00028084223
-0.000283548338
-0.000284277644
-0.000285627012
-0.000286729576
-0.000283842403
-0.000286875186
-0.000286256234
-0.000279886237
-0.0002846556
-0.000282272109
-0.000273172799
-0.000279186199
-0.000275451262
-0.000271722151
-0.000265960036
-0.000261254792
-0.000267669433
-0.000263178436
-0.000250104199
-0.000258025501
-0.000252040965
-0.000246467505
-0.000246986906
-0.000255874214
-0.000252260085
-0.000257993473
-0.000269671735
-0.0002715347
-0.000265937241
-0.000267702376
-0.000263247413
-0.000276857138
-0.000275409808
-0.00027916863
-0.000282229997
-0.000282279194
-0.000284683599
-0.000284429394
-0.000286247022
-0.000286851204
-0.000283170597
-0.000286698742
-0.000285615802
-0.000278481124
-0.000283548442
-0.000280837403
-0.000271422366
-0.000277341185
-0.000273335977
-0.00026725043
-0.000269709983
-0.000266416911
-0.000258653776
-0.000265533084
-0.000260831969
-0.000247902586
-0.000255322349
-0.000249560503
-0.000256789469
-0.000251580349
-0.000257499283
-0.000270555147
-0.00027123139
-0.000266451342
-0.00026701957
-0.000262700532
-0.000278886636
-0.000275563674
-0.000279681223
-0.000285087488
-0.000283203835
-0.000285910108
-0.000288285194
-0.000287997213
-0.00028910027
-0.000287822304
-0.000289257459
-0.000288653695
-0.000283828129
-0.000287065598
-0.000284647982
-0.000276853629
-0.000281486016
-0.00027754762
-0.000273372925
-0.00026934711
-0.00026859612
-0.000266772991
-0.000264097351
-0.000264839163
-0.000253686192
-0.000260173637
-0.000254460741
-0.000248274311
-0.000247936262
-0.000248499449
-0.000259613353
-0.000254365017
-0.000265077751
-0.00026023918
-0.000272703777
-0.000269363221
-0.000273328922
-0.00026853842
-0.000266910842
-0.000280705599
-0.000277622299
-0.000281500387
-0.000286235522
-0.000284654845
-0.000287056548
-0.000288411596
-0.000288654522
-0.000289258519
-0.000287174705
-0.000289099318
-0.000287995891
-0.000282401133
-0.000285932558
-0.000283217276
-0.000274825958
-0.000279664634
-0.000275545255
-0.000271395072
-0.000266665736
-0.000262008393
-0.000267317928
-0.000262774508
-0.000250897614
-0.000257395843
-0.000251624629
-0.000257420825
-0.000250906664
-0.000256619586
-0.00027132259
-0.00027071379
-0.000266919032
-0.000266417143
-0.000261811572
-0.000279681244
-0.000274806876
-0.000278869761
-0.000285918349
-0.000282403113
-0.000285113053
-0.000289099892
-0.000287184766
-0.000288281467
-0.000288641023
-0.000288437021
-0.000287809276
-0.000284658364
-0.000286217689
-0.000283844782
-0.000277550789
-0.000280691397
-0.000276846162
-0.00026936375
-0.000272623797
-0.000266940921
-0.000265070558
-0.000268501018
-0.000264290835
-0.000254488057
-0.000259591003
-0.000253686652
-0.00024776269
-0.000248663409
-0.000247914197
-0.000264846502
-0.000260131085
-0.00025365283
-0.000259508919
-0.000273291103
-0.00027263764
-0.000266701297
-0.000268406027
-0.000264065999
-0.000281496807
-0.000276819224
-0.000280699758
-0.000287064487
-0.000283837517
-0.000286238874
-0.000289259305
-0.000287834287
-0.000288418911
-0.000287992419
-0.000288273554
-0.000287161846
-0.000283189726
-0.000285062516
-0.000282356692
-0.000275484125
-0.000278846429
-0.000274717425
-0.000270668419
-0.000267385694
-0.000262788542
-0.000266593616
-0.000261949867
-0.000251639574
-0.00025664468
-0.000250844478
-0.000255260186
-0.000247836901
-0.000252850596
-0.000269771806
-0.000265732606
-0.000266559903
-0.000258834569
-0.000267177248
-0.000263208076
-0.000277334651
-0.000271171671
-0.000275078714
-0.000283554276
-0.000278487732
-0.000281116871
-0.000286710612
-0.000283172442
-0.000284252925
-0.000286262685
-0.000284406355
-0.000283822142
-0.000282272973
-0.000282239237
-0.000279862668
-0.000275383585
-0.000276841663
-0.000273057129
-0.00026976292
-0.000267588399
-0.000263283081
-0.000266141932
-0.000266690574
-0.000261486269
-0.000251917974
-0.000255988342
-0.000250470542
-0.000246581348
-0.000258030431
-0.00025046006
-0.000256015064
-0.00027148465
-0.000269823869
-0.000267407598
-0.000265875485
-0.000261361615
-0.000266390106
-0.000279195228
-0.000273304355
-0.000276905614
-0.000284670576
-0.000279868504
-0.00028223527
-0.000286849693
-0.000283807124
-0.000284430993
-0.000285601682
-0.000284265746
-0.000283156292
-0.000280832628
-0.000281129018
-0.000278480113
-0.000273190127
-0.00027505458
-0.000271211443
-0.000267199805
-0.000265572218
-0.000266538715
-0.000260784843
-0.000262966303
-0.000258650555
-0.000249458815
-0.00025285666
-0.000247728813
-0.000250298223
-0.000247338036
-0.000265376064
-0.00026094563
-0.000252000261
-0.0002572756
-0.000272123091
-0.000269183444
-0.00026536274
-0.000265269092
-0.000261079466
-0.000265409101
-0.000277984691
-0.000271660653
-0.000273975703
-0.000267546709
-0.000281073349
-0.000276075395
-0.00027712065
-0.000280635875
-0.000277219686
-0.00027666547
-0.000276757509
-0.000275183857
-0.000272926983
-0.000271018466
-0.000270745873
-0.000267587673
-0.000267116546
-0.000267351584
-0.000266695893
-0.000263305782
-0.00025867032
-0.000259547203
-0.000254583275
-0.000248545654
-0.000250085742
-0.00025313452
-0.000249860903
-0.000266896764
-0.000262630032
-0.000254560245
-0.000259454269
-0.00027389295
-0.000270790752
-0.000267213799
-0.00026723663
-0.000263095652
-0.000266773455
-0.000279087327
-0.000272907171
-0.000275173627
-0.000281246369
-0.000276618105
-0.000277222574
-0.000279995359
-0.000277080568
-0.000276095027
-0.00027557554
-0.000274015492
-0.000271830137
-0.000267497499
-0.000269485594
-0.000269442774
-0.000265833873
-0.000265673977
-0.000265448468
-0.000265284149
-0.000261179556
-0.000255722022
-0.00025726504
-0.000252034877
-0.000247592705
-0.000252397284
-0.000247819492
-0.000260608739
-0.000251435919
-0.000254886322
-0.000270508794
-0.000267316
-0.000266414654
-0.000258421939
-0.000260736771
-0.000272752547
-0.000267540525
-0.000268454252
-0.000262327299
-0.000263124461
-0.000272282671
-0.000268526225
-0.000267877257
-0.000263222328
-0.000262748641
-0.000269147518
-0.000266620231
-0.000265008681
-0.000265805442
-0.000261384401
-0.000259626795
-0.000259214135
-0.000257075726
-0.000253243032
-0.000250625264
-0.000249754562
-0.000254791843
-0.000249782043
-0.000265802513
-0.00026213625
-0.00025324758
-0.000257016478
-0.000271176262
-0.000265025711
-0.000266641385
-0.000259297358
-0.000261079367
-0.000272819044
-0.000267966013
-0.000268482975
-0.000262753129
-0.000263348195
-0.000271781132
-0.000268329946
-0.000267356739
-0.000263130264
-0.000262158849
-0.000267095157
-0.000265992971
-0.000263404502
-0.0002606682
-0.000258539504
-0.000257219841
-0.000255021372
-0.000251474179
-0.000248036816
-0.00024810645
-0.000249372741
-0.000253665004
-0.000256241809
-0.000248144588
-0.000248914835
-0.000255980524
-0.000249130202
-0.000248392111
-0.000252531982
-0.000247278562
-0.000247612536
-0.000250439222
-0.000254207249
-0.000246937986
-0.000256633401
-0.000248503838
-0.000249236358
-0.000255175778
-0.000249082347
-0.000248218514
-0.000251934461
-0.000207240298
-0.000220190963
-0.000210614805
-0.000225800567
-0.000215543033
-0.000205821477
-0.000218496766
-0.000222272067
-0.000212133819
-0.000228285582
-0.000230856694
-0.000218104286
-0.000220079007
-0.000207937659
-0.000232123704
-0.000232080136
-0.000240979388
-0.000221170681
-0.000221287231
-0.0002090628
-0.000232075472
-0.000231832646
-0.000240844251
-0.000221520383
-0.00022139635
-0.00020920637
-0.000231263519
-0.000229633985
-0.000220230875
-0.000218619913
-0.000206513588
-0.000227084076
-0.000216560554
-0.000220064951
-0.000223909194
-0.000213673151
-0.000221299382
-0.000211317577
-0.000218005246
-0.000208686065
-0.000205344797
-0.000205033144
-0.000218502425
-0.000208787163
-0.000221812657
-0.000211620189
-0.000227082262
-0.000216610574
-0.000206298779
-0.00022007355
-0.000224069256
-0.000213509479
-0.000229777384
-0.000231534858
-0.000240011653
-0.000218969165
-0.000220673914
-0.000208430557
-0.000231844493
-0.000232156849
-0.000241040447
-0.000221355287
-0.000221499891
-0.000209251224
-0.000232075307
-0.000231952148
-0.000240681654
-0.000221625516
-0.000221089017
-0.0002087671
-0.000230632283
-0.000228265488
-0.000219747049
-0.000217931544
-0.000206353673
-0.00022597982
-0.000215796544
-0.000219142717
-0.000222737904
-0.000212771357
-0.000220150133
-0.000210702719
-0.000207104765
-0.000202524516
-0.000208366757
-0.000226409316
-0.000219770816
-0.00021135917
-0.000220122781
-0.000220562736
-0.000213366587
-0.000228387571
-0.000231019226
-0.000234838377
-0.000241946479
-0.000222045523
-0.000223455873
-0.000243055822
-0.000234676223
-0.000244366305
-0.000238801139
-0.000246606118
-0.000239180157
-0.000245562853
-0.000238176176
-0.000241156013
-0.000233014957
-0.000242615219
-0.000226119024
-0.000237400112
-0.000233159446
-0.000219629007
-0.000228285059
-0.000223781294
-0.000220877445
-0.000217099802
-0.000208577862
-0.00021759971
-0.0002181829
-0.000210790091
-0.000205920374
-0.000204452237
-0.000205902916
-0.000217626872
-0.000218040839
-0.000210690458
-0.000224041504
-0.000228188997
-0.000217149317
-0.000220932171
-0.00021965213
-0.000212775308
-0.000230683625
-0.000233162388
-0.000237588382
-0.000242721052
-0.000244165545
-0.000243334709
-0.000235100996
-0.00024519509
-0.000237199478
-0.000231492632
-0.000244342937
-0.000239151323
-0.000245384713
-0.000235179207
-0.000231223725
-0.000221864476
-0.000223430272
-0.00021563641
-0.000226532425
-0.000219880513
-0.000206831433
-0.000220116184
-0.000220538634
-0.000213209679
-0.000208235692
-0.000202644225
-0.000202391665
-0.000207189407
-0.000226400716
-0.000220810835
-0.000220833984
-0.000214366868
-0.000219973552
-0.000219232571
-0.000213462803
-0.000232269515
-0.000231981208
-0.000237294071
-0.000243082247
-0.000242388756
-0.000245387233
-0.000239464613
-0.000245614701
-0.000229352681
-0.000240411764
-0.000235178523
-0.000228864069
-0.000218527316
-0.000211383382
-0.00022234604
-0.000221859333
-0.000216165556
-0.000210210023
-0.00020372252
-0.000205479937
-0.000203530607
-0.000210261636
-0.000224413993
-0.000228759635
-0.000218428426
-0.000222462477
-0.000221943113
-0.000216694066
-0.000235211542
-0.000234998849
-0.00024016775
-0.000245741468
-0.00024523373
-0.000243394274
-0.000237467752
-0.000243168928
-0.000227080773
-0.000237682082
-0.000232019512
-0.000220773696
-0.000226212935
-0.000220649024
-0.00020867112
-0.000220091752
-0.000219072269
-0.00021367373
-0.00020723221
-0.000218358498
-0.000210998739
-0.000207199736
-0.000220911468
-0.000214267065
-0.000229970802
-0.000227367196
-0.000233949919
-0.000244911493
-0.000239489699
-0.00024400934
-0.000239370131
-0.000242897272
-0.000227117492
-0.000237028055
-0.000230238882
-0.000220743986
-0.000224352726
-0.000219433685
-0.000207914225
-0.000218166482
-0.000211440124
-0.000204270634
-0.000200711743
-0.000204055082
-0.000224369649
-0.000219903921
-0.000220862738
-0.000214537704
-0.000218428557
-0.000211455863
-0.000233043952
-0.000229994174
-0.000236890497
-0.000242826202
-0.000236320078
-0.000244630832
-0.000239349116
-0.000244000774
-0.000224409258
-0.000234005181
-0.000227537727
-0.00021827312
-0.000221080352
-0.000204327885
-0.000214366127
-0.000207190972
-0.000202989103
-0.000204886558
-0.000225169553
-0.000221260611
-0.000223029167
-0.000216687498
-0.000219189339
-0.000212421398
-0.000236498486
-0.0002313632
-0.000238303948
-0.000244154024
-0.00023335029
-0.000241231253
-0.000235367449
-0.000228588218
-0.000220392967
-0.000213489014
-0.000221893637
-0.000215079587
-0.000207908599
-0.000200872741
-0.000206223322
-0.000201345988
-0.000207942917
-0.0002264408
-0.000228530736
-0.000220268894
-0.000221815543
-0.000215078571
-0.000243140057
-0.000239166794
-0.000241294718
-0.000235157569
-0.000244147312
-0.000229472953
-0.000238307641
-0.0002314241
-0.000223020471
-0.000225340203
-0.00022110278
-0.000210045853
-0.000219289536
-0.000212362838
-0.000204941537
-0.000206015273
-0.000206661346
-0.000226157786
-0.000226976881
-0.000219945837
-0.00022064187
-0.0002140543
-0.000239853251
-0.00023389851
-0.000240763159
-0.000246312622
-0.000236357079
-0.000242610134
-0.000236797619
-0.00022983553
-0.000223532931
-0.000222790912
-0.000220254163
-0.000216421835
-0.000217326573
-0.000202310269
-0.000210561888
-0.000202810199
-0.000209848055
-0.000202876004
-0.000217239079
-0.000210552288
-0.000229444907
-0.000223587402
-0.000229927806
-0.000222638428
-0.000220125858
-0.000242803272
-0.000236682468
-0.00024619012
-0.000233095784
-0.000240473633
-0.00023379485
-0.000226780763
-0.000219998506
-0.00021322939
-0.000220320116
-0.000213937172
-0.000206672888
-0.000206720696
-0.000206054375
-0.000226912676
-0.000226161822
-0.00022052595
-0.000219810728
-0.000213311468
-0.000240771305
-0.000233107672
-0.000239861981
-0.000245530534
-0.000236684926
-0.000241976035
-0.000236029698
-0.000223459579
-0.000229389868
-0.000220082763
-0.000217080993
-0.00022309257
-0.000216863204
-0.000202891004
-0.000210051089
-0.000202319445
-0.000217302303
-0.000210502156
-0.000202209578
-0.000209907579
-0.00022993653
-0.000229324558
-0.000220238058
-0.000222999503
-0.000216675333
-0.000242288497
-0.000236147282
-0.000245413096
-0.000233953908
-0.000239798886
-0.000233252865
-0.000226643956
-0.000220463959
-0.000214091415
-0.000220227487
-0.000213412707
-0.000206071131
-0.000205010842
-0.000203332768
-0.000225150983
-0.000219044128
-0.000221162988
-0.00021018572
-0.000222961631
-0.00021689072
-0.000238417349
-0.00022942619
-0.000236536722
-0.000242608108
-0.000244950566
-0.000235192427
-0.000239116568
-0.000233360641
-0.000226762847
-0.000222174662
-0.000215541436
-0.000220365543
-0.000213512016
-0.000201216908
-0.000205970964
-0.000208096749
-0.000206165653
-0.000228471528
-0.000226590527
-0.000222085557
-0.000220170505
-0.000213599839
-0.000242757835
-0.000233462922
-0.000238960468
-0.000244581595
-0.000242670644
-0.0002439516
-0.00023138168
-0.00023664557
-0.000229474851
-0.000222836256
-0.000219416501
-0.0002210316
-0.000212280091
-0.00021666384
-0.000210046661
-0.000203215273
-0.000220852424
-0.000214446715
-0.000204481746
-0.000218258004
-0.000210998962
-0.000233868695
-0.00022433218
-0.000229895313
-0.00021900243
-0.000242368686
-0.000236393314
-0.000242573685
-0.00024369453
-0.000244620586
-0.000238872796
-0.000230084601
-0.000233157784
-0.000227015665
-0.000220568288
-0.000221903848
-0.000218414796
-0.000219540623
-0.00021145423
-0.000214187454
-0.0002078149
-0.000201316882
-0.00020390175
-0.000200823232
-0.000224202809
-0.000218139843
-0.000219652017
-0.000207647363
-0.000220917724
-0.000214594471
-0.000236804095
-0.00022705549
-0.000233200864
-0.000222013771
-0.000244573105
-0.000239028744
-0.000245383431
-0.000239490164
-0.000242454137
-0.00023637745
-0.000227400137
-0.000229834523
-0.000224079177
-0.00022088602
-0.000218099117
-0.000218695482
-0.000207365081
-0.000210982759
-0.000204714781
-0.000207166364
-0.000202377287
-0.000225928803
-0.000219740917
-0.000220578743
-0.00020865588
-0.000220691548
-0.000214487804
-0.000237448258
-0.000226828129
-0.000232211367
-0.000220295446
-0.000242655853
-0.000237362628
-0.000242197833
-0.00024548703
-0.000244871444
-0.000239775737
-0.000235107084
-0.000235379027
-0.000229210202
-0.000224253895
-0.000222467425
-0.000216402367
-0.000218588783
-0.00021802442
-0.000211411309
-0.000203679943
-0.000205244007
-0.000210306507
-0.000205482518
-0.000228803396
-0.000224202974
-0.000222379389
-0.000218147019
-0.000211391177
-0.000217745892
-0.00024049153
-0.000229510846
-0.000235278581
-0.000244729813
-0.000239676428
-0.00024379171
-0.000245047939
-0.000243141711
-0.000242679456
-0.000237313565
-0.000231941801
-0.000232352392
-0.000226761437
-0.000220523972
-0.000220203793
-0.00021971909
-0.000220666608
-0.000213496329
-0.000214510497
-0.000208413992
-0.000202382924
-0.000208297387
-0.000226388856
-0.000219715304
-0.00021981624
-0.000206837657
-0.000211271761
-0.000235127687
-0.000228258742
-0.000223855522
-0.00022234006
-0.000216094957
-0.000220340271
-0.000242921586
-0.000231661761
-0.000234558906
-0.000222558879
-0.000246743505
-0.000237197346
-0.000239475
-0.000244138037
-0.000241039591
-0.000240660491
-0.000245469605
-0.000242902319
-0.000238031275
-0.000241349513
-0.000235311781
-0.000233092204
-0.000223931695
-0.000233196545
-0.000230439951
-0.000226045436
-0.000221398598
-0.000219653391
-0.000218262822
-0.000223957271
-0.000220757269
-0.000217134122
-0.000217598949
-0.000212645875
-0.000208712965
-0.000205954091
-0.000204826566
-0.000217655438
-0.000210671841
-0.00020463291
-0.000228166138
-0.000217230773
-0.00022081176
-0.000208759382
-0.000219879551
-0.000212802031
-0.000237407034
-0.000226220017
-0.000230480257
-0.000218374332
-0.000221543167
-0.000243626971
-0.00023306736
-0.000235331611
-0.000223779806
-0.000242649548
-0.000238126753
-0.000239638054
-0.000241162149
-0.000243781283
-0.000240704241
-0.000244887361
-0.000239119508
-0.000237202677
-0.000238692031
-0.000234474687
-0.000231630754
-0.000222544982
-0.000231006916
-0.000228169536
-0.000223641277
-0.000222355722
-0.000220346155
-0.000216178353
-0.000220010411
-0.000219856878
-0.000213003144
-0.000211291775
-0.000206717716
-0.000202557733
-0.000210777822
-0.000226131974
-0.000219055621
-0.000215950885
-0.000205863349
-0.000230975393
-0.000218165827
-0.000219882687
-0.000206321779
-0.000207303085
-0.000232099006
-0.000221088685
-0.000221525112
-0.000208524474
-0.000209245272
-0.000231945694
-0.000221609145
-0.000221189784
-0.000209364636
-0.000209026234
-0.000229815535
-0.000220323603
-0.000218972492
-0.000208101137
-0.000206514243
-0.000219897832
-0.000216483078
-0.000213573185
-0.000205711183
-0.000208870379
-0.000205445695
-0.000211499476
-0.000227070389
-0.000219665812
-0.000216808247
-0.000206516296
-0.000231348577
-0.000219100838
-0.000220294409
-0.000207419034
-0.000208212425
-0.000232144679
-0.000221308774
-0.000221606847
-0.00020913392
-0.000209321816
-0.000232096858
-0.000221425988
-0.000221188671
-0.00020907078
-0.00020849092
-0.000228312255
-0.000219973225
-0.000217903887
-0.00020746443
-0.000206553563
-0.000219059602
-0.000215698983
-0.000212458755
-0.000205359035
-0.000207452122
-0.000169391673
-0.000170695596
-0.000192325229
-0.000173109336
-0.0001744406
-0.000193394662
-0.000174596472
-0.000175366492
-0.000194114629
-0.000175676134
-0.000175471907
-0.000193708085
-0.000175359665
-0.000175132866
-0.00019167009
-0.000174816272
-0.000173486828
-0.000173532366
-0.000172924731
-0.000170505497
-0.000169004089
-0.000168167157
-0.000168363269
-0.000169340169
-0.000170933771
-0.000192774321
-0.000173606161
-0.000175256996
-0.000193603818
-0.000175834173
-0.000176031508
-0.000193978573
-0.000175676217
-0.000175488397
-0.000193836639
-0.000175419616
-0.000175681166
-0.000191759093
-0.000174987624
-0.000173604378
-0.000173641346
-0.000172814658
-0.000170767708
-0.000169781262
-0.000158520437
-0.000173049961
-0.00016303434
-0.00018411693
-0.000172266999
-0.000161058061
-0.000174806672
-0.000177330422
-0.000166711038
-0.000192495055
-0.000182424568
-0.000194734177
-0.000187761248
-0.000202772959
-0.000173740319
-0.00017676053
-0.000168960123
-0.000198853372
-0.000185871922
-0.000201734305
-0.000188279232
-0.000197094466
-0.000184358967
-0.000196400518
-0.000188949451
-0.000199197114
-0.000173737428
-0.000177664247
-0.000163724845
-0.000186242271
-0.000181628644
-0.000174145769
-0.000170028536
-0.000159023634
-0.00017217791
-0.000174341628
-0.000164089416
-0.000169222759
-0.00016047549
-0.000169640127
-0.000160586778
-0.000172481256
-0.000174606663
-0.000164607546
-0.000181698034
-0.00018605053
-0.000195701071
-0.000170442057
-0.000174691742
-0.000161905064
-0.000193859586
-0.000182762772
-0.000196404825
-0.000189075845
-0.000173867502
-0.000177748676
-0.000199896577
-0.00018693677
-0.000201597496
-0.000188424677
-0.000196078173
-0.000184192889
-0.000195079129
-0.000202574821
-0.000188203759
-0.000198067282
-0.000173596217
-0.000168639443
-0.000176652148
-0.000163894152
-0.000184029701
-0.000172569003
-0.000174632624
-0.000177386767
-0.000166713466
-0.000173500147
-0.000163181208
-0.00015804789
-0.000160265874
-0.00016088737
-0.000175023298
-0.000174755076
-0.000167083543
-0.000182232319
-0.00018282911
-0.000187869548
-0.000195297899
-0.000195373164
-0.000174086875
-0.00017471169
-0.000200292145
-0.000191574099
-0.000198033272
-0.000189237364
-0.000198954696
-0.000178086435
-0.000191811166
-0.000185139912
-0.000170018633
-0.000178836677
-0.000171397072
-0.000157207764
-0.000172104001
-0.000163879296
-0.000156884972
-0.000157033963
-0.000178846654
-0.000171274861
-0.00016999105
-0.000162711776
-0.000172083376
-0.000163700789
-0.000184123216
-0.000185067155
-0.000191805687
-0.000198781264
-0.000199109009
-0.000195313411
-0.000186801291
-0.000195885188
-0.000188320977
-0.000182627561
-0.000173903513
-0.000174673487
-0.000165664838
-0.000174787041
-0.000174541384
-0.000166874177
-0.000161000587
-0.000159711286
-0.000156970564
-0.000171965507
-0.000164017175
-0.000181137715
-0.000179239272
-0.000186334392
-0.000173960021
-0.000173277017
-0.000199845688
-0.000193118391
-0.000197929243
-0.000191427386
-0.000196852987
-0.000189307197
-0.000182966814
-0.000176920737
-0.000176724318
-0.00017004271
-0.000175378216
-0.000155649372
-0.000173984065
-0.000168011535
-0.000160667828
-0.000162810778
-0.00016056375
-0.000175621827
-0.000173954226
-0.000168175126
-0.000184795927
-0.00018301838
-0.000189514481
-0.000196827492
-0.000195342819
-0.000176973238
-0.000176788223
-0.000188064478
-0.000199757895
-0.000193076548
-0.000198824631
-0.000186381978
-0.000179288167
-0.000173792672
-0.000173069324
-0.000166121628
-0.000172046686
-0.000164046127
-0.000156968273
-0.000156064783
-0.000178612282
-0.000173403904
-0.000174909468
-0.000167891224
-0.000171481553
-0.000163666116
-0.000190726696
-0.000186174241
-0.000193653275
-0.000200464126
-0.000198479915
-0.000186491111
-0.000196774628
-0.000189558489
-0.000182730213
-0.000172563945
-0.000164288605
-0.000175061827
-0.000167219921
-0.000159531983
-0.000156890661
-0.000159438301
-0.000179607135
-0.000182520794
-0.000172377135
-0.000174978968
-0.000167548626
-0.000197115463
-0.000189967067
-0.00020054534
-0.000182534596
-0.000193800878
-0.000186218776
-0.000174985887
-0.000178941613
-0.000173488395
-0.000160705012
-0.00017196157
-0.000163767877
-0.00015602559
-0.000158541189
-0.000160422334
-0.000181160505
-0.000183162638
-0.000173803911
-0.000175973157
-0.000168631085
-0.000198039592
-0.00019104246
-0.000196379678
-0.000192022281
-0.000194118531
-0.000186787261
-0.000179291949
-0.0001771653
-0.000174932517
-0.000169680173
-0.000172113769
-0.000154599716
-0.000164496792
-0.000156101333
-0.000162336985
-0.00015586822
-0.000172199211
-0.000164656143
-0.000184891837
-0.000179241712
-0.000186597385
-0.000194384359
-0.0001770509
-0.000174785603
-0.00018913863
-0.000197945189
-0.000190847372
-0.000183065706
-0.000173927413
-0.000166403149
-0.000175828171
-0.000168571821
-0.000160539756
-0.000161690572
-0.000162507872
-0.000184379752
-0.000185178434
-0.000177252817
-0.000177875259
-0.000170660859
-0.00020008843
-0.000193261856
-0.000195795695
-0.000180314946
-0.000188699306
-0.000180817797
-0.000172844737
-0.000173396838
-0.000157265322
-0.000166007492
-0.000157878682
-0.000172879439
-0.000165492908
-0.000157976949
-0.000173490383
-0.000166130097
-0.000187916346
-0.000180723326
-0.000188563218
-0.000195689561
-0.000192248154
-0.000199792858
-0.000192892845
-0.000185214625
-0.000177247023
-0.000169846761
-0.000178037303
-0.000170666693
-0.000162408125
-0.000162444065
-0.000161702259
-0.000185149797
-0.000184334529
-0.000177943392
-0.000177135827
-0.000169880308
-0.000199137497
-0.000192155666
-0.000195198922
-0.000180732413
-0.000187986266
-0.000180136026
-0.000173383185
-0.000172788847
-0.000157775692
-0.000165427501
-0.000157097587
-0.000173484346
-0.000166071902
-0.00015714559
-0.000172943341
-0.000165443573
-0.000188540479
-0.00018024337
-0.000187956863
-0.000195135335
-0.000192971957
-0.000199299261
-0.000192325113
-0.000184454769
-0.000178255141
-0.000170887569
-0.00017719686
-0.000169880878
-0.000161717707
-0.000160490474
-0.000158404818
-0.000183067883
-0.000181300133
-0.000175910617
-0.000173887926
-0.000166462903
-0.000196595728
-0.000189361881
-0.000198743654
-0.000196836635
-0.000198941308
-0.000192222309
-0.000179105877
-0.000184957241
-0.000174513785
-0.000171928155
-0.000177137034
-0.000169931834
-0.000155991578
-0.00016226379
-0.000154298284
-0.000171911375
-0.000164505704
-0.000154488826
-0.000162265204
-0.000186761975
-0.000185062866
-0.000174490488
-0.000177252445
-0.00017007953
-0.000198856697
-0.000192089104
-0.000190910668
-0.000196465313
-0.000189215959
-0.000181297655
-0.000175607643
-0.000168339295
-0.000173871377
-0.000166463909
-0.00015859306
-0.000156478516
-0.000179032506
-0.000171779258
-0.000173728836
-0.000160714905
-0.000174962631
-0.000167904447
-0.000193572561
-0.000182426968
-0.000190531133
-0.000197856434
-0.000189789337
-0.00019440525
-0.000186522901
-0.000179366181
-0.000175194598
-0.000167721037
-0.000172476503
-0.000173642164
-0.000164390253
-0.000156993912
-0.000159752144
-0.000156981535
-0.000182546337
-0.000179831467
-0.00017516315
-0.000172760003
-0.000164359235
-0.00017419801
-0.000194287596
-0.000186695348
-0.000195285461
-0.000198008767
-0.000199362422
-0.000186293275
-0.000190569808
-0.000182900768
-0.000175206035
-0.000171814754
-0.00017356544
-0.000163697722
-0.000167694264
-0.000160471039
-0.000171765748
-0.000164161237
-0.000159687573
-0.000186565756
-0.000181237081
-0.00017301371
-0.000173909012
-0.000166158641
-0.000174458967
-0.000195718023
-0.000188077632
-0.000195733559
-0.000198001768
-0.00019851952
-0.000191613148
-0.000183076801
-0.000184846504
-0.000176841088
-0.000175393149
-0.000176877469
-0.000169782538
-0.000160579312
-0.000163089316
-0.000156219903
-0.000175406895
-0.000168001383
-0.000155709967
-0.000162902267
-0.000189026606
-0.000184778585
-0.000176835534
-0.000176968835
-0.000169763865
-0.000198684255
-0.000191569978
-0.000198982829
-0.000193386672
-0.000195780731
-0.00018808886
-0.000179437397
-0.00018148914
-0.000173335598
-0.000172229122
-0.000174136937
-0.000174846743
-0.000166134018
-0.000156636832
-0.000159703534
-0.00017460365
-0.00016692349
-0.000160212905
-0.000188211628
-0.00018186894
-0.000174499655
-0.000173894122
-0.000165912355
-0.000173156597
-0.000200466357
-0.000186989677
-0.000191945264
-0.000199671226
-0.000177151184
-0.000199393858
-0.000198205818
-0.000197163568
-0.000189299025
-0.00018556137
-0.000184223787
-0.000179051809
-0.000174555764
-0.000170628951
-0.000169688994
-0.000171817472
-0.000171279261
-0.000163892452
-0.00016282056
-0.000157360541
-0.000156824574
-0.000178963433
-0.000171783643
-0.000171343436
-0.000157348538
-0.000170321405
-0.000162731435
-0.000191649278
-0.000178435369
-0.000184361384
-0.000169630777
-0.000174582434
-0.000197063739
-0.00018941894
-0.000195878676
-0.000199693486
-0.000197894058
-0.000195791778
-0.00019209986
-0.000187236957
-0.00017713426
-0.000182514159
-0.000182411491
-0.000174742563
-0.000174892934
-0.000174343058
-0.000173254652
-0.000165846841
-0.000161004827
-0.000160397693
-0.000163257614
-0.000184174916
-0.000174552503
-0.000172423414
-0.000161228676
-0.000192303902
-0.000202955858
-0.000182560271
-0.000176699607
-0.000173785405
-0.000163945603
-0.000169077512
-0.000198780337
-0.000184144802
-0.000185843993
-0.0001695705
-0.000170644482
-0.000197534665
-0.000187958378
-0.00019225499
-0.000173015222
-0.000174377485
-0.000193110951
-0.000174563433
-0.000175357112
-0.000194156953
-0.000175806866
-0.000175732875
-0.000193997494
-0.000175616876
-0.000175355582
-0.000191584138
-0.000175126072
-0.000173733481
-0.000202115614
-0.000197679325
-0.000188471057
-0.000173524412
-0.000173044973
-0.000197136916
-0.000186584898
-0.000184306647
-0.000170667297
-0.000169025985
-0.000188946252
-0.00018266362
-0.000177912833
-0.000173969731
-0.000168160963
-0.000164247545
-0.000181386045
-0.000174385199
-0.000169981597
-0.000172128798
-0.000161471205
-0.000159138383
-0.000160323689
-0.000172542149
-0.000164567833
-0.000186183498
-0.000170548301
-0.000174068951
-0.000159562573
-0.000161130723
-0.000194146368
-0.00018284554
-0.00017713366
-0.000174155592
-0.000163921931
-0.000168780033
-0.000200241773
-0.00018513138
-0.000187286323
-0.000169420035
-0.000171037037
-0.000198133778
-0.000189066079
-0.000192943132
-0.000173633543
-0.0001750861
-0.000193662119
-0.000175578697
-0.000176025596
-0.000194099574
-0.000175692972
-0.000175640137
-0.000193635951
-0.000175634051
-0.000175753978
-0.000191954489
-0.000175154008
-0.000173454241
-0.000201550894
-0.000196947316
-0.000188357135
-0.000173301465
-0.000172841732
-0.000196185152
-0.000186498604
-0.000183443187
-0.000170945597
-0.000169068318
-0.000187857143
-0.000181490642
-0.000177289514
-0.000173674548
-0.000167881037
-0.000164533731
-0.000174518131
-0.000172403237
-0.000166387616
-0.000161236561
-0.000158080059
-0.000121234553
-0.000122732886
-0.000146810274
-0.00012611191
-0.000128224888
-0.000151051757
-0.00012827912
-0.000130031585
-0.000151551845
-0.000132633248
-0.000133398598
-0.000154660102
-0.000157115967
-0.00015823225
-0.000157228527
-0.000155449534
-0.000153805852
-0.000149682564
-0.000132155586
-0.000148508466
-0.000131222024
-0.000128218309
-0.000144560349
-0.000126069989
-0.000126497908
-0.000125720006
-0.000123881688
-0.000123648439
-0.000125725539
-0.000146179777
-0.000126988534
-0.000126581986
-0.00015023745
-0.000128188278
-0.000130715212
-0.000151472907
-0.000131844505
-0.000155890844
-0.00015835689
-0.000157727055
-0.000157691138
-0.000155847539
-0.000152408718
-0.000150288206
-0.000132291807
-0.000130515756
-0.000149116239
-0.00012863759
-0.000128449269
-0.000128644313
-0.000125964128
-0.000122109863
-0.000120640869
-0.000113162174
-0.000126372919
-0.000128639706
-0.000118072235
-0.000136302072
-0.000140504
-0.000148716133
-0.000151030617
-0.000124671309
-0.000129355075
-0.000126324593
-0.00011619687
-0.00015173283
-0.000138742129
-0.000114324902
-0.000127469012
-0.00011904535
-0.000139134571
-0.00012360558
-0.000126412651
-0.00011242912
-0.000114968495
-0.000142335942
-0.000128336398
-0.000129972411
-0.000117159524
-0.000119236047
-0.000144340478
-0.000131372685
-0.00013241508
-0.000121434218
-0.000122517361
-0.000143465871
-0.000132903328
-0.00013257742
-0.000123037482
-0.000122576653
-0.000141013368
-0.000130972792
-0.000129137676
-0.000120762975
-0.00011808
-0.000137653762
-0.000127220983
-0.000124667224
-0.000115917676
-0.000113636343
-0.000126630531
-0.000122553187
-0.000117828988
-0.000111075128
-0.000112717223
-0.000149308573
-0.000138583704
-0.000151691144
-0.0001288888
-0.000142599321
-0.000139034766
-0.000147847753
-0.000131512582
-0.000127040292
-0.000115605844
-0.000129579706
-0.000131799454
-0.000120498829
-0.000125226769
-0.000116217802
-0.000125158628
-0.000115780374
-0.000129519502
-0.000131413735
-0.000120195139
-0.000138698628
-0.000142692796
-0.000151793807
-0.000153601146
-0.000126964739
-0.000131840973
-0.000128850859
-0.000118562971
-0.000153729684
-0.000141028166
-0.000115557404
-0.000136071261
-0.000126644763
-0.000122754047
-0.000111825643
-0.000140249102
-0.00012504698
-0.000127132005
-0.000113899038
-0.00011581746
-0.000143276659
-0.000129291375
-0.000131146749
-0.000118203601
-0.000120820516
-0.000143928975
-0.00013241718
-0.000132722653
-0.000122453755
-0.000122818337
-0.000143474616
-0.000132453727
-0.000131621883
-0.000122496985
-0.000121572125
-0.000141121492
-0.000130141505
-0.000128399617
-0.000119263514
-0.000117181332
-0.000137104745
-0.000126006542
-0.000123804049
-0.000127973857
-0.000115224884
-0.000112851335
-0.000116300715
-0.000154825106
-0.000141205637
-0.000146601132
-0.000135699837
-0.000148392551
-0.000126157966
-0.000140294038
-0.000136460614
-0.000129112193
-0.000124698196
-0.000112625459
-0.000126664616
-0.000128971107
-0.000118173966
-0.000113293715
-0.000114918785
-0.000114889241
-0.000129908103
-0.000129548494
-0.000121525738
-0.00013804442
-0.000138183793
-0.000144606334
-0.000152806471
-0.000152493104
-0.000129841155
-0.000130173264
-0.000111495396
-0.000113805653
-0.000113474652
-0.000110300136
-0.000134403671
-0.000148947956
-0.00014067946
-0.000148505211
-0.000125232328
-0.00013434879
-0.000126241577
-0.000111544641
-0.000126082045
-0.000125572019
-0.000117761266
-0.000111192686
-0.000111088242
-0.000134278851
-0.000126070733
-0.000125392353
-0.000117344668
-0.000125951324
-0.000125252884
-0.000117663212
-0.00014942775
-0.000140611714
-0.00014930471
-0.00014072942
-0.000111980416
-0.000114106889
-0.00011302747
-0.000152961008
-0.000143794931
-0.000152728883
-0.000144463886
-0.000138319531
-0.00012986508
-0.000130160613
-0.000120791002
-0.000129599072
-0.000129152827
-0.00012104736
-0.000114968778
-0.000113379787
-0.000109717737
-0.000125979137
-0.000117560737
-0.000137006007
-0.000133702719
-0.00014122396
-0.000149380893
-0.000128714865
-0.000127502699
-0.000151914697
-0.000132568477
-0.000144452583
-0.000137381173
-0.000125039579
-0.000129074428
-0.00010848448
-0.000127603273
-0.000121592403
-0.000113531762
-0.000125020036
-0.000116664589
-0.000113754523
-0.000128879554
-0.00012717681
-0.000121149387
-0.000139887255
-0.000137395703
-0.000144719015
-0.000152338913
-0.000150930195
-0.000150580036
-0.000143449913
-0.000149574241
-0.000141139609
-0.000133693406
-0.000128537564
-0.00012728709
-0.000120058962
-0.000126001868
-0.000117374547
-0.000109714051
-0.000108480993
-0.000132597645
-0.00012698114
-0.000128876927
-0.000121096325
-0.000124865334
-0.000116483029
-0.000150599688
-0.000144791048
-0.000148743323
-0.000140449582
-0.000141149296
-0.000151990303
-0.000144491119
-0.000149901973
-0.000136926929
-0.000125957729
-0.000117487976
-0.000128730151
-0.000120829321
-0.000112477041
-0.000109931037
-0.000112710646
-0.000133402356
-0.000137070416
-0.000125861914
-0.000128828151
-0.0001207519
-0.000151722865
-0.000144501076
-0.000137496856
-0.000148734623
-0.000140457021
-0.000128735252
-0.000132691778
-0.00012679182
-0.000113170532
-0.000125000843
-0.000116381304
-0.000108627729
-0.000110979129
-0.000112830808
-0.000134799019
-0.000136725916
-0.000127020431
-0.000129048446
-0.000121279856
-0.000152871789
-0.0001450934
-0.00014832179
-0.000140224512
-0.000132442121
-0.000130542358
-0.0001278022
-0.00012303925
-0.000125011692
-0.000116837621
-0.000108587039
-0.000114794739
-0.000108568335
-0.000124918952
-0.000116629488
-0.000138907923
-0.000132556934
-0.000140175946
-0.00014804418
-0.000130878763
-0.000127965701
-0.000143095902
-0.00015290013
-0.000145131093
-0.000136987702
-0.000127076305
-0.000119059601
-0.000129050763
-0.000120966127
-0.000112809459
-0.000114011406
-0.000114671906
-0.000138174586
-0.000138907732
-0.000130638781
-0.000131086756
-0.000123206339
-0.000155052624
-0.000147416765
-0.000150287697
-0.000133560315
-0.000142633091
-0.000134151664
-0.000125771516
-0.000126369762
-0.000109692832
-0.00011853522
-0.000110031406
-0.000125722036
-0.000118049495
-0.000110311349
-0.000126433987
-0.000118664431
-0.00014185918
-0.000134132836
-0.000142513735
-0.00015031716
-0.000146310051
-0.000154539665
-0.000147015273
-0.000138988999
-0.000130400807
-0.000122453007
-0.000131214841
-0.000123511084
-0.00011496314
-0.000114766679
-0.000114175689
-0.000138867868
-0.000138194265
-0.000130827344
-0.000130375953
-0.0001226065
-0.000154197221
-0.000146665307
-0.00014932367
-0.000134180723
-0.000141756971
-0.000133825217
-0.000126336101
-0.000125934257
-0.000109934766
-0.000117842735
-0.000109596119
-0.00012631042
-0.000118563159
-0.000109514817
-0.000125641259
-0.000117670755
-0.000142485793
-0.000133657534
-0.000141872824
-0.000149511552
-0.0001472319
-0.00015411669
-0.00014659434
-0.000138348304
-0.000131170759
-0.000123344273
-0.00013031605
-0.000122425256
-0.000114079282
-0.000112915669
-0.000111095987
-0.00013679833
-0.000134719053
-0.000129098551
-0.000127016267
-0.000119303119
-0.000150800849
-0.000142976054
-0.000146841357
-0.000149532942
-0.000132924711
-0.000138790656
-0.000128027965
-0.000125266664
-0.000130527916
-0.000122969402
-0.000108570212
-0.000115029186
-0.000124960676
-0.00011644148
-0.000114961016
-0.00014015837
-0.000138825075
-0.000147047148
-0.000127956484
-0.000130834223
-0.000123227798
-0.000145147299
-0.000150870105
-0.00014303547
-0.000134728694
-0.000128903939
-0.000121069674
-0.00012688925
-0.000119099187
-0.000111121213
-0.000109251979
-0.000132383063
-0.00012484975
-0.000126762971
-0.000113607898
-0.000128398929
-0.000120682094
-0.000151178574
-0.00013730363
-0.000145067079
-0.000152705762
-0.000144202235
-0.00014947841
-0.000141087806
-0.000133685568
-0.000128544764
-0.000120636074
-0.00012601182
-0.000127795911
-0.000117270689
-0.000109586311
-0.000112467749
-0.000109774407
-0.000137061117
-0.000133285835
-0.000128784291
-0.000125819165
-0.000117380397
-0.000127369656
-0.000149495033
-0.000141024047
-0.000150918752
-0.000152073929
-0.000140508869
-0.000144680573
-0.00013744555
-0.000129216758
-0.000124833074
-0.000127282076
-0.000116423237
-0.000121279089
-0.000113429603
-0.000125724278
-0.000117093867
-0.000113119316
-0.000141213626
-0.000136852566
-0.000127356564
-0.000128436736
-0.000120026405
-0.000129416505
-0.000151473285
-0.000143317565
-0.000152714129
-0.000148583236
-0.000148973246
-0.000137554906
-0.000140043186
-0.000132656559
-0.000129205253
-0.000125002669
-0.000125461933
-0.000113371616
-0.000116261856
-0.000108971855
-0.000128869482
-0.00012141555
-0.000108989413
-0.000125017533
-0.000116465295
-0.000144576726
-0.000132670973
-0.000139595125
-0.000148079631
-0.000125513851
-0.00015051262
-0.000151318245
-0.00014333651
-0.000133689057
-0.000136970663
-0.000127529401
-0.000126198727
-0.000128595357
-0.000129484448
-0.00012023714
-0.00010994665
-0.000112895169
-0.000129981234
-0.000121373526
-0.000114810533
-0.000145012408
-0.000137908489
-0.000130215702
-0.000129694524
-0.000120868568
-0.000128632419
-0.000152105311
-0.000143704832
-0.000150885409
-0.000110767225
-0.000112767885
-0.000113913272
-0.000114047608
-0.000113567653
-0.000112381673
-0.000110000727
-0.000148026816
-0.000148001091
-0.000140846646
-0.000140063539
-0.000134833962
-0.000131214777
-0.000125594881
-0.000125187952
-0.000126116935
-0.000126472593
-0.000117508502
-0.000117425869
-0.000111490754
-0.000111458197
-0.000134205113
-0.000125776494
-0.000126185457
-0.000111723964
-0.000125548404
-0.000117403574
-0.000149094557
-0.000134841047
-0.000140153964
-0.000148096835
-0.00012516938
-0.000131509792
-0.000153305928
-0.000109852047
-0.000112133443
-0.000113570864
-0.000114109228
-0.000113893874
-0.000112909299
-0.000111226301
-0.000152784607
-0.000152020114
-0.000143515451
-0.000138136304
-0.000138087539
-0.000130125101
-0.000129873307
-0.000129443392
-0.000128373703
-0.000120829945
-0.000115024526
-0.000115221119
-0.000126294073
-0.00011825421
-0.000140631016
-0.000124433857
-0.000129503093
-0.00011325392
-0.000126475348
-0.000116158595
-0.000151956349
-0.000135760091
-0.000138906921
-0.000121209423
-0.00012268902
-0.000151794137
-0.000141921982
-0.000146751185
-0.000126040071
-0.000128108498
-0.000150876363
-0.000128127567
-0.000129857257
-0.000113901538
-0.000151430376
-0.000132518579
-0.000117122499
-0.000128191809
-0.000133829061
-0.000119536809
-0.000137627833
-0.000139085706
-0.000154746789
-0.000124221744
-0.000126568714
-0.000115505413
-0.00014079664
-0.000142259152
-0.000156907884
-0.000128329685
-0.000130388489
-0.000119584533
-0.000142857712
-0.000143203816
-0.000157219094
-0.000131856137
-0.000132654985
-0.000122903419
-0.000143713142
-0.000143611686
-0.000157597732
-0.000132754036
-0.00013210601
-0.00012214142
-0.000142500208
-0.000141420068
-0.000155952628
-0.000130966823
-0.000129245056
-0.000118240763
-0.000140077166
-0.000138070291
-0.000153790175
-0.000127332533
-0.000125227769
-0.000113535125
-0.000136442907
-0.00015004286
-0.000123202426
-0.000127051795
-0.00013267621
-0.00011799596
-0.000148593631
-0.000131507516
-0.000115725142
-0.000128294481
-0.000112375341
-0.000149876806
-0.000144491536
-0.00012590582
-0.000126383978
-0.000148941347
-0.000140058231
-0.000137870396
-0.000125424887
-0.000128405301
-0.000123453373
-0.000138833026
-0.000131250123
-0.000126934644
-0.000129120637
-0.000118370886
-0.000115904043
-0.000116002087
-0.000129597829
-0.000120523479
-0.000142262326
-0.000127050579
-0.000131792658
-0.000116111794
-0.000128568756
-0.000118683858
-0.000153466258
-0.000137841427
-0.00014062191
-0.000150553048
-0.000123295213
-0.000125545339
-0.00014609566
-0.000126794198
-0.000126591497
-0.0001504784
-0.000128364569
-0.00011307058
-0.000130788081
-0.000115692822
-0.000136257538
-0.000151353806
-0.000122874291
-0.000111723731
-0.000126667855
-0.000131571521
-0.000117389613
-0.000138240113
-0.000140117402
-0.000155637109
-0.000125227743
-0.00012753337
-0.000115718862
-0.000141966823
-0.00014302163
-0.000158006556
-0.000129668893
-0.000131388992
-0.000120999454
-0.000143659778
-0.000143813083
-0.000157675671
-0.000132409321
-0.000132990004
-0.000123016639
-0.000143521352
-0.00014315284
-0.000157430137
-0.000132664158
-0.000131799967
-0.000121593953
-0.00014227936
-0.00014092508
-0.000155414597
-0.000130407673
-0.000128569284
-0.000117326151
-0.000139161426
-0.000136490781
-0.000152375066
-0.000126595968
-0.00012373499
-0.000112543383
-0.000127254215
-0.000150292382
-0.000132557343
-0.00011892187
-0.000130960937
-0.000116782273
-0.000149120734
-0.000128487416
-0.000113978867
-0.000128284782
-0.0001551603
-0.000151519466
-0.000141323449
-0.000128676028
-0.000126107588
-0.000146582341
-0.000138377639
-0.00013542442
-0.000122141353
-0.000125965231
-0.000120526005
-0.000135957439
-0.000129582452
-0.000124695929
-0.000126189089
-0.000116123939
-0.000113900773
-0.000113279462
-7.59738808e-05
-7.84445079e-05
-0.000101250772
-8.02634642e-05
-8.0489307e-05
-0.000103149011
-8.23543203e-05
-8.45294992e-05
-0.000108574822
-0.000106359807
-0.000105513905
-8.67389491e-05
-8.45592083e-05
-0.000100978797
-8.31430246e-05
-8.12405602e-05
-7.8579391e-05
-7.78620274e-05
-7.81046572e-05
-8.06454683e-05
-0.000103423075
-8.25802398e-05
-8.26769203e-05
-0.000104716342
-8.43197504e-05
-8.63015816e-05
-0.000107958467
-0.00010976981
-0.000105270788
-0.000102322908
-8.39917265e-05
-8.19698055e-05
-9.84495568e-05
-8.02252524e-05
-8.01606698e-05
-7.83435883e-05
-7.60424457e-05
-6.61527705e-05
-7.93952191e-05
-8.16637594e-05
-7.10922559e-05
-8.95785344e-05
-9.47279178e-05
-0.000102950769
-0.00010526124
-7.79132695e-05
-8.30684793e-05
-8.06446136e-05
-6.97696952e-05
-0.000106486006
-9.34012788e-05
-7.8839453e-05
-6.92649656e-05
-9.31230822e-05
-7.58892514e-05
-8.01834933e-05
-6.48551843e-05
-6.86161887e-05
-0.000101281354
-9.03555093e-05
-8.46145538e-05
-8.26394896e-05
-7.3349246e-05
-8.02761868e-05
-0.000108324284
-9.30560451e-05
-9.72552559e-05
-0.000105856263
-8.40501832e-05
-0.000105786712
-0.000103843252
-0.000106854905
-0.000104094884
-9.54044004e-05
-9.9402659e-05
-9.15702072e-05
-8.80175623e-05
-8.1559828e-05
-7.9699942e-05
-7.71064812e-05
-9.12244819e-05
-8.24941778e-05
-7.8202079e-05
-8.1300146e-05
-7.13207212e-05
-6.77925833e-05
-6.91259392e-05
-0.000104006091
-9.27468476e-05
-0.000106050625
-8.24807359e-05
-9.65178163e-05
-9.23747167e-05
-0.000102045964
-8.57607117e-05
-8.05919944e-05
-6.89504578e-05
-8.23892293e-05
-8.44287934e-05
-7.31122494e-05
-7.82799934e-05
-6.88133e-05
-7.82531745e-05
-6.88972784e-05
-8.29856338e-05
-8.47322315e-05
-7.33643859e-05
-9.29088965e-05
-9.70558975e-05
-0.000106510628
-0.000108512979
-8.08365452e-05
-8.64923877e-05
-8.33666326e-05
-7.30501332e-05
-0.00010854383
-9.54043101e-05
-8.14326938e-05
-7.22993285e-05
-9.37949816e-05
-7.84945713e-05
-8.28708526e-05
-6.72556928e-05
-7.99900985e-05
-7.12312373e-05
-0.000102854138
-8.81531394e-05
-9.11441335e-05
-7.70319856e-05
-8.14118556e-05
-0.000104319587
-9.51546527e-05
-0.000101219373
-0.000106962303
-0.000108179959
-0.000105840618
-0.000102721908
-0.000104486601
-9.69142489e-05
-9.3274401e-05
-8.39479615e-05
-9.55535804e-05
-9.06345147e-05
-8.50529911e-05
-8.27644805e-05
-8.02366273e-05
-7.3586778e-05
-9.02052027e-05
-8.01917566e-05
-7.65854707e-05
-7.91832042e-05
-6.87302314e-05
-6.48903242e-05
-6.7757126e-05
-0.000101498639
-9.07496591e-05
-0.000103353511
-8.09048823e-05
-9.49000295e-05
-9.00030938e-05
-8.34511466e-05
-7.82330053e-05
-6.7122475e-05
-7.97356001e-05
-8.14741866e-05
-7.08725993e-05
-6.61092935e-05
-6.72954649e-05
-6.6914869e-05
-8.22029233e-05
-8.14598964e-05
-7.36850751e-05
-9.12634087e-05
-9.07590687e-05
-9.72875487e-05
-0.000106113671
-0.000105573787
-8.24514251e-05
-8.27470028e-05
-7.08019292e-05
-6.3385033e-05
-8.97668931e-05
-8.27946415e-05
-8.15096145e-05
-6.87716603e-05
-8.07776441e-05
-7.42859347e-05
-9.75450001e-05
-8.65048921e-05
-8.97448201e-05
-7.98998034e-05
-8.30739591e-05
-0.000104031501
-9.36014334e-05
-9.68416223e-05
-0.000106408361
-9.86509893e-05
-0.000100029966
-0.000105804583
-0.000100161807
-9.91148199e-05
-0.000102813042
-9.76137584e-05
-9.55688057e-05
-9.49812023e-05
-9.22230921e-05
-8.80718991e-05
-8.21335788e-05
-8.14134874e-05
-8.79650067e-05
-8.31091748e-05
-7.94975342e-05
-8.04970578e-05
-7.62183472e-05
-7.16076085e-05
-6.85391151e-05
-6.68767342e-05
-8.80496968e-05
-0.000102479245
-9.36546433e-05
-0.000101418773
-7.83087942e-05
-8.78967591e-05
-7.93465364e-05
-6.35754882e-05
-7.93133225e-05
-7.00623477e-05
-6.29289852e-05
-6.21998383e-05
-8.74059442e-05
-7.89536188e-05
-7.81314466e-05
-6.98485175e-05
-7.89946572e-05
-7.00293112e-05
-0.000102847603
-9.37608793e-05
-0.000102555363
-9.36762042e-05
-8.01761373e-05
-7.28244e-05
-6.68999913e-05
-9.15863859e-05
-7.94919642e-05
-8.34208483e-05
-7.16407309e-05
-8.25049447e-05
-7.64993037e-05
-9.9267575e-05
-8.79693082e-05
-9.18735656e-05
-8.15437895e-05
-0.00010438513
-9.54076783e-05
-9.76505137e-05
-0.000106590271
-9.93291113e-05
-0.000100148001
-0.000105499781
-0.00010000826
-9.87252529e-05
-0.000100509439
-9.68592086e-05
-9.37142468e-05
-9.34834637e-05
-8.9825467e-05
-8.66002252e-05
-8.31363385e-05
-8.08583044e-05
-8.01899882e-05
-8.29553902e-05
-8.1488305e-05
-7.59032157e-05
-7.44072457e-05
-6.90094202e-05
-6.57632996e-05
-6.33572829e-05
-0.000106816391
-9.7551667e-05
-0.000106395903
-9.76748663e-05
-9.07884454e-05
-8.23577641e-05
-8.23863618e-05
-7.32271748e-05
-8.23065917e-05
-8.17324777e-05
-7.38165369e-05
-6.67809031e-05
-6.5554251e-05
-7.77549372e-05
-6.92605065e-05
-8.91126549e-05
-8.55704973e-05
-9.35425509e-05
-0.000101899424
-8.05497141e-05
-7.93105616e-05
-6.79905134e-05
-6.27382296e-05
-8.26718037e-05
-7.74371444e-05
-6.7695303e-05
-7.30682844e-05
-8.98190942e-05
-8.46152329e-05
-8.17624553e-05
-8.09501473e-05
-7.68916674e-05
-8.04672948e-05
-9.34742702e-05
-8.64780262e-05
-8.76420982e-05
-8.2201848e-05
-9.29572371e-05
-8.79203039e-05
-8.74296413e-05
-8.24295998e-05
-8.86925059e-05
-8.62550932e-05
-8.32388782e-05
-8.2722396e-05
-8.12712648e-05
-7.86610226e-05
-8.09500678e-05
-8.04355255e-05
-7.53601421e-05
-7.53185192e-05
-7.08296205e-05
-6.54322908e-05
-6.54254408e-05
-0.000104684182
-9.65950042e-05
-8.97199907e-05
-8.36821264e-05
-8.28394443e-05
-7.6026377e-05
-8.15358865e-05
-7.98534286e-05
-7.32005726e-05
-6.62275175e-05
-6.86172517e-05
-6.60710576e-05
-8.1577208e-05
-7.97117187e-05
-7.33649776e-05
-9.23698752e-05
-8.96730057e-05
-9.64036224e-05
-0.000104920279
-0.00010341589
-8.37789816e-05
-8.33718733e-05
-7.0582482e-05
-6.53738024e-05
-8.56632029e-05
-8.08488063e-05
-8.02897478e-05
-7.07477661e-05
-7.50828469e-05
-9.11078099e-05
-8.64835542e-05
-8.30122966e-05
-8.28764894e-05
-7.849489e-05
-8.19170758e-05
-9.37263194e-05
-8.75583366e-05
-8.79980298e-05
-8.28953233e-05
-9.21379805e-05
-8.77157134e-05
-8.67755762e-05
-8.21327233e-05
-8.71714472e-05
-8.51573481e-05
-8.16475752e-05
-8.26002747e-05
-8.11375935e-05
-8.06756658e-05
-7.68507175e-05
-7.35746784e-05
-7.30603127e-05
-6.77270861e-05
-6.25410381e-05
-6.26444248e-05
-0.000103305765
-9.61421852e-05
-0.000101777908
-9.33869834e-05
-8.59031693e-05
-8.05215157e-05
-7.9474225e-05
-7.21570534e-05
-7.79325433e-05
-6.9128995e-05
-8.12506118e-05
-7.23468602e-05
-6.83391149e-05
-8.35320557e-05
-8.15090447e-05
-7.56916155e-05
-0.000102936277
-9.71839619e-05
-0.000100836879
-9.24271876e-05
-6.81681562e-05
-6.44965724e-05
-7.6558466e-05
-6.90580653e-05
-7.2785255e-05
-8.3605238e-05
-8.12184174e-05
-8.00907953e-05
-7.54041776e-05
-7.69718971e-05
-8.21441084e-05
-8.08099561e-05
-7.90483184e-05
-7.76111413e-05
-7.67111064e-05
-7.48562779e-05
-7.4347409e-05
-7.10609169e-05
-6.59292382e-05
-6.67905746e-05
-6.2576606e-05
-9.34817391e-05
-0.000104690721
-9.68549256e-05
-8.86451488e-05
-7.79059171e-05
-6.93365109e-05
-8.05307676e-05
-7.20966589e-05
-6.45983524e-05
-6.44841944e-05
-8.54419472e-05
-8.84254951e-05
-7.76859271e-05
-8.0397824e-05
-7.19977692e-05
-0.000104759269
-9.67469597e-05
-6.15061319e-05
-7.07121361e-05
-6.23584474e-05
-6.6691024e-05
-7.76932302e-05
-7.10295973e-05
-7.43029637e-05
-8.4081834e-05
-8.1837864e-05
-8.0443586e-05
-7.65074963e-05
-7.72515606e-05
-8.12377201e-05
-8.01736176e-05
-7.81066744e-05
-7.68615227e-05
-7.54452344e-05
-7.29189457e-05
-7.26714981e-05
-6.89670323e-05
-6.37755981e-05
-6.44101998e-05
-8.97781372e-05
-0.000100940811
-9.23279554e-05
-8.08524526e-05
-8.37114239e-05
-6.35592935e-05
-8.18010069e-05
-7.59501092e-05
-6.82348807e-05
-8.68698628e-05
-8.84456199e-05
-7.94389515e-05
-8.07918815e-05
-7.28196269e-05
-0.000104911515
-9.6972098e-05
-6.19253463e-05
-5.99048737e-05
-6.97086771e-05
-6.35877323e-05
-6.73823116e-05
-7.4247462e-05
-7.02495268e-05
-7.19271392e-05
-7.36067533e-05
-7.22711189e-05
-7.1250522e-05
-6.79502939e-05
-6.89641069e-05
-6.56627885e-05
-6.17668846e-05
-0.000103688234
-9.89280251e-05
-0.000100851574
-9.25762159e-05
-8.29693752e-05
-7.49044173e-05
-8.45040282e-05
-8.14513988e-05
-7.68724083e-05
-6.90574596e-05
-6.70785626e-05
-6.92405196e-05
-9.13527817e-05
-9.25689479e-05
-0.000100860288
-8.26759785e-05
-8.40769296e-05
-8.14909661e-05
-7.66762584e-05
-6.39047867e-05
-6.17921838e-05
-7.13193123e-05
-6.57134991e-05
-6.89771854e-05
-7.45714043e-05
-7.12637195e-05
-7.22711326e-05
-7.25514228e-05
-7.19219177e-05
-7.02362836e-05
-6.59078843e-05
-6.74267334e-05
-6.35816837e-05
-5.99875688e-05
-9.44609951e-05
-0.000104907515
-9.69161426e-05
-8.86842751e-05
-7.92169521e-05
-7.12115691e-05
-8.10092112e-05
-7.29351086e-05
-8.95956751e-05
-9.04252514e-05
-8.19829602e-05
-8.28210252e-05
-7.52346892e-05
-0.000106862066
-9.91306314e-05
-6.59761503e-05
-6.18825363e-05
-6.51910635e-05
-7.04054767e-05
-6.79199679e-05
-6.96072483e-05
-6.97359023e-05
-6.99602155e-05
-6.89328074e-05
-6.41607572e-05
-6.66658481e-05
-6.33462483e-05
-5.94753781e-05
-0.000102064806
-8.52335518e-05
-9.41174029e-05
-8.59083444e-05
-7.77420684e-05
-7.7946319e-05
-6.96851316e-05
-6.19765836e-05
-7.78215356e-05
-6.98671885e-05
-6.20134012e-05
-7.80598752e-05
-6.98143504e-05
-9.32047961e-05
-8.60349693e-05
-9.40164466e-05
-0.000102183174
-6.02935661e-05
-5.95394642e-05
-6.74518922e-05
-6.3443764e-05
-6.66422168e-05
-7.07612561e-05
-6.89321039e-05
-6.99593121e-05
-6.87225847e-05
-6.96081368e-05
-6.79221425e-05
-6.22897112e-05
-6.51289051e-05
-6.17236093e-05
-9.80688072e-05
-0.000106735025
-9.88208688e-05
-9.05034133e-05
-8.22970506e-05
-7.44642009e-05
-8.28220674e-05
-7.51273996e-05
-9.05590427e-05
-8.97802663e-05
-8.29229369e-05
-8.17934944e-05
-7.40674168e-05
-0.000106164039
-9.81788822e-05
-6.52361014e-05
-6.25226868e-05
-6.60824866e-05
-6.96067866e-05
-6.8729917e-05
-7.04115707e-05
-6.89342891e-05
-7.07641029e-05
-6.97407107e-05
-6.33141564e-05
-6.74363302e-05
-6.40721236e-05
-6.02333817e-05
-0.00010160019
-8.57946772e-05
-9.3266264e-05
-8.53348791e-05
-7.77941612e-05
-7.7747405e-05
-8.14750514e-05
-6.19568713e-05
-6.97434116e-05
-7.83923749e-05
-6.97087751e-05
-7.80681787e-05
-6.96529344e-05
-9.38762525e-05
-8.57015266e-05
-9.29156275e-05
-0.000101309313
-8.13850644e-05
-5.95032568e-05
-6.02782137e-05
-6.6627807e-05
-6.41568548e-05
-6.74149737e-05
-6.99591197e-05
-6.97278579e-05
-7.07588247e-05
-6.79283192e-05
-7.04100897e-05
-6.87263702e-05
-6.1773274e-05
-6.5889513e-05
-6.22672509e-05
-9.91436393e-05
-0.000106354335
-9.84951106e-05
-8.97840431e-05
-8.2714607e-05
-7.51661742e-05
-8.20636592e-05
-7.43808977e-05
-8.85104659e-05
-8.66698228e-05
-8.04603924e-05
-7.92148473e-05
-7.13307794e-05
-8.17690079e-05
-0.000102824827
-9.41608827e-05
-6.03623326e-05
-6.21468765e-05
-6.74746983e-05
-6.61574279e-05
-6.97145799e-05
-7.1918904e-05
-7.24926209e-05
-7.41433706e-05
-7.1265275e-05
-7.45475211e-05
-7.34815113e-05
-6.56774129e-05
-7.1217786e-05
-6.80903146e-05
-6.38622011e-05
-0.000103922102
-0.000106745871
-9.91377882e-05
-9.12713348e-05
-8.44120291e-05
-7.68733218e-05
-8.29707267e-05
-7.51551336e-05
-6.70202479e-05
-6.91367687e-05
-6.69703233e-05
-9.24509913e-05
-9.1268494e-05
-8.42621193e-05
-8.27295017e-05
-7.4850051e-05
-0.000106924522
-9.91428953e-05
-6.17867939e-05
-6.38351188e-05
-6.89548242e-05
-6.79755742e-05
-7.12852401e-05
-7.22750576e-05
-7.35104829e-05
-7.45356388e-05
-7.0248274e-05
-7.42806848e-05
-7.26172238e-05
-6.36253658e-05
-6.97587957e-05
-6.60800298e-05
-6.18448194e-05
-9.69807198e-05
-0.000103031446
-9.44306525e-05
-8.64499868e-05
-8.08422461e-05
-7.29043276e-05
-7.91324928e-05
-8.13981669e-05
-7.09697054e-05
-8.37307382e-05
-7.60023563e-05
-6.41922204e-05
-8.09093426e-05
-7.21001024e-05
-0.00010359706
-8.97063248e-05
-9.70717235e-05
-0.000105127189
-6.46639404e-05
-6.37032106e-05
-6.81844124e-05
-7.25703632e-05
-7.2764519e-05
-8.08990342e-05
-7.62329093e-05
-8.44134429e-05
-8.01119455e-05
-7.66122055e-05
-8.15543085e-05
-8.276014e-05
-7.83888746e-05
-8.46660592e-05
-8.04347343e-05
-7.63138769e-05
-8.20515795e-05
-8.26451673e-05
-7.88114e-05
-7.10591921e-05
-8.14231106e-05
-7.73597441e-05
-7.48873161e-05
-6.22359737e-05
-7.06787473e-05
-6.58133839e-05
-6.1836847e-05
-9.65097036e-05
-0.000101739638
-9.31679689e-05
-8.57269316e-05
-8.03212919e-05
-7.210935e-05
-7.78582594e-05
-7.96107531e-05
-6.92699258e-05
-6.45805405e-05
-8.84350232e-05
-8.53473669e-05
-8.04236513e-05
-7.77514676e-05
-6.93016321e-05
-7.96244164e-05
-0.000101767684
-9.32298199e-05
-0.000103560249
-6.14754351e-05
-6.66847488e-05
-6.59437689e-05
-7.0627162e-05
-7.41895742e-05
-7.48277127e-05
-8.2004108e-05
-7.78510298e-05
-8.43852916e-05
-8.05095106e-05
-7.71968016e-05
-8.22202317e-05
-8.32525382e-05
-7.9467257e-05
-8.39267661e-05
-8.02133953e-05
-7.55247996e-05
-8.13776892e-05
-8.2095145e-05
-7.83881923e-05
-6.90326451e-05
-8.05607508e-05
-7.62812156e-05
-7.2919424e-05
-6.81726205e-05
-6.36034213e-05
-0.000104920552
-9.22968133e-05
-9.70770173e-05
-8.97416518e-05
-8.35891813e-05
-8.11093739e-05
-6.83215028e-05
-7.23539255e-05
-6.38826457e-05
-7.78375659e-05
-6.91735627e-05
-6.5207576e-05
-9.33657637e-05
-8.9251758e-05
-7.93252533e-05
-8.04876934e-05
-7.18619864e-05
-8.16973512e-05
-0.000104633354
-9.60830672e-05
-0.000105723993
-6.27944781e-05
-6.27001994e-05
-6.81878943e-05
-7.29620373e-05
-7.96467616e-05
-7.33229357e-05
-8.26904099e-05
-8.29712151e-05
-7.75186218e-05
-8.51698041e-05
-8.71046793e-05
-8.97712695e-05
-8.11058147e-05
-8.17106087e-05
-8.80786617e-05
-9.20953881e-05
-9.338889e-05
-8.75512109e-05
-9.37055238e-05
-9.29980262e-05
-9.09850262e-05
-8.88426179e-05
-8.26202723e-05
-8.30855214e-05
-7.84936379e-05
-8.61341156e-05
-8.05506221e-05
-7.08343567e-05
-8.08529679e-05
-8.14672453e-05
-7.55099494e-05
-7.06227463e-05
-6.54566336e-05
-0.000101266505
-0.000102063728
-8.97512363e-05
-9.25968293e-05
-8.3151573e-05
-8.12253473e-05
-8.37925892e-05
-7.59843856e-05
-6.58830023e-05
-6.87739862e-05
-8.12017732e-05
-7.30688111e-05
-6.84967237e-05
-9.64843671e-05
-9.2081817e-05
-0.000100967039
-8.26667098e-05
-8.34466569e-05
-7.5536321e-05
-6.52211306e-05
-6.56018124e-05
-7.04350261e-05
-8.58077561e-05
-8.04839711e-05
-7.52486988e-05
-8.10145449e-05
-8.12247763e-05
-7.54127729e-05
-8.60622761e-05
-8.84579054e-05
-9.08942139e-05
-8.25123408e-05
-8.28672961e-05
-8.8217381e-05
-9.29700416e-05
-9.37013993e-05
-8.65243107e-05
-9.33765343e-05
-9.21092136e-05
-8.98336944e-05
-8.74290562e-05
-8.11609577e-05
-8.15641395e-05
-7.66285138e-05
-8.26931779e-05
-6.77299977e-05
-8.32140163e-05
-7.75505405e-05
-7.96548493e-05
-7.35982911e-05
-6.81644305e-05
-6.26520632e-05
-0.000103665771
-0.000104673365
-9.64159397e-05
-8.57864352e-05
-8.92845811e-05
-7.94445004e-05
-7.78515135e-05
-8.05125625e-05
-8.15373215e-05
-7.20795119e-05
-6.54300942e-05
-8.23252087e-05
-7.34603728e-05
-6.73925216e-05
-9.75568914e-05
-9.15869072e-05
-8.2446523e-05
-8.26575389e-05
-7.32828937e-05
-8.19185675e-05
-0.00010598692
-9.70932979e-05
-0.000105171361
-6.32190018e-05
-6.56261302e-05
-8.02969286e-05
-7.06481436e-05
-8.98693972e-05
-8.14882677e-05
-8.04487848e-05
-7.4352215e-05
-8.27835671e-05
-8.38792317e-05
-7.56482922e-05
-8.98646355e-05
-9.35964199e-05
-9.73296853e-05
-0.000105824962
-0.000103537459
-9.68330789e-05
-0.000105795456
-0.000100559041
-0.000106508606
-9.99731089e-05
-0.000106058886
-9.9391124e-05
-0.000102646771
-9.55546849e-05
-0.00010465919
-8.80761341e-05
-9.87344972e-05
-9.48291993e-05
-0.000103569457
-8.25397933e-05
-9.16440428e-05
-8.78312986e-05
-8.31946094e-05
-7.94048437e-05
-7.1558923e-05
-8.03264686e-05
-8.12945836e-05
-7.2859729e-05
-7.68932018e-05
-6.87048683e-05
-0.000102104627
-0.000101924655
-9.42293768e-05
-9.36748543e-05
-8.79775247e-05
-8.46188566e-05
-7.85332398e-05
-7.81887303e-05
-7.91726298e-05
-7.94803277e-05
-7.03124346e-05
-6.98910935e-05
-6.36755572e-05
-6.28009194e-05
-8.70517828e-05
-7.88346734e-05
-7.87350063e-05
-6.34662236e-05
-7.86336567e-05
-7.01285751e-05
-0.00010313756
-8.82593841e-05
-9.39172832e-05
-0.000102278301
-7.85184854e-05
-8.47807618e-05
-0.000108298282
-6.70091617e-05
-7.68337615e-05
-6.85397199e-05
-8.05431833e-05
-8.1257729e-05
-7.28912573e-05
-8.80937327e-05
-9.16063315e-05
-0.000101023672
-7.95421249e-05
-8.30507504e-05
-8.21365285e-05
-7.60187305e-05
-9.20299749e-05
-9.47695359e-05
-9.89999238e-05
-0.000104758658
-0.000106457111
-0.000104533877
-9.7638218e-05
-0.000106669609
-0.000100198888
-0.000105330291
-9.86114302e-05
-9.39066244e-05
-0.000106202822
-0.000100398619
-0.000107868512
-8.60020493e-05
-9.71391798e-05
-9.3753729e-05
-0.000102571558
-8.04345007e-05
-8.98094987e-05
-8.14824466e-05
-6.8998469e-05
-8.28539641e-05
-8.38499074e-05
-7.58799277e-05
-8.02633159e-05
-7.081844e-05
-6.58291219e-05
-0.000106336305
-0.000106230653
-9.7039569e-05
-9.11775078e-05
-9.12081787e-05
-8.2664033e-05
-8.23795572e-05
-8.24665324e-05
-8.15142765e-05
-7.31900238e-05
-6.67220996e-05
-6.72271708e-05
-7.95293847e-05
-7.10224455e-05
-9.46366277e-05
-7.80950491e-05
-8.32753266e-05
-6.69280549e-05
-8.03044708e-05
-6.97808472e-05
-0.000106858853
-9.03954399e-05
-9.37075115e-05
-0.000103908174
-7.56181729e-05
-7.8380971e-05
-0.000101279603
-8.02601514e-05
-8.04411694e-05
-0.00010301082
-8.2140442e-05
-6.75697655e-05
-7.96200439e-05
-8.46682833e-05
-6.97901231e-05
-9.01410664e-05
-9.31805515e-05
-0.000108353253
-7.65614943e-05
-8.04179716e-05
-6.88045186e-05
-0.000100705205
-9.05740716e-05
-0.000104486449
-9.57184307e-05
-8.24773087e-05
-8.43175271e-05
-0.000108255486
-9.71276196e-05
-0.000106701439
-9.52676441e-05
-9.87856693e-05
-8.76473977e-05
-0.000102690362
-7.95989527e-05
-9.37365473e-05
-9.08914746e-05
-0.000106058361
-8.25496104e-05
-7.81203202e-05
-6.75804974e-05
-8.15429507e-05
-0.000105221386
-8.69301553e-05
-7.27222159e-05
-8.44866857e-05
-6.95995476e-05
-0.000105595733
-0.0001014129
-8.30551674e-05
-8.12195511e-05
-0.000103747658
-9.51739951e-05
-9.21377923e-05
-7.88656243e-05
-8.21324114e-05
-7.78157847e-05
-9.26952893e-05
-8.54730167e-05
-8.05712132e-05
-8.26533177e-05
-7.17487793e-05
-6.89546843e-05
-6.88234273e-05
-8.29720786e-05
-7.34299383e-05
-9.72855136e-05
-8.10696624e-05
-8.57738663e-05
-6.9100892e-05
-8.25575376e-05
-7.23656528e-05
-0.000108871374
-9.27645444e-05
-9.5932623e-05
-0.000106166528
-7.82476636e-05
-8.085773e-05
-0.000103439934
-8.24815986e-05
-8.26141978e-05
-0.000104638764
-8.43389986e-05
-6.9309835e-05
-8.14734145e-05
-8.65384457e-05
-7.23862537e-05
-9.14545984e-05
-9.42666214e-05
-0.00010317632
-0.000108551268
-7.8649161e-05
-8.29626631e-05
-7.98417243e-05
-7.13543457e-05
-0.000102838186
-9.08609209e-05
-0.000104722099
-9.34488228e-05
-0.000104684191
-9.60711906e-05
-0.000110358355
-8.29922084e-05
-8.48489027e-05
-7.34738146e-05
-9.42160467e-05
-9.06653112e-05
-0.000105500298
-8.09766026e-05
-7.71290347e-05
-6.51310083e-05
-7.93847344e-05
-0.000102255812
-8.43496702e-05
-6.95221227e-05
-8.19662614e-05
-6.75513656e-05
-0.000104206017
-9.91315976e-05
-8.04062406e-05
-8.03710223e-05
-0.00010161489
-9.36242562e-05
-9.06565626e-05
-7.85639557e-05
-8.07552434e-05
-7.61691693e-05
-8.94470883e-05
-8.34352428e-05
-7.78448307e-05
-7.92919317e-05
-6.99887187e-05
-6.71274228e-05
-6.58464607e-05
-2.94579425e-05
-3.15331251e-05
-5.49794472e-05
-3.37253718e-05
-3.401417e-05
-5.73447803e-05
-3.59852502e-05
-3.86106581e-05
-6.18481852e-05
-5.92075419e-05
-5.70419018e-05
-3.87366645e-05
-3.51455742e-05
-5.3450131e-05
-3.36251399e-05
-3.47531981e-05
-3.35319894e-05
-3.10240424e-05
-3.10909403e-05
-3.38219066e-05
-5.7237247e-05
-3.58866507e-05
-3.63738271e-05
-5.978956e-05
-3.87594562e-05
-4.13494596e-05
-6.44031539e-05
-5.92082454e-05
-5.70463358e-05
-3.90345666e-05
-3.60058771e-05
-5.24769888e-05
-3.3988077e-05
-3.3592107e-05
-3.1220574e-05
-2.85293262e-05
-1.72943576e-05
-3.19211577e-05
-3.36313602e-05
-2.3195653e-05
-4.20509193e-05
-4.70429036e-05
-5.59047266e-05
-5.74898987e-05
-3.05101497e-05
-3.63424366e-05
-3.42414017e-05
-2.36558146e-05
-5.92636095e-05
-4.59089362e-05
-3.35493364e-05
-2.39336811e-05
-4.74346234e-05
-3.09445164e-05
-3.63376915e-05
-2.05550148e-05
-3.39207603e-05
-2.44995886e-05
-5.80468946e-05
-4.30209677e-05
-4.67725362e-05
-5.57131893e-05
-3.18494586e-05
-3.7884438e-05
-5.87610733e-05
-5.96633912e-05
-5.72938014e-05
-5.59580592e-05
-4.96643827e-05
-4.4927437e-05
-3.68027236e-05
-3.44790447e-05
-4.52645258e-05
-3.85052269e-05
-3.2918423e-05
-3.46208147e-05
-2.70737451e-05
-2.20959076e-05
-2.16484257e-05
-5.68614141e-05
-4.52684823e-05
-5.87538988e-05
-3.59470353e-05
-4.92603978e-05
-4.54633476e-05
-5.42902308e-05
-3.88903231e-05
-3.36248704e-05
-2.27482522e-05
-3.57223193e-05
-3.7744344e-05
-2.64136406e-05
-2.12226755e-05
-2.14954347e-05
-3.56837775e-05
-3.77284723e-05
-2.65349109e-05
-4.51577432e-05
-4.9844513e-05
-5.93631841e-05
-6.08378729e-05
-3.33088973e-05
-3.83110764e-05
-3.56002841e-05
-2.50695917e-05
-6.17793207e-05
-4.86824479e-05
-3.64742588e-05
-2.68313293e-05
-4.98679313e-05
-3.37760035e-05
-3.87699852e-05
-2.25272425e-05
-3.70045858e-05
-2.72006819e-05
-6.14506414e-05
-4.5183835e-05
-4.96485468e-05
-5.91041638e-05
-3.47134865e-05
-6.19818196e-05
-5.6001869e-05
-5.36720864e-05
-5.46308523e-05
-4.70912642e-05
-4.3089227e-05
-3.78820848e-05
-3.37934646e-05
-3.19584138e-05
-4.42376296e-05
-3.60291017e-05
-3.11769601e-05
-3.4117206e-05
-2.44197422e-05
-2.00777749e-05
-2.13712982e-05
-5.46242469e-05
-4.34191319e-05
-5.57277518e-05
-3.32299141e-05
-4.71430721e-05
-4.20427634e-05
-3.55219547e-05
-3.00230783e-05
-1.84028791e-05
-3.16742179e-05
-3.35108163e-05
-2.29139643e-05
-1.72865001e-05
-4.26747981e-05
-4.25550627e-05
-4.94756466e-05
-5.80345746e-05
-5.80533226e-05
-3.41696286e-05
-3.41759284e-05
-3.73507134e-05
-2.84360447e-05
-2.18508022e-05
-4.98817486e-05
-4.38050149e-05
-3.63417333e-05
-3.63492975e-05
-2.90775616e-05
-3.61903933e-05
-5.66111036e-05
-4.91835606e-05
-5.64680036e-05
-6.04766314e-05
-6.00788888e-05
-5.3244893e-05
-4.72920085e-05
-4.68611652e-05
-4.00417895e-05
-3.26293056e-05
-3.28917125e-05
-3.37320738e-05
-3.28211155e-05
-2.53895681e-05
-2.47876821e-05
-1.8618075e-05
-5.47310661e-05
-4.65197601e-05
-3.87176567e-05
-3.8712038e-05
-2.90746426e-05
-3.7809642e-05
-3.75025075e-05
-2.93104498e-05
-2.31362372e-05
-2.3249087e-05
-2.29319064e-05
-3.83155049e-05
-3.76982103e-05
-2.97835657e-05
-5.40116689e-05
-4.63479019e-05
-5.41227356e-05
-4.65941678e-05
-3.89725564e-05
-3.91828888e-05
-1.95937498e-05
-4.2109256e-05
-3.36123358e-05
-3.29910412e-05
-1.85348352e-05
-3.27034514e-05
-2.48307391e-05
-5.3366855e-05
-4.01028546e-05
-4.68198438e-05
-3.27786415e-05
-6.00455999e-05
-5.31856978e-05
-5.95763297e-05
-5.70523643e-05
-5.6685371e-05
-4.93811378e-05
-4.5017348e-05
-4.37978655e-05
-3.63361915e-05
-3.75522897e-05
-3.62310274e-05
-3.62351658e-05
-2.88258965e-05
-2.27568344e-05
-2.21875033e-05
-5.82514931e-05
-4.92143883e-05
-5.7756642e-05
-4.90359948e-05
-4.20549598e-05
-3.42104995e-05
-3.35628328e-05
-2.58629459e-05
-6.08296151e-05
-5.32919267e-05
-1.57117618e-05
-3.61265953e-05
-2.9466768e-05
-1.7325453e-05
-3.21101616e-05
-2.4649253e-05
-4.97937519e-05
-3.85333822e-05
-4.46772562e-05
-3.29242042e-05
-5.69840466e-05
-5.10362389e-05
-5.75338026e-05
-5.90955454e-05
-5.96077558e-05
-5.36389072e-05
-4.67789872e-05
-4.80597976e-05
-4.15159034e-05
-3.46371636e-05
-3.62474782e-05
-3.3251224e-05
-3.35484955e-05
-2.56931727e-05
-2.80651934e-05
-2.13685506e-05
-5.92090063e-05
-5.14497951e-05
-5.8046325e-05
-4.94282887e-05
-4.16655592e-05
-3.6653207e-05
-3.54347542e-05
-2.82474728e-05
-3.39905145e-05
-2.57351643e-05
-1.84942522e-05
-2.14225385e-05
-1.82290038e-05
-3.41707052e-05
-2.58608111e-05
-4.51328015e-05
-4.16234203e-05
-4.93718281e-05
-5.78708834e-05
-3.62886311e-05
-3.51435273e-05
-1.97752936e-05
-4.01250715e-05
-3.32551756e-05
-3.36320931e-05
-2.15457814e-05
-3.47570668e-05
-2.81944663e-05
-5.29324704e-05
-4.13970285e-05
-4.80834468e-05
-3.59954347e-05
-5.94872325e-05
-5.3980005e-05
-5.63552537e-05
-5.69525111e-05
-5.0980039e-05
-4.36737225e-05
-4.47762233e-05
-3.87936815e-05
-3.59876939e-05
-3.22769087e-05
-3.31746757e-05
-2.30865623e-05
-2.4461171e-05
-1.76576607e-05
-4.90311592e-05
-6.11076438e-05
-5.37621285e-05
-5.84199514e-05
-2.08778885e-05
-1.76018968e-05
-4.08658283e-05
-3.45955505e-05
-3.607981e-05
-2.43811678e-05
-3.70478965e-05
-3.10913393e-05
-5.27220428e-05
-4.30992539e-05
-4.98531535e-05
-5.99759827e-05
-5.53823852e-05
-5.75084813e-05
-5.85120704e-05
-5.04667479e-05
-5.23649538e-05
-4.70949309e-05
-4.10682819e-05
-3.73554073e-05
-3.08517723e-05
-3.47490772e-05
-2.77191412e-05
-1.76443288e-05
-2.04542939e-05
-4.5418159e-05
-5.70260823e-05
-4.85614968e-05
-3.67339606e-05
-4.067966e-05
-3.49403887e-05
-2.20965226e-05
-3.30079981e-05
-2.49376547e-05
-1.75070932e-05
-1.73125006e-05
-4.06357107e-05
-3.50281172e-05
-3.70752521e-05
-2.93278544e-05
-3.3057415e-05
-2.49990552e-05
-5.9075105e-05
-5.3114024e-05
-5.69533922e-05
-4.84932752e-05
-2.42337236e-05
-2.04623249e-05
-4.36301113e-05
-4.0611487e-05
-3.69540734e-05
-3.41570197e-05
-2.779231e-05
-5.66376179e-05
-4.72567489e-05
-5.25063438e-05
-5.75587606e-05
-5.92593234e-05
-5.95782377e-05
-5.49821253e-05
-4.69916118e-05
-4.99466198e-05
-4.33434615e-05
-3.68081622e-05
-3.43056046e-05
-3.55742064e-05
-2.78296911e-05
-3.0618535e-05
-2.44704834e-05
-1.78406422e-05
-3.48083226e-05
-2.86349005e-05
-2.00920584e-05
-3.2982419e-05
-2.69074709e-05
-4.70711913e-05
-3.87416643e-05
-4.49668962e-05
-5.57913413e-05
-5.09659087e-05
-5.6736143e-05
-5.49132685e-05
-5.7667077e-05
-5.32320685e-05
-4.38480136e-05
-4.79715235e-05
-4.16253735e-05
-3.56137365e-05
-3.25182297e-05
-3.3750383e-05
-2.56684887e-05
-2.99041291e-05
-2.37270525e-05
-1.6469314e-05
-5.09374646e-05
-6.05882137e-05
-5.28399058e-05
-4.50056362e-05
-3.51601407e-05
-2.75298647e-05
-3.73008752e-05
-2.96264223e-05
-2.17156791e-05
-1.99738382e-05
-2.18065827e-05
-4.31376129e-05
-4.51338604e-05
-3.54211556e-05
-3.72936074e-05
-2.95472435e-05
-6.10867327e-05
-5.32257783e-05
-1.84422457e-05
-1.671e-05
-3.81924891e-05
-3.21976926e-05
-3.39361372e-05
-2.38876884e-05
-3.56291371e-05
-2.99763791e-05
-5.02250321e-05
-4.16606125e-05
-4.80216862e-05
-5.77387102e-05
-5.33618829e-05
-5.26531892e-05
-5.61315308e-05
-5.09754357e-05
-4.09180971e-05
-4.49622194e-05
-3.89579816e-05
-3.47656756e-05
-3.3048359e-05
-2.16953129e-05
-2.68725542e-05
-1.98943489e-05
-3.21523932e-05
-2.59532648e-05
-1.82433422e-05
-2.54727591e-05
-4.33686169e-05
-4.27675556e-05
-3.47373768e-05
-3.65266152e-05
-3.10767255e-05
-5.42087986e-05
-4.8645537e-05
-5.3793657e-05
-5.81994751e-05
-5.210553e-05
-5.5674178e-05
-5.13321595e-05
-4.05617197e-05
-4.59497562e-05
-3.99657636e-05
-3.48828822e-05
-3.41183143e-05
-2.17362887e-05
-2.80207961e-05
-2.10449379e-05
-5.81705543e-05
-5.42933998e-05
-5.44521441e-05
-4.68184726e-05
-3.8674128e-05
-3.08736505e-05
-3.8803102e-05
-3.18276139e-05
-2.36694487e-05
-1.56834121e-05
-2.25305679e-05
-1.59291485e-05
-2.34107092e-05
-4.66414631e-05
-4.68234648e-05
-5.44984627e-05
-3.83743239e-05
-3.88148113e-05
-3.17790639e-05
-1.54454381e-05
-3.46293886e-05
-2.86958824e-05
-2.11253241e-05
-3.40063104e-05
-2.80937947e-05
-4.66103793e-05
-3.98083879e-05
-4.58562443e-05
-5.55691512e-05
-5.11988641e-05
-5.81635224e-05
-4.96282474e-05
-5.39295672e-05
-4.86693485e-05
-3.77499095e-05
-4.27316728e-05
-3.49134968e-05
-3.23263526e-05
-3.71804516e-05
-3.16979404e-05
-1.87398475e-05
-2.55174581e-05
-1.82884611e-05
-2.53671556e-05
-1.87850844e-05
-3.22542035e-05
-2.58833459e-05
-4.28561944e-05
-3.80832503e-05
-4.35614388e-05
-3.67120374e-05
-3.49510923e-05
-5.37604964e-05
-4.96159997e-05
-5.43442659e-05
-5.8481665e-05
-5.72030665e-05
-5.11797601e-05
-5.63801634e-05
-5.20221557e-05
-3.99056459e-05
-4.66213714e-05
-4.0650551e-05
-3.38548316e-05
-3.4559277e-05
-2.10942412e-05
-2.84804214e-05
-2.17458302e-05
-1.53243997e-05
-5.80761023e-05
-6.15046403e-05
-5.4064304e-05
-4.67451881e-05
-3.88210037e-05
-3.17665503e-05
-3.85509272e-05
-3.07996106e-05
-1.61092181e-05
-2.25455036e-05
-2.34763298e-05
-2.25022745e-05
-4.67754882e-05
-4.65390822e-05
-3.90190363e-05
-3.86614138e-05
-3.09800258e-05
-6.1570566e-05
-5.41086674e-05
-1.5125917e-05
-3.42856884e-05
-2.81719778e-05
-2.1834701e-05
-3.48493571e-05
-2.85702956e-05
-4.58784763e-05
-4.08982924e-05
-4.65991721e-05
-5.64119531e-05
-5.19909575e-05
-5.84720414e-05
-4.87354792e-05
-5.44604041e-05
-4.97168761e-05
-4.33777931e-05
-3.78593212e-05
-3.69196983e-05
-3.46791032e-05
-3.13484364e-05
-3.2264846e-05
-1.83172875e-05
-2.59559936e-05
-1.88251665e-05
-3.29885499e-05
-2.67710342e-05
-2.15326337e-05
-3.48336459e-05
-2.8666346e-05
-4.50412304e-05
-4.08867637e-05
-4.70941035e-05
-5.76565405e-05
-5.27012466e-05
-5.35815917e-05
-5.94427087e-05
-5.521783e-05
-5.83220773e-05
-4.19176819e-05
-5.03178579e-05
-4.39209736e-05
-3.57794488e-05
-3.85969413e-05
-3.42656681e-05
-2.37233616e-05
-3.24983756e-05
-2.5687311e-05
-1.85030386e-05
-5.2940431e-05
-5.91481516e-05
-5.12437484e-05
-4.32267187e-05
-3.69894374e-05
-2.92241839e-05
-3.50560962e-05
-2.7253027e-05
-1.99507407e-05
-2.1733964e-05
-2.00611279e-05
-4.5033064e-05
-4.31678338e-05
-3.73683048e-05
-3.54636409e-05
-2.77205376e-05
-5.9166845e-05
-5.12518185e-05
-1.64237695e-05
-1.83876428e-05
-3.81743839e-05
-3.36572743e-05
-3.54276027e-05
-2.94099629e-05
-3.2049991e-05
-2.55920137e-05
-4.79203086e-05
-4.39140578e-05
-5.00429701e-05
-5.94758737e-05
-5.49351418e-05
-5.09499898e-05
-5.73711067e-05
-5.26242157e-05
-3.88613885e-05
-4.71488762e-05
-4.08522084e-05
-3.29390448e-05
-3.48170588e-05
-2.00267326e-05
-2.85402429e-05
-2.1502544e-05
-1.7498256e-05
-2.0743913e-05
-4.08018757e-05
-3.5573006e-05
-3.67594611e-05
-3.06947716e-05
-3.45849512e-05
-3.31019588e-05
-2.79529768e-05
-4.98850334e-05
-4.70125031e-05
-5.29230717e-05
-5.82279477e-05
-5.76482529e-05
-4.70239983e-05
-5.67158139e-05
-5.02165455e-05
-4.35595325e-05
-3.44608676e-05
-2.78175975e-05
-3.70035186e-05
-3.60064e-05
-3.09881781e-05
-2.4280909e-05
-1.73651134e-05
-6.07429908e-05
-4.86553299e-05
-5.29505167e-05
-4.56898966e-05
-3.72260704e-05
-3.31851589e-05
-3.53961289e-05
-2.49511678e-05
-2.94461855e-05
-2.19332249e-05
-1.74262197e-05
-4.09012276e-05
-3.3234163e-05
-3.51567855e-05
-2.18079227e-05
-3.6707044e-05
-2.91219765e-05
-5.91306452e-05
-4.55238837e-05
-5.31474773e-05
-6.07599724e-05
-2.05982741e-05
-1.75795288e-05
-2.4334839e-05
-4.05771222e-05
-4.37951039e-05
-3.44509139e-05
-3.74918176e-05
-3.6180073e-05
-3.1089184e-05
-5.67944076e-05
-5.24106296e-05
-5.62644123e-05
-5.02623679e-05
-5.91717092e-05
-5.50052665e-05
-5.85154383e-05
-4.33910815e-05
-5.30860632e-05
-4.70615948e-05
-3.7093543e-05
-4.08681698e-05
-3.56694759e-05
-2.41138382e-05
-3.41428121e-05
-3.27876424e-05
-2.74506794e-05
-2.10165955e-05
-5.83019054e-05
-5.68757667e-05
-4.8930885e-05
-5.74324038e-05
-1.57281841e-05
-3.22228826e-05
-2.45290872e-05
-2.28077136e-05
-3.61772696e-05
-3.62071502e-05
-2.94638059e-05
-4.47787809e-05
-4.36231591e-05
-4.9905265e-05
-5.65457365e-05
-5.6331786e-05
-5.92537853e-05
-5.3659342e-05
-5.91463554e-05
-4.13885339e-05
-5.28492872e-05
-4.68834314e-05
-3.49220633e-05
-4.02085748e-05
-3.37577024e-05
-2.1310441e-05
-3.30341716e-05
-3.24018225e-05
-2.56552044e-05
-1.95498895e-05
-5.89191713e-05
-5.98880513e-05
-5.14619929e-05
-4.17775777e-05
-4.48355193e-05
-3.5329889e-05
-3.41783778e-05
-3.65290938e-05
-3.78990347e-05
-2.8055213e-05
-1.82099402e-05
-2.13848428e-05
-3.4029443e-05
-2.55583509e-05
-2.12851236e-05
-4.95956745e-05
-4.51963697e-05
-3.54412166e-05
-3.64489431e-05
-2.79662187e-05
-3.73704306e-05
-5.99359898e-05
-5.19713689e-05
-1.98894047e-05
-4.06627459e-05
-3.41886857e-05
-3.50722312e-05
-2.83276114e-05
-3.35545317e-05
-3.28626774e-05
-2.57900455e-05
-4.80240804e-05
-4.68361987e-05
-5.32070585e-05
-5.97049147e-05
-5.9679251e-05
-5.63131299e-05
-5.09451143e-05
-5.63919061e-05
-3.89223655e-05
-4.99280363e-05
-4.39334239e-05
-3.22074818e-05
-3.6263052e-05
-1.74918512e-05
-3.60675713e-05
-2.90471158e-05
-2.24518022e-05
-1.52623763e-05
-5.32041373e-05
-5.70151934e-05
-4.84725708e-05
-4.9174915e-05
-4.28621634e-05
-3.36120479e-05
-3.42498279e-05
-2.60690373e-05
-3.34795753e-05
-5.86154805e-05
-4.93693682e-05
-5.78288678e-05
-2.20458068e-05
-3.19317494e-05
-2.28740857e-05
-3.75468091e-05
-3.79445548e-05
-2.87644739e-05
-4.37257052e-05
-4.47129241e-05
-4.97488204e-05
-5.78536217e-05
-5.86971049e-05
-3.62253576e-05
-3.64714373e-05
-6.05857706e-05
-5.31322534e-05
-6.21907099e-05
-3.98546362e-05
-5.41251516e-05
-4.76222839e-05
-5.74032231e-05
-3.25954615e-05
-4.22617896e-05
-3.31014682e-05
-1.88275249e-05
-3.39221109e-05
-3.47674707e-05
-2.53287045e-05
-1.94121048e-05
-5.43999711e-05
-5.38785664e-05
-4.66351877e-05
-4.63405924e-05
-3.91355715e-05
-3.86279421e-05
-3.84756012e-05
-3.73639389e-05
-2.92040106e-05
-2.28937869e-05
-2.29605635e-05
-3.81484653e-05
-2.92791314e-05
-2.34491525e-05
-5.46317744e-05
-4.63998715e-05
-5.39190139e-05
-3.91770047e-05
-3.8463323e-05
-2.9377241e-05
-3.74275992e-05
-6.12893787e-05
-1.97e-05
-4.20745397e-05
-3.29231725e-05
-3.27451265e-05
-2.49357309e-05
-3.37746815e-05
-3.50123896e-05
-2.51706774e-05
-4.67009093e-05
-4.73302702e-05
-5.32239692e-05
-6.15892715e-05
-6.19653621e-05
-5.69375987e-05
-4.91526756e-05
-5.78435572e-05
-4.98551309e-05
-4.49013247e-05
-5.38273994e-05
-3.61644946e-05
-3.64641704e-05
-2.8912857e-05
-3.77184929e-05
-3.79457579e-05
-2.88164557e-05
-3.19672618e-05
-2.2958813e-05
-5.86189794e-05
-5.83271219e-05
-4.92367437e-05
-4.19673065e-05
-4.29776972e-05
-3.37006014e-05
-3.39136923e-05
-3.32750926e-05
-2.5553962e-05
-3.15896261e-05
-2.29209062e-05
-4.71397926e-05
-3.06498783e-05
-3.63083958e-05
-1.97883832e-05
-3.39246486e-05
-2.34938349e-05
-5.97472346e-05
-4.32305466e-05
-4.63628136e-05
-5.71447653e-05
-2.91756713e-05
-3.14347152e-05
-5.47945962e-05
-3.35646948e-05
-3.39156105e-05
-5.72807551e-05
-3.59826808e-05
-2.14237858e-05
-3.37333574e-05
-3.84869533e-05
-2.4294349e-05
-4.39993129e-05
-4.70252181e-05
-5.73569394e-05
-6.17152246e-05
-3.07267482e-05
-3.58337275e-05
-3.38133895e-05
-2.43062561e-05
-5.83285349e-05
-4.6801732e-05
-5.62336257e-05
-4.49203915e-05
-5.89699474e-05
-3.68442856e-05
-4.94648251e-05
-4.58175983e-05
-5.9730755e-05
-3.84007953e-05
-3.28056444e-05
-2.21388374e-05
-3.48714854e-05
-5.73131564e-05
-3.96274198e-05
-2.57508665e-05
-3.55185184e-05
-2.24711352e-05
-5.89802388e-05
-5.36730144e-05
-3.37242902e-05
-3.49768045e-05
-5.69241999e-05
-4.84678602e-05
-4.55353581e-05
-3.34470715e-05
-3.51919489e-05
-3.07827237e-05
-4.45695159e-05
-3.80700907e-05
-3.32484879e-05
-3.52283325e-05
-2.48101531e-05
-2.27609035e-05
-2.13335731e-05
-3.54981578e-05
-2.63026999e-05
-5.01702358e-05
-3.31881314e-05
-3.81624968e-05
-2.23278629e-05
-3.55124588e-05
-2.51276071e-05
-6.24653105e-05
-4.57868354e-05
-4.8942692e-05
-5.92487161e-05
-3.10090045e-05
-3.38728242e-05
-5.72467084e-05
-3.59068904e-05
-3.62958758e-05
-5.97785616e-05
-3.86709655e-05
-2.38100633e-05
-3.6299279e-05
-4.12730645e-05
-2.68657389e-05
-4.69066131e-05
-5.01181975e-05
-5.92955655e-05
-6.44605509e-05
-3.35206683e-05
-3.85455916e-05
-3.69524534e-05
-2.69335808e-05
-6.11753362e-05
-4.96433879e-05
-5.43250482e-05
-4.28179843e-05
-5.74801573e-05
-3.36470335e-05
-4.7490812e-05
-4.36950992e-05
-5.92611726e-05
-3.60900725e-05
-3.09145434e-05
-1.99381849e-05
-3.36294752e-05
-5.72040576e-05
-3.84594601e-05
-2.39881676e-05
-3.6050918e-05
-2.07135252e-05
-5.72406404e-05
-5.25808817e-05
-3.40445847e-05
-3.35183554e-05
-5.4140036e-05
-4.60859944e-05
-4.28592711e-05
-3.1133954e-05
-3.30922808e-05
-2.82162283e-05
-4.17528422e-05
-3.5789657e-05
-3.01373143e-05
-3.13896122e-05
-2.22474655e-05
-1.9119595e-05
-1.7377897e-05
1.28369237e-05
-1.04363902e-05
1.06338526e-05
9.73474351e-06
-1.1170358e-05
8.09661407e-06
6.90908423e-06
-1.52120032e-05
-1.4499721e-05
-1.23721894e-05
5.88527152e-06
8.84059254e-06
-7.88050169e-06
1.09761099e-05
1.12835335e-05
1.33338291e-05
1.59491702e-05
1.59259846e-05
1.33612977e-05
-1.01088595e-05
1.13628995e-05
1.12452331e-05
-1.26003031e-05
9.25405666e-06
6.39167544e-06
-1.79701466e-05
-1.24287392e-05
-9.97758505e-06
8.42319323e-06
1.05269178e-05
-4.61555828e-06
1.2361069e-05
1.22000131e-05
1.42881397e-05
-1.12431205e-05
-4.79799196e-08
1.10319904e-05
7.63887814e-06
1.21629478e-05
2.23164974e-05
-8.9339792e-07
1.52608688e-05
1.03594023e-05
2.73994076e-05
1.27333397e-05
2.24433763e-05
-1.26564572e-05
3.04186924e-06
-1.15154234e-06
-1.08529449e-05
1.4354921e-05
8.08627317e-06
-1.5252159e-05
-1.34479977e-05
-1.1767586e-05
-9.48160797e-06
-3.4709471e-06
1.25616764e-06
9.3795792e-06
1.14423413e-05
1.5506921e-07
7.83383352e-06
1.34348831e-05
1.09063043e-05
1.92190762e-05
2.47478146e-05
2.39619417e-05
-9.52988274e-06
1.34852159e-06
-1.09538108e-05
1.10147893e-05
-2.63886049e-06
1.9920917e-06
8.17686962e-06
1.37716278e-05
2.54451783e-05
1.22093486e-05
1.01380991e-05
2.06543285e-05
2.52761648e-05
2.53987371e-05
1.25794351e-05
1.02655092e-05
2.05811127e-05
2.65735789e-06
-2.69710306e-06
-1.12441324e-05
-1.3391617e-05
1.4139933e-05
8.80011709e-06
1.14592369e-05
2.21934623e-05
-1.53683823e-05
-2.29711422e-06
1.11626417e-05
2.09758066e-05
-3.41185652e-06
1.36318459e-05
7.71573412e-06
2.4813863e-05
9.34891563e-06
1.95441184e-05
-1.53696287e-05
1.03173926e-06
-3.31915677e-06
-1.36773352e-05
1.1808507e-05
-1.05929238e-05
-8.82588323e-06
-7.86468269e-06
-9.47179988e-07
3.37684111e-06
8.09199351e-06
1.29634049e-05
1.45315451e-05
2.8391026e-06
1.08782328e-05
1.57362053e-05
1.33615927e-05
2.25461199e-05
2.70346047e-05
2.5419915e-05
-5.49657832e-06
1.12070006e-05
7.47918859e-06
2.05920537e-05
8.37173669e-06
1.79141476e-05
2.40749671e-05
-5.8713543e-06
7.09436131e-07
9.00850644e-06
9.44588349e-06
1.68320292e-05
-1.32172344e-05
-5.87944747e-06
-1.06316158e-05
-1.08209518e-05
-2.29765612e-06
-2.52529798e-06
4.08271664e-06
1.24763794e-05
1.19231993e-05
1.25361669e-05
1.29498629e-05
2.09265035e-05
2.09062435e-05
2.75812509e-05
-1.46127332e-05
-5.34145808e-06
-1.45726454e-05
-5.89657357e-06
2.79887647e-07
9.27722833e-06
8.77510896e-06
1.81296369e-05
8.83507781e-06
9.05515483e-06
1.7276733e-05
2.33935693e-05
2.96703418e-05
2.97839189e-05
2.35606209e-05
2.33023843e-05
8.59402813e-06
8.55109305e-06
1.65049616e-05
8.59913387e-07
5.59279543e-07
-5.57256705e-06
-1.39504019e-05
-1.38987649e-05
9.17162181e-06
8.91360286e-06
2.72041679e-05
3.30859692e-06
1.24454063e-05
1.24664427e-05
2.7409324e-05
1.20883403e-05
2.07751256e-05
-1.04715247e-05
3.69213858e-06
-2.54760891e-06
-1.05185747e-05
1.17778059e-05
-1.37521023e-05
-1.36002009e-05
-5.73540704e-06
3.89975384e-07
7.22822038e-07
9.12628479e-06
8.10875369e-06
9.21600756e-06
1.67929535e-05
2.36665391e-05
2.41593863e-05
3.01590088e-05
6.70772826e-06
1.43522209e-05
1.34631899e-05
2.74079908e-05
1.16084104e-05
1.99996433e-05
-8.79113586e-06
3.85874692e-06
-2.56902365e-06
-1.00440246e-05
1.06077483e-05
-1.37874531e-05
-3.64336227e-06
-6.61789362e-06
6.17229904e-07
9.00441736e-06
1.08326495e-05
9.92108068e-06
1.91870241e-05
1.63724431e-05
2.36799736e-05
-1.21858637e-05
-4.85744233e-06
-1.09551654e-05
-2.64719668e-06
4.58976514e-06
9.63604928e-06
1.05838596e-05
1.72279034e-05
1.15848062e-05
1.9343129e-05
2.65488267e-05
2.39878384e-05
2.6584855e-05
1.15868281e-05
1.95201203e-05
1.61708831e-06
4.53219736e-06
-2.49681662e-06
-1.06598604e-05
9.78276435e-06
1.07823594e-05
2.60189893e-05
2.5828258e-06
1.10660904e-05
9.97435751e-06
2.37527721e-05
8.90377863e-06
1.62884376e-05
-1.29572961e-05
6.03353749e-07
-6.60412353e-06
-1.38040446e-05
-1.04947398e-05
-1.15667525e-05
-3.46168954e-07
-2.53469098e-06
4.11401153e-06
1.21659972e-05
1.03765797e-05
1.39935016e-05
1.3483328e-05
2.28712418e-05
2.01608436e-05
2.74497092e-05
2.3612466e-05
2.68057651e-05
6.98044752e-07
3.79045141e-06
9.07357229e-06
1.15272486e-05
1.91957997e-05
-1.08668394e-05
-3.77632027e-06
-1.27490145e-05
-1.23379572e-05
-1.36975719e-05
-7.05481713e-06
4.63698455e-06
4.86631343e-07
7.90074149e-06
1.24563364e-05
1.51675822e-05
1.31125421e-05
2.74759282e-05
2.32104198e-05
3.06613708e-05
8.31662525e-07
-1.02810044e-05
-2.21778321e-06
8.76125307e-06
4.93152491e-06
1.0284162e-05
2.2431817e-05
1.16011503e-05
1.87965293e-05
2.63585369e-05
2.90216796e-05
2.63079406e-05
5.00782102e-06
1.01532379e-05
8.59368211e-06
1.5741506e-05
1.16829224e-05
1.86983686e-05
-1.20673666e-05
-6.40418258e-06
-1.02598378e-05
-2.36554351e-06
1.21397115e-05
1.98351621e-05
3.1129344e-05
1.5069693e-05
2.32007144e-05
-3.05310578e-06
7.92172762e-06
3.49399734e-07
1.34400867e-05
-1.35185668e-05
-7.01413165e-06
-6.0411892e-06
-1.10215451e-05
-3.71296545e-06
3.78608318e-06
8.81989294e-06
1.61376929e-05
1.14397589e-05
1.93201176e-05
2.67157371e-05
2.90264832e-05
6.21779212e-06
1.36686746e-05
1.13054561e-05
2.32586622e-05
8.53771251e-06
1.57281919e-05
-8.40217539e-06
1.23236638e-06
-6.44642436e-06
-1.34557388e-05
-4.2496236e-06
-9.61981642e-06
-2.48209508e-06
5.04273284e-06
1.05289138e-05
1.76741853e-05
1.22614396e-05
1.96706296e-05
2.76725814e-05
-4.69716993e-06
-1.40728731e-05
-6.35263368e-06
1.37481643e-06
8.24284224e-06
9.62254215e-06
1.22939868e-05
1.66253221e-05
1.48747111e-05
3.02281558e-05
2.15398103e-05
2.82595139e-05
2.35869173e-05
2.8441651e-05
1.49221909e-05
2.13453273e-05
3.07576883e-06
8.52528284e-06
1.44722068e-06
1.0037295e-05
1.26578119e-05
-1.40746336e-05
-6.45511379e-06
2.55293616e-05
2.73750769e-05
3.37248947e-06
5.06108562e-06
1.09324381e-05
1.21928172e-05
1.94921871e-05
-9.66798917e-06
-2.48207488e-06
-1.27572405e-05
-9.11656636e-07
-5.97284312e-06
1.30548055e-06
8.59027804e-06
1.3122827e-05
1.09718831e-05
2.16097701e-05
1.55212434e-05
2.31631832e-05
9.08705501e-06
1.64362713e-05
2.50931269e-05
9.74448894e-06
1.7043225e-05
-5.22233437e-06
2.78629994e-06
-4.5484054e-06
-1.15194951e-05
-1.46622135e-05
-1.71312842e-06
-8.36518656e-06
-1.24358649e-06
6.82741901e-06
1.36393629e-05
2.11368713e-05
1.4339688e-05
2.17642834e-05
2.94291609e-05
-1.14009695e-05
-7.27627586e-06
-8.42301451e-06
6.87655352e-06
-1.37916262e-06
6.21767667e-06
1.36947105e-05
1.30794289e-05
2.70911178e-05
1.98339803e-05
2.65776913e-05
1.38320634e-05
2.04258204e-05
2.6653041e-05
1.3453566e-05
1.99310958e-05
-5.9989894e-07
6.55298234e-06
-1.36608884e-06
-8.96224325e-06
2.87544918e-05
2.95608131e-05
6.26667439e-06
7.04586836e-06
1.36579713e-05
1.44970307e-05
2.15979002e-05
-1.17998081e-05
-1.14618107e-06
-8.11654627e-06
-1.4679784e-05
-1.15139995e-05
2.02498794e-06
-4.60255577e-06
2.63285814e-06
9.1705934e-06
9.81772178e-06
2.42529875e-05
1.71885069e-05
2.48782095e-05
9.80995035e-06
1.7051001e-05
2.45179145e-05
9.26548821e-06
1.65794443e-05
-4.64956244e-06
2.18799996e-06
-5.34043773e-06
-1.2197571e-05
-1.29782456e-06
-8.83098192e-06
-1.78020042e-06
6.19343987e-06
1.42028699e-05
2.1559633e-05
1.33648251e-05
2.07564543e-05
2.89833492e-05
-1.2197855e-05
-1.51779753e-05
-7.88317391e-06
6.53822323e-06
-5.71385208e-07
7.42150614e-06
1.34152101e-05
1.41378815e-05
2.65934403e-05
2.03891488e-05
2.72260158e-05
1.36743377e-05
1.99858947e-05
2.73029197e-05
1.38596194e-05
2.05201586e-05
-1.41700916e-06
6.96020158e-06
-7.06144551e-07
-1.51362736e-05
-8.09951036e-06
2.96129642e-05
2.90408017e-05
7.04988486e-06
6.14955751e-06
1.43561258e-05
1.34591379e-05
2.0882667e-05
-1.16577519e-05
-8.12917371e-06
-8.54098357e-06
-1.73141734e-06
-1.21381494e-05
2.91493413e-06
-5.28781227e-06
2.18161019e-06
1.00483425e-05
9.33108778e-06
2.50209932e-05
1.66318807e-05
2.44277819e-05
2.90719489e-05
6.32841938e-06
1.10100719e-05
8.41288395e-06
1.55414002e-05
1.3542888e-05
2.15398457e-05
-6.66483026e-06
-9.83834317e-07
-8.40392903e-06
-1.49686862e-05
-1.27895584e-05
-2.5934311e-06
-1.1449803e-05
-4.19826149e-06
3.44198046e-06
1.23686337e-05
1.9800035e-05
1.09012642e-05
1.30313561e-05
1.80159142e-05
2.55828936e-05
-6.48701825e-06
-1.23390165e-05
-4.7149549e-06
8.46406375e-06
3.14488695e-06
1.2392053e-05
1.47844347e-05
1.02697841e-05
1.66900177e-05
2.85003479e-05
2.3663036e-05
3.01367752e-05
1.47281068e-05
2.1386476e-05
3.01812293e-05
2.36102583e-05
1.13045382e-06
2.79926183e-06
1.26899424e-05
1.00097185e-05
1.69245931e-05
-1.21175499e-05
-4.3887e-06
2.76515467e-05
2.54649656e-05
4.88047057e-06
3.4714817e-06
1.24191815e-05
1.11466793e-05
1.31675877e-05
1.81506781e-05
-1.15419964e-05
-4.43954171e-06
-1.50643861e-05
1.20243115e-06
-8.20041603e-06
-8.22374944e-07
8.28807286e-06
6.44343768e-06
1.0910566e-05
2.32544649e-05
1.35082991e-05
2.15708251e-05
2.92829822e-05
2.71379348e-05
2.37008453e-05
4.03469474e-06
8.24476705e-07
1.16253588e-05
8.9784477e-06
1.05630753e-05
1.62766084e-05
-1.33833197e-05
-6.57371963e-06
-1.17782043e-05
-6.49128523e-06
-1.06953671e-05
7.64753468e-06
-3.27074651e-06
4.60095997e-06
1.49664854e-05
1.20811408e-05
3.01654594e-05
1.96111256e-05
2.7300512e-05
-1.36611104e-05
-2.32531294e-06
-6.26470967e-06
6.40199849e-07
8.49173098e-06
1.17996826e-05
9.85049906e-06
1.89152989e-05
1.56170862e-05
2.2595471e-05
2.9306991e-05
2.63984036e-05
2.91349556e-05
4.7639085e-06
1.14770293e-05
1.01191148e-05
2.23704041e-05
8.78462227e-06
1.57413004e-05
-1.22710404e-05
7.21516635e-07
-6.68626808e-06
-1.38499244e-05
1.49231628e-05
2.30102988e-05
2.74449647e-05
1.21428629e-05
1.97063286e-05
4.72092898e-07
4.5670019e-06
-3.18443153e-06
-1.05911406e-05
-3.58963166e-06
-1.34757803e-05
-6.45670801e-06
-1.18905485e-05
7.68683075e-07
1.15033413e-05
1.91036989e-05
8.53672324e-06
1.00753871e-05
1.58615585e-05
2.36520059e-05
2.99148938e-05
6.543948e-06
1.35141212e-05
1.23700809e-05
2.01118973e-05
1.41470146e-05
2.26557144e-05
-9.05092811e-06
-2.76776166e-06
-8.55905646e-06
-2.42501062e-07
7.22530416e-07
-1.16523363e-05
-3.6091717e-06
-1.07862129e-05
8.58139389e-06
2.9909271e-06
9.86054628e-06
2.38350339e-05
1.08939095e-05
1.16320367e-05
1.92337606e-05
2.61147021e-05
-1.17768059e-05
-1.29305105e-05
-4.67956848e-06
4.52932563e-06
1.56166966e-06
1.04713988e-05
1.16359789e-05
9.54374328e-06
8.83601447e-06
1.70206829e-05
2.66976121e-05
2.41157439e-05
1.17161092e-05
1.95104028e-05
2.42572825e-05
-2.79291031e-06
1.56078877e-06
1.04752633e-05
9.66718429e-06
1.71666849e-05
9.4409345e-06
-1.31785939e-05
-5.05392075e-06
-1.40975311e-05
2.60764458e-05
2.73807285e-06
1.00243751e-05
8.86246773e-06
1.6317527e-05
1.08024422e-05
1.1870199e-05
1.93530426e-05
-1.22677722e-05
-5.96049493e-06
-1.2050507e-05
-3.68967827e-06
4.12022827e-06
-8.3041231e-06
-3.5133793e-07
1.20684727e-05
7.23397634e-06
1.40752215e-05
2.74764967e-05
1.4461991e-05
2.28008828e-05
2.96206752e-05
2.41241892e-05
1.4647942e-05
2.37539808e-05
8.16087648e-06
7.94452208e-06
1.76853945e-05
7.40636462e-07
1.73668481e-07
-5.67252618e-06
-1.4991346e-05
-1.52459971e-05
9.22537249e-06
8.74946662e-06
3.59350261e-06
-1.07627516e-05
-2.33856346e-06
-1.18340924e-05
1.21749913e-05
3.55295498e-06
1.26687347e-05
2.77429959e-05
1.25190109e-05
1.1568724e-05
2.12988166e-05
2.73775148e-05
-1.46222538e-05
-1.43726578e-05
-5.48888608e-06
2.66234319e-07
8.16370108e-07
8.52183394e-06
8.58702477e-06
9.12579804e-06
1.03886579e-05
1.76970879e-05
2.35263517e-05
2.3865501e-05
2.90917048e-05
9.15893288e-06
1.76625486e-05
2.37673545e-05
-5.97844749e-06
5.24000645e-07
8.82471511e-06
8.98591503e-06
1.79977321e-05
1.00279742e-05
-1.42383876e-05
-5.21358341e-06
-1.33341634e-05
2.72294156e-05
3.43745162e-06
1.25197218e-05
1.24851442e-05
2.08809387e-05
1.22413557e-05
1.16767685e-05
2.11298224e-05
-1.03856201e-05
-2.43881012e-06
-1.10618958e-05
-2.50301598e-06
-1.3853192e-05
-6.00525168e-06
-1.5021507e-05
-5.69253836e-06
1.02217948e-07
-8.86928642e-06
9.13347899e-06
9.04726082e-06
1.67669416e-05
8.20915954e-06
8.193632e-06
1.7607248e-05
1.46327486e-05
2.3809797e-05
-1.1315995e-05
3.40731536e-07
-1.02298483e-05
7.3778259e-06
1.1141143e-05
2.07557239e-05
1.33591873e-05
-1.05501882e-05
1.07276201e-05
9.66348444e-06
-1.12322078e-05
7.9284752e-06
2.41482031e-05
1.28019838e-05
7.12407701e-06
2.27561833e-05
2.47464008e-06
-6.6432793e-07
-1.07860492e-05
-1.56035284e-05
1.60733829e-05
1.09236124e-05
1.28231269e-05
2.25427496e-05
-1.29959505e-05
-1.02121037e-06
-9.95732942e-06
1.17255551e-06
-1.20602795e-05
9.32423265e-06
-3.08996975e-06
3.6263789e-07
-1.46142998e-05
7.96405747e-06
1.38194381e-05
2.47665778e-05
1.10488609e-05
-1.22013685e-05
6.24073806e-06
2.07170511e-05
8.84746663e-06
2.37310863e-05
-1.27394951e-05
-8.09982667e-06
1.09960606e-05
1.13877804e-05
-9.42090936e-06
-1.88149872e-06
1.58986268e-06
1.33968276e-05
1.13675061e-05
1.62712027e-05
1.9525474e-06
8.63057447e-06
1.37576335e-05
1.23648814e-05
2.19001939e-05
2.4591226e-05
2.54398675e-05
1.22056246e-05
2.07041878e-05
-2.39191769e-06
1.39292897e-05
8.79386333e-06
2.50636476e-05
1.11762984e-05
2.19821821e-05
-1.51724e-05
9.49048582e-07
-2.2053809e-06
-1.26551576e-05
1.55089142e-05
1.33662005e-05
-1.05788215e-05
1.12794171e-05
1.08218904e-05
-1.26406344e-05
8.81352356e-06
2.41541802e-05
1.06813744e-05
6.03841081e-06
2.07107329e-05
-1.0183736e-07
-3.30743283e-06
-1.30324618e-05
-1.78714112e-05
1.31653851e-05
7.99224017e-06
9.37520957e-06
1.95122171e-05
-1.61363292e-05
-4.26694307e-06
-7.45729966e-06
3.40098574e-06
-1.04824451e-05
1.27841549e-05
-6.35927409e-07
2.6070522e-06
-1.23898339e-05
1.07373045e-05
1.60722315e-05
2.70172162e-05
1.32457601e-05
-9.9802813e-06
8.05725809e-06
2.29271286e-05
1.03827927e-05
2.51898802e-05
-9.82209072e-06
-4.9410427e-06
1.21613436e-05
1.22777316e-05
-5.50288662e-06
6.16471419e-07
7.98970776e-06
1.11649038e-05
1.41162147e-05
2.09325278e-05
3.34298517e-05
5.71625418e-05
5.46691094e-05
2.92360824e-05
3.27973814e-05
3.51229841e-05
5.43794074e-05
5.65204917e-05
3.98124508e-05
5.81539841e-05
5.82465782e-05
6.02407732e-05
6.26476129e-05
6.29550082e-05
6.03850237e-05
3.69864095e-05
5.87051e-05
5.83842765e-05
3.46493959e-05
5.63914662e-05
5.40920042e-05
2.98224998e-05
3.08734023e-05
3.57802874e-05
5.31851915e-05
5.64738496e-05
5.7027323e-05
6.91239627e-05
4.47759691e-05
6.21020075e-05
5.79160328e-05
7.00787486e-05
3.50865273e-05
4.60352078e-05
3.66589551e-05
5.25777012e-05
5.45831552e-05
6.40405377e-05
5.55016296e-05
3.20120746e-05
3.37465806e-05
3.52158843e-05
3.7038582e-05
4.38979571e-05
4.83775531e-05
5.7195935e-05
5.92222714e-05
4.79503841e-05
5.57876746e-05
6.12117713e-05
5.86612363e-05
6.76178715e-05
7.29435124e-05
7.23634423e-05
3.69533478e-05
4.79298092e-05
3.51074103e-05
5.76775545e-05
4.35973187e-05
4.81901606e-05
5.48090252e-05
5.98177419e-05
7.03328662e-05
5.81479527e-05
5.58394751e-05
6.63062441e-05
5.9791001e-05
6.99441902e-05
6.02921907e-05
7.01019358e-05
5.8016407e-05
5.58940288e-05
6.61664664e-05
4.8397664e-05
4.36674409e-05
3.55446927e-05
3.31162814e-05
5.99720423e-05
5.5030372e-05
5.81270594e-05
6.80518697e-05
3.1798323e-05
4.49155603e-05
5.88329e-05
6.92433085e-05
4.46237174e-05
6.1084668e-05
5.58402323e-05
7.24591435e-05
5.75444611e-05
6.76793006e-05
3.22106086e-05
4.88879896e-05
4.39568282e-05
3.35421888e-05
5.9504961e-05
3.64703772e-05
3.85032696e-05
3.88794575e-05
4.62265646e-05
5.23828338e-05
5.48623653e-05
5.53326738e-05
6.44151372e-05
4.56308413e-05
5.71033945e-05
6.07853065e-05
5.54228909e-05
6.96824921e-05
5.59075783e-05
6.52577781e-05
7.12490898e-05
4.19664758e-05
4.77324646e-05
5.64028935e-05
5.63788201e-05
6.48604749e-05
5.57066669e-05
3.30997144e-05
4.14410517e-05
3.60963899e-05
3.5748998e-05
4.51258779e-05
4.47044404e-05
5.14005847e-05
6.02068902e-05
5.95430204e-05
6.0000681e-05
6.06131427e-05
6.90346259e-05
6.89194202e-05
7.55025001e-05
3.18890875e-05
4.0998125e-05
5.07744533e-05
3.71145898e-05
4.50954342e-05
5.90784772e-05
5.15077047e-05
5.87868287e-05
7.17156406e-05
5.82412768e-05
5.76427985e-05
6.51909686e-05
7.03302685e-05
7.51367529e-05
7.47242596e-05
7.04617234e-05
5.12267733e-05
5.85280364e-05
5.94911604e-05
6.70259461e-05
5.80937689e-05
5.77702185e-05
6.52515332e-05
3.70264054e-05
4.59614528e-05
3.68536303e-05
4.48320831e-05
7.54557196e-05
5.11261796e-05
6.00578457e-05
6.02356937e-05
7.58793207e-05
6.00751623e-05
6.89706877e-05
3.64659931e-05
5.15838089e-05
4.47146641e-05
3.60701627e-05
5.93658597e-05
3.2802108e-05
3.3224869e-05
4.1461007e-05
4.76989026e-05
4.76655665e-05
5.6435776e-05
5.56647214e-05
5.62004906e-05
5.59169915e-05
6.45986993e-05
7.14543693e-05
7.14253619e-05
5.49605153e-05
6.27749581e-05
7.52408286e-05
5.84197055e-05
6.73464205e-05
3.74462848e-05
5.03190112e-05
4.3854266e-05
3.57084874e-05
5.7132695e-05
3.22394669e-05
4.3017901e-05
3.97850474e-05
4.72517258e-05
5.5479644e-05
5.85393845e-05
5.71747453e-05
6.71324058e-05
6.33750018e-05
7.11701398e-05
3.23589262e-05
3.9192529e-05
3.34190987e-05
5.13318959e-05
3.98352865e-05
4.64155187e-05
5.79541252e-05
5.26708194e-05
5.83228642e-05
6.94486281e-05
5.8444454e-05
5.87315218e-05
6.41193567e-05
6.92393096e-05
7.40085016e-05
7.73488978e-05
7.73755185e-05
7.40696018e-05
7.40231249e-05
6.92842782e-05
5.25218604e-05
5.81673432e-05
5.80352122e-05
6.43620113e-05
5.88361495e-05
5.92181121e-05
6.4623893e-05
4.50264742e-05
4.63606049e-05
3.98272932e-05
3.32402769e-05
3.43932613e-05
7.39517905e-05
5.00073834e-05
5.82098544e-05
5.71659075e-05
7.13786911e-05
5.56045766e-05
6.33736334e-05
3.30539315e-05
4.73228327e-05
3.92689891e-05
3.19341835e-05
3.56005774e-05
3.35819145e-05
4.64198657e-05
4.34454517e-05
5.051961e-05
5.49633953e-05
5.86871808e-05
5.7339335e-05
7.0482778e-05
6.73787238e-05
7.53246256e-05
7.10548429e-05
7.44407624e-05
4.70996338e-05
5.02405064e-05
5.55577515e-05
5.81252041e-05
6.63362923e-05
3.47941721e-05
4.2646835e-05
3.82268256e-05
3.63299305e-05
5.09077673e-05
4.65710166e-05
5.68706299e-05
5.84987955e-05
5.48760329e-05
6.23564952e-05
7.51875917e-05
7.02530184e-05
4.21502665e-05
3.29803355e-05
3.89935537e-05
3.43392594e-05
5.40216822e-05
4.49480944e-05
5.13024142e-05
5.94784807e-05
5.692125e-05
6.96270936e-05
5.73621159e-05
6.16458675e-05
6.56823433e-05
7.68563056e-05
7.00527203e-05
7.35067838e-05
7.60708571e-05
7.73266429e-05
7.89074466e-05
7.72481075e-05
7.59320852e-05
7.38573007e-05
7.34720727e-05
7.01170248e-05
5.94419923e-05
6.47658963e-05
6.57221367e-05
5.66457485e-05
5.73607389e-05
6.15399427e-05
4.87261915e-05
5.12054187e-05
4.48505886e-05
3.30878752e-05
3.91273485e-05
5.85187165e-05
6.70940346e-05
7.03418336e-05
4.37670468e-05
4.65365554e-05
3.85129471e-05
5.68046041e-05
5.46147534e-05
6.22047793e-05
3.9464346e-05
3.44614301e-05
4.25185755e-05
5.06385549e-05
5.56406738e-05
6.33454366e-05
5.85388926e-05
6.64661707e-05
7.45374647e-05
7.66453998e-05
5.26524091e-05
6.03006033e-05
5.758659e-05
7.04526173e-05
5.47205331e-05
6.24363338e-05
3.38649056e-05
4.64545067e-05
3.85833384e-05
3.11033727e-05
4.10784392e-05
3.51062209e-05
4.27402831e-05
5.08832765e-05
5.66113565e-05
6.46533306e-05
5.86404364e-05
6.6582729e-05
7.49245773e-05
3.43462311e-05
4.87013886e-05
4.04840089e-05
4.65994121e-05
5.22354404e-05
5.83586051e-05
6.28519258e-05
5.71665968e-05
5.83900298e-05
6.13413053e-05
7.05868113e-05
6.47586468e-05
6.82350783e-05
7.44249849e-05
7.08001252e-05
7.21500359e-05
7.30471869e-05
7.21385306e-05
7.0787911e-05
6.70741358e-05
6.82330857e-05
6.4745545e-05
5.34414822e-05
5.19521558e-05
5.82869942e-05
5.69699823e-05
5.83094743e-05
6.1370466e-05
4.22160623e-05
4.64887807e-05
4.03506569e-05
3.44475707e-05
7.29652905e-05
7.48615271e-05
4.8505618e-05
5.09374315e-05
5.68070265e-05
5.87310624e-05
6.65183376e-05
3.48987501e-05
4.26821933e-05
3.12896002e-05
4.49695883e-05
3.87746597e-05
4.6610032e-05
5.47658252e-05
6.07844569e-05
5.79915522e-05
6.887827e-05
6.23952738e-05
7.05254754e-05
5.53855275e-05
6.3277614e-05
7.2244468e-05
5.60366987e-05
6.3783574e-05
3.92954929e-05
4.83579321e-05
4.00805485e-05
3.26403755e-05
4.41128097e-05
3.69171793e-05
4.4801853e-05
5.29032221e-05
6.00724481e-05
6.79545944e-05
6.0613811e-05
6.8628985e-05
7.71988356e-05
3.2534266e-05
4.52872818e-05
3.83161399e-05
4.44708585e-05
5.56553552e-05
5.02414129e-05
5.51801145e-05
5.98368336e-05
5.93282567e-05
6.67261666e-05
6.29032626e-05
6.60106353e-05
7.06236561e-05
6.84875164e-05
6.9822797e-05
6.92674295e-05
6.98253212e-05
6.84623611e-05
5.98948898e-05
6.3434752e-05
6.61064715e-05
5.93918215e-05
6.29165146e-05
5.12243811e-05
5.53645286e-05
5.03429368e-05
3.88268535e-05
4.44597403e-05
3.80798277e-05
3.24042355e-05
7.62085645e-05
7.71686981e-05
5.23493758e-05
5.32707719e-05
5.99709577e-05
6.09338943e-05
6.86141859e-05
3.72150919e-05
4.4870811e-05
3.23865513e-05
4.76107264e-05
4.00726158e-05
4.80953669e-05
5.54954806e-05
5.59502278e-05
7.16518187e-05
6.40524881e-05
7.23816537e-05
5.62048229e-05
6.39173141e-05
7.15456856e-05
5.58092579e-05
6.35569001e-05
4.0419267e-05
4.77962633e-05
3.97082167e-05
3.21325753e-05
4.47412679e-05
3.64883012e-05
4.4030449e-05
5.24080397e-05
6.07605748e-05
6.86471367e-05
6.01269011e-05
6.80150802e-05
7.64737814e-05
3.32379434e-05
4.44435197e-05
3.89651035e-05
4.52004505e-05
5.52539124e-05
5.11176095e-05
5.55830331e-05
5.94194966e-05
5.96282781e-05
5.78309937e-05
6.6097571e-05
6.34379885e-05
6.68162251e-05
6.98229674e-05
6.92684591e-05
7.06228157e-05
6.84610053e-05
7.0624994e-05
6.92690505e-05
5.94274248e-05
6.30189329e-05
6.68109763e-05
5.973781e-05
6.34719438e-05
5.02040353e-05
5.56679911e-05
5.1051814e-05
5.83098383e-05
3.80272863e-05
4.51176276e-05
3.88857337e-05
3.32468654e-05
7.69672375e-05
7.62349809e-05
5.32244498e-05
5.23456361e-05
6.09039459e-05
5.99127545e-05
6.76710375e-05
3.66104619e-05
4.40434786e-05
3.18672558e-05
4.82500802e-05
3.94431028e-05
4.77222564e-05
5.62002169e-05
5.58100579e-05
7.22893727e-05
6.37408792e-05
7.14995748e-05
7.70407949e-05
5.28578806e-05
5.75879022e-05
5.49967673e-05
6.23824899e-05
6.02916827e-05
6.87709762e-05
3.34706843e-05
3.82828673e-05
3.64844251e-05
4.5015174e-05
4.30907732e-05
3.40220539e-05
4.14229333e-05
3.60644951e-05
4.84322111e-05
5.86757273e-05
6.6705402e-05
5.68579981e-05
6.48180834e-05
7.29662021e-05
3.59409647e-05
3.41159785e-05
4.65568815e-05
4.22188507e-05
4.88491756e-05
5.38461499e-05
5.70280795e-05
6.11425856e-05
5.86442449e-05
5.75383685e-05
6.30882033e-05
6.82136129e-05
6.69894158e-05
7.05340111e-05
7.21451815e-05
7.30474215e-05
7.4413836e-05
7.08057007e-05
7.4464949e-05
7.31293024e-05
6.46719959e-05
7.05660337e-05
6.70147362e-05
5.21024304e-05
5.36270522e-05
5.71793715e-05
5.82503513e-05
6.28990805e-05
5.72562179e-05
4.04594028e-05
4.88641312e-05
4.22055928e-05
3.61222196e-05
7.51090313e-05
7.28837547e-05
5.10396739e-05
4.85467822e-05
5.89008194e-05
5.69448309e-05
6.48156266e-05
3.34287318e-05
4.09177702e-05
4.65570354e-05
3.67320023e-05
4.49216075e-05
5.50001333e-05
5.26721992e-05
5.78990245e-05
7.02739842e-05
6.02441381e-05
6.86738609e-05
7.67728045e-05
7.46233893e-05
7.12798733e-05
5.05741955e-05
4.71576459e-05
5.87241574e-05
5.60182806e-05
5.74965845e-05
6.36712739e-05
3.19126932e-05
3.93450477e-05
3.55611403e-05
4.39809815e-05
5.1003897e-05
5.51679207e-05
5.73009325e-05
6.27857027e-05
5.86736319e-05
6.7206569e-05
7.50618851e-05
3.8921087e-05
3.54790391e-05
4.20553312e-05
5.08682062e-05
4.88414643e-05
5.37337786e-05
5.64209742e-05
5.91068396e-05
5.91333517e-05
6.58803773e-05
6.50125163e-05
6.97337991e-05
7.34071391e-05
7.38627231e-05
7.70129395e-05
7.7106357e-05
7.88126283e-05
7.60914836e-05
7.8995371e-05
7.00539831e-05
7.72511523e-05
7.40107504e-05
5.69261668e-05
6.14755223e-05
6.96185505e-05
5.95777773e-05
6.479369e-05
4.48770631e-05
5.43337251e-05
4.89273979e-05
5.8989162e-05
3.53947491e-05
4.20140295e-05
3.43375363e-05
7.02832411e-05
7.49790542e-05
5.86082668e-05
6.72218348e-05
4.64714875e-05
5.10266438e-05
4.37637984e-05
3.54119066e-05
5.45956699e-05
5.68215405e-05
4.23940918e-05
3.18022209e-05
3.94571463e-05
3.38039068e-05
4.7318815e-05
5.80409323e-05
6.61217473e-05
5.53982377e-05
5.72350426e-05
6.32025891e-05
7.11925798e-05
5.84841912e-05
6.73219518e-05
7.02500164e-05
5.46053599e-05
5.57179939e-05
6.26907074e-05
3.69221592e-05
4.37137987e-05
3.7717196e-05
4.61050046e-05
4.726106e-05
3.45101312e-05
4.31200267e-05
3.57108166e-05
5.54755289e-05
4.96625399e-05
5.67791007e-05
7.12532667e-05
5.82990239e-05
5.95828023e-05
6.72232351e-05
7.39315836e-05
3.24562625e-05
3.20025868e-05
3.88886782e-05
4.64660233e-05
4.54171641e-05
5.16888831e-05
5.80795082e-05
5.81514867e-05
5.85553059e-05
5.8008e-05
6.42850056e-05
6.40559351e-05
6.93388704e-05
7.38472186e-05
7.4146793e-05
7.75580746e-05
6.928726e-05
7.44550107e-05
5.25264001e-05
5.84839309e-05
5.78165164e-05
6.93084068e-05
5.78274781e-05
6.40561208e-05
4.01177598e-05
5.13420588e-05
4.54444345e-05
5.7887809e-05
3.22468909e-05
3.910759e-05
7.44036503e-05
5.01301398e-05
5.72601031e-05
5.57491039e-05
6.35628326e-05
5.83980037e-05
5.96289009e-05
6.70849987e-05
3.33026308e-05
3.98152489e-05
3.4417149e-05
4.29901907e-05
5.0703352e-05
3.74135673e-05
4.66030846e-05
5.88834223e-05
5.50649001e-05
7.52821461e-05
5.56463519e-05
6.26580809e-05
7.01913817e-05
7.13675333e-05
7.16622179e-05
5.54409671e-05
5.52406258e-05
6.51849897e-05
4.76803377e-05
4.72080149e-05
4.13831321e-05
3.18839641e-05
3.18253595e-05
5.64546486e-05
5.66373697e-05
5.15003522e-05
3.62894988e-05
4.51978236e-05
3.52934307e-05
6.01104576e-05
5.16419331e-05
6.07475752e-05
7.54436458e-05
6.0298716e-05
5.92992706e-05
6.91888137e-05
7.58840563e-05
3.20073158e-05
3.22196754e-05
4.10326643e-05
4.50275665e-05
4.59779843e-05
5.10232011e-05
5.55750438e-05
5.94041316e-05
5.98596149e-05
5.85073994e-05
5.87208611e-05
6.56309415e-05
6.71156012e-05
7.20350836e-05
7.51701853e-05
7.02939305e-05
5.13639839e-05
5.83256039e-05
5.88145174e-05
7.17871729e-05
5.95508612e-05
6.73784111e-05
3.64103678e-05
5.14472607e-05
4.588635e-05
5.99236002e-05
5.55522048e-05
3.20822651e-05
4.06700032e-05
3.34277701e-05
7.5230366e-05
5.10077413e-05
6.02221049e-05
6.01776829e-05
6.89149166e-05
6.04291042e-05
5.94973815e-05
6.93613569e-05
3.63217997e-05
4.47320616e-05
3.61481444e-05
4.50743244e-05
3.2875216e-05
4.12885278e-05
3.21703957e-05
4.16988108e-05
4.7489357e-05
3.80831513e-05
5.64383588e-05
5.67911715e-05
6.50133453e-05
5.59273824e-05
5.5203765e-05
6.5249102e-05
7.16074822e-05
3.36246835e-05
5.72532212e-05
5.77663096e-05
5.48553595e-05
6.95012386e-05
4.70415168e-05
4.42270407e-05
3.41330637e-05
2.93418917e-05
6.19615117e-05
5.73086988e-05
6.96527484e-05
3.5136553e-05
4.6066442e-05
5.49129822e-05
5.25242889e-05
3.71105063e-05
4.84600565e-05
3.44223425e-05
5.74795818e-05
4.45965507e-05
4.82731082e-05
3.27754707e-05
5.59339424e-05
6.16597105e-05
7.25062123e-05
5.87181254e-05
3.50947236e-05
5.42224688e-05
6.85930673e-05
5.64364964e-05
7.10524721e-05
3.433659e-05
3.91519943e-05
5.8114927e-05
5.83791434e-05
3.74737488e-05
4.53068653e-05
4.81523552e-05
6.02609769e-05
5.74923596e-05
6.24137217e-05
4.81129175e-05
5.47366058e-05
5.96658032e-05
5.80046592e-05
6.76732094e-05
7.09129651e-05
6.98085796e-05
5.80104136e-05
6.60870735e-05
4.3943207e-05
5.96775988e-05
5.48537082e-05
7.06601648e-05
5.74522511e-05
6.76483799e-05
3.22974319e-05
4.81121679e-05
4.54846876e-05
3.51391085e-05
6.25956497e-05
6.03182547e-05
3.6919953e-05
5.84440926e-05
5.81962827e-05
3.47101235e-05
5.64373461e-05
7.14514166e-05
5.86348411e-05
5.44517356e-05
6.90409184e-05
4.78636198e-05
4.46254881e-05
3.45983867e-05
3.00449781e-05
6.10919944e-05
5.57694469e-05
5.70958642e-05
6.74772452e-05
3.1682201e-05
4.3639439e-05
3.90941542e-05
3.4594109e-05
5.48549167e-05
5.25555678e-05
6.4621251e-05
4.36106111e-05
4.54458812e-05
3.10143266e-05
5.66772832e-05
6.07090139e-05
5.571602e-05
3.57148538e-05
5.31653784e-05
6.79452313e-05
5.64102733e-05
7.94994855e-05
8.14618458e-05
0.000100382662
0.000102681645
8.48008276e-05
0.000104179035
0.000104128942
0.000106277969
0.000110178735
0.000107654938
0.000104854821
8.26369265e-05
0.000103423401
0.000103608241
8.14458708e-05
0.000102476323
0.000100341612
7.70945798e-05
8.11905779e-05
9.28763718e-05
9.94333113e-05
0.000101155872
0.000111030594
0.000103484489
7.87332699e-05
8.82164514e-05
7.99711501e-05
8.18644159e-05
8.42329395e-05
8.50014266e-05
9.08967419e-05
9.54879974e-05
0.00010044165
0.0001048367
0.000106682457
9.43694023e-05
0.000102539454
0.0001076265
0.000104858861
0.000114393885
0.000118861294
0.000118105299
8.15527048e-05
9.43663373e-05
8.34700514e-05
7.45368571e-05
9.08696643e-05
8.07182028e-05
0.000105947334
0.000111782718
0.000102620486
0.000115800174
9.43598819e-05
9.91354972e-05
0.000105892126
0.000109600553
0.000119604539
0.000106887042
0.000103593241
0.000113494125
0.000105978483
0.000115379016
0.000117689163
0.000120364953
0.00012227769
0.000123232377
0.000123056233
0.000122215974
0.000120400653
0.000117631789
0.000105923322
0.000115171187
0.000106849443
0.000103853474
0.000113667052
9.85211686e-05
9.40810496e-05
0.000109022455
0.00010540684
0.000117567417
8.59143916e-05
9.60198252e-05
8.36473134e-05
9.06756686e-05
7.46815814e-05
0.000105084422
0.000101808025
0.000109870433
7.7071915e-05
9.01411499e-05
0.000105058589
0.000114999477
9.15876922e-05
0.000107913228
0.000102718741
0.000118680799
0.000104775322
0.00011438063
7.9498796e-05
9.52573596e-05
9.10091375e-05
8.16216602e-05
0.000106493114
0.000100169127
7.53461009e-05
7.81506107e-05
8.78577554e-05
8.92160335e-05
7.48661554e-05
9.30064955e-05
9.96780213e-05
0.000101360317
0.000103434595
0.000110911397
0.00010450014
0.000113396346
0.000119591028
8.92722258e-05
9.57200302e-05
0.000104780356
0.000104432873
0.000113130784
0.000103934668
8.01303117e-05
8.9133256e-05
7.94879506e-05
8.43232303e-05
8.367735e-05
9.28080007e-05
9.28633544e-05
0.00010048256
0.000100445057
0.000100634243
0.000108701844
0.000115815237
0.000115971414
8.18817631e-05
9.05401181e-05
8.12998515e-05
9.79198317e-05
8.67980405e-05
9.08750405e-05
0.000103686194
9.46559627e-05
9.69314391e-05
0.00010171632
0.000103677863
0.000111338698
9.89166887e-05
0.000100213954
0.000105431104
0.000106558564
0.000114021251
0.000100148553
9.90343011e-05
0.000106439102
0.000105492206
0.000112994363
9.71588935e-05
9.47181081e-05
0.000103942543
0.000102105282
0.000104050415
0.000109602235
9.44649662e-05
9.11713197e-05
8.68388017e-05
8.06955074e-05
8.0131037e-05
7.85160687e-05
8.64371761e-05
9.99648378e-05
0.000109244655
0.000116001189
8.52823811e-05
9.28815795e-05
8.4561064e-05
0.000100377929
0.000100704913
0.000108778181
8.08158591e-05
8.04777051e-05
8.9252671e-05
9.56723068e-05
9.59360084e-05
0.000104814531
0.000104361624
0.000104434381
0.000104176903
0.000112945006
0.000120023498
0.000119811989
0.00010331037
0.00011118563
0.000123392702
0.000107207982
0.000115799621
8.69882086e-05
9.94237979e-05
9.16965904e-05
8.30046007e-05
0.000105602801
8.00434553e-05
9.12882475e-05
8.7991514e-05
9.53451704e-05
0.000104033858
0.000105960115
0.000105357347
0.00011447543
0.000112486709
0.000119011828
7.93322104e-05
8.47414667e-05
9.03594814e-05
8.17781025e-05
8.55505617e-05
8.1016192e-05
9.37103013e-05
8.69199418e-05
8.80292295e-05
9.26006053e-05
8.80587493e-05
8.70575678e-05
8.25886239e-05
8.18656123e-05
8.76925201e-05
8.1425558e-05
8.54520635e-05
0.000121629725
9.76518533e-05
0.00010589997
0.000105308237
0.000119173538
0.000104338803
0.000112697975
8.13682509e-05
9.53975357e-05
8.7661544e-05
7.99355498e-05
8.31452698e-05
8.15361703e-05
9.46887431e-05
9.17478608e-05
9.93873858e-05
0.000103595763
0.000107409367
0.000105847877
0.000118424917
0.000115903595
0.00012325896
0.00011960182
0.000122584014
9.52572783e-05
9.8705389e-05
0.000103751236
0.000106280657
0.000114545515
0.000104113192
8.26631632e-05
9.11885301e-05
8.12022102e-05
7.90576435e-05
8.67254452e-05
9.9239203e-05
9.44923735e-05
0.000105429248
0.000106972184
0.000103033968
0.000110867267
0.000118152829
8.07104962e-05
8.41921275e-05
0.000107135859
0.000115567381
0.000118174146
9.13702429e-05
9.45830505e-05
0.000105360649
0.000103304558
0.00011073758
7.91125847e-05
8.67016231e-05
8.75174472e-05
8.26533718e-05
9.11613992e-05
9.85002525e-05
0.000104321894
0.000111722124
0.00010623992
0.000103607607
0.000114684523
0.000122841948
0.000101350359
0.000109018015
0.00011895405
0.000102611478
0.00011063983
8.16216221e-05
9.4136566e-05
8.64895133e-05
7.88282236e-05
8.91195878e-05
8.28953142e-05
9.08731883e-05
9.90988752e-05
0.000105114792
0.000113066182
0.000107119248
0.000115360969
0.00012279135
0.000121345516
0.000123103104
9.71063335e-05
9.90661006e-05
0.000105184974
0.000106946058
0.000115211696
8.29605471e-05
9.08741548e-05
7.8685513e-05
9.30399934e-05
8.63251874e-05
9.4331006e-05
0.00010097578
0.000102630052
0.000116907567
0.00011053887
0.000118926586
0.000103958752
0.000111838113
0.000120902763
0.000104675394
0.000112461999
8.76303721e-05
9.67271924e-05
8.82605753e-05
8.02478952e-05
9.25874559e-05
8.51866613e-05
9.32622858e-05
0.000101132467
0.00010801325
0.000104818496
0.000115869279
0.000108406105
0.00011585791
0.00010037803
0.000108016899
0.000104481867
0.000115988633
0.000101071629
0.000108714168
8.50467573e-05
9.31607962e-05
8.02214963e-05
9.59597021e-05
8.8151519e-05
9.66057149e-05
0.0001038636
0.000104441092
0.00012015787
0.000112350877
0.000120603156
0.000104610795
0.000112548374
0.000120187485
0.000103800322
0.000111820687
8.81039994e-05
9.57507563e-05
8.7435218e-05
7.94058208e-05
9.31971849e-05
8.4329889e-05
9.25503099e-05
0.000100729032
9.98652455e-05
0.000104114669
0.000115932439
0.000107350917
0.000115976689
0.000100257128
0.000104337
0.000101061455
0.000108629838
0.000107826374
0.000115850972
8.42858291e-05
9.25720506e-05
7.95129518e-05
9.65515871e-05
8.7697453e-05
9.57788255e-05
0.000104419922
0.000103921815
0.000120780998
0.000111992598
0.00012019953
0.000102424405
0.000110377665
0.000116956998
0.000101088372
0.000104087795
0.000108621468
8.21796109e-05
8.66801826e-05
8.47444492e-05
9.29613906e-05
9.08657282e-05
8.11213217e-05
8.9040288e-05
9.70049549e-05
0.000106746245
0.000115457646
0.000105194696
0.000113234903
0.000121212694
0.000123076429
0.000121178192
9.90495193e-05
9.69611294e-05
0.000106927338
0.00010510578
0.000113205307
8.09337308e-05
8.89150547e-05
9.40729169e-05
8.45757472e-05
9.27923556e-05
0.000102670671
0.000101513536
0.000118698768
0.000104424306
0.00010930524
0.000116939046
0.000122668937
0.000119626229
9.85988681e-05
9.51778891e-05
0.000106244385
0.000103752476
0.000105326416
0.00011177913
7.99801513e-05
8.77392322e-05
8.09632949e-05
8.66846708e-05
8.28965259e-05
9.15140344e-05
9.91139357e-05
0.000103165891
0.000104982509
0.000110726292
0.000107068954
0.000115581909
8.12882287e-05
8.07403237e-05
8.16730084e-05
8.42813515e-05
8.14468028e-05
8.40762024e-05
8.25106063e-05
0.000118189046
0.000107199357
0.000115417747
9.44822058e-05
9.95975216e-05
9.1508073e-05
8.27435542e-05
0.00010324908
0.000105492419
9.10924377e-05
7.9937445e-05
8.77355525e-05
8.16889923e-05
9.5498171e-05
0.000106627902
0.000114927199
0.000104205094
0.000105879688
0.00011170612
0.000119502991
0.00010720063
0.00011593426
0.000118703861
0.00010353332
0.000104165602
0.000111429221
9.15789145e-05
9.45613616e-05
8.67396711e-05
7.88659471e-05
7.93973273e-05
9.57969893e-05
8.24473161e-05
9.11783375e-05
8.35441154e-05
0.000104515653
9.78746518e-05
0.000105672537
0.000119141581
0.000105777242
0.000114427252
0.000121715138
7.8985756e-05
7.95031581e-05
8.46563798e-05
8.54961903e-05
8.78295731e-05
9.04035044e-05
8.7942825e-05
9.26186268e-05
9.36826413e-05
8.69387914e-05
9.3760454e-05
9.261012e-05
8.19062143e-05
9.03078452e-05
8.76806884e-05
7.98874521e-05
8.49528486e-05
8.00719843e-05
0.000121839358
9.77807641e-05
0.000105303493
0.000104160304
0.000112311766
0.000105748041
0.00011450119
8.13899435e-05
8.74057355e-05
8.27712296e-05
9.12578363e-05
7.89831259e-05
9.95835587e-05
8.68064491e-05
9.44673339e-05
0.000107295473
0.000103368131
0.000123021729
0.000103872651
0.00011098712
0.00011858738
0.000119707841
0.000119949532
0.000104387546
0.000103826484
0.000113511733
9.60060124e-05
9.5590047e-05
8.96914849e-05
8.0823394e-05
7.99304699e-05
0.000104354315
0.000104604097
8.52828976e-05
9.27104687e-05
8.3842242e-05
0.000100525983
0.000100190891
0.000108596221
0.000100139727
0.000100182618
0.000109862428
0.000106581783
0.0001156996
7.90035672e-05
8.07982099e-05
8.20184237e-05
8.59080822e-05
9.06107385e-05
9.10495244e-05
9.43148655e-05
9.79209975e-05
0.000103507987
0.000103588344
0.000105805703
9.71032805e-05
0.0001016374
0.000103902999
0.000109167273
0.000111557768
0.000100103092
0.000105520121
0.000106493227
0.000113050078
0.00011401582
9.8945575e-05
0.000106433969
0.000105434898
0.000114023491
0.000113108405
9.46359465e-05
0.000103795626
0.000101593491
0.000111654949
0.000103731737
0.000109405666
8.65726916e-05
9.78865869e-05
9.43783959e-05
0.000105803463
0.000103413396
7.81507002e-05
9.04585705e-05
8.59998547e-05
7.88741904e-05
0.000116053015
0.000106596991
0.000115763297
0.000100638174
0.000100662349
0.000110081412
8.49003454e-05
9.27500871e-05
8.47915776e-05
9.2809387e-05
0.000100362114
0.000100369735
8.04554936e-05
8.88130139e-05
8.05374099e-05
8.93794995e-05
9.54145871e-05
0.000104460484
0.000104490666
0.000113056305
0.000104233061
0.000103593094
0.000113243585
0.000119644746
8.1440265e-05
9.32297773e-05
8.02202993e-05
8.9289965e-05
0.000101513049
9.94879642e-05
8.40988385e-05
9.5642609e-05
8.16263655e-05
0.000105121055
9.18346646e-05
9.44481384e-05
7.96014955e-05
0.000102771707
0.000107468001
0.000119028881
0.00010481387
8.15596865e-05
0.000100688115
0.000115108878
0.000102786755
0.000117911079
8.08027761e-05
8.55440966e-05
0.000104406358
0.000104519629
8.13259263e-05
9.08854054e-05
9.40993263e-05
0.000106488301
0.000110104026
9.09932627e-05
9.67507035e-05
0.000102734646
0.00010565252
0.000111498481
0.000115777238
9.90784203e-05
0.000106227553
0.000109833723
0.000106939811
0.0001183601
0.000120278886
0.000115388719
0.000120418506
0.000123278625
0.000122243617
0.000117715212
0.000106950817
0.000113440182
9.42340499e-05
0.000109516799
0.000105396797
0.000119704154
0.000117647287
8.6057949e-05
7.50191899e-05
9.61769907e-05
0.000101742767
0.00010509554
0.000114553121
0.000110056922
7.73374689e-05
9.32818374e-05
9.06290122e-05
8.02927534e-05
0.00010772159
0.00010474335
8.28394028e-05
0.000103378045
0.000103765181
8.14724704e-05
0.000102335651
0.000117076765
0.000104619825
9.97974315e-05
0.000114144029
9.45720702e-05
9.20075067e-05
8.18038707e-05
7.70700022e-05
0.000107625294
0.000103069069
0.000105026313
0.000114439878
7.95550725e-05
9.13752243e-05
7.61424844e-05
8.86202772e-05
7.94500231e-05
8.9300058e-05
7.50095734e-05
0.000101472784
9.98840955e-05
0.000111094108
0.000125085473
0.000128935576
0.000145456001
0.000146913633
0.000130754066
0.000149635857
0.000151591047
0.000134688724
0.000153397514
0.00015337515
0.000153511875
0.000155495963
0.00015681636
0.000157444719
0.00015751602
0.000157587079
0.000157635538
0.0001574578
0.000157561938
0.000156821032
0.000154911782
0.000152959912
0.000131968132
0.000152190277
0.000150485707
0.000128725969
0.000149322564
0.000149123375
0.000124730046
0.000145503288
0.000143151765
0.00012238587
0.000127296479
0.000129475558
0.000131019161
0.000137295761
0.000142026764
0.000150180868
0.000152522583
0.00014025461
0.000148040357
0.000153055933
0.00015038526
0.000159652444
0.000164242422
0.000161673295
0.000126652365
0.000139509212
0.000130761903
0.000142416017
0.000133136929
0.000143645967
0.000132282644
0.000143395857
0.000128870568
0.000141787734
0.00012358438
0.000136710477
0.000163324885
0.000149235171
0.000158286469
0.000136930619
0.000152429301
0.000148046046
0.000163598317
0.000150152041
0.000159694853
0.000125703731
0.000142116227
0.000137520183
0.000127257024
0.000152729008
0.000123703653
0.000128096445
0.00013626839
0.000127663175
0.000124547667
0.000124710004
0.000132406024
0.000139392884
0.000139460078
0.000148339598
0.000147996275
0.000155687147
0.000153548963
0.000153921237
0.000161899789
0.000162379683
0.000168732415
0.00016720292
0.000144727655
0.000153609432
0.000153695644
0.000168567569
0.000162215454
0.000133367458
0.000139676395
0.000148341819
0.000148046522
0.000155580672
0.000125068035
0.000132786269
0.000129459811
0.000128560109
0.000136540772
0.000135245342
0.000139222351
0.000130853826
0.000149526549
0.000147367871
0.0001544275
0.000127112969
0.000125454506
0.000138143415
0.000135700311
0.000142514384
0.000150555697
0.000149061883
0.000152636765
0.00015220268
0.000161357918
0.000158514288
0.000165987357
0.000168581978
0.00014529421
0.000152834245
0.000152227659
0.000166104631
0.000150705319
0.000158371989
0.000128747639
0.000142629449
0.000135498644
0.000127303908
0.000149088653
0.000130939615
0.000129560672
0.000142537304
0.000139502892
0.00014958586
0.000147244893
0.000154253357
0.000142637432
0.000146225072
0.000150533847
0.000153594123
0.000161800974
0.000151898886
0.000130434643
0.000138622272
0.000127950206
0.000131523307
0.000126675287
0.000134769706
0.000142500822
0.000147446236
0.000155115957
0.000150271498
0.000158034369
0.000169998861
0.000166073896
0.000162640692
0.000166279672
0.000139090483
0.000142310608
0.000147164633
0.000150104487
0.000158108092
0.000126599042
0.00013459811
0.000135468431
0.000130517569
0.000138650348
0.000146506242
0.000150556403
0.000158126681
0.000153680149
0.00015186879
0.000161725249
0.000149454201
0.000156855903
0.000167438781
0.000150641026
0.000158448205
0.000132969284
0.000142824925
0.000134669814
0.000126938319
0.000136981488
0.000130240514
0.000138891785
0.000146592059
0.000152763223
0.000160578834
0.000154128752
0.000151393795
0.000162260428
0.000170040874
0.000168210948
0.000169890454
0.000144584529
0.000146410423
0.000152534876
0.000154214667
0.000162356491
0.000151205069
0.000130620418
0.0001385373
0.000127278257
0.000126770085
0.000140979943
0.000134599748
0.000142927631
0.00014951174
0.000150623049
0.000164709165
0.000158310053
0.000167651996
0.000151865885
0.000159705241
0.000170252848
0.000152437016
0.000160248385
0.000135867179
0.000145002294
0.000136517042
0.000128690294
0.000124362828
0.000139690681
0.000132385522
0.000140253727
0.000148260553
0.000148335266
0.000163021629
0.000156133236
0.000163476168
0.000147792283
0.000155327043
0.00016373746
0.000148273529
0.000155963854
0.000131464289
0.000140215151
0.000132176799
0.000124158102
0.000128415256
0.000144247109
0.000136604805
0.000144917147
0.000151643942
0.000152288051
0.000169297432
0.000160078515
0.000170131392
0.000152520524
0.000160340526
0.00016944036
0.000151989141
0.000159893214
0.000136519908
0.000144190266
0.000135865422
0.000128024035
0.00012385851
0.000140338808
0.000131511999
0.000139568695
0.000148066396
0.000147599814
0.000163638956
0.000151162464
0.000155169476
0.000163219147
0.000148222278
0.000155794539
0.000163151879
0.000147903835
0.000151257308
0.000155285135
0.000132038526
0.000139741619
0.000131479762
0.000123882848
0.000127548301
0.000127938863
0.000144836591
0.000135830964
0.000144168303
0.000152339405
0.00015190882
0.000170237576
0.000159828339
0.000169409777
0.000150558911
0.000158307798
0.000164058717
0.000149126285
0.000152014894
0.000156503077
0.000134725546
0.000141043888
0.000132928529
0.000125411803
0.000127930608
0.000138523626
0.000128989509
0.000136762271
0.000145048225
0.000154230616
0.000162291042
0.000152913142
0.000160517356
0.000168521799
0.000169866632
0.000168157434
0.000146697
0.000145129221
0.000154142101
0.000153128068
0.000160639017
0.000128982916
0.000136812553
0.000125381488
0.000142999866
0.000133028714
0.000141065225
0.000150770466
0.000149093257
0.000167660337
0.000151565503
0.000156346203
0.000164884324
0.00014647565
0.000142715231
0.000153758073
0.00015089013
0.000158764565
0.000128047204
0.000135589029
0.000134469168
0.000123841749
0.000131266741
0.000125461746
0.0001390579
0.000150423889
0.000158085029
0.000147551536
0.000149394469
0.000155186981
0.000162561326
0.000169612372
0.000166170292
0.000169794945
0.000162530833
0.000142700741
0.000139259833
0.00015074812
0.000147455085
0.000148888565
0.000155059556
0.000123834166
0.000131683879
0.000138590619
0.000128028449
0.000135453571
0.00012931235
0.000142719785
0.000153543851
0.000161894728
0.000150628098
0.000158390858
0.000139541183
0.000142441217
0.000135485167
0.000127344079
0.000127817172
0.000147673099
0.000149698001
0.000142801448
0.000129567927
0.000138073577
0.000150924853
0.000145380442
0.000152245583
0.000165777016
0.000152751942
0.000161311477
0.000168417032
0.000168425949
0.000145568447
0.000152372661
0.000150487346
0.000158384066
0.000153064872
0.000161254186
0.000129185272
0.000136013159
0.000129415229
0.000138025714
0.000127302453
0.000135311707
0.000142682804
0.0001475021
0.000149212728
0.000154444298
0.000124640322
0.000132237356
0.00012374591
0.000133304804
0.00013943516
0.00012942089
0.000148166325
0.000148579249
0.000156101111
0.000145202015
0.000154307549
0.000168953946
0.000153790109
0.000152032666
0.000162000729
0.000167250501
0.000166873259
0.000144871445
0.000153784985
0.000162566582
0.000153743175
0.000152915857
0.000161644429
0.000139709631
0.000139139705
0.000133269003
0.000123907756
0.000123641827
0.000147889069
0.000148190651
0.000129091863
0.000137049389
0.000131007573
0.000141815912
0.000127964714
0.000149897108
0.00013733163
0.000140016379
0.000125290272
0.000148301434
0.000152975624
0.000164140978
0.000150364861
0.000128955589
0.000145442097
0.000159378219
0.000146790077
0.000161181522
0.000131019812
0.000149699955
0.000164514123
0.000151837544
0.000128873768
0.000134968636
0.000153226289
0.000153374427
0.000126680378
0.000137739655
0.000139612585
0.0001536655
0.000155489815
0.000130628947
0.000141331062
0.000142429284
0.000156687828
0.000157318158
0.000133124831
0.000143394593
0.000143772296
0.000157685342
0.000157719491
0.0001323175
0.000143456588
0.000143020072
0.000157282432
0.000157111301
0.000128639861
0.000142523143
0.000141301014
0.000157278279
0.000156267564
0.000124379059
0.000139559652
0.000137365462
0.00012794606
0.000154581184
0.000152575832
0.00013203849
0.000151515715
0.000150092906
0.000128770306
0.000149378219
0.000149146488
0.000163272351
0.000124661889
0.000145371952
0.000160224888
0.000149040927
0.000143004854
0.000157816952
0.000139511608
0.000136773106
0.000127501767
0.000121945795
0.000152727719
0.000148024101
0.000150187659
0.000159431675
0.00012552889
0.000137623963
0.000169896775
0.000172136704
0.000175072348
0.000192720374
0.000176237512
0.000193276214
0.000193908697
0.000175655827
0.000194254655
0.000194104123
0.000175171212
0.000193948681
0.000193471095
0.000174321563
0.000192595582
0.000192071753
0.000173342897
0.000191865509
0.00016961096
0.000171965468
0.000174429278
0.000173858264
0.000180896231
0.00018510333
0.000194660327
0.000183465953
0.000188168723
0.00019303525
0.000195350232
0.000198225432
0.000203971415
0.000186786553
0.000196976964
0.000199584388
0.000208218966
0.000210735198
0.000197764351
0.000201798035
0.000206040123
0.000212938226
0.000208159301
0.000209446361
0.00020875588
0.000206574068
0.000188278092
0.000197082167
0.000201243932
0.000212882085
0.000184606833
0.000199482552
0.000196632455
0.000210733451
0.000207925727
0.000176815254
0.000188155726
0.000193200981
0.000195745667
0.000204461099
0.000198386056
0.000169032861
0.000185044102
0.000180371683
0.000170982413
0.000194607237
0.000176706939
0.000176790493
0.00018325192
0.00018425445
0.000189356724
0.000196940422
0.000197077954
0.000195543217
0.00019657486
0.000202659582
0.000204013167
0.000209650882
0.000212240998
0.000215150459
0.000207608956
0.000215360305
0.000187925957
0.000195511598
0.000196295597
0.00020982962
0.000196884316
0.000203802862
0.000176086726
0.000189484528
0.000184231803
0.000176540059
0.000197071079
0.00017392826
0.000183653051
0.000181106898
0.000188074332
0.000195576713
0.000196876993
0.000196383964
0.000203786059
0.000202123521
0.000208871005
0.00021600748
0.000215071224
0.00021009667
0.000215309512
0.000189461789
0.000196696158
0.000196443819
0.000208661345
0.000195612564
0.000202362306
0.000175347744
0.000188050881
0.000181355994
0.000174444124
0.000175842541
0.000173858087
0.000181017578
0.00019191409
0.000188160796
0.000197366104
0.000198561158
0.000195759708
0.000202473605
0.000213085644
0.000209335303
0.000215986936
0.000198473643
0.000205502435
0.000215928982
0.000209305667
0.000185123786
0.000188167086
0.000197396981
0.0001958327
0.000202576179
0.000174040878
0.000181121588
0.00018338239
0.000177215588
0.000184586547
0.000192595128
0.000197893179
0.000204802197
0.000199778098
0.000206646483
0.000213946834
0.000212325492
0.000213967517
0.000190599421
0.000192542601
0.000197726227
0.000199559494
0.000206736953
0.000177045819
0.000184816563
0.000174415848
0.000171420038
0.000186017223
0.000179454449
0.00018713196
0.000194398647
0.000200533062
0.000197578249
0.000207347259
0.000201154085
0.000207912874
0.000215675329
0.000215239933
0.000215672895
0.000193726648
0.000200529949
0.000197264958
0.000208007264
0.000194223865
0.000201026483
0.000178581269
0.000187080634
0.000179026034
0.000171422756
0.000171112686
0.000187220055
0.000178283073
0.000186096536
0.000194270998
0.00019360374
0.000197527365
0.000208163919
0.00020059917
0.000207638125
0.000215181426
0.000215591444
0.000215038526
0.000193715528
0.000197523799
0.000194493519
0.000201388246
0.000200655938
0.000207444906
0.000178966161
0.000186108423
0.000178489253
0.000171127125
0.000174466998
0.00018460406
0.000175983705
0.000183277303
0.000190740382
0.000199724029
0.000206729581
0.000197807415
0.000204872698
0.000212364305
0.000213843515
0.000212261499
0.000192781596
0.000190975471
0.000199917338
0.000198090849
0.000204827917
0.00017576309
0.000183346544
0.000175608589
0.000181040896
0.000176866357
0.000184983252
0.000191931955
0.000195594763
0.000197224356
0.000202357588
0.000198931229
0.000215780202
0.000206022774
0.000212949404
0.000209327608
0.000213074079
0.00019850862
0.000205542208
0.000188221135
0.000191909452
0.000184887124
0.000176981424
0.000195582562
0.000197172014
0.0001881358
0.000175866611
0.000183718269
0.00017672051
0.0001959732
0.000189278221
0.000196286851
0.000208806242
0.00019686121
0.000197170796
0.000203943802
0.000209994989
0.000215990717
0.000215317798
0.00021615624
0.000210061632
0.000189524228
0.000196448935
0.0001954799
0.000202130823
0.000197026012
0.000197362802
0.000203919361
0.000175130125
0.000181235355
0.000175888063
0.000183603507
0.000189504946
0.000175390339
0.000183121241
0.000174272336
0.000196985097
0.000187962611
0.00019647041
0.000209752108
0.000195547274
0.000194689142
0.000202834761
0.000198350062
0.000207685424
0.00021176973
0.000215385308
0.000212107574
0.000198357772
0.000207776776
0.000187971615
0.000196464759
0.000196995059
0.000203845314
0.000195463281
0.000194455286
0.000202807343
0.000176023683
0.000184346799
0.000175242506
0.000183139425
0.000173610849
0.000184986305
0.000174382822
0.000182963814
0.000169554801
0.000195734613
0.000193412918
0.000204547533
0.000185173637
0.00018743493
0.000172128575
0.000197051709
0.000199906417
0.000210629022
0.000189762143
0.00017499136
0.000202460442
0.000198117704
0.000192224243
0.000205613403
0.000175959122
0.000192895834
0.000206762023
0.000193921038
0.000208054912
0.000175867534
0.00019449496
0.000209047514
0.000194384592
0.000209627815
0.000175350366
0.000194178059
0.000209453086
0.000193761738
0.000208775479
0.000174237259
0.000192898413
0.000207885938
0.000192217975
0.000206768658
0.000188634759
0.000172857571
0.000202089673
0.000212851627
0.000197789579
0.000191894168
0.000205787695
0.000186489173
0.000184488395
0.000169004762
0.000199442081
0.000196873651
0.000207996107
0.000176508303
0.000188017499
0.000172947805
0.000181931942
0.000195629043
0.000193185227
0.00016934633
0.00018086745
0.000220386335
0.000216543258
0.000219619849
0.000226760703
0.000220159475
0.000229346161
0.000230972544
0.000239824849
0.000221627701
0.000231511753
0.000231985433
0.000240418144
0.000241008492
0.000221096868
0.000232119455
0.000231690522
0.000241128825
0.000240569455
0.000218338821
0.000231048024
0.00022920226
0.000239826271
0.000219242857
0.000226162235
0.000223346866
0.000217317182
0.000220601843
0.000221441214
0.00022743379
0.000229418905
0.000232169582
0.000236506005
0.000241669899
0.000243098733
0.000234501521
0.000240202037
0.000242740185
0.000246644804
0.000249722118
0.000242594341
0.000244764419
0.000247321113
0.000251962717
0.000253856294
0.000249023266
0.00025566525
0.000256391589
0.000248323501
0.000256482771
0.000255740095
0.000237513666
0.000242592191
0.000244901914
0.000253836484
0.000251937606
0.000232142285
0.000242998944
0.000240505979
0.000249882981
0.000241553951
0.000246811736
0.000225250592
0.000236321775
0.00023201446
0.000242619984
0.000221428542
0.00022732358
0.000222350744
0.000222286905
0.000221354436
0.000227773767
0.000233565276
0.000233539224
0.000238759337
0.000244096116
0.000244128985
0.000244006124
0.00024433041
0.000248893535
0.000249380777
0.000253633791
0.000256041277
0.000258052296
0.000261474947
0.00026097995
0.000264006226
0.000263194382
0.000262107556
0.000259220686
0.00026418072
0.000252136603
0.000261674507
0.000258091364
0.00023843956
0.000243718697
0.00024435269
0.000253585597
0.000244303579
0.000249448585
0.000228384377
0.000238697033
0.000233365705
0.000243856043
0.000221738401
0.00022786467
0.000220753482
0.000222125082
0.000220619026
0.000231765054
0.000228539037
0.000235429492
0.000241572354
0.00024356585
0.000242523149
0.000248755504
0.000246765665
0.000251612787
0.000258270351
0.000256829144
0.000261625403
0.000262174239
0.00025326765
0.000261939875
0.000256983713
0.000237579794
0.000243166398
0.000242324701
0.000251591807
0.000241291543
0.000246588083
0.000225894204
0.00023531014
0.000228615534
0.000222200201
0.00022514503
0.000220792064
0.000227119031
0.00023762273
0.000233672237
0.000239565416
0.000243388429
0.000244983619
0.00024328709
0.000254568275
0.000250568586
0.000256646524
0.000263940533
0.000262010133
0.000260048266
0.000262187245
0.000243349771
0.000248929215
0.000256689837
0.000245167548
0.000250605611
0.000230976489
0.000239684717
0.000233649781
0.000243352891
0.000220442221
0.000226765355
0.000228118943
0.000222461571
0.000228759353
0.000235220643
0.000240792121
0.0002462715
0.000241115485
0.000246806783
0.000257995898
0.000252784244
0.000258834743
0.000264389422
0.000263435852
0.000264256201
0.000251800169
0.00025879498
0.000252729876
0.000234986777
0.000235319348
0.000240741951
0.000241169557
0.000246732786
0.000222400646
0.000228720617
0.000228702732
0.000221727599
0.000228080642
0.000234829525
0.0002411928
0.000246964518
0.000241062435
0.000243262157
0.000246611885
0.000258809879
0.000251834515
0.000257862003
0.000263070659
0.000264135708
0.000263427706
0.00025281338
0.00025806836
0.000251901486
0.000235303169
0.000235028317
0.000241111495
0.000240963646
0.000243406747
0.000246367865
0.000221708092
0.000228128565
0.000226914652
0.000218985092
0.000225050743
0.000220568365
0.000239510032
0.000231082154
0.000237698613
0.000244934726
0.000243428784
0.000256563137
0.000248969866
0.000254583835
0.000259946668
0.000263742921
0.000262273782
0.000264054421
0.000260156186
0.000245128247
0.000250673315
0.000254527968
0.000243409179
0.000248852445
0.000233739466
0.000237678544
0.000230931824
0.000219075295
0.000225024009
0.000219525843
0.000235445789
0.00022569213
0.000231790966
0.000241754111
0.000237749663
0.000242587039
0.000251488945
0.000243415759
0.000243970367
0.000248538914
0.00026151455
0.000253261147
0.0002583351
0.000262105778
0.000262102533
0.000257161559
0.000258345736
0.000253414715
0.000237345783
0.000242281505
0.000241259535
0.000246583803
0.000243202256
0.000243827686
0.00024888284
0.000228461886
0.000231838838
0.000225954557
0.000219851473
0.000220734416
0.000222276638
0.000227919761
0.000222330266
0.000238825278
0.000228456148
0.000233708474
0.000244135382
0.000238487206
0.000244322494
0.000253558526
0.00024381712
0.000242910516
0.000248859085
0.000261758522
0.000252358644
0.000256026083
0.000259098281
0.000261172163
0.000262558816
0.000263535256
0.000263449501
0.00026245675
0.000263859133
0.000261053647
0.00025912432
0.000258091153
0.000256136961
0.000252318795
0.000238661053
0.000244553777
0.000244383411
0.000249510604
0.000243866343
0.000242931801
0.00024868466
0.000233177214
0.000233794012
0.000228373399
0.000222396499
0.00022218085
0.000220304623
0.000227569738
0.000218865628
0.000236397294
0.000225471986
0.000229373452
0.000220527393
0.000241650551
0.000232208119
0.000234574377
0.000240143797
0.000242772172
0.000249625913
0.000237403242
0.000244988545
0.000253925855
0.000242581311
0.000239564954
0.000247087642
0.00025655008
0.000240243843
0.000248037902
0.000240808198
0.000248711681
0.000255818019
0.00024086693
0.000248754851
0.000240384607
0.00024825896
0.000237578058
0.000244855314
0.000251983101
0.000242472581
0.000239547238
0.00024705442
0.00023445811
0.000232078056
0.000222993751
0.000242776068
0.000239981412
0.000241409249
0.000246542285
0.000232078718
0.000229455123
0.00022528896
0.000218892931
0.00021729178
0.00021638171
0.000226605881
0.000220044224
0.000230988738
0.000221733212
0.000232057122
0.000220916242
0.000231581856
0.000218697067
0.000229386057
0.000266226728
0.000266653519
0.000267779897
0.000270996732
0.000268480686
0.00027222448
0.00027284953
0.000267580869
0.000272853603
0.000272408199
0.000267522577
0.000270932994
0.000268340871
0.000266498946
0.000270231667
0.000270391926
0.000273248958
0.000274545292
0.000276217353
0.000278545501
0.000277215038
0.000280321094
0.00028118983
0.000276498131
0.000281178477
0.000280329382
0.00027245514
0.000278542845
0.000276146648
0.000266434915
0.000272963625
0.00027054281
0.000267173166
0.000267695384
0.000266750401
0.000270964648
0.00027608467
0.000274449932
0.00027832169
0.000281699257
0.000281599427
0.000284107713
0.000284363494
0.000285954083
0.000286799474
0.000283495128
0.000286807384
0.000285939966
0.000279209354
0.000284095256
0.000281593128
0.000272820371
0.000278249203
0.000274360933
0.000266896852
0.000270927006
0.000272018648
0.00026883152
0.000272627316
0.000279811608
0.000276591646
0.000280621376
0.000285674134
0.000283963451
0.000286483752
0.000288366717
0.00028832934
0.000289191498
0.000287504896
0.000289193695
0.000288344486
0.000283132746
0.000286497873
0.000283955946
0.000275932546
0.000280656201
0.000276696547
0.000268511584
0.000272501601
0.000272662478
0.000267683531
0.00027198511
0.000280646338
0.00027594557
0.000279843221
0.000286498675
0.000283140106
0.00028568145
0.000289193737
0.000287525355
0.000288375176
0.000288343779
0.000288372477
0.00028752328
0.00028396387
0.000285680712
0.000283142318
0.00027663002
0.000279806165
0.000275864583
0.000268003383
0.000272057911
0.000267632887
0.000270992227
0.000268027463
0.000278321525
0.000272547199
0.000276183781
0.000284123999
0.000279265626
0.00028170826
0.000286798583
0.000283513268
0.000284334294
0.000285955254
0.000284339577
0.000283489963
0.000281589357
0.000281682493
0.000279252426
0.000274447169
0.000276079224
0.000272482103
0.000268244055
0.000273486125
0.000266637247
0.000270493645
0.000266589807
0.000278607942
0.000272626925
0.000274603617
0.000281168292
0.000276390322
0.000277200846
0.000280314927
0.000277225956
0.000276404037
0.000276209115
0.000274572422
0.000272629557
0.000268259374
0.000266492556
0.000270219484
0.000266461355
0.00027038235
0.000266657582
0.000270830109
0.000268536469
0.000272736075
0.000267810071
0.000272265654
)
;
    }
}


// ************************************************************************* //
