/*--------------------------------*- C++ -*----------------------------------*\
  =========                 |
  \\      /  F ield         | OpenFOAM: The Open Source CFD Toolbox
   \\    /   O peration     | Website:  https://openfoam.org
    \\  /    A nd           | Version:  9
     \\/     M anipulation  |
\*---------------------------------------------------------------------------*/
FoamFile
{
    format      ascii;
    class       volScalarField;
    location    "0";
    object      V;
}
// * * * * * * * * * * * * * * * * * * * * * * * * * * * * * * * * * * * * * //

dimensions      [0 3 0 0 0 0 0];

internalField   nonuniform List<scalar> 
15188
(
3.9842573e-15
6.68295081e-15
3.75404597e-15
6.09866852e-15
6.30536308e-15
6.99673288e-15
1.17356917e-14
1.25268264e-14
1.32907624e-14
1.25056225e-14
1.1472922e-14
4.38049484e-15
9.13666644e-15
1.25878199e-14
1.2412315e-14
1.34107211e-14
1.23793856e-14
1.00581056e-14
3.78154112e-15
9.45921568e-15
1.25551702e-14
1.43721463e-14
9.74663816e-14
9.77504491e-14
1.179271e-14
1.45436354e-14
1.2495842e-14
4.09284558e-15
9.8849427e-15
1.25774512e-14
1.45441192e-14
9.75782143e-14
9.72407067e-14
1.46372642e-14
1.53539348e-14
1.19175034e-14
3.91727935e-15
3.84110486e-15
1.28263912e-14
1.46802654e-14
9.85798293e-14
1.02337244e-13
1.0287531e-13
9.98335817e-14
1.18470483e-14
1.55370863e-14
1.06175914e-14
6.44587795e-15
1.37265333e-14
1.41089032e-14
1.00106025e-13
1.02885403e-13
1.02340591e-13
9.83356582e-14
1.16736725e-14
1.28568046e-14
9.96136654e-15
6.80897256e-15
1.26958269e-14
1.16820785e-14
1.01628053e-13
1.06133311e-13
1.06700967e-13
1.03224707e-13
9.78393351e-14
1.49287406e-14
1.29001635e-14
6.02260806e-15
1.02022565e-14
1.27167653e-14
9.72987691e-14
1.03033743e-13
1.06546029e-13
1.06099184e-13
1.01407881e-13
1.19880907e-14
1.50470108e-14
1.06917836e-14
6.8161183e-15
1.29464237e-14
1.17425539e-14
1.01635776e-13
1.05978503e-13
1.06726642e-13
1.03123783e-13
9.7567199e-14
1.45900124e-14
1.30590514e-14
6.78193595e-15
1.05043705e-14
1.46563017e-14
9.71120405e-14
1.03115606e-13
1.0649761e-13
1.06330661e-13
1.01591711e-13
1.21245739e-14
1.50279308e-14
1.08679968e-14
6.28267364e-15
1.34983288e-14
1.42146995e-14
9.83269644e-14
1.02450887e-13
1.02870769e-13
9.94686826e-14
1.20297876e-14
1.52758227e-14
1.17184151e-14
3.90989913e-15
9.49084018e-15
1.38659831e-14
1.16632588e-14
9.97269796e-14
1.02713798e-13
1.02208279e-13
9.81366598e-14
1.1873817e-14
1.5103197e-14
1.02716424e-14
1.08777627e-14
1.46334432e-14
1.17369191e-14
9.71515884e-14
9.72499081e-14
1.19900017e-14
1.4376075e-14
1.3189711e-14
9.3437456e-15
4.148257e-15
1.20124631e-14
1.46779816e-14
1.17929046e-14
9.75215154e-14
9.72998768e-14
1.19140445e-14
1.40639564e-14
1.33647641e-14
6.71870262e-15
4.13346261e-15
1.17523682e-14
1.26844001e-14
1.50226918e-14
1.55910759e-14
1.48524693e-14
1.29851773e-14
1.0167565e-14
4.33884611e-15
1.21927884e-14
1.56276543e-14
1.53947374e-14
1.5568841e-14
1.55746584e-14
1.26861484e-14
9.45822802e-15
7.06395928e-15
1.00824647e-14
1.03920569e-14
1.00277521e-14
6.76277201e-15
4.06333138e-15
7.58634786e-15
1.03630143e-14
1.0415434e-14
7.65603416e-15
4.43341281e-15
6.34016251e-15
7.40599312e-15
7.52459586e-15
7.24064879e-15
4.29093261e-15
6.27176892e-15
7.47773574e-15
7.67573406e-15
7.10876752e-15
4.12049642e-15
5.37967971e-15
1.13912484e-14
1.10333929e-13
1.04544952e-13
1.02615974e-13
1.01464475e-13
1.05100505e-13
1.15445004e-13
1.53696074e-14
1.19020036e-14
4.97151245e-15
8.38086383e-15
1.4346048e-14
1.13534268e-13
1.04159113e-13
1.01211469e-13
1.02452921e-13
1.04960167e-13
1.11466859e-13
1.50857745e-14
1.08397085e-14
1.05829218e-14
1.08928041e-13
1.02407241e-13
1.03634789e-13
1.03624112e-13
1.02947678e-13
1.02258511e-13
1.03210252e-13
1.04656028e-13
1.04044552e-13
1.02829175e-13
1.39518759e-14
4.42941346e-15
1.08534195e-14
1.02497251e-13
1.04399817e-13
1.03989735e-13
1.02794854e-13
1.01843632e-13
1.02542577e-13
1.0337353e-13
1.03567384e-13
1.02133189e-13
1.08651187e-13
1.18265191e-14
4.30420927e-15
4.70253401e-15
1.44045693e-14
1.00166721e-13
1.00473379e-13
1.01504562e-13
1.02078689e-13
1.02437644e-13
1.02175175e-13
1.01943576e-13
1.02597657e-13
1.02720333e-13
1.02164851e-13
1.07982638e-13
1.23513911e-14
4.00320918e-15
9.98818043e-15
1.08644599e-13
1.00538903e-13
1.02681923e-13
1.02312194e-13
1.01735113e-13
1.01967662e-13
1.0216599e-13
1.01897093e-13
1.0161625e-13
1.00637508e-13
1.0041115e-13
1.45048328e-14
1.14451294e-14
1.08350964e-14
1.04981196e-13
1.00459411e-13
1.0074095e-13
1.01211201e-13
1.01837498e-13
1.02879917e-13
1.03006452e-13
1.02312625e-13
1.01986689e-13
1.01833537e-13
1.00251481e-13
9.95442187e-14
1.50034562e-14
7.83209293e-15
1.2254933e-14
9.84754955e-14
1.00618795e-13
1.01889919e-13
1.01787302e-13
1.02264804e-13
1.02958768e-13
1.02827632e-13
1.01678984e-13
1.01223833e-13
1.01255333e-13
1.00471723e-13
1.04857394e-13
1.20275845e-14
4.11439435e-15
1.15948919e-14
9.92827404e-14
1.0141462e-13
1.01160113e-13
1.01229163e-13
1.0285024e-13
1.04568915e-13
1.04912664e-13
1.03923191e-13
1.02717218e-13
1.01627995e-13
9.93133921e-14
9.98909537e-14
1.55969228e-14
1.0876936e-14
6.62656173e-15
1.2599081e-14
9.92259135e-14
9.96652485e-14
1.01766936e-13
1.02515487e-13
1.03823997e-13
1.04826081e-13
1.04556761e-13
1.02759601e-13
1.01218965e-13
1.0161218e-13
1.0192337e-13
9.89580878e-14
1.46983857e-14
7.23805358e-15
1.1506298e-14
9.92231463e-14
1.01422284e-13
1.01321719e-13
1.01237334e-13
1.02828641e-13
1.04550177e-13
1.04905414e-13
1.03877518e-13
1.02622485e-13
1.01717268e-13
9.93573676e-14
9.88331924e-14
1.46874506e-14
1.13353845e-14
7.16610093e-15
1.45187884e-14
9.85830536e-14
9.9333188e-14
1.01901327e-13
1.02615766e-13
1.03862919e-13
1.04855434e-13
1.04611449e-13
1.02791325e-13
1.01226977e-13
1.0156924e-13
1.01897088e-13
9.8905957e-14
1.5069494e-14
7.41626531e-15
1.14007272e-14
1.04796874e-13
1.00711389e-13
1.01104255e-13
1.00950279e-13
1.01645249e-13
1.02891251e-13
1.02967333e-13
1.0210467e-13
1.01937356e-13
1.02101617e-13
1.00094958e-13
9.89057662e-14
1.53816653e-14
9.96156268e-15
4.04672591e-15
1.2829854e-14
9.83167847e-14
1.00200189e-13
1.02218646e-13
1.02165512e-13
1.02243857e-13
1.02917124e-13
1.02845512e-13
1.01655297e-13
1.01110373e-13
1.01284522e-13
1.00665162e-13
1.04923628e-13
1.47668358e-14
6.81897522e-15
7.27007407e-15
1.49842862e-14
9.99544485e-14
1.01177903e-13
1.01328563e-13
1.01963553e-13
1.02363875e-13
1.02097395e-13
1.01678751e-13
1.02655936e-13
1.03342322e-13
1.0062386e-13
1.09320745e-13
1.45135043e-14
6.99284836e-15
1.14692736e-14
1.07234235e-13
1.01505147e-13
1.028103e-13
1.02782789e-13
1.01745518e-13
1.02112117e-13
1.02427799e-13
1.02160242e-13
1.01629906e-13
1.01446924e-13
9.99899956e-14
1.20541296e-14
1.17643082e-14
1.1545181e-14
1.08160007e-13
1.0260642e-13
1.03635577e-13
1.03577661e-13
1.0286641e-13
1.02525146e-13
1.03434736e-13
1.04818888e-13
1.04723691e-13
1.02595932e-13
1.46215195e-14
1.09099607e-14
4.51973655e-15
1.24408859e-14
1.02667253e-13
1.04496263e-13
1.04507887e-13
1.03062209e-13
1.02281795e-13
1.03132269e-13
1.03803441e-13
1.03108141e-13
1.02745017e-13
1.08399664e-13
1.4741035e-14
7.71689867e-15
4.3482952e-15
1.14504537e-14
1.46651939e-14
1.12322832e-13
1.04909561e-13
1.02673354e-13
1.01388712e-13
1.04728347e-13
1.15360125e-13
1.26711525e-14
1.44656575e-14
1.08409549e-14
4.93821304e-15
1.35119994e-14
1.52214412e-14
1.14341785e-13
1.04304116e-13
1.01219437e-13
1.02473912e-13
1.04690609e-13
1.11387801e-13
1.51621312e-14
1.42030418e-14
7.43201926e-15
7.7884112e-15
9.46588805e-15
1.34794688e-14
1.48363098e-14
1.50298613e-14
1.45662044e-14
1.51637043e-14
9.15662223e-15
5.2585348e-15
8.25645034e-15
9.03364669e-15
1.35884481e-14
1.49181687e-14
1.50123777e-14
1.43627103e-14
1.43091062e-14
9.30351176e-15
4.30052929e-15
6.58768141e-15
9.29777057e-15
7.59251352e-15
7.47563428e-15
7.1130658e-15
6.85599672e-15
6.79051077e-15
7.28343651e-15
7.25329286e-15
9.57827391e-15
7.33137408e-15
4.18166756e-15
7.21567314e-15
9.14991732e-15
7.60129492e-15
7.49301099e-15
7.02489137e-15
6.86237096e-15
7.18848691e-15
7.52427233e-15
1.02270579e-14
1.00470896e-14
4.35178925e-15
1.15039805e-14
1.1400121e-13
1.10568259e-13
1.11832293e-13
1.08591302e-13
1.28336108e-14
1.22282128e-14
1.19609263e-14
1.21702094e-14
1.31171731e-14
1.15761229e-13
1.13092197e-13
1.14059208e-13
1.41657693e-14
8.73243025e-15
5.00607582e-15
1.40660475e-14
1.13677396e-13
1.13429311e-13
1.16784457e-13
1.38706372e-14
1.28177397e-14
1.21977e-14
1.2001977e-14
1.24754777e-14
1.07959945e-13
1.12505477e-13
1.11717569e-13
1.15756105e-13
1.49268471e-14
5.80474856e-15
1.11194338e-14
1.0557613e-13
1.05119346e-13
1.06497347e-13
1.05670573e-13
1.02775884e-13
1.019737e-13
1.00232124e-13
9.90736555e-14
1.01182697e-13
1.04626769e-13
1.05494301e-13
1.06387794e-13
1.06787295e-13
1.05352557e-13
1.57087231e-14
1.07390342e-14
4.28755868e-15
1.16492869e-14
1.0394577e-13
1.07326597e-13
1.06818178e-13
1.05654759e-13
1.04261069e-13
1.00437185e-13
9.86481954e-14
9.9458345e-14
1.01195043e-13
1.02952532e-13
1.05726671e-13
1.06671585e-13
1.05589937e-13
1.06542403e-13
1.43922732e-14
4.91137218e-15
7.8676592e-15
1.04344095e-13
1.03441217e-13
1.03499494e-13
1.03597881e-13
1.03211357e-13
1.01987002e-13
1.01238321e-13
1.0173322e-13
1.0112979e-13
1.00034752e-13
1.01920506e-13
1.03965235e-13
1.03904592e-13
1.03519316e-13
1.02885168e-13
1.0294346e-13
1.46185529e-14
4.30732846e-15
1.11627872e-14
1.04169668e-13
1.02528874e-13
1.03828808e-13
1.04033843e-13
1.04196973e-13
1.02194954e-13
1.00238355e-13
1.01270644e-13
1.0161365e-13
1.01523797e-13
1.02116116e-13
1.03549665e-13
1.03897713e-13
1.03891343e-13
1.0328302e-13
1.04717604e-13
1.13315942e-14
1.11927215e-14
9.93048696e-14
1.01277415e-13
1.02415308e-13
1.02623825e-13
1.0232003e-13
1.02873767e-13
1.01228098e-13
9.93767047e-14
9.90654707e-14
1.00568928e-13
1.02593895e-13
1.02836967e-13
1.02457758e-13
1.02459291e-13
1.01952649e-13
1.00922436e-13
1.50510023e-14
1.0808548e-14
3.86163008e-15
1.19830236e-14
1.01074644e-13
1.02010652e-13
1.02409882e-13
1.02601924e-13
1.02751618e-13
1.02752819e-13
1.00658508e-13
9.91969373e-14
9.96558292e-14
1.01241983e-13
1.02513184e-13
1.02621528e-13
1.02827202e-13
1.02680863e-13
1.01645744e-13
9.95501156e-14
1.47580864e-14
6.72083971e-15
1.20173276e-14
1.02068081e-13
1.00953315e-13
1.02150946e-13
1.02907456e-13
1.02205045e-13
1.02860981e-13
1.02636575e-13
1.00682502e-13
1.00403451e-13
1.02953331e-13
1.04315835e-13
1.02732692e-13
1.01857098e-13
1.0199664e-13
1.01335043e-13
9.90938389e-14
1.21387259e-14
1.13143481e-14
7.11329997e-15
1.45987686e-14
9.86263736e-14
1.01592741e-13
1.02063347e-13
1.02019868e-13
1.02691213e-13
1.04574535e-13
1.02913106e-13
1.00457571e-13
1.00763841e-13
1.02620901e-13
1.02856523e-13
1.02273319e-13
1.03019616e-13
1.02161844e-13
1.01173702e-13
1.0142625e-13
1.55780964e-14
7.68317739e-15
1.19383021e-14
1.01783594e-13
1.01060922e-13
1.02197818e-13
1.03003208e-13
1.02474646e-13
1.03044899e-13
1.027206e-13
1.00664562e-13
1.00419553e-13
1.02964028e-13
1.0416061e-13
1.02588867e-13
1.01774712e-13
1.01832525e-13
1.01498177e-13
9.90123198e-14
1.20788165e-14
1.15805734e-14
7.36341954e-15
1.5167792e-14
9.8806708e-14
1.01646132e-13
1.01902395e-13
1.01941163e-13
1.02760308e-13
1.04567752e-13
1.02923468e-13
1.00502619e-13
1.00794444e-13
1.02522894e-13
1.02892874e-13
1.0220133e-13
1.03021521e-13
1.02163884e-13
1.01518764e-13
1.01505234e-13
1.53946347e-14
7.59528675e-15
1.18525494e-14
9.8873232e-14
1.01679366e-13
1.02630157e-13
1.0275674e-13
1.02559331e-13
1.02599187e-13
1.0108824e-13
9.94401869e-14
9.90806024e-14
1.00543625e-13
1.02569483e-13
1.024844e-13
1.02089301e-13
1.02376116e-13
1.02105786e-13
1.01161502e-13
1.50272953e-14
1.12958395e-14
6.58015717e-15
1.51868897e-14
1.00601319e-13
1.02207568e-13
1.02229039e-13
1.02402525e-13
1.02954147e-13
1.02809303e-13
1.00535953e-13
9.90657901e-14
9.9618547e-14
1.0107804e-13
1.02686582e-13
1.02282604e-13
1.02724901e-13
1.0261361e-13
1.02051926e-13
9.95794933e-14
1.56006511e-14
7.31301836e-15
1.10997626e-14
1.04627186e-13
1.03542075e-13
1.03624728e-13
1.03500719e-13
1.03460966e-13
1.01970411e-13
1.01369547e-13
1.018842e-13
1.01331585e-13
1.00123943e-13
1.01993094e-13
1.03847634e-13
1.03493135e-13
1.03713085e-13
1.02451006e-13
1.02727203e-13
1.53164325e-14
7.38123633e-15
1.18736356e-14
1.0333619e-13
1.02658884e-13
1.03355023e-13
1.03915307e-13
1.04328545e-13
1.01962522e-13
1.00086751e-13
1.01037948e-13
1.0192681e-13
1.0146801e-13
1.02065433e-13
1.03453823e-13
1.03638545e-13
1.0355135e-13
1.03071991e-13
1.04440513e-13
1.4600986e-14
4.16023671e-15
4.5025344e-15
1.43082735e-14
1.0585209e-13
1.04965689e-13
1.06478147e-13
1.06104179e-13
1.03014275e-13
1.01180692e-13
9.93221249e-14
9.91877162e-14
1.01306355e-13
1.03353533e-13
1.05714302e-13
1.06671123e-13
1.07626735e-13
1.04773901e-13
1.57674453e-14
1.17220919e-14
8.01585751e-15
1.5504944e-14
1.03817714e-13
1.0678034e-13
1.06680996e-13
1.06012098e-13
1.04181051e-13
1.01251661e-13
9.92891783e-14
9.98848677e-14
1.01574097e-13
1.02696485e-13
1.05818269e-13
1.06520227e-13
1.05171017e-13
1.07014184e-13
1.47480696e-14
1.09649541e-14
4.98229663e-15
1.50981218e-14
1.16398992e-13
1.11793356e-13
1.1173007e-13
1.09389507e-13
1.27177225e-14
1.24885588e-14
1.22182414e-14
1.25394161e-14
1.29667244e-14
1.16365582e-13
1.13022376e-13
1.15163065e-13
1.27758492e-14
1.39907067e-14
4.58877592e-15
1.11985333e-14
1.41537704e-14
1.12813438e-13
1.13098938e-13
1.1689728e-13
1.34577171e-14
1.29684154e-14
1.23854064e-14
1.22855088e-14
1.2541237e-14
1.10632178e-13
1.13633542e-13
1.11992924e-13
1.15768798e-13
1.51042262e-14
1.18022278e-14
5.0410112e-15
8.90668246e-15
1.4927243e-14
1.2966975e-14
1.55882211e-14
1.49850212e-14
1.39779087e-14
1.36042394e-14
1.39195501e-14
1.55950985e-14
1.69160768e-14
1.66403671e-14
1.57358355e-14
8.15699974e-15
5.98116675e-15
1.49395031e-14
1.62232444e-14
1.68465877e-14
1.68073214e-14
1.48690023e-14
1.3810018e-14
1.37214629e-14
1.44281263e-14
1.58509718e-14
1.68488541e-14
1.68168986e-14
1.54149462e-14
8.53727139e-15
4.7394841e-15
9.21472636e-15
7.65791051e-15
4.10757781e-15
4.2221612e-15
9.54144606e-15
6.84353604e-15
4.18062451e-15
9.65007392e-15
6.94316441e-15
7.52011866e-15
8.59546468e-15
7.16272023e-15
1.17002928e-14
1.13215145e-13
1.17480708e-13
1.12503534e-13
1.57927489e-14
1.37113377e-14
8.13557803e-15
4.32846985e-15
4.41643779e-15
8.85100466e-15
1.51684379e-14
1.62047931e-14
1.13439604e-13
1.17246861e-13
1.18150767e-13
8.32701403e-15
4.97005144e-15
1.16282872e-13
1.16562889e-13
1.14810634e-13
1.37772024e-14
1.50723989e-14
1.2146604e-14
8.0996466e-15
7.54338723e-15
1.13995474e-14
1.46089893e-14
1.12937483e-13
1.16562099e-13
1.13292395e-13
1.46629846e-14
5.19235843e-15
1.17430217e-14
1.07117076e-13
1.07811761e-13
1.08100194e-13
1.04535697e-13
1.11139247e-13
1.26253321e-14
1.43072313e-14
1.24322156e-14
1.10530826e-14
1.05944919e-14
1.18448756e-14
1.30502026e-14
1.45638056e-14
1.23545059e-14
1.03383235e-13
1.07789261e-13
1.07245867e-13
1.03160008e-13
1.43521142e-14
1.11115508e-14
4.47020319e-15
1.40047606e-14
1.0320105e-13
1.07377425e-13
1.07989583e-13
1.03575172e-13
1.26213625e-14
1.21519818e-14
1.46618765e-14
1.22601969e-14
1.0858109e-14
1.09040923e-14
1.2270058e-14
1.50868512e-14
1.53160099e-14
1.11186879e-13
1.04378111e-13
1.07841796e-13
1.08176769e-13
1.07545274e-13
1.33663069e-14
5.34190432e-15
7.80313507e-15
1.0417425e-13
1.02373895e-13
1.04124502e-13
1.04585224e-13
1.03651111e-13
1.0108222e-13
1.26009621e-14
1.21352128e-14
1.47630633e-14
1.53314748e-14
1.28194227e-14
1.3957256e-14
1.19099246e-14
1.23295496e-14
9.9971322e-14
1.02197719e-13
1.03921307e-13
1.0433386e-13
1.02884869e-13
1.02204433e-13
1.4809232e-14
4.20190365e-15
1.16923976e-14
1.02682488e-13
1.03593378e-13
1.04931298e-13
1.03884335e-13
1.02206902e-13
1.00811679e-13
1.25824868e-14
1.21969116e-14
1.4634493e-14
1.49737336e-14
1.24119577e-14
1.44738038e-14
1.21134261e-14
1.25356937e-14
1.01250109e-13
1.03458327e-13
1.04582917e-13
1.04368242e-13
1.02943714e-13
1.04057048e-13
1.10675563e-14
1.10549454e-14
9.94390293e-14
1.01975704e-13
1.02818412e-13
1.02643771e-13
1.02038933e-13
1.00982633e-13
9.80898252e-14
1.25284539e-14
1.22539907e-14
1.16866201e-14
1.15987289e-14
1.17912587e-14
1.22116321e-14
1.00011183e-13
1.00936847e-13
1.01936146e-13
1.02722958e-13
1.03251357e-13
1.02342954e-13
9.99372352e-14
1.5229297e-14
8.30559295e-15
1.1526022e-14
1.00262667e-13
1.02436519e-13
1.03397323e-13
1.02592338e-13
1.01905699e-13
1.01106232e-13
9.92763178e-14
1.23716832e-14
1.21214461e-14
1.16122903e-14
1.16916795e-14
1.19627361e-14
1.2244333e-14
9.88466803e-14
1.01135557e-13
1.01823601e-13
1.02645634e-13
1.0288733e-13
1.02138118e-13
9.95989062e-14
1.48604447e-14
6.58625013e-15
1.20325862e-14
1.02782854e-13
1.0357059e-13
1.03181106e-13
1.02271043e-13
1.0203287e-13
1.01340429e-13
9.81427391e-14
1.24013283e-14
1.25002875e-14
1.21268781e-14
1.18682832e-14
1.22190635e-14
1.27042113e-14
9.79197043e-14
9.96328927e-14
1.01292775e-13
1.02389184e-13
1.02366729e-13
1.01518525e-13
9.94208135e-14
1.19894205e-14
1.10705749e-14
6.73107986e-15
1.46783247e-14
9.95748082e-14
1.01365036e-13
1.02242038e-13
1.02310656e-13
1.01398158e-13
9.94957479e-14
9.75076941e-14
1.25752721e-14
1.26077221e-14
1.20074955e-14
1.19408457e-14
1.23242704e-14
1.26179938e-14
9.81704514e-14
1.0130684e-13
1.01812748e-13
1.02053627e-13
1.02888357e-13
1.03715668e-13
1.01730356e-13
1.56506065e-14
7.59888997e-15
1.15689054e-14
1.02847356e-13
1.03529567e-13
1.03172755e-13
1.02401261e-13
1.02163808e-13
1.01489027e-13
9.86075271e-14
1.22807399e-14
1.27261914e-14
1.22338652e-14
1.19955666e-14
1.23598594e-14
1.27087753e-14
9.78917357e-14
9.95815249e-14
1.0145935e-13
1.02230853e-13
1.02308408e-13
1.0150161e-13
9.93667065e-14
1.19842444e-14
1.13765044e-14
7.40398256e-15
1.5071185e-14
9.92673754e-14
1.01380049e-13
1.02247617e-13
1.02302335e-13
1.01635389e-13
9.95153732e-14
9.72760105e-14
1.26608778e-14
1.26397229e-14
1.21342288e-14
1.20648561e-14
1.24526464e-14
1.25278612e-14
9.8029727e-14
1.01461501e-13
1.01913355e-13
1.02218079e-13
1.02928216e-13
1.03674004e-13
1.02120321e-13
1.57633112e-14
7.38932258e-15
1.17418877e-14
9.98938119e-14
1.02146525e-13
1.02918013e-13
1.03031334e-13
1.02337512e-13
1.01057794e-13
9.81646473e-14
1.25272465e-14
1.25323748e-14
1.19095542e-14
1.16654552e-14
1.20647416e-14
1.2566081e-14
9.92564162e-14
1.00143087e-13
1.01894032e-13
1.02472357e-13
1.03202065e-13
1.02472838e-13
9.99864643e-14
1.5064564e-14
1.09776399e-14
4.41102554e-15
1.46395752e-14
9.95468402e-14
1.02573727e-13
1.03221908e-13
1.0252317e-13
1.01833073e-13
1.00336828e-13
9.96006546e-14
1.24040354e-14
1.23543211e-14
1.18288813e-14
1.17753499e-14
1.21427687e-14
1.27487183e-14
9.77348607e-14
1.01027522e-13
1.020038e-13
1.02964845e-13
1.02810486e-13
1.01705954e-13
9.94818161e-14
1.53981232e-14
7.22831374e-15
1.10210665e-14
1.04305157e-13
1.02843786e-13
1.04411017e-13
1.05113614e-13
1.03783461e-13
1.00445609e-13
1.2400333e-14
1.22880403e-14
1.2039967e-14
1.47648666e-14
1.43127373e-14
1.16109342e-14
1.2083623e-14
1.24070275e-14
9.95882218e-14
1.02077751e-13
1.03409617e-13
1.04095099e-13
1.03291376e-13
1.03377967e-13
1.51473497e-14
7.23944711e-15
1.15152453e-14
1.01694753e-13
1.03092364e-13
1.04501556e-13
1.03647791e-13
1.0183767e-13
9.96031514e-14
1.25091848e-14
1.2273967e-14
1.17909656e-14
1.43739906e-14
1.47143253e-14
1.16761054e-14
1.22164721e-14
1.22311424e-14
1.01100285e-13
1.03772401e-13
1.04726734e-13
1.0399281e-13
1.01751281e-13
1.04094278e-13
1.47271308e-14
4.31505188e-15
4.66143459e-15
1.42771528e-14
1.08103987e-13
1.07910385e-13
1.08399963e-13
1.04889627e-13
1.11013258e-13
1.25046867e-14
1.21432193e-14
1.50706209e-14
1.32691753e-14
1.322491e-14
1.2856347e-14
1.49307142e-14
1.22488823e-14
1.24329758e-14
1.03129987e-13
1.07053745e-13
1.07197659e-13
1.03298734e-13
1.20961009e-14
1.12806076e-14
7.57510316e-15
1.45785945e-14
1.03273501e-13
1.07158368e-13
1.07013192e-13
1.02174249e-13
1.25942745e-14
1.23627834e-14
1.47404433e-14
1.51808942e-14
1.32049094e-14
1.35156826e-14
1.30432104e-14
1.46111373e-14
1.2259253e-14
1.1023915e-13
1.04258019e-13
1.08574031e-13
1.08304023e-13
1.0759998e-13
1.46778036e-14
1.09001882e-14
5.39592273e-15
1.47526489e-14
1.14230741e-13
1.17554413e-13
1.14484141e-13
1.31797852e-14
1.47674279e-14
1.19800593e-14
1.07462461e-14
7.14217958e-15
6.90530489e-15
7.78208151e-15
1.08776355e-14
1.45378916e-14
1.53426656e-14
1.29088885e-14
1.1308606e-13
1.16367672e-13
1.18096989e-13
1.39098865e-14
4.93921964e-15
1.07287148e-14
1.14809481e-13
1.1542253e-13
1.12136968e-13
1.31841858e-14
1.26204386e-14
1.43606268e-14
1.16801606e-14
7.98427322e-15
7.24977672e-15
7.03513916e-15
7.57131983e-15
1.19666994e-14
1.48936143e-14
1.25825488e-14
1.12764391e-13
1.18344121e-13
1.1342571e-13
1.58095153e-14
1.15660233e-14
5.36090323e-15
1.49046423e-14
1.61969208e-14
1.54156832e-14
1.41482936e-14
8.26147221e-15
8.54052878e-15
1.508577e-14
1.62555706e-14
1.5051717e-14
8.69531332e-15
5.48672041e-15
1.59383886e-14
1.60251211e-14
1.48815715e-14
9.51994005e-15
5.25505352e-15
4.83908159e-15
9.26880419e-15
1.44450548e-14
1.63466981e-14
1.43738342e-14
8.33213261e-15
4.62278096e-15
9.06610212e-15
6.66469009e-15
4.30746406e-15
9.85849575e-15
8.41591284e-15
4.29395602e-15
1.01425686e-14
7.04553906e-15
4.31277605e-15
9.53545161e-15
7.19192887e-15
1.14514818e-14
1.14622727e-13
1.16205697e-13
1.13475169e-13
1.44749398e-14
8.36682852e-15
4.31888597e-15
1.24634087e-14
1.52980494e-14
1.12902994e-13
1.16119854e-13
1.14371376e-13
7.77552799e-15
4.95885253e-15
1.14055784e-13
1.16239266e-13
1.13692692e-13
1.3454669e-14
1.47018034e-14
7.92705115e-15
5.30160803e-15
1.43300888e-14
1.14118903e-13
1.15180008e-13
1.14249684e-13
1.43777856e-14
5.09345186e-15
1.09364836e-14
1.0498185e-13
1.07879114e-13
1.08250337e-13
1.04660975e-13
1.26782401e-14
1.48194902e-14
1.20732029e-14
4.47798602e-15
1.23668255e-14
1.52308823e-14
1.04983444e-13
1.05271231e-13
1.06119024e-13
1.03373833e-13
1.4819524e-14
7.77437914e-15
1.15958435e-14
1.03273944e-13
1.06395079e-13
1.06233132e-13
1.04298695e-13
1.28479628e-14
1.47815382e-14
1.08834876e-14
4.89086387e-15
1.41331926e-14
1.23267442e-14
1.04925632e-13
1.08319768e-13
1.07597138e-13
1.05684571e-13
1.44908326e-14
4.98292497e-15
7.93594295e-15
1.03252787e-13
1.0132333e-13
1.03473151e-13
1.04200891e-13
1.03171569e-13
1.02415675e-13
1.23876328e-14
1.48380734e-14
1.07797691e-14
1.17897352e-14
1.45280109e-14
1.04261196e-13
1.01986448e-13
1.02993133e-13
1.03353117e-13
1.02808017e-13
1.01911518e-13
1.38872635e-14
8.33952444e-15
1.01086015e-13
1.02830102e-13
1.03633691e-13
1.03772227e-13
1.02615518e-13
1.03826012e-13
1.20717414e-14
1.49960792e-14
7.15499681e-15
4.32458713e-15
1.20670887e-14
1.52622957e-14
1.02719596e-13
1.03567163e-13
1.0474972e-13
1.03724552e-13
1.0149923e-13
1.04224614e-13
1.13822616e-14
1.42081908e-14
1.06701849e-13
1.01830169e-13
1.02457276e-13
1.02782401e-13
1.02113662e-13
9.97542517e-14
1.24128828e-14
1.19513594e-14
1.29446598e-14
6.23019846e-15
8.97573747e-15
1.26358091e-14
1.21584463e-14
9.92450006e-14
1.02045464e-13
1.02852014e-13
1.02682849e-13
1.0201193e-13
1.00648335e-13
1.54976056e-14
7.22628404e-15
1.10946047e-14
1.002558e-13
1.02414898e-13
1.02977816e-13
1.03057246e-13
1.01862921e-13
9.8569647e-14
1.2278351e-14
1.49146149e-14
1.19058887e-14
3.59736756e-15
1.01915165e-14
1.52975126e-14
1.20620751e-14
9.93888356e-14
1.02012863e-13
1.03017452e-13
1.02530192e-13
1.01438361e-13
1.04501264e-13
1.53322841e-14
1.35171036e-14
1.02134955e-13
1.0299202e-13
1.03066001e-13
1.02348566e-13
1.00937896e-13
9.90739546e-14
1.23002617e-14
1.20792057e-14
1.27567256e-14
9.29506669e-15
1.04455186e-14
1.51291392e-14
1.20228725e-14
1.01247007e-13
1.02018675e-13
1.02497193e-13
1.02209876e-13
1.00791497e-13
9.81609874e-14
1.46736583e-14
8.65431769e-15
1.3678419e-14
9.84347116e-14
1.01150623e-13
1.02370071e-13
1.02556179e-13
1.01756855e-13
1.00739676e-13
1.23897845e-14
1.17710517e-14
1.29641234e-14
6.4452961e-15
3.81017851e-15
1.23774814e-14
1.52582811e-14
1.2277003e-14
9.83467376e-14
1.00454437e-13
1.02285768e-13
1.02905105e-13
1.02858761e-13
1.0095319e-13
1.5915786e-14
1.35595888e-14
1.01730622e-13
1.02932492e-13
1.03103175e-13
1.02289299e-13
1.00906342e-13
9.91436401e-14
1.23837931e-14
1.21199629e-14
1.51630008e-14
1.00255985e-14
1.04091152e-14
1.52776327e-14
1.2050865e-14
1.00738682e-13
1.02106019e-13
1.02583719e-13
1.02310032e-13
1.00766674e-13
9.84213646e-14
1.15932643e-14
1.03528319e-14
3.65725867e-15
1.35115753e-14
9.85281388e-14
1.01277672e-13
1.02287419e-13
1.02467911e-13
1.01976977e-13
1.00577152e-13
1.24437613e-14
1.18087075e-14
1.29301697e-14
6.48407233e-15
6.06086701e-15
1.27054344e-14
1.47075025e-14
1.23921023e-14
9.87444573e-14
1.00634097e-13
1.02167444e-13
1.02910332e-13
1.02921087e-13
1.01939884e-13
1.64146995e-14
1.30230355e-14
1.05088394e-13
1.01605432e-13
1.02660389e-13
1.02766166e-13
1.02091365e-13
1.00051369e-13
1.22560639e-14
1.20840193e-14
1.29996018e-14
6.93728087e-15
9.89722487e-15
1.52593122e-14
1.2375402e-14
9.90169254e-14
1.0218312e-13
1.03006063e-13
1.02910169e-13
1.02092527e-13
1.01089944e-13
1.54410882e-14
8.64600667e-15
1.13937645e-14
1.00436542e-13
1.02602623e-13
1.02712561e-13
1.02875986e-13
1.02174806e-13
9.87336395e-14
1.24514484e-14
1.52892264e-14
1.30375867e-14
5.8787509e-15
1.09726034e-14
1.57008984e-14
1.21430073e-14
1.00675848e-13
1.02300398e-13
1.02583672e-13
1.02378403e-13
1.01525826e-13
1.05170643e-13
1.5531172e-14
1.23409474e-14
1.03358891e-13
1.01336693e-13
1.03726004e-13
1.04379039e-13
1.0306375e-13
1.0348143e-13
1.2428313e-14
1.48316907e-14
1.23083078e-14
3.82068303e-15
4.2091154e-15
1.20956399e-14
1.20252454e-14
1.03332527e-13
1.00938702e-13
1.02925692e-13
1.0343038e-13
1.02846957e-13
1.02463594e-13
1.43831468e-14
4.26095354e-15
1.11267859e-14
1.02062962e-13
1.03010485e-13
1.03124375e-13
1.03560348e-13
1.02309348e-13
1.04386906e-13
1.21510849e-14
1.52690508e-14
1.02188467e-14
8.89794028e-15
1.47151113e-14
1.21712955e-14
1.03064707e-13
1.03356679e-13
1.04134474e-13
1.03333406e-13
1.01567879e-13
1.04965682e-13
1.21780505e-14
1.36496289e-14
1.05550241e-13
1.07413975e-13
1.07963311e-13
1.03940259e-13
1.30409383e-14
1.22459419e-14
1.19960209e-14
4.34996492e-15
1.03601428e-14
1.53084071e-14
1.22604929e-14
1.05923688e-13
1.06207441e-13
1.05971992e-13
1.0355338e-13
1.56381992e-14
1.11584107e-14
4.93399392e-15
1.37669678e-14
1.02920057e-13
1.05595725e-13
1.05891317e-13
1.06331634e-13
1.26596881e-14
1.49718709e-14
1.23795647e-14
4.24400073e-15
1.10696814e-14
1.4554489e-14
1.25867875e-14
1.0526787e-13
1.07533668e-13
1.07099374e-13
1.06679448e-13
1.4439616e-14
8.54982101e-15
5.13315812e-15
1.49454691e-14
1.1256716e-13
1.15844065e-13
1.13232213e-13
1.27041383e-14
1.37686293e-14
5.17159836e-15
1.06443443e-14
1.48791843e-14
1.31069097e-14
1.12738822e-13
1.1759024e-13
1.14104271e-13
1.44349611e-14
4.59118272e-15
1.04448353e-14
1.12262105e-13
1.16723066e-13
1.12394501e-13
1.34175865e-14
1.56464383e-14
1.14451575e-14
4.59461903e-15
1.11473582e-14
1.48811732e-14
1.14199751e-13
1.15871095e-13
1.12904579e-13
1.56497022e-14
1.12593166e-14
5.51844715e-15
1.46841322e-14
1.61766809e-14
1.50670121e-14
8.4377475e-15
5.25391299e-15
1.47059568e-14
1.6358932e-14
1.60858489e-14
8.00225536e-15
5.40261262e-15
1.59738528e-14
1.62636032e-14
1.4787467e-14
8.19071109e-15
5.4906574e-15
1.51610743e-14
1.6427713e-14
1.46968332e-14
8.54807149e-15
3.78947534e-15
9.0815866e-15
6.75265796e-15
4.58618355e-15
9.12030814e-15
7.53875884e-15
4.70032009e-15
9.6023554e-15
7.26689851e-15
4.41398474e-15
9.17123329e-15
6.61700114e-15
1.17418866e-14
1.0897687e-13
1.14671395e-13
1.14373138e-13
1.497193e-14
8.48396949e-15
1.16653236e-14
1.51198092e-14
1.14536687e-13
1.15291626e-13
1.46691399e-14
5.17124739e-15
1.25326275e-14
1.14568622e-13
1.13815322e-13
1.34715903e-14
1.37930685e-14
5.40781108e-15
5.41461021e-15
1.44343704e-14
1.14369408e-13
1.15769396e-13
1.09158206e-13
1.48499316e-14
1.00355665e-13
1.04796117e-13
1.05117489e-13
1.03154902e-13
1.29335703e-14
1.54481308e-14
7.22981111e-15
1.12699665e-14
1.45988035e-14
1.05557913e-13
1.0850755e-13
1.09903761e-13
1.10566868e-13
1.42394059e-14
5.22220923e-15
1.12064323e-14
1.10392123e-13
1.09555877e-13
1.07450089e-13
1.06836579e-13
1.29450908e-14
1.37113129e-14
4.89089459e-15
1.07629467e-14
1.24723387e-14
1.03439382e-13
1.05159104e-13
1.04651438e-13
1.00482574e-13
1.00283285e-13
1.027942e-13
1.02916577e-13
1.01982474e-13
1.02141145e-13
1.24490063e-14
1.36992635e-14
4.05051749e-15
7.30065035e-15
1.47419553e-14
1.03430518e-13
1.01165646e-13
1.03916711e-13
1.05289708e-13
1.04668998e-13
1.05581883e-13
1.10227808e-14
8.01006159e-15
1.04280433e-13
1.04691969e-13
1.04937779e-13
1.03639537e-13
1.01416335e-13
1.04816306e-13
1.22905069e-14
1.13702986e-14
1.07625408e-14
1.44993768e-14
1.02766427e-13
1.02427194e-13
1.03143492e-13
1.03250317e-13
1.01711718e-13
9.96465491e-14
1.0214482e-13
1.02556328e-13
1.01749721e-13
1.00511917e-13
1.25113999e-14
1.49228169e-14
1.07675921e-14
1.14346974e-14
1.51420491e-14
1.04099156e-13
1.01139395e-13
1.02616839e-13
1.03535694e-13
1.03122353e-13
1.00526467e-13
1.47152188e-14
6.92989593e-15
1.11652026e-14
1.00894801e-13
1.0283282e-13
1.03434285e-13
1.02767651e-13
1.0132574e-13
1.04318205e-13
1.24508041e-14
1.47859665e-14
6.84846776e-15
4.28082048e-15
1.19037549e-14
1.23021124e-14
1.01500918e-13
1.01884906e-13
1.02437776e-13
1.01885152e-13
9.96820642e-14
1.00492324e-13
1.01680071e-13
1.02085028e-13
1.01006907e-13
9.85355459e-14
1.2219136e-14
1.20002551e-14
1.14202312e-14
1.21719502e-14
1.2105781e-14
1.00686669e-13
1.02661339e-13
1.02747628e-13
1.02419677e-13
1.02070301e-13
1.02074658e-13
1.61076449e-14
8.04179084e-15
1.15333446e-14
1.01546127e-13
1.01801555e-13
1.0258444e-13
1.02957285e-13
1.02386851e-13
1.01070709e-13
1.24391025e-14
1.53713507e-14
7.3084461e-15
7.12260538e-15
1.44979576e-14
1.20118374e-14
9.88883213e-14
1.00923618e-13
1.01923538e-13
1.01477242e-13
1.00390689e-13
1.00302092e-13
1.01513658e-13
1.01930813e-13
1.01055977e-13
9.84064683e-14
1.21793048e-14
1.18494519e-14
1.18834029e-14
3.56846525e-15
1.24722702e-14
1.22386633e-14
1.00991529e-13
1.02845484e-13
1.02761278e-13
1.02425417e-13
1.01723839e-13
1.01321884e-13
1.60588056e-14
1.00152425e-14
3.58726548e-15
1.25978399e-14
1.01747394e-13
1.0197063e-13
1.02621734e-13
1.02961153e-13
1.02409154e-13
1.00616882e-13
1.24874808e-14
1.5398875e-14
9.53782412e-15
7.48691927e-15
1.50325658e-14
1.20569109e-14
9.84606091e-14
1.01091582e-13
1.01907373e-13
1.01461043e-13
1.00228041e-13
9.96135936e-14
1.01791426e-13
1.02392055e-13
1.02587559e-13
1.00038142e-13
1.23710519e-14
1.49080502e-14
1.12466221e-14
1.15144012e-14
1.21804425e-14
1.04753833e-13
1.01572358e-13
1.02641393e-13
1.03551644e-13
1.02948408e-13
1.00968754e-13
1.57600343e-14
7.90658695e-15
1.19490427e-14
1.00479703e-13
1.02901756e-13
1.03463074e-13
1.02783777e-13
1.01262056e-13
1.0375776e-13
1.23835539e-14
1.49711601e-14
7.29622029e-15
6.73132828e-15
1.46497842e-14
1.22273427e-14
1.00134929e-13
1.02238806e-13
1.02313592e-13
1.0168392e-13
9.92008921e-14
1.00716726e-13
1.02733345e-13
1.02926886e-13
1.03367251e-13
1.02247854e-13
1.22519545e-14
1.50289981e-14
6.99078967e-15
1.09913108e-14
1.44388967e-14
1.02620853e-13
1.01070345e-13
1.03820321e-13
1.05083979e-13
1.03829125e-13
1.04570707e-13
1.50308829e-14
4.5977696e-15
1.08836793e-14
1.05401643e-13
1.04212239e-13
1.04788112e-13
1.03725395e-13
1.00987312e-13
1.0573097e-13
1.23854662e-14
1.17905391e-14
4.33895351e-15
1.13723604e-14
1.20420818e-14
1.0285537e-13
1.02466213e-13
1.03055614e-13
1.02973696e-13
1.00194726e-13
1.00100076e-13
1.03845791e-13
1.045067e-13
1.03450669e-13
1.29330355e-14
1.53230161e-14
1.21450646e-14
4.20152329e-15
1.41331263e-14
1.23080387e-14
1.05108312e-13
1.07427345e-13
1.09579935e-13
1.08581339e-13
1.4958237e-14
1.10125977e-14
4.41407965e-15
1.46145514e-14
1.101173e-13
1.09165728e-13
1.07763947e-13
1.04802051e-13
1.24972033e-14
1.43646345e-14
1.10285311e-14
4.86326364e-15
1.4781933e-14
1.24302181e-14
1.023204e-13
1.04808106e-13
1.04446651e-13
9.99454425e-14
1.57104142e-14
1.07541587e-13
1.15210962e-13
1.12834995e-13
1.24450888e-14
1.384424e-14
4.3945933e-15
5.25625551e-15
1.47679092e-14
1.281644e-14
1.14463652e-13
1.16504578e-13
1.59459367e-14
1.19657788e-14
5.14342765e-15
1.518836e-14
1.15475927e-13
1.1375738e-13
1.34383449e-14
1.51912184e-14
1.18273693e-14
1.07212269e-14
1.43275118e-14
1.13849777e-13
1.1239691e-13
1.09507033e-13
1.60124448e-14
7.98560404e-15
1.41626995e-14
1.60060854e-14
1.52940741e-14
8.61888869e-15
5.06309282e-15
1.46558277e-14
1.61962463e-14
1.43763921e-14
8.35398949e-15
5.06104681e-15
1.44770112e-14
1.61294501e-14
1.48094568e-14
8.73695342e-15
5.58685712e-15
1.50085122e-14
1.5532799e-14
1.44879251e-14
9.19676978e-15
7.47146759e-15
7.29934467e-15
4.54425523e-15
9.58211196e-15
7.9018906e-15
4.44977409e-15
9.59591003e-15
7.23153761e-15
4.18620718e-15
8.98602674e-15
1.07780655e-13
1.11083187e-13
1.47608616e-14
8.27785989e-15
1.15431963e-14
1.58175469e-14
1.16483477e-13
1.14779715e-13
1.42583099e-14
5.59894658e-15
1.11619889e-14
1.14134461e-13
1.16383556e-13
1.37697849e-14
1.47094958e-14
5.4617163e-15
5.19267892e-15
1.42618691e-14
1.11919117e-13
1.0760184e-13
1.03388716e-13
1.02209042e-13
1.05954919e-13
1.43304781e-14
8.16098715e-15
1.1305166e-14
1.54853674e-14
1.10068487e-13
1.09778857e-13
1.09541881e-13
1.0915134e-13
1.45305934e-14
7.54343994e-15
1.13406238e-14
1.07105652e-13
1.09408603e-13
1.09878266e-13
1.10017769e-13
1.28357206e-14
1.45673657e-14
5.18339544e-15
1.37446161e-14
1.06054679e-13
1.01575183e-13
1.03004832e-13
1.02176636e-13
1.01590024e-13
1.03590957e-13
1.22964811e-14
1.40793049e-14
4.23170859e-15
8.13274764e-15
1.41795239e-14
1.04681132e-13
1.04572185e-13
1.05556112e-13
1.05214931e-13
1.03600482e-13
1.06499328e-13
1.15902932e-14
4.00831869e-15
1.03397369e-14
1.06812005e-13
1.03762452e-13
1.05117372e-13
1.0508246e-13
1.04299243e-13
1.04150227e-13
1.20293049e-14
1.12101298e-14
1.04808021e-14
1.46064624e-14
1.03708172e-13
1.02306493e-13
1.02806327e-13
1.01774658e-13
1.00539584e-13
1.00046495e-13
1.24700352e-14
1.45791302e-14
8.49124422e-15
1.08776014e-14
1.18596636e-14
9.98743677e-14
1.02681553e-13
1.04028264e-13
1.04117972e-13
1.0314218e-13
9.95901633e-14
1.44379154e-14
1.04505986e-14
4.01704785e-15
1.21814613e-14
9.99057744e-14
1.03001714e-13
1.04014889e-13
1.03718561e-13
1.02947361e-13
1.00204053e-13
1.2264941e-14
1.42098314e-14
4.13848397e-15
1.22829163e-14
1.19803119e-14
9.98627103e-14
1.01066203e-13
1.02085635e-13
1.02057123e-13
1.00377494e-13
9.93763067e-14
1.23150814e-14
1.18092101e-14
1.11700305e-14
1.16704597e-14
1.22937994e-14
1.01267623e-13
1.01531587e-13
1.02824183e-13
1.04075368e-13
1.03809964e-13
9.90854996e-14
1.16622503e-14
1.13302884e-14
6.93008253e-15
1.44320205e-14
1.00340036e-13
1.03460163e-13
1.03900689e-13
1.02764968e-13
1.01967205e-13
1.01537865e-13
1.26100748e-14
1.55512011e-14
7.3885178e-15
6.71880131e-15
1.47704955e-14
1.20522074e-14
9.90770394e-14
1.00535241e-13
1.02292508e-13
1.02085883e-13
1.00324697e-13
9.90688179e-14
1.22703367e-14
1.18742848e-14
1.16124122e-14
1.16724574e-14
1.24645624e-14
1.00551364e-13
1.01746459e-13
1.02834694e-13
1.04015691e-13
1.03698387e-13
9.9695903e-14
1.16662093e-14
1.15534422e-14
7.17010943e-15
1.48903661e-14
1.00453864e-13
1.03795288e-13
1.03879012e-13
1.02738208e-13
1.0186248e-13
1.01128391e-13
1.26816193e-14
1.54433476e-14
7.33113562e-15
7.10115386e-15
1.49604063e-14
1.21623671e-14
9.88729938e-14
1.00177819e-13
1.02083217e-13
1.01879222e-13
1.00613486e-13
9.95931162e-14
1.25592818e-14
1.48585534e-14
1.14480942e-14
1.12508147e-14
1.22001536e-14
9.93598354e-14
1.02899773e-13
1.03930957e-13
1.04199443e-13
1.03282493e-13
1.00416515e-13
1.45923338e-14
1.13648252e-14
6.83199644e-15
1.47569797e-14
9.98708276e-14
1.0316456e-13
1.04000448e-13
1.03730972e-13
1.02953083e-13
1.00134511e-13
1.24901503e-14
1.50382751e-14
6.74129681e-15
4.17362413e-15
1.45039757e-14
1.22759372e-14
9.93398619e-14
1.00348094e-13
1.01772814e-13
1.02549473e-13
1.02217055e-13
1.03332933e-13
1.24902087e-14
1.51757764e-14
6.84315318e-15
8.85489588e-15
1.48270456e-14
1.04633687e-13
1.04036911e-13
1.05223252e-13
1.05038638e-13
1.03366348e-13
1.0679699e-13
1.51239729e-14
7.13657026e-15
1.23125706e-14
1.05655336e-13
1.04175313e-13
1.05421041e-13
1.05135228e-13
1.04081037e-13
1.05012807e-13
1.21527347e-14
1.43680445e-14
1.10537052e-14
1.21826169e-14
1.04206988e-13
1.01847255e-13
1.02426333e-13
1.03068649e-13
1.01018731e-13
1.0405291e-13
1.21776007e-14
1.14415287e-14
4.32121819e-15
1.39493825e-14
1.2240183e-14
1.10115787e-13
1.09324913e-13
1.0905252e-13
1.08183796e-13
1.44823212e-14
1.15003226e-14
4.50634483e-15
1.45157536e-14
1.10582676e-13
1.09441445e-13
1.0967766e-13
1.0966075e-13
1.28313165e-14
1.40049159e-14
1.070072e-14
5.53685502e-15
1.36590258e-14
1.0616107e-13
1.01545201e-13
1.02507545e-13
1.07467611e-13
1.12040626e-13
1.26157284e-14
1.31875756e-14
4.75014517e-15
5.12231857e-15
1.48195087e-14
1.33156208e-14
1.1517367e-13
1.14487206e-13
1.55096911e-14
1.22697399e-14
3.91038244e-15
7.39400014e-15
1.45960076e-14
1.14057723e-13
1.15964094e-13
1.40865917e-14
1.57053e-14
1.13402359e-14
1.06911075e-14
1.46802656e-14
1.12410991e-13
1.06340172e-13
1.61282735e-14
1.56059061e-14
1.17675613e-14
5.50448755e-15
1.49936085e-14
1.64935943e-14
1.51620085e-14
8.5248357e-15
5.49062618e-15
1.50373829e-14
1.61161893e-14
1.48164296e-14
7.88115451e-15
5.67525249e-15
1.51651588e-14
1.86805638e-14
3.66679965e-15
4.36106839e-15
9.52513792e-15
7.21701841e-15
4.41544528e-15
9.67753916e-15
6.66984376e-15
1.59050954e-14
1.11194986e-14
1.33668292e-14
1.11928363e-13
1.17673123e-13
1.17400859e-13
1.10135169e-13
1.10231763e-14
5.71742582e-15
1.10886109e-13
1.17440085e-13
1.19055455e-13
1.14752922e-13
1.44207497e-14
5.25701256e-15
5.38667634e-15
1.45276291e-14
1.10092928e-13
1.49588261e-14
1.15667156e-14
1.12287833e-14
1.19878364e-14
1.04095927e-13
1.10123055e-13
1.10106926e-13
1.05155765e-13
1.09078802e-13
1.14570428e-14
4.59474677e-15
1.04699961e-14
1.08761872e-13
1.04537565e-13
1.10235868e-13
1.10526697e-13
1.06020708e-13
1.29093705e-14
1.38503452e-14
5.34795197e-15
4.47967717e-15
1.46185849e-14
1.0849187e-13
1.05552158e-13
1.23896743e-14
1.51615991e-14
4.35144582e-15
8.01611994e-15
1.50613327e-14
1.0229364e-13
1.03246173e-13
1.0577684e-13
1.05790296e-13
1.03634459e-13
1.00496755e-13
1.44628843e-14
1.26815722e-14
9.61066168e-15
3.69809661e-15
6.44364046e-15
1.07679318e-14
1.49690771e-14
1.01302272e-13
1.03405504e-13
1.05668231e-13
1.06030417e-13
1.03661728e-13
1.00382676e-13
1.23219743e-14
1.13846048e-14
1.14172776e-14
1.53346123e-14
1.06690549e-13
1.02086295e-13
1.23499352e-14
1.45911362e-14
8.73764246e-15
1.1192378e-14
1.20930492e-14
1.013625e-13
1.03190088e-13
1.04287018e-13
1.03373132e-13
1.02014001e-13
1.00714011e-13
1.00613879e-13
1.54307237e-14
1.26265514e-14
1.08088869e-14
1.02674548e-14
1.17397999e-14
1.37259733e-14
1.00881505e-13
1.00598942e-13
1.02339902e-13
1.03560499e-13
1.04326033e-13
1.03100186e-13
1.00900565e-13
1.25090732e-14
1.49835507e-14
6.86384283e-15
1.40474185e-14
1.24507221e-14
1.0232688e-13
1.03523573e-13
1.04035078e-13
1.20363232e-14
1.13660219e-14
1.16593411e-14
1.20051606e-14
9.88306366e-14
1.02020526e-13
1.03263524e-13
1.02260647e-13
1.00952881e-13
1.01479012e-13
9.82222479e-14
1.46216107e-14
1.38298238e-14
1.21370812e-14
1.18630059e-14
1.2763856e-14
1.48819766e-14
9.89710939e-14
1.01354794e-13
1.01121669e-13
1.02526618e-13
1.03196297e-13
1.01595585e-13
9.87750644e-14
1.23715608e-14
1.48133939e-14
8.39538785e-15
6.86636705e-15
1.51094817e-14
1.0482346e-13
1.04102832e-13
1.03738257e-13
1.04031909e-13
1.21285025e-14
1.1680238e-14
1.29070252e-14
1.21084501e-14
9.91858331e-14
1.02276644e-13
1.03258625e-13
1.02284569e-13
1.00942886e-13
1.0166609e-13
9.84003236e-14
1.16525738e-14
1.29214476e-14
1.22204744e-14
1.2009331e-14
1.26274838e-14
1.46990596e-14
9.8684176e-14
1.01531715e-13
1.01139393e-13
1.02515711e-13
1.03325673e-13
1.01826558e-13
9.85359062e-14
1.21191404e-14
1.47730901e-14
8.62623908e-15
7.28966876e-15
1.53738314e-14
1.03684096e-13
1.03798121e-13
1.0244116e-13
1.21849269e-14
1.18712153e-14
1.08593607e-14
1.14991745e-14
1.23521898e-14
1.01484635e-13
1.03548897e-13
1.04351574e-13
1.035406e-13
1.02100903e-13
1.00553074e-13
1.01152824e-13
1.45705508e-14
1.39484646e-14
1.17601053e-14
1.14888469e-14
1.23045515e-14
1.30254253e-14
1.00350607e-13
1.00697024e-13
1.02120206e-13
1.03485554e-13
1.04365646e-13
1.03005889e-13
1.00887179e-13
1.26397181e-14
1.56975337e-14
7.46938217e-15
4.31849538e-15
1.40350828e-14
1.20836569e-14
1.02525233e-13
1.06641718e-13
1.24953915e-14
1.46215736e-14
7.66831547e-15
1.12792647e-14
1.54725561e-14
1.02330715e-13
1.03671404e-13
1.05985512e-13
1.05545049e-13
1.0352215e-13
1.00822793e-13
1.20023062e-14
1.30345404e-14
1.13831787e-14
9.01929501e-15
6.68226278e-15
9.82595147e-15
1.31235323e-14
1.4414519e-14
1.00584169e-13
1.03929143e-13
1.05543599e-13
1.06081908e-13
1.0358752e-13
1.01197222e-13
1.23630651e-14
1.49708296e-14
4.31604612e-15
1.12513267e-14
1.22793124e-14
1.0732243e-13
1.09564636e-13
1.21339471e-14
1.08332201e-14
4.49271374e-15
1.44281008e-14
1.25083064e-14
1.04576613e-13
1.10604583e-13
1.09635063e-13
1.04990323e-13
1.07988974e-13
1.45237943e-14
1.10921351e-14
4.13720408e-15
6.797377e-15
1.24312168e-14
1.09204909e-13
1.04985266e-13
1.100067e-13
1.10504159e-13
1.05761668e-13
1.27312772e-14
1.50494058e-14
1.10671049e-14
8.06126758e-15
1.48626327e-14
1.0852659e-13
1.33998172e-14
1.43592297e-14
5.4149463e-15
5.20996262e-15
1.37627138e-14
1.13892842e-13
1.1958353e-13
1.16779516e-13
1.10208507e-13
1.44201592e-14
8.01011079e-15
4.19780124e-15
1.20896937e-14
1.08977995e-13
1.17193454e-13
1.19005795e-13
1.1336341e-13
1.25217365e-14
1.35908645e-14
1.13986344e-14
1.48488472e-14
1.38447269e-14
5.16313044e-15
5.74287447e-15
1.54022222e-14
1.64801402e-14
1.52907461e-14
9.13756995e-15
5.20181562e-15
8.54540529e-15
1.56425365e-14
1.63908623e-14
1.49497463e-14
8.2906292e-15
8.81625525e-15
4.62540486e-15
9.56529632e-15
9.14334451e-15
7.21253152e-15
4.21993076e-15
7.30425377e-15
9.53651793e-15
7.37773376e-15
5.32324705e-15
1.13598415e-14
1.55448966e-14
1.07504331e-13
1.09698724e-13
1.13648692e-13
1.13058715e-13
1.163841e-14
1.18871646e-14
1.19747521e-14
1.17904663e-14
1.12551438e-13
1.0960009e-13
1.09459956e-13
1.09780585e-13
1.32289666e-14
1.49983644e-14
8.20595559e-15
1.17517911e-14
1.15103715e-14
1.25505436e-14
1.08023428e-13
1.06137236e-13
1.06751967e-13
1.05661275e-13
1.04367711e-13
1.01405453e-13
9.88476749e-14
9.87258781e-14
1.01210593e-13
1.04965734e-13
1.05013825e-13
1.06560494e-13
1.06855972e-13
1.07980357e-13
1.30783636e-14
1.48875947e-14
8.48702262e-15
4.8548348e-15
1.5323894e-14
4.43974005e-15
1.08969787e-14
1.42756518e-14
1.07468809e-13
1.0361658e-13
1.04425957e-13
1.0419884e-13
1.03908658e-13
1.02642225e-13
1.0082312e-13
1.01185597e-13
1.01475222e-13
1.0104533e-13
1.0297172e-13
1.04141521e-13
1.0434781e-13
1.04611834e-13
1.03087084e-13
1.07391376e-13
1.23760869e-14
1.36939186e-14
4.14820316e-15
1.12941455e-14
1.66096665e-14
1.10748738e-14
1.19839313e-14
1.21614591e-14
1.01903105e-13
1.0246173e-13
1.02833083e-13
1.02730518e-13
1.02742392e-13
1.02835103e-13
1.00864812e-13
9.93708469e-14
9.95404696e-14
1.01139024e-13
1.02552845e-13
1.02783269e-13
1.02839003e-13
1.03214531e-13
1.02495703e-13
1.01773953e-13
1.25247459e-14
1.54892964e-14
7.51689268e-15
4.29965632e-15
1.44762687e-14
1.36369845e-14
1.15192466e-14
3.99670739e-15
1.4176052e-14
1.21912212e-14
1.01129163e-13
1.0280792e-13
1.02244966e-13
1.02492079e-13
1.02053488e-13
1.02428257e-13
1.02145769e-13
1.00786956e-13
1.00835154e-13
1.02414502e-13
1.02207291e-13
1.021578e-13
1.0253296e-13
1.02570861e-13
1.02838976e-13
1.00903189e-13
1.24311787e-14
1.47156255e-14
1.10707595e-14
7.37483076e-15
1.53876626e-14
1.38128949e-14
1.15400008e-14
6.51356714e-15
1.42674484e-14
1.20440188e-14
1.0077184e-13
1.02739236e-13
1.02323824e-13
1.02560467e-13
1.02088847e-13
1.02293594e-13
1.02105164e-13
1.00799317e-13
1.00792138e-13
1.02260514e-13
1.02332785e-13
1.02091019e-13
1.02623981e-13
1.02453235e-13
1.02651326e-13
1.01325978e-13
1.22046917e-14
1.17142594e-14
1.07205736e-14
7.52771204e-15
1.56543345e-14
1.35102431e-14
1.09824206e-14
1.18760334e-14
1.23848104e-14
1.01362938e-13
1.02390428e-13
1.03002219e-13
1.02782551e-13
1.02871933e-13
1.02792468e-13
1.00815189e-13
9.95923637e-14
9.95133021e-14
1.00686209e-13
1.02674563e-13
1.02696971e-13
1.02912891e-13
1.03040779e-13
1.02307716e-13
1.02268663e-13
1.25572068e-14
1.51480117e-14
8.35938278e-15
6.92193106e-15
1.47913866e-14
1.58587587e-14
7.89250073e-15
1.11185068e-14
1.1999233e-14
1.07424394e-13
1.0307276e-13
1.04154684e-13
1.03945386e-13
1.0390628e-13
1.02651259e-13
1.00670592e-13
1.01902021e-13
1.01928664e-13
1.00800105e-13
1.02637873e-13
1.03810022e-13
1.04021697e-13
1.04312061e-13
1.0318072e-13
1.07386468e-13
1.24042187e-14
1.44983083e-14
6.89902671e-15
1.14458366e-14
1.47636229e-14
5.31945026e-15
1.4161604e-14
1.24875786e-14
1.06789163e-13
1.05416956e-13
1.06052838e-13
1.06068907e-13
1.05324116e-13
1.01470765e-13
9.90511517e-14
9.9433067e-14
1.01656653e-13
1.04545722e-13
1.05282319e-13
1.06536282e-13
1.06307023e-13
1.08713721e-13
1.30025293e-14
1.50440526e-14
1.16924049e-14
8.06121765e-15
4.51758436e-15
1.03914574e-14
1.46075599e-14
1.31027246e-14
1.07061943e-13
1.09298777e-13
1.13072498e-13
1.12590442e-13
1.53104347e-14
1.52613144e-14
1.50870069e-14
1.55609917e-14
1.13164613e-13
1.11105808e-13
1.09563734e-13
1.08334198e-13
1.34935036e-14
1.61057769e-14
1.43795434e-14
4.17801674e-15
5.3418627e-15
1.44846382e-14
1.56644672e-14
1.56774814e-14
1.45966745e-14
8.43617518e-15
8.64135954e-15
7.29741468e-15
7.14376928e-15
7.68788137e-15
9.47043511e-15
1.41621928e-14
1.52576599e-14
1.29916372e-14
1.46988104e-14
9.16934168e-15
6.05175305e-15
7.2566391e-15
9.37407844e-15
1.02401562e-14
9.80580382e-15
9.96010792e-15
9.33651268e-15
7.29017837e-15
4.51180495e-15
1.02501807e-14
1.43682793e-14
1.28998073e-14
1.12574448e-13
1.03218077e-13
1.01025741e-13
1.01143805e-13
1.04206669e-13
1.12280796e-13
1.33815854e-14
1.59438261e-14
1.37622064e-14
5.28632036e-15
1.09469215e-14
1.49311344e-14
1.11051894e-13
1.02529979e-13
1.03476944e-13
1.03419168e-13
1.02362252e-13
1.02144687e-13
1.03405132e-13
1.03711114e-13
1.03361622e-13
1.1038514e-13
1.27265803e-14
1.36860016e-14
4.81166088e-15
8.18122016e-15
1.49258886e-14
1.24151546e-14
1.01001229e-13
1.02421382e-13
1.02981072e-13
1.02622643e-13
1.02478039e-13
1.02387263e-13
1.02715261e-13
1.02941654e-13
1.02310126e-13
1.00605448e-13
1.26963643e-14
1.21944003e-14
1.13730497e-14
1.17441259e-14
1.20132558e-14
1.00534396e-13
9.99944726e-14
1.01867147e-13
1.02354215e-13
1.02231846e-13
1.03021878e-13
1.0303294e-13
1.02324717e-13
1.02091342e-13
1.0161983e-13
9.98421748e-14
1.01907651e-13
1.23048237e-14
1.50333383e-14
7.31307239e-15
4.39521284e-15
1.24485367e-14
1.25177894e-14
9.76184126e-14
9.94111891e-14
1.01863103e-13
1.01917787e-13
1.03135479e-13
1.04721905e-13
1.04712672e-13
1.03287033e-13
1.0194254e-13
1.01891245e-13
9.91833409e-14
9.83719988e-14
1.25271369e-14
1.51911683e-14
1.076398e-14
6.57599467e-15
1.36331896e-14
1.25364815e-14
9.77677054e-14
9.93694288e-14
1.01854099e-13
1.01989218e-13
1.03198311e-13
1.04755616e-13
1.04665634e-13
1.03256299e-13
1.01883554e-13
1.01807788e-13
9.94850217e-14
9.80264048e-14
1.26073161e-14
1.48600434e-14
1.10035957e-14
1.22878772e-14
1.21713352e-14
1.01569788e-13
1.00137481e-13
1.01639154e-13
1.02435503e-13
1.02351487e-13
1.03189e-13
1.03074295e-13
1.02207736e-13
1.02188782e-13
1.02060093e-13
1.00462379e-13
1.02029533e-13
1.23235302e-14
1.55163455e-14
7.76432661e-15
1.15510136e-14
1.472705e-14
1.23239576e-14
1.00356898e-13
1.02196608e-13
1.02861023e-13
1.02384155e-13
1.02549473e-13
1.02470168e-13
1.02404425e-13
1.02659972e-13
1.02418742e-13
1.00255192e-13
1.24276591e-14
1.2084657e-14
1.5004918e-14
4.51492742e-15
4.66369003e-15
1.40217792e-14
1.24416654e-14
1.09852518e-13
1.03023061e-13
1.03207681e-13
1.03207226e-13
1.02683226e-13
1.02507294e-13
1.0351692e-13
1.03323133e-13
1.02504347e-13
1.1034523e-13
1.27358533e-14
1.47511981e-14
1.14535872e-14
5.22228852e-15
1.40251816e-14
1.24156701e-14
1.2825576e-14
1.11258257e-13
1.03778428e-13
1.0159482e-13
1.01292529e-13
1.04629391e-13
1.12076328e-13
1.3040658e-14
1.2903673e-14
1.45579661e-14
1.14518242e-14
5.34086454e-15
8.9227444e-15
1.3824446e-14
1.65698217e-14
1.27894996e-14
1.26297163e-14
1.24343465e-14
1.26662202e-14
1.65908587e-14
1.56641438e-14
1.5467604e-14
8.40249475e-15
4.19099746e-15
9.41988967e-15
1.0888714e-14
1.34741746e-14
1.39573934e-14
1.38327241e-14
1.12795388e-14
7.70379626e-15
5.01871801e-15
1.18335671e-14
1.43887442e-14
1.2338354e-14
1.24628593e-14
1.23984103e-14
1.24305245e-14
1.21075278e-14
1.44596055e-14
1.11142609e-14
4.25008165e-15
1.21136438e-14
1.49750675e-14
1.22910092e-14
1.25353889e-14
9.76392651e-14
9.71749412e-14
1.23909731e-14
1.26491434e-14
1.22743116e-14
1.40408446e-14
1.0589213e-14
9.86267549e-15
1.48326972e-14
1.21816406e-14
1.24719289e-14
9.88666043e-14
1.02421371e-13
1.02523321e-13
9.88860226e-14
1.22050431e-14
1.23246484e-14
1.18394424e-14
1.24941481e-14
4.03673376e-15
1.17898492e-14
1.47418775e-14
1.2409353e-14
1.21940064e-14
1.01864845e-13
1.06387779e-13
1.06264333e-13
1.02164108e-13
1.2212774e-14
1.24840662e-14
1.21181945e-14
1.53538598e-14
7.24112742e-15
1.13624495e-14
1.1641068e-14
1.25927309e-14
1.2187953e-14
1.02088974e-13
1.06395267e-13
1.06035582e-13
1.0231184e-13
1.2222245e-14
1.2500098e-14
1.2116443e-14
1.44038915e-14
7.63096e-15
1.11453699e-14
1.46260965e-14
1.21510284e-14
1.23758282e-14
9.90830187e-14
1.02707289e-13
1.02488383e-13
9.90150382e-14
1.21613301e-14
1.25166551e-14
1.21700008e-14
1.27934172e-14
6.61595119e-15
7.04424639e-15
1.50899605e-14
1.20689993e-14
1.2374372e-14
1.21722076e-14
9.73413683e-14
9.7273518e-14
1.22284694e-14
1.22838161e-14
1.24636906e-14
1.44348479e-14
1.17334331e-14
1.11139249e-14
1.50053494e-14
1.21489418e-14
1.2087024e-14
1.24740643e-14
1.24932817e-14
1.25487786e-14
1.22587755e-14
1.47946711e-14
1.1830826e-14
4.71207918e-15
1.07781763e-14
1.41969257e-14
1.45774052e-14
1.21359809e-14
1.21153061e-14
1.47585371e-14
1.43221721e-14
1.17017078e-14
4.5510863e-15
7.9001832e-15
8.71708668e-15
8.71052344e-15
8.57448943e-15
4.56527901e-15
6.27921233e-15
9.63284987e-15
9.95322401e-15
8.98101757e-15
3.83735905e-15
6.26087291e-15
1.11496372e-14
1.21812178e-14
1.23586154e-14
1.18139615e-14
9.75453847e-15
9.53199705e-15
1.21365692e-14
1.27333681e-14
1.27057805e-14
1.25358171e-14
1.14029268e-14
6.18042398e-15
9.74931331e-15
1.23276274e-14
1.27871397e-14
1.28071352e-14
1.26482477e-14
1.16541022e-14
6.47163202e-15
9.03002512e-15
1.18779503e-14
1.26323941e-14
1.26665227e-14
1.24686956e-14
1.08250368e-14
3.96305049e-15
4.11625285e-15
9.78893152e-15
1.14913197e-14
1.16197673e-14
1.09449944e-14
8.33799623e-15
5.92857285e-15
6.45056319e-15
4.02583434e-15
3.94015383e-15
6.22557834e-15
6.61967052e-15
6.59714341e-15
6.55468217e-15
5.95963634e-15
3.90590966e-15
3.82318906e-15
6.25121335e-15
6.72891195e-15
6.68955988e-15
6.59175856e-15
6.2671581e-15
3.9023789e-15
3.88791968e-15
4.25435873e-15
8.37914851e-15
6.16065419e-15
8.96750555e-15
9.68857858e-15
1.09125776e-14
9.49713198e-15
1.00927461e-14
1.14925332e-14
1.17435104e-14
1.02304866e-14
1.00568532e-14
1.18012743e-14
1.17403048e-14
9.48899494e-15
8.83879384e-15
1.13220924e-14
1.0428919e-14
4.06717048e-15
8.68872403e-15
3.82909299e-15
4.11336473e-15
3.96877103e-15
8.92806209e-15
8.63045574e-15
9.35721071e-15
1.04131554e-14
1.12339821e-14
9.99031119e-15
1.01379206e-14
1.17421891e-14
1.17993217e-14
1.00385186e-14
9.61517349e-15
1.16984741e-14
1.14832715e-14
8.84337257e-15
6.2854919e-15
1.09158187e-14
9.80778701e-15
3.94786272e-15
8.37207046e-15
3.81644287e-15
3.6208298e-15
6.42041445e-15
9.70636722e-15
8.88748824e-15
1.07676534e-14
1.12774529e-14
1.19052471e-14
1.17720272e-14
1.23561914e-14
1.22973013e-14
1.2440585e-14
1.24809452e-14
1.25546172e-14
1.241676e-14
1.22999427e-14
1.26022165e-14
1.26416997e-14
1.20873205e-14
1.15587118e-14
1.24344805e-14
1.20941422e-14
1.0325628e-14
8.40010644e-15
1.12299115e-14
9.45480301e-15
3.87108405e-15
6.20703913e-15
3.65913241e-15
5.90876881e-15
8.34480362e-15
1.03373034e-14
9.53136534e-15
1.13444171e-14
1.15697347e-14
1.19887279e-14
1.22030172e-14
1.26758083e-14
1.22465642e-14
1.24161868e-14
1.27874421e-14
1.24978349e-14
1.24580544e-14
1.22278232e-14
1.26775007e-14
1.2551717e-14
1.190356e-14
1.11550442e-14
1.23645768e-14
1.17676715e-14
9.76495653e-15
6.18879328e-15
1.07923528e-14
8.76743518e-15
3.85063998e-15
6.00731465e-15
6.56851077e-15
9.52787645e-15
1.13254855e-14
9.87911798e-15
1.15208607e-14
1.20713019e-14
1.26276495e-14
1.21767994e-14
1.26088031e-14
1.26793316e-14
1.27408228e-14
1.27670334e-14
1.28697054e-14
1.26752847e-14
1.27835069e-14
1.28966741e-14
1.27619009e-14
1.2582168e-14
1.24743564e-14
1.26208797e-14
1.25601761e-14
1.17209882e-14
1.02262478e-14
1.19294196e-14
1.08591816e-14
7.03608349e-15
8.88000871e-15
3.42415627e-15
6.58399067e-15
3.589734e-15
8.70078159e-15
1.0335297e-14
1.1741014e-14
1.08638884e-14
1.19255104e-14
1.24272684e-14
1.24789227e-14
1.24564689e-14
1.26259883e-14
1.26198416e-14
1.284816e-14
1.28498436e-14
1.28445533e-14
1.28744389e-14
1.25646699e-14
1.28222956e-14
1.26646403e-14
1.2457093e-14
1.21999967e-14
1.24319929e-14
1.22440722e-14
1.12947244e-14
9.30218177e-15
1.15720028e-14
9.75587339e-15
6.15570054e-15
6.47266567e-15
6.75112884e-15
6.28047529e-15
9.89863522e-15
1.15802088e-14
9.44700898e-15
1.13435006e-14
1.22511966e-14
1.26908586e-14
1.21918471e-14
1.25226722e-14
1.27223879e-14
1.27246848e-14
1.25383917e-14
1.26956035e-14
1.28641768e-14
1.2832607e-14
1.2738546e-14
1.27938048e-14
1.25883652e-14
1.25262327e-14
1.25345493e-14
1.23919867e-14
1.19424699e-14
1.07736858e-14
1.1753982e-14
1.02378223e-14
8.47709899e-15
3.42987729e-15
6.69782212e-15
3.40180843e-15
8.65394472e-15
6.56095974e-15
1.07868931e-14
1.19141103e-14
1.02163187e-14
1.16850736e-14
1.25100271e-14
1.27064658e-14
1.23600198e-14
1.26903387e-14
1.2726682e-14
1.28062102e-14
1.25086837e-14
1.28753809e-14
1.2853883e-14
1.28730948e-14
1.27889848e-14
1.27525806e-14
1.27122455e-14
1.21706099e-14
1.25535991e-14
1.20668673e-14
1.15764825e-14
9.89645374e-15
1.12934229e-14
9.61809888e-15
6.37863361e-15
6.01279632e-15
3.84861252e-15
8.60119177e-15
1.0798077e-14
5.95238223e-15
9.77028587e-15
1.19142831e-14
1.21462947e-14
1.12052565e-14
1.18378416e-14
1.2635899e-14
1.27558301e-14
1.21968949e-14
1.23678436e-14
1.27059347e-14
1.25125106e-14
1.25515853e-14
1.23943888e-14
1.23877329e-14
1.20904414e-14
1.21584023e-14
1.15143375e-14
1.12852614e-14
9.54018976e-15
1.02309378e-14
8.26245839e-15
6.11762684e-15
3.71323632e-15
6.23723224e-15
3.85646006e-15
9.46922987e-15
1.13067412e-14
8.3367235e-15
1.04189109e-14
1.20622443e-14
1.26185611e-14
1.14440905e-14
1.22032434e-14
1.25192636e-14
1.27068044e-14
1.23352757e-14
1.23564377e-14
1.26654942e-14
1.24933118e-14
1.24102917e-14
1.22128399e-14
1.21926037e-14
1.18351054e-14
1.18857049e-14
1.11879551e-14
1.06720551e-14
9.06600604e-15
9.62377759e-15
5.97013973e-15
3.84282478e-15
3.64003107e-15
8.31158e-15
3.74966452e-15
9.69517366e-15
1.08475622e-14
6.18672831e-15
9.05249366e-15
1.15176845e-14
1.1688098e-14
9.66606355e-15
9.96021481e-15
1.16841453e-14
1.16138657e-14
1.01282713e-14
9.96316182e-15
1.11583987e-14
1.0333789e-14
9.35904115e-15
8.48536238e-15
8.85138768e-15
3.85983616e-15
3.91966033e-15
4.06745255e-15
8.87500709e-15
3.90429027e-15
1.01614586e-14
1.11660327e-14
8.32106353e-15
9.47041985e-15
1.16225084e-14
1.17999208e-14
1.00420835e-14
1.01468989e-14
1.18111774e-14
1.14619711e-14
1.00655328e-14
9.59104278e-15
1.07366739e-14
9.87163664e-15
8.76990247e-15
6.28075822e-15
8.43749776e-15
3.80093582e-15
3.9447714e-15
3.92869784e-15
6.07537158e-15
6.38154025e-15
6.65926968e-15
6.54312972e-15
5.99700904e-15
3.6748289e-15
3.947493e-15
6.2176853e-15
6.52714234e-15
6.6545816e-15
6.64848112e-15
6.0811367e-15
3.82686931e-15
4.63774845e-15
7.06751313e-15
8.39584488e-15
8.95138574e-15
8.92929244e-15
8.76589365e-15
8.59849929e-15
8.76032734e-15
7.88132535e-15
4.64892974e-15
4.68729746e-15
7.87230949e-15
8.7094303e-15
8.57646944e-15
8.80740848e-15
8.63346012e-15
8.82917326e-15
8.38651742e-15
6.97965751e-15
4.38954665e-15
4.41502622e-15
4.61449566e-15
7.97447908e-15
1.16530281e-14
4.20457496e-15
8.38455807e-15
1.2474272e-14
1.18535868e-14
1.53585628e-14
7.17034359e-15
7.66301567e-15
1.17156046e-14
1.16702482e-14
1.52650038e-14
1.49912978e-14
6.43837596e-15
1.00392166e-14
1.04221285e-14
1.4217683e-14
1.37784318e-14
1.51280599e-14
1.2113845e-14
6.1696511e-15
1.07111759e-14
1.0348978e-14
1.38968182e-14
1.35663793e-14
1.20810628e-14
1.19884081e-14
9.89779974e-15
7.50499768e-15
1.38386249e-14
1.19669349e-14
1.46694515e-14
1.51031032e-14
6.77248017e-15
3.99972386e-15
1.17930722e-14
9.05064065e-15
1.46053102e-14
1.42574571e-14
8.18199682e-15
4.37708692e-15
1.15667054e-14
1.09977591e-14
7.06009809e-15
4.13433871e-15
3.94570825e-15
7.11574754e-15
4.3966575e-15
8.15161959e-15
1.10216151e-14
1.17306086e-14
3.88475806e-15
7.07293757e-15
8.8690144e-15
1.16047516e-14
1.42673439e-14
1.46815675e-14
3.85964682e-15
7.73252813e-15
1.01317671e-14
1.13710031e-14
1.40221475e-14
1.46080874e-14
1.49187346e-14
6.53509673e-15
1.0542429e-14
1.06395508e-14
1.35604122e-14
1.38759442e-14
1.20902241e-14
1.2057921e-14
3.88710099e-15
1.02255351e-14
9.9309587e-15
1.36896411e-14
1.40414669e-14
1.20705385e-14
1.50783409e-14
7.73216495e-15
7.07252319e-15
1.18355734e-14
1.14628561e-14
1.53620496e-14
1.51549862e-14
4.25512185e-15
1.16782673e-14
7.9339979e-15
1.56217617e-14
1.2428142e-14
4.47937752e-15
1.17628703e-14
8.1781765e-15
4.5640537e-15
4.61867159e-15
4.77414697e-15
1.09271109e-14
1.12387249e-14
1.24744491e-14
4.24527254e-15
4.52620354e-15
9.61062641e-15
1.1711434e-14
1.49632444e-14
1.41502454e-14
1.44768825e-14
1.02330372e-14
1.16965367e-14
1.27270167e-14
1.45397535e-14
1.5023585e-14
1.21403602e-14
1.2300674e-14
1.25056777e-14
1.24372184e-14
1.54846983e-14
1.23365761e-14
1.23782346e-14
1.24252953e-14
1.25674011e-14
1.29243787e-14
1.51841623e-14
1.54633928e-14
1.23989545e-14
1.2352062e-14
1.25219046e-14
1.25133484e-14
1.30852419e-14
1.55248624e-14
1.53442426e-14
1.24130961e-14
1.23491562e-14
1.25116175e-14
1.2447447e-14
1.25222852e-14
1.4769754e-14
1.48789908e-14
1.22904264e-14
1.23337537e-14
1.23507636e-14
1.23166344e-14
9.54109022e-15
1.22014018e-14
1.19710705e-14
1.21828495e-14
1.47033932e-14
1.21360903e-14
1.22335576e-14
1.03084992e-14
4.40589205e-15
1.46021159e-14
1.22246414e-14
1.53109433e-14
1.50282434e-14
1.16553427e-14
9.14716365e-15
1.31308834e-14
1.17456363e-14
4.18518167e-15
6.97469048e-15
4.08766106e-15
6.88480574e-15
9.34090021e-15
1.19110076e-14
1.17986084e-14
1.31522039e-14
4.15386255e-15
4.53128281e-15
9.97132446e-15
1.27584921e-14
1.475116e-14
1.53155872e-14
1.50858808e-14
1.12888481e-14
1.22880059e-14
1.25973417e-14
1.44208251e-14
1.20912395e-14
1.22464414e-14
1.22021717e-14
1.2557978e-14
1.51217035e-14
1.51975104e-14
1.22770782e-14
1.23268457e-14
1.23602269e-14
1.24524622e-14
1.32043981e-14
1.53657492e-14
1.55059479e-14
1.21916589e-14
1.2381735e-14
1.24496615e-14
1.24951408e-14
1.25706081e-14
1.55174005e-14
1.4963677e-14
1.24714236e-14
1.24360583e-14
1.25219902e-14
1.24452926e-14
1.17324021e-14
1.50593236e-14
1.26453222e-14
1.24305639e-14
1.23287566e-14
1.24286998e-14
1.2434758e-14
6.63979958e-15
1.26931522e-14
1.15693538e-14
1.50033469e-14
1.44861443e-14
1.22826102e-14
1.20511991e-14
9.22691673e-15
3.98311082e-15
1.41576681e-14
1.18789892e-14
1.43250709e-14
1.42004018e-14
1.12538944e-14
4.75243178e-15
1.27726646e-14
1.11269177e-14
4.65174023e-15
4.16247773e-15
9.59361027e-15
6.88256053e-15
1.13193916e-14
4.14537314e-15
6.6848487e-15
1.24970569e-14
1.54611239e-14
1.22732902e-14
1.46187152e-14
1.18852982e-14
1.09177625e-14
1.25671885e-14
1.44742527e-14
1.19757259e-14
1.2052931e-14
1.19762561e-14
1.47966594e-14
1.50915911e-14
1.4204742e-14
1.21156377e-14
1.22609463e-14
1.22491167e-14
1.22641625e-14
1.47379732e-14
1.17296352e-14
1.20301549e-14
1.23678868e-14
1.2400983e-14
1.21640257e-14
1.21698761e-14
1.47684923e-14
1.21182593e-14
1.19997731e-14
1.22353972e-14
1.24222827e-14
1.21958446e-14
1.22678523e-14
1.26387558e-14
1.43442837e-14
1.39942266e-14
1.23799782e-14
1.22532744e-14
1.2348215e-14
1.22181673e-14
9.79814069e-15
1.28859713e-14
1.22433122e-14
1.24095087e-14
1.48253015e-14
1.22951845e-14
1.21174937e-14
8.99312249e-15
3.87132777e-15
1.51893056e-14
1.32620262e-14
1.44244401e-14
1.57353817e-14
1.1655579e-14
4.67917077e-15
1.28568083e-14
9.73687345e-15
4.16714211e-15
3.94121091e-15
4.72097363e-15
1.12794928e-14
9.4709485e-15
1.26211788e-14
4.18920267e-15
4.04145616e-15
9.46106538e-15
1.2017958e-14
1.41707791e-14
1.54542535e-14
1.47968628e-14
1.24085325e-14
1.21385225e-14
1.28992022e-14
1.49241735e-14
1.23272645e-14
1.22354559e-14
1.2314155e-14
1.45411944e-14
1.426456e-14
1.47118104e-14
1.21978387e-14
1.23316702e-14
1.22650759e-14
1.2383062e-14
1.1800928e-14
1.19976854e-14
1.20881831e-14
1.23636347e-14
1.22495984e-14
1.22551455e-14
1.21805473e-14
1.45847544e-14
1.20090434e-14
1.17144596e-14
1.23601957e-14
1.24311451e-14
1.21486869e-14
1.21436076e-14
1.29213886e-14
1.39679518e-14
1.50126379e-14
1.23942076e-14
1.22073964e-14
1.21776384e-14
1.22635998e-14
9.12026136e-15
1.31151029e-14
1.0758573e-14
1.19905219e-14
1.43332548e-14
1.21674718e-14
1.19944748e-14
6.6216638e-15
1.56197787e-14
1.24817013e-14
1.46111126e-14
1.22294485e-14
9.58919342e-15
3.97567626e-15
1.14931699e-14
6.81370946e-15
3.9293227e-15
7.66997341e-15
1.24321386e-14
1.01864434e-14
1.28169293e-14
9.74389783e-15
6.32414929e-15
1.04128747e-14
1.49258422e-14
1.48653587e-14
1.48654307e-14
1.2013449e-14
1.23882324e-14
1.32730557e-14
1.49624314e-14
1.22219448e-14
1.22036562e-14
1.21946337e-14
1.22599187e-14
1.17901484e-14
1.4538098e-14
1.18959758e-14
1.23676143e-14
1.21887721e-14
1.22405671e-14
1.21158908e-14
1.41413636e-14
1.20140634e-14
1.16798802e-14
1.21978715e-14
1.22388924e-14
1.21559949e-14
1.21841602e-14
1.32314256e-14
1.51120247e-14
1.31861502e-14
1.24447089e-14
1.2171706e-14
1.24237361e-14
1.23135007e-14
6.24048762e-15
1.16108497e-14
9.28501023e-15
1.19044543e-14
1.42789269e-14
1.20231273e-14
1.45976189e-14
3.82151218e-15
1.28554776e-14
1.1174095e-14
1.55208552e-14
1.22060701e-14
6.78582394e-15
7.76775502e-15
6.49595268e-15
7.51228662e-15
4.01209919e-15
1.10414257e-14
1.2581075e-14
1.19104172e-14
1.51897415e-14
1.0632902e-14
9.52261363e-15
1.1792879e-14
1.45509777e-14
1.21144146e-14
1.47576953e-14
1.21893395e-14
1.5144172e-14
1.3348698e-14
1.48451529e-14
1.2375139e-14
1.23676763e-14
1.2428334e-14
1.23291784e-14
1.18924292e-14
1.16495836e-14
1.20604995e-14
1.22225948e-14
1.22094051e-14
1.21266267e-14
1.21556138e-14
1.42329368e-14
1.18574669e-14
1.42780382e-14
1.21278052e-14
1.23424039e-14
1.20953637e-14
1.22613083e-14
1.24096323e-14
1.55556246e-14
1.31019435e-14
1.2435359e-14
1.21584664e-14
1.25074363e-14
1.22176193e-14
3.85422699e-15
1.04518722e-14
6.2000801e-15
1.50213863e-14
1.45513406e-14
1.2055912e-14
1.47528792e-14
1.26952397e-14
7.43308165e-15
1.29098975e-14
1.02431558e-14
4.1256584e-15
6.20090327e-15
6.67692982e-15
1.02840605e-14
1.34179492e-14
1.06329314e-14
1.35455899e-14
1.07660676e-14
6.79534983e-15
1.08142736e-14
1.56437226e-14
1.21165732e-14
1.55534732e-14
1.2124429e-14
1.49636738e-14
1.28464519e-14
1.5343159e-14
1.21982069e-14
1.23219875e-14
1.2245814e-14
1.23981628e-14
1.20217566e-14
1.17278121e-14
1.2131759e-14
1.21346668e-14
1.21247357e-14
1.21412166e-14
1.21503091e-14
1.23712333e-14
1.4747772e-14
1.40130349e-14
1.25079288e-14
1.22526545e-14
1.23898507e-14
1.20766972e-14
1.00152264e-14
1.31671655e-14
1.04606408e-14
1.2083297e-14
1.17689013e-14
1.20892379e-14
1.18092609e-14
6.6782011e-15
1.47305268e-14
1.2431897e-14
1.52115365e-14
1.25439548e-14
7.90063764e-15
9.44427275e-15
3.49474165e-15
7.9734038e-15
3.49969289e-15
9.59600906e-15
6.28430522e-15
6.79080721e-15
1.18865545e-14
1.49445048e-14
1.23961965e-14
1.51165069e-14
1.30481844e-14
1.06283087e-14
1.31059115e-14
1.19344351e-14
1.21908347e-14
1.18704416e-14
1.21101937e-14
1.45014322e-14
1.49868297e-14
1.45658752e-14
1.23602469e-14
1.23578266e-14
1.23004893e-14
1.23111003e-14
1.15839392e-14
1.21176219e-14
1.16270676e-14
1.21079687e-14
1.21267596e-14
1.21338316e-14
1.21044588e-14
1.31237277e-14
1.51994294e-14
1.32340518e-14
1.24084632e-14
1.23689747e-14
1.23840702e-14
1.2430431e-14
6.95787114e-15
1.09146534e-14
7.09447735e-15
1.21744711e-14
1.57102279e-14
1.23078842e-14
1.59753781e-14
1.30084423e-14
1.02853516e-14
1.31796177e-14
1.04623603e-14
6.47035774e-15
6.77913951e-15
6.72329736e-15
6.33450621e-15
1.06527187e-14
1.36860371e-14
1.03538561e-14
1.31281111e-14
1.07397673e-14
6.74828238e-15
1.05240625e-14
1.56905857e-14
1.2108607e-14
1.54850885e-14
1.20043707e-14
1.55151358e-14
1.2963299e-14
1.48618076e-14
1.22785693e-14
1.24450295e-14
1.22532161e-14
1.23313085e-14
1.21537554e-14
1.15696249e-14
1.20106814e-14
1.21512603e-14
1.21565204e-14
1.2104603e-14
1.21088427e-14
1.46820535e-14
1.49111686e-14
1.2865823e-14
1.23305829e-14
1.22291664e-14
1.2525626e-14
1.24255761e-14
1.04213619e-14
1.29244344e-14
9.99708442e-15
1.20790072e-14
1.17850142e-14
1.21540297e-14
1.18294818e-14
6.45747842e-15
1.50252302e-14
1.22918192e-14
1.49181806e-14
1.19823444e-14
9.47103147e-15
3.50203607e-15
7.67161587e-15
3.55790751e-15
9.63472361e-15
7.43307685e-15
6.80560466e-15
6.33722908e-15
1.25428648e-14
1.50014637e-14
1.17484956e-14
1.46480621e-14
1.32653271e-14
1.00389116e-14
1.28892119e-14
1.17881469e-14
1.21269867e-14
1.17174166e-14
1.2116825e-14
1.44196919e-14
1.28529291e-14
1.44034527e-14
1.22764827e-14
1.2271768e-14
1.24368949e-14
1.23836746e-14
1.16541426e-14
1.20041037e-14
1.1651705e-14
1.21377871e-14
1.21047819e-14
1.21151034e-14
1.21344533e-14
1.32697814e-14
1.46510169e-14
1.32387071e-14
1.23393828e-14
1.2431459e-14
1.23058757e-14
1.2400822e-14
7.11897189e-15
1.06316806e-14
6.88870457e-15
1.22775134e-14
1.59488387e-14
1.21245686e-14
1.56394683e-14
1.31400259e-14
1.06354069e-14
1.30709399e-14
1.03343611e-14
6.68257578e-15
6.40699429e-15
4.01204316e-15
1.01707038e-14
1.25485766e-14
7.56602422e-15
1.24118868e-14
1.02092669e-14
3.72924734e-15
9.4781053e-15
1.51638899e-14
1.19542841e-14
1.52874167e-14
1.4591757e-14
1.52146674e-14
1.2509547e-14
1.3133494e-14
1.22529712e-14
1.2392397e-14
1.21326572e-14
1.24999963e-14
1.18431145e-14
1.41738723e-14
1.16678457e-14
1.21728266e-14
1.20634862e-14
1.22387688e-14
1.20860335e-14
1.1737241e-14
1.17860608e-14
1.42113137e-14
1.21579385e-14
1.22169071e-14
1.21802305e-14
1.22927524e-14
1.33220353e-14
1.55388055e-14
1.34565322e-14
1.25153081e-14
1.24525615e-14
1.25090688e-14
1.23318857e-14
9.47272988e-15
1.05758332e-14
6.81683364e-15
1.21719795e-14
1.48145267e-14
1.2000395e-14
1.4286397e-14
1.49807495e-14
1.18315802e-14
1.23457846e-14
1.12871165e-14
7.32342059e-15
6.77835571e-15
7.22715972e-15
6.77712593e-15
3.82596603e-15
1.20156325e-14
1.49073441e-14
1.13922249e-14
1.23221961e-14
1.17911255e-14
6.85612991e-15
1.08210771e-14
1.44228562e-14
1.21251424e-14
1.43735407e-14
1.20622065e-14
1.52506325e-14
1.31214206e-14
1.5356991e-14
1.2555147e-14
1.2471554e-14
1.22114633e-14
1.24390035e-14
1.20191449e-14
1.38771292e-14
1.17608945e-14
1.21763768e-14
1.21512696e-14
1.22645384e-14
1.21907067e-14
1.46423787e-14
1.1601224e-14
1.39543943e-14
1.2095584e-14
1.23009089e-14
1.20694296e-14
1.21902927e-14
1.36268497e-14
1.23056365e-14
1.27196715e-14
1.23660587e-14
1.23567477e-14
1.2246325e-14
1.22469551e-14
6.20323045e-15
9.79201295e-15
3.88846973e-15
1.20087352e-14
1.49556426e-14
1.49421384e-14
1.49374622e-14
1.28391676e-14
1.01205988e-14
1.25047817e-14
7.6905721e-15
4.06991833e-15
6.77573485e-15
1.13297838e-14
4.15839147e-15
9.58342879e-15
6.60448627e-15
3.8788918e-15
1.26816731e-14
1.46027298e-14
1.24859238e-14
1.47477781e-14
1.36493126e-14
9.40333922e-15
1.21976626e-14
1.21045201e-14
1.2342601e-14
1.46689197e-14
1.21413742e-14
1.41150452e-14
1.24401226e-14
1.46743558e-14
1.21278289e-14
1.21478448e-14
1.20695485e-14
1.22189565e-14
1.20365253e-14
1.45660738e-14
1.48697561e-14
1.21364954e-14
1.21735226e-14
1.24106586e-14
1.24325838e-14
1.17832306e-14
1.16614991e-14
1.41121384e-14
1.21100063e-14
1.21610381e-14
1.21763046e-14
1.22782192e-14
1.447463e-14
1.4452715e-14
1.29904942e-14
1.23038412e-14
1.23683266e-14
1.23949325e-14
1.2421056e-14
1.22169371e-14
1.24502906e-14
1.00043041e-14
1.24574552e-14
1.23122404e-14
1.2475657e-14
1.52610396e-14
4.2548746e-15
4.38943034e-15
1.46274088e-14
1.47726824e-14
1.48149871e-14
1.20892557e-14
1.30412644e-14
1.01020557e-14
1.15066382e-14
4.86206925e-15
4.12061057e-15
4.04029286e-15
9.61418132e-15
1.25249077e-14
4.51688704e-15
1.13748419e-14
9.46112927e-15
4.22415484e-15
1.48470496e-14
1.47224048e-14
1.27447594e-14
1.5255871e-14
1.29880797e-14
9.77649661e-15
1.21098519e-14
1.21273755e-14
1.23245741e-14
1.48326558e-14
1.21809571e-14
1.44226578e-14
1.30673984e-14
1.45157537e-14
1.24416486e-14
1.23586076e-14
1.23563921e-14
1.2388092e-14
1.20142007e-14
1.42161981e-14
1.17539178e-14
1.21843109e-14
1.21363128e-14
1.22974162e-14
1.22108011e-14
1.17532575e-14
1.44701169e-14
1.46165808e-14
1.21178895e-14
1.2147951e-14
1.23452547e-14
1.24516731e-14
1.46337845e-14
1.53981298e-14
1.26773463e-14
1.21832968e-14
1.21151043e-14
1.24158388e-14
1.21034766e-14
1.09020374e-14
1.20791465e-14
9.30207648e-15
1.22355637e-14
1.213555e-14
1.21195361e-14
1.4719603e-14
4.00696706e-15
1.46334098e-14
1.24598397e-14
1.49366797e-14
1.239415e-14
1.13806509e-14
7.12281695e-15
9.56687576e-15
4.05435726e-15
4.46148818e-15
1.13815317e-14
1.20879834e-14
4.92422765e-15
1.11637236e-14
9.39367112e-15
4.05051685e-15
1.44886911e-14
1.44367698e-14
1.20307788e-14
1.478125e-14
1.29588669e-14
6.88636997e-15
1.02522603e-14
1.21382538e-14
1.23998413e-14
1.43685325e-14
1.52126929e-14
1.52138462e-14
1.17157032e-14
1.27043277e-14
1.24745269e-14
1.25294778e-14
1.23958856e-14
1.25725007e-14
1.52094972e-14
1.28081576e-14
1.36614161e-14
1.24845916e-14
1.24806226e-14
1.25261182e-14
1.25594372e-14
1.5424322e-14
1.38564702e-14
1.32157055e-14
1.25600559e-14
1.25019431e-14
1.25908715e-14
1.24701419e-14
1.5075034e-14
1.28107831e-14
1.26198157e-14
1.24003685e-14
1.24258167e-14
1.24553935e-14
1.24217017e-14
1.24901806e-14
1.14280599e-14
9.45362973e-15
1.24251517e-14
1.24718786e-14
1.22867445e-14
1.47801111e-14
4.66816753e-15
4.20416587e-15
1.51338324e-14
1.59733133e-14
1.4059109e-14
1.26521129e-14
1.31701159e-14
1.18478174e-14
1.1537617e-14
9.09119134e-15
6.98210465e-15
4.10382455e-15
7.03193208e-15
3.96441222e-15
1.18723241e-14
1.34353642e-14
9.33647265e-15
1.16524929e-14
9.93499758e-15
4.30437792e-15
1.53104075e-14
1.47646777e-14
1.28769117e-14
1.49825286e-14
1.30500812e-14
9.3223939e-15
1.13010684e-14
1.22261258e-14
1.23699552e-14
1.45363927e-14
1.21308794e-14
1.51134968e-14
1.21547329e-14
1.22160534e-14
1.25182754e-14
1.24510576e-14
1.21983565e-14
1.2200467e-14
1.55748067e-14
1.31396757e-14
1.33159194e-14
1.24843117e-14
1.25469072e-14
1.23733648e-14
1.24570514e-14
1.50227189e-14
1.32144925e-14
1.29278305e-14
1.25825422e-14
1.25282782e-14
1.25063355e-14
1.26102476e-14
1.28186287e-14
1.26544678e-14
1.17433472e-14
1.25988826e-14
1.25316699e-14
1.24712228e-14
1.24484197e-14
1.15058637e-14
1.03613624e-14
6.64984113e-15
1.23317005e-14
1.18687421e-14
1.52831604e-14
1.35631445e-14
4.25235807e-15
4.09167574e-15
1.43437249e-14
1.46912283e-14
1.4206662e-14
1.19117981e-14
1.21281131e-14
1.09555474e-14
1.11619562e-14
4.87834521e-15
4.5122642e-15
4.5479369e-15
7.75210329e-15
1.1230633e-14
4.49451658e-15
4.24060679e-15
1.13272245e-14
1.48334256e-14
8.50268038e-15
1.19509757e-14
7.79990688e-15
1.51183225e-14
1.56179323e-14
1.14275389e-14
1.20582426e-14
1.01306879e-14
3.84832556e-15
6.19109333e-15
1.51235718e-14
1.20320586e-14
1.414705e-14
1.37127861e-14
1.04536947e-14
6.56695962e-15
6.18672695e-15
1.19989373e-14
1.21240735e-14
1.38323236e-14
1.37166005e-14
7.59474952e-15
3.77979112e-15
1.49807698e-14
1.49826123e-14
1.40132726e-14
1.1400731e-14
4.00827552e-15
1.48285876e-14
1.4335827e-14
1.15830903e-14
9.25375631e-15
1.13054697e-14
1.12205779e-14
8.03470911e-15
4.35890457e-15
7.10413506e-15
3.93221492e-15
4.1774752e-15
6.65602103e-15
1.10678058e-14
1.18070808e-14
4.36843992e-15
8.12750363e-15
6.84528708e-15
1.44263136e-14
1.47323827e-14
9.28533526e-15
1.18667131e-14
9.94376925e-15
3.78745637e-15
1.4860233e-14
1.47791292e-14
1.17754194e-14
1.42246689e-14
1.0636433e-14
6.23057647e-15
6.66900535e-15
1.20682792e-14
1.21050878e-14
1.37414739e-14
1.39223257e-14
1.04484425e-14
6.25178596e-15
3.99563578e-15
1.22406646e-14
1.54372973e-14
1.38742879e-14
1.4139426e-14
7.18753231e-15
1.48083715e-14
1.55186924e-14
1.12572739e-14
1.17311604e-14
1.53274162e-14
1.14648251e-14
1.17186785e-14
8.22316969e-15
1.11799889e-14
7.89025583e-15
4.37250607e-15
4.37171136e-15
4.55098477e-15
7.11629626e-15
8.478879e-15
8.91557218e-15
8.73761366e-15
8.74018307e-15
8.84512852e-15
8.91555401e-15
7.86371485e-15
4.5905938e-15
4.56796216e-15
7.71233471e-15
8.77216564e-15
8.66660821e-15
8.71389304e-15
8.84034265e-15
8.83238109e-15
8.33393357e-15
7.21996291e-15
4.36074021e-15
5.64141647e-15
4.38754754e-15
4.06971167e-15
8.38552155e-15
1.3966986e-14
7.9089381e-15
9.39001396e-15
6.55293542e-15
7.24916752e-15
1.39634319e-14
1.56133314e-14
4.00201818e-15
8.87274457e-15
1.42042538e-14
7.39262577e-15
9.69019994e-15
1.55978497e-14
1.61612096e-14
7.17555748e-15
1.35251107e-14
1.447171e-14
9.60573976e-15
1.02183327e-14
1.28351091e-14
1.27136118e-14
7.26034514e-15
1.48550645e-14
1.50192661e-14
1.03406824e-14
9.86360378e-15
1.2647551e-14
1.24260504e-14
7.67776887e-15
1.50426235e-14
1.50880756e-14
9.94931772e-15
9.94031874e-15
1.24071847e-14
1.24493951e-14
6.62930569e-15
1.47305117e-14
1.41240654e-14
1.00198676e-14
9.9182999e-15
1.25737021e-14
1.29478497e-14
1.46934591e-14
9.93913757e-15
1.0031538e-14
7.71705734e-15
1.64298488e-14
1.6825402e-14
9.74964492e-15
8.58796628e-15
6.97282593e-15
7.01287673e-15
1.65635678e-14
1.51549996e-14
5.27300275e-15
4.73110929e-15
1.51688455e-14
9.22041648e-15
9.02321759e-15
5.39501767e-15
5.0859219e-15
8.43798153e-15
5.2554225e-15
4.63534078e-15
9.26894461e-15
1.55393348e-14
8.47045674e-15
9.42321305e-15
6.93937596e-15
7.30204187e-15
1.50819411e-14
1.66743237e-14
3.95171658e-15
9.30502895e-15
1.43866204e-14
7.96992377e-15
9.74609643e-15
1.65471864e-14
1.60816181e-14
7.19162114e-15
1.36852944e-14
1.45452449e-14
9.27621595e-15
9.54615518e-15
1.27038997e-14
1.24619765e-14
7.53477386e-15
1.47950683e-14
1.50519844e-14
9.87313159e-15
9.91837489e-15
1.24164278e-14
1.2419125e-14
7.38938605e-15
1.51917085e-14
1.49102804e-14
9.91177744e-15
1.01920274e-14
1.2462225e-14
1.26032179e-14
6.53990364e-15
1.44948272e-14
1.37191768e-14
1.01949256e-14
9.70656732e-15
1.27322263e-14
1.28907822e-14
1.41191075e-14
9.36945854e-15
1.0045024e-14
7.77171274e-15
1.62798655e-14
1.6234712e-14
9.34230761e-15
7.5669733e-15
7.29566098e-15
6.52732601e-15
1.58960618e-14
1.40637479e-14
4.19946396e-15
4.02032864e-15
1.4298457e-14
8.97082849e-15
5.59725647e-15
5.15685117e-15
5.06654202e-15
1.05261649e-14
4.4815976e-15
8.29059395e-15
8.58062494e-15
1.14048106e-14
1.39956223e-14
1.47846779e-14
1.13653505e-14
1.20963342e-14
1.48039821e-14
1.42174572e-14
1.51221826e-14
1.57713952e-14
1.29088676e-14
1.49904819e-14
1.49302304e-14
1.56254482e-14
1.27806685e-14
1.32618027e-14
1.29502682e-14
1.32499911e-14
1.45101093e-14
1.27324731e-14
1.49898592e-14
1.40128981e-14
1.35272382e-14
1.33844681e-14
1.30485693e-14
8.63748426e-15
1.45541855e-14
1.39149556e-14
1.62157217e-14
1.5221706e-14
1.30659314e-14
1.27883808e-14
1.09124083e-14
5.18821533e-15
1.45875424e-14
1.20385644e-14
1.52707389e-14
1.50371788e-14
8.30690796e-15
4.35349665e-15
1.2225383e-14
9.97802789e-15
4.2932455e-15
4.39623969e-15
4.39328097e-15
7.96699161e-15
1.01062245e-14
1.19346229e-14
4.98380844e-15
4.9133786e-15
1.06451518e-14
1.1521061e-14
1.46034348e-14
1.46824135e-14
1.51003251e-14
1.15594929e-14
1.36470148e-14
1.43479395e-14
1.48676633e-14
1.62668586e-14
1.26016901e-14
1.30302385e-14
1.53116758e-14
1.50806594e-14
1.27141194e-14
1.35084567e-14
1.40552663e-14
1.30926969e-14
1.3406789e-14
1.13132746e-14
1.55492622e-14
1.49464941e-14
1.33636925e-14
1.27868329e-14
1.32312483e-14
1.29894043e-14
5.23936894e-15
1.48866637e-14
1.19220181e-14
1.51498791e-14
1.49542231e-14
1.29707004e-14
1.57364812e-14
8.13840297e-15
4.49344801e-15
1.17804624e-14
8.87115794e-15
1.4445135e-14
1.41546091e-14
5.44310808e-15
1.0956889e-14
5.16161974e-15
4.37879849e-15
4.25011959e-15
1.03611425e-14
4.29248802e-15
7.60283068e-15
1.10633178e-14
1.41072146e-14
1.16250712e-14
1.40167957e-14
1.18842005e-14
1.15907224e-14
1.43773224e-14
1.45240799e-14
1.24704094e-14
1.21206437e-14
1.23541055e-14
1.10224795e-14
1.41452101e-14
1.18128293e-14
1.24733343e-14
1.4988094e-14
1.24601929e-14
1.23805666e-14
1.10202238e-14
4.62648972e-15
1.48639038e-14
1.17648369e-14
1.51412877e-14
1.47478335e-14
8.27609135e-15
1.15212712e-14
4.95959102e-15
7.77632827e-15
5.13413069e-15
1.1815113e-14
4.61582494e-15
4.4933936e-15
1.12927737e-14
1.10965517e-14
1.44552397e-14
1.41242873e-14
1.52717045e-14
1.43320111e-14
1.22919692e-14
1.43587011e-14
1.49885609e-14
1.25976271e-14
1.26347506e-14
1.25611503e-14
1.03615543e-14
1.48477802e-14
1.16608707e-14
1.24024979e-14
1.45975213e-14
1.25564041e-14
1.22955317e-14
7.99852773e-15
1.45587601e-14
1.13472709e-14
1.47169811e-14
1.1735839e-14
4.68547474e-15
1.0449467e-14
3.98009611e-15
4.26285069e-15
7.29235929e-15
1.21713018e-14
1.10981053e-14
1.23315405e-14
1.16408279e-14
7.30452986e-15
1.17786958e-14
1.62383799e-14
1.54029261e-14
1.50886494e-14
1.24014922e-14
1.43207431e-14
1.49717887e-14
1.20028343e-14
1.23105251e-14
1.23484289e-14
1.2401653e-14
1.23499411e-14
1.05148521e-14
1.51102698e-14
1.19541585e-14
1.24389767e-14
1.46781185e-14
1.23682095e-14
1.21815151e-14
6.96810305e-15
1.39345918e-14
1.10609343e-14
1.47162559e-14
1.11128959e-14
4.58474157e-15
7.57810489e-15
4.39419726e-15
7.4290241e-15
3.91881447e-15
6.7032157e-15
1.07210474e-14
1.41551049e-14
1.18713442e-14
1.46770407e-14
1.22515611e-14
1.1507022e-14
1.46749309e-14
1.4132787e-14
1.2342097e-14
1.19395911e-14
1.21792319e-14
1.43011991e-14
1.20444297e-14
1.47747805e-14
1.2468607e-14
1.22921257e-14
1.24053528e-14
1.23890851e-14
4.4160283e-15
1.20728679e-14
7.09738897e-15
1.51794585e-14
1.55188332e-14
1.24586412e-14
1.5011472e-14
1.20680305e-14
7.23701793e-15
1.26685467e-14
1.11073403e-14
4.12040994e-15
6.81597074e-15
7.13909799e-15
4.15076836e-15
6.60580617e-15
1.1398812e-14
1.52228987e-14
1.17842798e-14
1.48168752e-14
1.20587842e-14
1.15367823e-14
1.47877308e-14
1.49340016e-14
1.22583416e-14
1.20104178e-14
1.21955956e-14
1.23012324e-14
1.58194253e-14
1.24156447e-14
1.24161893e-14
1.22737176e-14
1.26074631e-14
1.2160208e-14
9.98792576e-15
4.05242444e-15
1.48909156e-14
1.18058578e-14
1.45790528e-14
1.47588496e-14
8.551175e-15
1.14682819e-14
4.2920621e-15
8.76926169e-15
4.06301151e-15
1.12969482e-14
7.72693457e-15
4.080206e-15
1.03217921e-14
1.17216149e-14
1.48529102e-14
1.37544423e-14
1.4791194e-14
1.48274858e-14
1.25281095e-14
1.50852564e-14
1.2268793e-14
1.23263457e-14
1.22837267e-14
1.24322346e-14
1.07363661e-14
1.47275031e-14
1.14990709e-14
1.22867908e-14
1.49329395e-14
1.22005418e-14
1.19768304e-14
6.82181857e-15
1.50728026e-14
1.14693755e-14
1.48697778e-14
1.15913594e-14
6.80524032e-15
7.22702923e-15
7.35431742e-15
7.54258766e-15
7.05631801e-15
7.08715122e-15
1.22503458e-14
1.51679686e-14
1.25205769e-14
1.53133574e-14
1.46442372e-14
1.16413946e-14
1.50964054e-14
1.20608622e-14
1.2204721e-14
1.20830587e-14
1.22642618e-14
1.23013785e-14
1.4903661e-14
1.43640948e-14
1.27015148e-14
1.21364314e-14
1.24356423e-14
1.20423281e-14
6.68549519e-15
1.14019836e-14
7.05601105e-15
1.17970389e-14
1.4660547e-14
1.175777e-14
1.48632373e-14
1.12174019e-14
6.88039344e-15
1.16649432e-14
7.29822117e-15
6.58381589e-15
1.10782415e-14
7.15039498e-15
1.15663899e-14
1.10359165e-14
7.09802633e-15
1.13211069e-14
1.42338459e-14
1.18427763e-14
1.49002577e-14
1.17542707e-14
1.53013719e-14
1.44949292e-14
1.49282887e-14
1.22719241e-14
1.26412095e-14
1.20789534e-14
1.24521768e-14
1.12323112e-14
1.50775048e-14
1.15324085e-14
1.22183771e-14
1.19973565e-14
1.22887579e-14
1.2151609e-14
7.45356873e-15
1.5324144e-14
1.19019216e-14
1.55945079e-14
1.17278728e-14
7.3959709e-15
7.43884554e-15
7.4676706e-15
7.40729625e-15
7.13846085e-15
7.36976083e-15
1.23989903e-14
1.53411436e-14
1.18413974e-14
1.5550997e-14
1.50601377e-14
1.13823677e-14
1.47071062e-14
1.20559199e-14
1.22550141e-14
1.20609264e-14
1.2222227e-14
1.44673876e-14
1.5359258e-14
1.30953867e-14
1.23793502e-14
1.20970457e-14
1.26468251e-14
1.24406088e-14
7.04999824e-15
1.08689173e-14
6.54497755e-15
1.1758417e-14
1.49001144e-14
1.18284062e-14
1.43916908e-14
1.17286901e-14
7.27747478e-15
1.12344622e-14
6.79614538e-15
7.1612904e-15
1.13846176e-14
6.63945089e-15
1.10038641e-14
1.14888793e-14
6.54577848e-15
1.13035904e-14
1.49607239e-14
1.18395377e-14
1.43558725e-14
1.19643589e-14
1.49496923e-14
1.24827993e-14
1.46532163e-14
1.21291127e-14
1.24833408e-14
1.22896396e-14
1.24764218e-14
1.18597259e-14
1.46546636e-14
1.181707e-14
1.23135172e-14
1.22670831e-14
1.22707981e-14
1.22429252e-14
7.19411767e-15
1.56028364e-14
1.18181213e-14
1.53548525e-14
1.20845438e-14
7.08632586e-15
7.46366328e-15
7.15303013e-15
6.70282986e-15
6.76012653e-15
4.07584722e-15
1.13965732e-14
1.48473642e-14
1.15328026e-14
1.50139603e-14
1.50524818e-14
1.06080478e-14
1.22130475e-14
1.19538324e-14
1.2245389e-14
1.47420407e-14
1.23252515e-14
1.28916416e-14
1.5022044e-14
1.20312412e-14
1.25187267e-14
1.24097866e-14
1.23914933e-14
1.22701644e-14
4.00426519e-15
7.58962107e-15
1.48029309e-14
1.44599098e-14
1.50920251e-14
1.18905571e-14
1.13549203e-14
4.14296166e-15
8.42304703e-15
4.04459495e-15
1.10037166e-14
8.47872685e-15
1.05220732e-14
7.72362652e-15
1.41489205e-14
1.49555977e-14
1.14058009e-14
1.49030538e-14
1.51743354e-14
1.19739498e-14
1.52631306e-14
1.23917036e-14
1.24500208e-14
1.22341533e-14
1.24607643e-14
1.17416676e-14
1.20954104e-14
1.12859315e-14
1.22579195e-14
1.22114666e-14
1.23594608e-14
1.51847806e-14
4.24205633e-15
1.50023688e-14
1.16262257e-14
1.50017707e-14
1.13237394e-14
7.51481223e-15
6.72760351e-15
4.13024711e-15
1.1015956e-14
1.23997878e-14
7.16524505e-15
1.18655033e-14
1.16026764e-14
4.45734752e-15
1.12522691e-14
1.51243706e-14
1.24036097e-14
1.54779424e-14
1.52820007e-14
1.20493319e-14
1.43444003e-14
1.43127245e-14
1.24105343e-14
1.23736417e-14
1.22907042e-14
1.2340689e-14
1.14154854e-14
1.16480961e-14
1.02756816e-14
1.21511547e-14
1.20077349e-14
1.21524909e-14
1.43846049e-14
4.26909002e-15
1.47894191e-14
1.11844668e-14
1.42832825e-14
1.07436633e-14
7.17613382e-15
4.30220009e-15
7.20236563e-15
4.43132903e-15
6.74701715e-15
3.98162304e-15
1.13018719e-14
1.46955939e-14
1.08940059e-14
1.36110771e-14
1.51002531e-14
1.03772995e-14
1.22275124e-14
1.20063025e-14
1.23325298e-14
1.44456361e-14
1.23276734e-14
1.4990971e-14
1.43519352e-14
1.38994749e-14
1.23903363e-14
1.23673518e-14
1.23837935e-14
1.21288364e-14
7.53408647e-15
1.10285183e-14
4.33082185e-15
1.23121648e-14
1.49120081e-14
1.49629087e-14
1.51886475e-14
1.23678495e-14
1.09911166e-14
1.23171245e-14
7.26074444e-15
4.3009017e-15
4.248894e-15
1.07889614e-14
4.54585734e-15
7.60618086e-15
4.18969662e-15
1.21688585e-14
1.45688799e-14
1.12762387e-14
1.4095505e-14
1.41813408e-14
1.0038398e-14
1.13321503e-14
1.21083746e-14
1.22508072e-14
1.41812486e-14
1.21291998e-14
1.2530107e-14
1.42632945e-14
1.12483588e-14
1.26440266e-14
1.26911453e-14
1.26856742e-14
1.53781014e-14
4.37426399e-15
4.5812221e-15
1.49995729e-14
1.39284952e-14
1.50068679e-14
1.16546179e-14
1.19302398e-14
5.31050378e-15
8.0847539e-15
5.46591699e-15
1.12713201e-14
7.5466229e-15
1.08261812e-14
4.66880604e-15
1.46231019e-14
1.48722204e-14
1.21020066e-14
1.50096763e-14
1.47154822e-14
1.12779658e-14
1.40086949e-14
1.2605073e-14
1.26558248e-14
1.52846842e-14
1.25098894e-14
1.14600674e-14
1.17404225e-14
1.0058247e-14
1.24456925e-14
1.2184494e-14
1.23221507e-14
1.4288584e-14
4.17385272e-15
1.50297323e-14
1.24499756e-14
1.43557308e-14
1.11590489e-14
1.08870834e-14
4.63376119e-15
4.55684726e-15
5.27085462e-15
1.10545262e-14
4.79306948e-15
7.60971721e-15
1.43165357e-14
1.43951539e-14
8.96807163e-15
1.25842187e-14
1.44137376e-14
5.31482746e-15
1.13841221e-14
1.55404839e-14
1.27775513e-14
1.51293873e-14
1.52973992e-14
1.54393929e-14
1.20406506e-14
1.56886058e-14
1.29092316e-14
1.32559714e-14
1.29783792e-14
1.35080933e-14
1.53326269e-14
1.52632799e-14
1.43950397e-14
1.33567275e-14
1.31084986e-14
1.39726793e-14
1.34357625e-14
1.37545156e-14
1.17277923e-14
8.34920844e-15
1.30646202e-14
1.26389272e-14
1.63065502e-14
1.4709791e-14
5.1568728e-15
4.70873491e-15
1.52622246e-14
1.50856103e-14
1.43091064e-14
1.20059297e-14
1.20549852e-14
1.02120452e-14
8.15289809e-15
4.42290036e-15
4.27829554e-15
4.26310397e-15
1.01350715e-14
1.16199038e-14
4.69778646e-15
7.99397591e-15
1.05780504e-14
5.18512729e-15
1.40801342e-14
1.48704513e-14
1.16858398e-14
1.52244305e-14
1.40447054e-14
8.09651831e-15
1.14439573e-14
1.25703325e-14
1.30100686e-14
1.5080077e-14
1.64932071e-14
1.27702411e-14
1.43907615e-14
1.51504116e-14
1.31312982e-14
1.34327123e-14
1.36089541e-14
1.4010665e-14
1.52031601e-14
1.50490171e-14
1.1924513e-14
1.32826869e-14
1.30896174e-14
1.35583403e-14
1.30416772e-14
1.10896876e-14
1.11665726e-14
5.2885932e-15
1.27103093e-14
1.5313309e-14
1.50593254e-14
1.47535332e-14
4.22018272e-15
1.4386931e-14
1.41314255e-14
1.26663872e-14
8.88841993e-15
1.0825579e-14
4.99265653e-15
5.33970142e-15
5.58726604e-15
4.38074326e-15
8.56937328e-15
1.37873526e-14
4.0026148e-15
9.37217e-15
1.38777628e-14
1.55284591e-14
6.34198582e-15
7.17471796e-15
1.42332715e-14
4.049637e-15
1.57055414e-14
1.59167097e-14
7.23199792e-15
9.48957913e-15
1.4310643e-14
6.19254205e-15
6.89139649e-15
1.27048292e-14
1.26479194e-14
9.50565894e-15
1.00923069e-14
1.50587268e-14
7.31412391e-15
7.43049395e-15
1.26324556e-14
1.25022829e-14
1.02871842e-14
1.00379148e-14
1.50033692e-14
7.45037023e-15
7.29154219e-15
1.24362688e-14
1.24192488e-14
1.00047682e-14
9.90632455e-15
1.41843656e-14
6.89114766e-15
7.11288535e-15
1.24684934e-14
1.29335793e-14
9.76887514e-15
9.72069e-15
9.30754983e-15
4.95251233e-15
1.66208941e-14
1.61470651e-14
9.90119208e-15
7.5953882e-15
8.50407096e-15
1.64975135e-14
1.47557721e-14
7.4486492e-15
6.95844678e-15
1.49802121e-14
9.21010287e-15
4.54803249e-15
8.78186323e-15
5.17853793e-15
5.1620326e-15
9.03082225e-15
5.25030774e-15
9.6194093e-15
1.55909837e-14
4.34739275e-15
9.03532589e-15
1.51701079e-14
1.64520314e-14
7.00501833e-15
7.64077346e-15
1.41635807e-14
4.05265174e-15
1.62160902e-14
1.61578474e-14
7.62691672e-15
9.49401109e-15
1.43266205e-14
6.35562137e-15
6.98973615e-15
1.26051328e-14
1.23714291e-14
9.06592955e-15
9.50240345e-15
1.49993477e-14
7.48458181e-15
7.50033322e-15
1.23796205e-14
1.2378283e-14
9.82257471e-15
9.87561402e-15
1.47509435e-14
7.36828743e-15
7.44255872e-15
1.24134543e-14
1.24916589e-14
9.88133004e-15
9.92958363e-15
1.3827379e-14
7.20055472e-15
6.58149219e-15
1.26637666e-14
1.28691078e-14
1.01162694e-14
9.77430378e-15
9.11296384e-15
4.1161706e-15
1.6028337e-14
1.62660848e-14
9.69176797e-15
7.74544592e-15
7.90511586e-15
1.61098882e-14
1.40934048e-14
7.5265118e-15
6.36442026e-15
1.37979238e-14
8.12523348e-15
4.25427875e-15
5.68116898e-15
5.16752752e-15
8.35284624e-15
5.11888635e-15
8.26063216e-15
4.52168357e-15
7.31077179e-15
1.45970068e-14
1.5028964e-14
4.40464086e-15
8.34340855e-15
1.50375619e-14
7.96339067e-15
1.02200802e-14
1.566054e-14
1.70413692e-14
9.44011911e-15
1.43469511e-14
1.59265721e-14
9.64271672e-15
7.78591813e-15
1.65362733e-14
1.57637722e-14
9.85372408e-15
1.31407117e-14
1.68750288e-14
6.865844e-15
4.28801964e-15
1.44728588e-14
1.49797168e-14
7.37231919e-15
1.65067963e-14
1.62041222e-14
9.51774524e-15
9.53493516e-15
7.3123783e-15
1.50695582e-14
1.43084848e-14
9.14592076e-15
8.3407738e-15
6.91985613e-15
1.3963208e-14
1.36591301e-14
7.43927793e-15
7.10915346e-15
6.87400998e-15
1.35910502e-14
1.36588979e-14
7.15628972e-15
7.27167534e-15
6.92860819e-15
1.38814862e-14
1.44431815e-14
7.57883346e-15
8.45389832e-15
7.66346852e-15
1.55961546e-14
1.65555271e-14
9.06288706e-15
8.99893652e-15
9.25294201e-15
1.6194872e-14
1.70284114e-14
4.46421442e-15
9.4818157e-15
1.62599368e-14
7.15733952e-15
1.67123363e-14
1.55430751e-14
6.96687945e-15
7.51791214e-15
1.5227826e-14
1.642142e-14
4.63878286e-15
1.55172294e-14
1.44220563e-14
9.19755519e-15
9.60025733e-15
1.64690596e-14
1.62861891e-14
7.88697283e-15
5.30931118e-15
7.16116044e-15
4.39314792e-15
1.48332431e-14
1.49827314e-14
8.94075338e-15
5.68775404e-15
5.33774607e-15
8.22411989e-15
5.36555484e-15
8.52408142e-15
4.51729407e-15
7.14578056e-15
1.47307514e-14
1.50963702e-14
6.78235108e-15
1.45925586e-14
1.52185466e-14
9.388354e-15
9.04847876e-15
1.64395116e-14
1.66722351e-14
9.06674188e-15
1.60761929e-14
1.66761456e-14
7.10397705e-15
6.68000379e-15
1.61177679e-14
1.51131564e-14
7.56294279e-15
1.65138893e-14
1.64244861e-14
4.16456495e-15
1.47445238e-14
9.20785944e-15
7.33448151e-15
1.65053752e-14
1.54865417e-14
9.07468792e-15
9.02263354e-15
7.36117229e-15
1.48449431e-14
1.43319983e-14
8.4898601e-15
7.61052084e-15
6.91814959e-15
1.38568199e-14
1.36607232e-14
7.25365305e-15
7.106792e-15
6.98676253e-15
1.36843576e-14
1.39380475e-14
7.20828011e-15
7.40032005e-15
7.09996235e-15
1.44625077e-14
1.49770163e-14
8.37095716e-15
9.11392377e-15
7.60852515e-15
1.58737895e-14
1.56642369e-14
8.85366655e-15
9.0073424e-15
1.02669557e-14
1.67837372e-14
1.35293275e-14
4.29021771e-15
6.57155258e-15
1.52415938e-14
1.44165655e-14
6.94389807e-15
1.6241832e-14
1.51628547e-14
7.4908516e-15
9.6812992e-15
1.53660998e-14
1.64537888e-14
1.55255088e-14
9.61963987e-15
9.79262502e-15
7.10862187e-15
1.66542265e-14
1.5846942e-14
8.89808322e-15
5.54388591e-15
6.99297387e-15
4.75647304e-15
1.51472511e-14
1.47588291e-14
8.76506127e-15
5.52900102e-15
5.18521954e-15
5.44112628e-15
1.17080648e-14
5.35265686e-15
5.02656576e-15
1.19396647e-14
1.10121474e-14
1.44485604e-14
1.40242073e-14
1.57859005e-14
1.4563524e-14
1.49570257e-14
1.49894603e-14
1.57453618e-14
1.34921936e-14
1.32506714e-14
1.32770663e-14
1.228765e-14
1.28025111e-14
1.24609804e-14
1.44175143e-14
1.12321676e-14
1.53756748e-14
1.44932364e-14
1.20730056e-14
1.24178784e-14
1.22480138e-14
1.19368689e-14
1.18553212e-14
1.5441576e-14
1.51734313e-14
1.20346762e-14
1.22025366e-14
1.23529855e-14
1.15978806e-14
1.17082327e-14
1.51052418e-14
1.54201614e-14
1.23905926e-14
1.25092475e-14
1.28310205e-14
1.16913647e-14
1.10222511e-14
1.56057357e-14
1.51788464e-14
1.38247409e-14
1.31732554e-14
1.33995305e-14
1.41597216e-14
1.48099792e-14
1.58851366e-14
1.26724075e-14
1.43097482e-14
1.27674241e-14
1.4467241e-14
1.35961322e-14
1.61659053e-14
1.34244456e-14
1.31264901e-14
4.83966729e-15
1.42976706e-14
1.10376679e-14
1.52094941e-14
1.39678679e-14
1.295508e-14
1.44963931e-14
4.49002134e-15
7.85717054e-15
5.05367292e-15
1.34863285e-14
1.05972061e-14
4.85392721e-15
5.08404524e-15
4.56722511e-15
5.5452225e-15
8.51258879e-15
1.08831314e-14
1.36549258e-14
8.20598508e-15
1.08424994e-14
1.4051823e-14
1.46711627e-14
1.4452309e-14
1.45124044e-14
1.27132347e-14
1.45344246e-14
1.41608215e-14
1.26517785e-14
1.60863647e-14
1.3771538e-14
1.29824408e-14
1.34604458e-14
1.32572251e-14
1.34317437e-14
1.31540754e-14
1.49454262e-14
1.4599829e-14
1.28404097e-14
1.56793095e-14
1.2402776e-14
1.30214657e-14
1.25865161e-14
1.19883114e-14
1.18670251e-14
1.57222582e-14
1.55646858e-14
1.20456298e-14
1.2370317e-14
1.22430152e-14
1.19941196e-14
1.17878041e-14
1.52884188e-14
1.5181471e-14
1.2147216e-14
1.2279246e-14
1.24295959e-14
1.15674954e-14
1.16209711e-14
1.53296387e-14
1.54619748e-14
1.28308615e-14
1.26484639e-14
1.2780694e-14
1.17271728e-14
1.44272188e-14
1.51521147e-14
1.52299548e-14
1.14745832e-14
1.52378273e-14
1.4271875e-14
1.35379914e-14
1.54275012e-14
1.33207186e-14
1.29925276e-14
1.13446177e-14
5.222563e-15
1.50227087e-14
1.14919628e-14
1.56250889e-14
1.46964468e-14
5.50537832e-15
1.14632262e-14
5.48113188e-15
5.1983756e-15
4.54484265e-15
1.11453053e-14
5.23637991e-15
4.382019e-15
1.11233028e-14
1.08403848e-14
1.47152229e-14
1.38098611e-14
1.48577753e-14
1.41807343e-14
1.44838972e-14
1.45041664e-14
1.51165556e-14
1.2876464e-14
1.25001711e-14
1.2664729e-14
1.21581587e-14
1.54138677e-14
1.41046736e-14
1.31165044e-14
1.25105839e-14
1.28782383e-14
1.23412709e-14
4.29045953e-15
1.12818682e-14
8.34787651e-15
1.46136755e-14
1.39574899e-14
1.22149791e-14
1.47792684e-14
1.0521095e-14
4.21841207e-15
1.05018609e-14
7.814242e-15
4.13007714e-15
1.07292314e-14
8.01999795e-15
1.12078818e-14
1.04928603e-14
7.83366813e-15
1.20723837e-14
1.39737161e-14
1.45446634e-14
1.42750794e-14
1.23310895e-14
1.48290568e-14
1.50266896e-14
1.56504282e-14
1.22942659e-14
1.28135692e-14
1.25627852e-14
1.29552347e-14
1.14227041e-14
1.43095238e-14
1.3969436e-14
1.29833507e-14
1.53657768e-14
1.26159473e-14
1.24060376e-14
1.08834578e-14
4.4176888e-15
1.38646246e-14
1.15903612e-14
1.47115684e-14
1.46922072e-14
5.03388055e-15
1.11098852e-14
4.55412363e-15
4.21575117e-15
4.04131102e-15
8.24135586e-15
1.14500086e-14
1.1476892e-14
1.43188891e-14
1.13463183e-14
1.11675743e-14
1.45673816e-14
1.44256384e-14
1.22798173e-14
1.47312618e-14
1.22288545e-14
1.19493569e-14
1.50669757e-14
1.15075573e-14
1.24282966e-14
1.51103462e-14
1.25013319e-14
1.21230658e-14
7.17899282e-15
1.35376537e-14
1.10299823e-14
1.43386736e-14
1.10099043e-14
4.16064539e-15
7.87136335e-15
4.48902864e-15
7.85396873e-15
4.47523265e-15
7.23383793e-15
1.13193428e-14
1.48820036e-14
1.09832877e-14
1.46630309e-14
1.50948232e-14
1.15453627e-14
1.56748233e-14
1.49762101e-14
1.25758469e-14
1.22452132e-14
1.27170489e-14
8.15786277e-15
1.45099364e-14
1.14783597e-14
1.23683334e-14
1.5115465e-14
1.22717807e-14
1.50151912e-14
3.99322582e-15
1.1291058e-14
8.16893263e-15
1.38847919e-14
1.14419283e-14
4.33651716e-15
6.77127213e-15
7.21268586e-15
6.63790568e-15
7.23417167e-15
1.12984684e-14
1.46103204e-14
1.1535608e-14
1.53021549e-14
1.4580464e-14
1.21054078e-14
1.53437105e-14
1.20214992e-14
1.22452136e-14
1.23029824e-14
1.24968882e-14
1.14467686e-14
1.54240422e-14
1.4674799e-14
1.26428869e-14
1.20385905e-14
1.26436486e-14
1.2131992e-14
4.09553129e-15
1.11988874e-14
6.59682741e-15
1.47778792e-14
1.39460254e-14
1.1824835e-14
1.41675202e-14
8.74308132e-15
1.0832836e-14
4.03643042e-15
8.51383282e-15
4.25454375e-15
1.09909733e-14
1.0634696e-14
6.56267697e-15
1.15847497e-14
1.38445301e-14
1.46734114e-14
1.42133679e-14
1.19052331e-14
1.56322188e-14
1.45576886e-14
1.49944996e-14
1.21932443e-14
1.27814939e-14
1.20665096e-14
1.24771499e-14
1.12738705e-14
1.52407082e-14
1.18402033e-14
1.23102608e-14
1.20835164e-14
1.24965742e-14
1.2307807e-14
7.3769924e-15
1.45617509e-14
1.10190526e-14
1.55443791e-14
1.17338961e-14
6.99984406e-15
7.53809294e-15
7.24706085e-15
7.52473818e-15
7.34064707e-15
7.42157026e-15
1.2189752e-14
1.56127334e-14
1.24873791e-14
1.58213601e-14
1.55847504e-14
1.17016049e-14
1.5811883e-14
1.237914e-14
1.26479713e-14
1.23803448e-14
1.27609375e-14
1.48995682e-14
1.20715526e-14
1.52155129e-14
1.24055964e-14
1.22157541e-14
1.2338269e-14
1.22778852e-14
7.17393855e-15
1.16484113e-14
7.32608339e-15
1.19279299e-14
1.49942985e-14
1.2066812e-14
1.52750755e-14
1.12596879e-14
6.67651778e-15
1.16636613e-14
7.21790337e-15
6.66659373e-15
1.128551e-14
7.11314522e-15
1.15322868e-14
1.1536562e-14
7.42946726e-15
1.18629963e-14
1.48850614e-14
1.19836406e-14
1.53274223e-14
1.21381855e-14
1.19198301e-14
1.52619746e-14
1.19853958e-14
1.21224493e-14
1.22799486e-14
1.22706162e-14
1.22695898e-14
1.208671e-14
1.58413937e-14
1.24680425e-14
1.26867637e-14
1.25132831e-14
1.28349098e-14
1.2717616e-14
7.81725507e-15
1.58219991e-14
1.14312272e-14
1.59783744e-14
1.10314083e-14
7.58368274e-15
7.50189723e-15
7.756488e-15
7.49962753e-15
7.51864753e-15
7.4556151e-15
1.18921251e-14
1.57708808e-14
1.20062771e-14
1.5778789e-14
1.579179e-14
1.19511094e-14
1.56199546e-14
1.24449257e-14
1.27678124e-14
1.24009349e-14
1.26531009e-14
1.52118523e-14
1.20710333e-14
1.49251397e-14
1.23286902e-14
1.22790503e-14
1.23677467e-14
1.22379122e-14
7.3601104e-15
1.12742786e-14
7.32126362e-15
1.20504895e-14
1.52426497e-14
1.19359007e-14
1.49336991e-14
1.16413708e-14
7.25445954e-15
1.11398753e-14
6.96325977e-15
7.21127396e-15
1.15568003e-14
7.09304763e-15
1.15414799e-14
1.16803899e-14
7.09976496e-15
1.14378205e-14
1.51407264e-14
1.20502916e-14
1.48069047e-14
1.19235984e-14
1.19246425e-14
1.48004873e-14
1.18810874e-14
1.22481148e-14
1.22518727e-14
1.21945089e-14
1.22834209e-14
1.26448965e-14
1.57017638e-14
1.20190753e-14
1.27379185e-14
1.27220948e-14
1.27106293e-14
1.24579095e-14
7.52171858e-15
1.58919861e-14
1.14724287e-14
1.57770658e-14
1.17939366e-14
7.58013576e-15
7.72715347e-15
7.23747218e-15
6.80515732e-15
7.22353775e-15
6.81235696e-15
1.17456238e-14
1.53485906e-14
1.1106309e-14
1.4775842e-14
1.5048979e-14
1.16102866e-14
1.45669073e-14
1.22633586e-14
1.24300067e-14
1.21993852e-14
1.22493192e-14
1.50660414e-14
1.51512541e-14
1.21342109e-14
1.25369456e-14
1.22350179e-14
1.26905961e-14
1.22695287e-14
6.70817254e-15
1.09585161e-14
4.13946822e-15
1.18654358e-14
1.42383271e-14
1.47301297e-14
1.3581607e-14
1.09762146e-14
4.34277034e-15
8.79224775e-15
4.45765615e-15
1.09042236e-14
8.4647935e-15
1.13804205e-14
4.02905031e-15
1.09284683e-14
1.39739052e-14
1.18619379e-14
1.36101614e-14
1.48460934e-14
1.47389374e-14
1.29775781e-14
1.5433853e-14
1.22830885e-14
1.24701303e-14
1.25418219e-14
1.2790071e-14
1.14911121e-14
1.46344597e-14
1.11789207e-14
1.25626552e-14
1.21557478e-14
1.2260524e-14
1.19954771e-14
6.80641418e-15
1.52922102e-14
1.15209028e-14
1.47476178e-14
1.11798123e-14
7.47205839e-15
6.87143549e-15
4.44014863e-15
4.35957735e-15
1.14958679e-14
1.50142749e-14
8.06388539e-15
1.15879039e-14
1.42209166e-14
7.68442136e-15
1.11386456e-14
1.49891244e-14
1.21519989e-14
1.44434038e-14
1.2204156e-14
1.16958936e-14
1.44518883e-14
1.14848875e-14
1.25830367e-14
1.2311206e-14
1.23641587e-14
1.51556851e-14
4.44414387e-15
1.47832558e-14
1.08371502e-14
1.53148504e-14
1.11373668e-14
7.7987921e-15
4.54920242e-15
7.75563007e-15
4.29186883e-15
7.47154805e-15
4.53214297e-15
1.07160669e-14
1.42795257e-14
1.11583367e-14
1.46125191e-14
1.52457467e-14
1.14552879e-14
1.45349957e-14
1.22609522e-14
1.25947811e-14
1.49703427e-14
1.24450917e-14
1.14266265e-14
1.09264969e-14
7.97882769e-15
1.2163736e-14
1.46046444e-14
1.20770642e-14
1.44007513e-14
1.41335041e-14
1.13331244e-14
1.12045397e-14
7.81196944e-15
4.27044001e-15
4.59351846e-15
1.11737117e-14
5.00581031e-15
1.13001447e-14
5.11442843e-15
1.42006127e-14
1.50142227e-14
1.07584387e-14
1.46014854e-14
1.45147509e-14
1.06640685e-14
1.37482538e-14
1.24350559e-14
1.25954134e-14
1.48482397e-14
1.25814264e-14
1.44356255e-14
1.49927786e-14
1.15371657e-14
1.29576037e-14
1.2366729e-14
1.28722421e-14
1.2304236e-14
7.56299228e-15
1.08991037e-14
4.18804832e-15
1.21678057e-14
1.42139853e-14
1.45749287e-14
1.42153943e-14
1.13906885e-14
7.58245837e-15
1.09138279e-14
4.53471279e-15
7.84955565e-15
1.10332708e-14
4.29165792e-15
1.07824167e-14
1.1853521e-14
4.4845287e-15
1.09311848e-14
1.4485344e-14
1.23546557e-14
1.45421026e-14
1.45574635e-14
1.54977884e-14
1.20762056e-14
1.42289436e-14
1.27573462e-14
1.29092055e-14
1.2420365e-14
1.25648324e-14
1.43166568e-14
1.41934045e-14
1.10931922e-14
1.27622622e-14
1.24632197e-14
1.29610333e-14
1.5238389e-14
4.48233023e-15
5.02858292e-15
1.46510794e-14
1.43727419e-14
1.41684953e-14
1.11830728e-14
1.11203541e-14
4.36448677e-15
5.00726824e-15
5.33221913e-15
1.2423395e-14
5.41300301e-15
1.13314564e-14
5.32078687e-15
1.46235811e-14
1.52222883e-14
1.13192801e-14
1.42321169e-14
1.53509936e-14
1.14871437e-14
1.43529968e-14
1.31799363e-14
1.33988302e-14
1.56592178e-14
1.34835128e-14
1.27512205e-14
1.28876524e-14
1.26841149e-14
1.50560544e-14
1.54657913e-14
1.44686875e-14
1.23191539e-14
1.22865352e-14
1.2290022e-14
1.20810007e-14
1.54829228e-14
1.52853309e-14
1.19196201e-14
1.18030085e-14
1.23351283e-14
1.20161176e-14
1.19635226e-14
1.51375653e-14
1.53427033e-14
1.18265375e-14
1.14590216e-14
1.29190631e-14
1.20648171e-14
1.26838077e-14
1.56872509e-14
1.55985225e-14
1.11846296e-14
1.19666456e-14
1.33453042e-14
1.33030253e-14
1.39538431e-14
1.51092931e-14
1.26169726e-14
1.47338227e-14
1.51160517e-14
1.44218639e-14
1.4417291e-14
1.46859311e-14
1.34780465e-14
1.3117858e-14
1.37482343e-14
1.65069994e-14
1.10645926e-14
8.08078688e-15
4.99695454e-15
1.2729284e-14
1.46390145e-14
1.43088117e-14
1.46854045e-14
1.34795539e-14
1.08668947e-14
8.29140512e-15
5.11762425e-15
5.07543481e-15
4.89726114e-15
4.58018208e-15
1.10159593e-14
1.31504186e-14
5.20154345e-15
7.89112459e-15
1.36354972e-14
5.28060657e-15
8.32622206e-15
1.44173594e-14
1.23693943e-14
1.40568511e-14
1.39290067e-14
1.25350892e-14
1.42737899e-14
1.45743335e-14
1.27094383e-14
1.32271139e-14
1.54687205e-14
1.35269409e-14
1.31205186e-14
1.4076313e-14
1.34904754e-14
1.27124717e-14
1.53983145e-14
1.52428091e-14
1.487046e-14
1.25443932e-14
1.28724862e-14
1.22762987e-14
1.55119843e-14
1.55185023e-14
1.21061028e-14
1.15338937e-14
1.22447919e-14
1.20296941e-14
1.19911579e-14
1.54852784e-14
1.52275656e-14
1.15019637e-14
1.16640287e-14
1.24587838e-14
1.20426991e-14
1.21794772e-14
1.53178892e-14
1.55635353e-14
1.17117478e-14
1.17125875e-14
1.27954549e-14
1.24310922e-14
1.28856651e-14
1.48289513e-14
1.52853911e-14
1.16311537e-14
1.46725863e-14
1.45370247e-14
1.47939253e-14
1.12319029e-14
1.33253788e-14
1.31771581e-14
1.36265401e-14
1.55019169e-14
5.32923882e-15
5.17616415e-15
1.59819294e-14
1.47442148e-14
1.42784748e-14
1.08543625e-14
1.18611712e-14
5.49872636e-15
5.44389705e-15
5.30837304e-15
8.38686682e-15
8.05248591e-15
1.46988536e-14
1.50489983e-14
4.61339865e-15
7.41970807e-15
1.5295895e-14
4.29258707e-15
1.58579076e-14
1.64986886e-14
7.62637326e-15
9.50943251e-15
1.56846896e-14
6.86620683e-15
9.43831913e-15
1.65392006e-14
1.51205858e-14
9.89908521e-15
7.7698584e-15
1.62635071e-14
9.14496188e-15
9.46377328e-15
1.45927459e-14
1.50636912e-14
6.86612618e-15
4.28047127e-15
1.60373556e-14
7.15832679e-15
7.63766311e-15
9.78724742e-15
9.05203034e-15
1.44138067e-14
7.48346801e-15
7.17749581e-15
8.88466244e-15
8.43423876e-15
1.36987528e-14
7.0825324e-15
7.07017852e-15
7.46864229e-15
7.10071493e-15
1.36939769e-14
6.96679424e-15
6.93875217e-15
7.00561043e-15
7.19391072e-15
1.45331924e-14
6.9346464e-15
7.02305829e-15
7.48075721e-15
8.44493226e-15
1.6645751e-14
7.04457871e-15
7.32109199e-15
9.28140199e-15
9.48940569e-15
1.63771968e-14
7.49618943e-15
9.00583178e-15
1.00313239e-14
1.57661346e-14
4.16165936e-15
1.63076129e-14
9.36265e-15
7.53194389e-15
1.53546161e-14
1.62116361e-14
6.87552725e-15
7.67285404e-15
1.51227066e-14
7.70526258e-15
4.84694011e-15
1.6911834e-14
1.63623284e-14
9.95671864e-15
9.67430725e-15
5.52456194e-15
1.47820294e-14
1.54390952e-14
6.88694417e-15
4.05500629e-15
8.61110592e-15
5.66334098e-15
5.92786074e-15
8.66134002e-15
8.61430592e-15
1.48080655e-14
1.49582536e-14
4.29650449e-15
6.88472969e-15
1.52194906e-14
4.23827382e-15
6.60211602e-15
1.6376894e-14
1.67699188e-14
9.25595365e-15
9.70502505e-15
1.68883337e-14
7.07012667e-15
9.18478799e-15
1.58020167e-14
1.5155076e-14
7.45817483e-15
6.61143735e-15
1.59759815e-14
9.34824825e-15
7.35632392e-15
1.51371255e-14
9.17502282e-15
4.15511498e-15
1.59354809e-14
7.40749569e-15
7.18940758e-15
9.58911094e-15
9.50212372e-15
1.42966977e-14
7.3437446e-15
7.40366692e-15
8.77431091e-15
7.65989703e-15
1.36621378e-14
7.0070052e-15
6.89893986e-15
7.29218395e-15
7.14741703e-15
1.39759458e-14
6.96529863e-15
7.05197565e-15
7.23473583e-15
7.43115694e-15
1.48574317e-14
7.29429053e-15
7.07265503e-15
8.41874672e-15
9.1009342e-15
1.66849157e-14
7.075478e-15
7.90046651e-15
9.31638796e-15
9.42642128e-15
1.37063146e-14
1.0572718e-14
1.04739146e-14
1.39262838e-14
1.42636075e-14
3.8618583e-15
6.36183104e-15
1.49252969e-14
1.07932795e-14
7.49429587e-15
1.58666977e-14
1.64074223e-14
7.6920886e-15
9.785056e-15
8.86807084e-15
4.3897691e-15
1.61922942e-14
1.52879808e-14
9.57909969e-15
7.18255388e-15
4.91677997e-15
1.55042506e-14
1.47239025e-14
7.45453079e-15
4.77478129e-15
8.50652313e-15
5.49256394e-15
5.2081931e-15
8.77894664e-15
5.24490951e-15
8.66666116e-15
4.55565983e-15
7.2979705e-15
1.49313873e-14
1.48632028e-14
7.38485304e-15
1.47110777e-14
1.47455048e-14
9.28158798e-15
9.23211235e-15
1.59403283e-14
1.59958124e-14
9.45940009e-15
1.6138361e-14
1.64866503e-14
6.94379769e-15
4.3879052e-15
1.5197855e-14
1.52676707e-14
6.81130021e-15
1.6073254e-14
1.526704e-14
8.95183259e-15
8.60804757e-15
1.46590997e-14
8.87919551e-15
5.25269094e-15
8.43947563e-15
5.1806293e-15
5.56811994e-15
8.40602227e-15
9.40870902e-15
6.73895395e-15
1.55892463e-14
1.4987495e-14
5.32626033e-15
7.82883352e-15
9.19872702e-15
1.63400517e-14
1.58678704e-14
4.72555337e-15
7.28684255e-15
1.47200306e-14
1.47125646e-14
4.24251181e-15
1.53909289e-14
1.64818464e-14
9.88121477e-15
9.97802089e-15
1.66867177e-14
1.68091774e-14
9.28691482e-15
6.16046102e-15
7.67834364e-15
4.36609687e-15
1.5782915e-14
1.56688183e-14
8.21958726e-15
5.73618735e-15
5.66608324e-15
7.71243561e-15
5.9086595e-15
8.5648369e-15
4.26592484e-15
6.64399471e-15
1.48714039e-14
1.46512401e-14
7.07852485e-15
1.50888396e-14
1.49624198e-14
9.22638929e-15
9.24108218e-15
1.57801486e-14
1.5782355e-14
9.47317862e-15
1.61756659e-14
1.62298242e-14
7.46607586e-15
4.44727379e-15
1.53270358e-14
1.49403215e-14
4.13515326e-15
1.54520059e-14
1.60135054e-14
8.65717689e-15
5.54211614e-15
9.67896219e-15
8.88073206e-15
5.23933032e-15
5.02934073e-15
8.32878839e-15
4.6914074e-15
8.70093843e-15
1.44516357e-14
5.1493936e-15
7.10043506e-15
1.46807457e-14
1.5731109e-14
8.27057339e-15
9.40643236e-15
9.29747116e-15
1.61385783e-14
1.59418462e-14
4.00417881e-15
6.57543714e-15
1.5777753e-14
1.467407e-14
4.55009777e-15
1.43790676e-14
1.45345284e-14
9.23653032e-15
9.29870454e-15
1.5636902e-14
1.56337306e-14
9.10136716e-15
5.40961381e-15
7.61414624e-15
4.61393475e-15
1.52437852e-14
1.4858448e-14
8.71742745e-15
5.53932709e-15
5.42088208e-15
5.3082185e-15
1.1103444e-14
5.29353543e-15
5.50950106e-15
1.16553958e-14
1.1915794e-14
1.46640789e-14
1.5027938e-14
1.56697074e-14
1.44197447e-14
1.54102412e-14
1.58503376e-14
1.5825755e-14
1.35422686e-14
1.34273338e-14
1.36932777e-14
1.42948718e-14
1.28507308e-14
1.25685584e-14
1.20082386e-14
8.08669925e-15
1.43974488e-14
1.2142065e-14
1.09625457e-14
1.49451775e-14
1.4764426e-14
4.22445569e-15
1.09924049e-14
4.79203757e-15
7.12066131e-15
1.15635884e-14
1.19059399e-14
1.14201677e-14
7.70623851e-15
7.26727501e-15
6.94008987e-15
6.92719374e-15
7.22696069e-15
7.54031739e-15
8.10311635e-15
7.88751153e-15
1.17617005e-14
1.1599053e-14
1.18154583e-14
1.43314804e-14
1.42104445e-14
4.33707316e-15
7.8556346e-15
1.51204658e-14
1.5466093e-14
1.28233163e-14
5.25896551e-15
7.97031412e-15
1.16462207e-14
1.36884438e-14
1.35590082e-14
1.29701231e-14
1.3325713e-14
1.35904641e-14
1.38103833e-14
1.42465841e-14
1.25186907e-14
5.14922976e-15
1.38370524e-14
1.10456201e-14
1.42703203e-14
1.49554864e-14
1.27660858e-14
1.47572667e-14
4.94883755e-15
8.29118733e-15
5.32271041e-15
1.32952261e-14
1.04938244e-14
4.87869669e-15
4.78194831e-15
5.07490409e-15
5.35271425e-15
8.00545422e-15
1.04375947e-14
1.3394162e-14
7.92851972e-15
1.08818693e-14
1.38756867e-14
1.4625208e-14
1.38687401e-14
1.46507021e-14
1.26609882e-14
1.63302487e-14
1.34388951e-14
1.30209554e-14
1.41992576e-14
1.36406873e-14
1.26032932e-14
1.42690612e-14
1.54895466e-14
1.27627927e-14
1.53518551e-14
7.89032418e-15
5.21122678e-15
1.34708221e-14
1.10508484e-14
9.5161441e-15
1.45963625e-14
1.46294448e-14
7.79831875e-15
4.33350783e-15
4.23352795e-15
1.2074561e-14
1.14125662e-14
7.98316222e-15
7.46911662e-15
7.0341669e-15
6.91361775e-15
7.1235851e-15
7.37289739e-15
4.28920638e-15
7.7684024e-15
1.0998646e-14
8.6714819e-15
1.18450421e-14
1.1700935e-14
1.40827249e-14
1.41090501e-14
1.47189126e-14
4.36738308e-15
4.63646356e-15
1.07783785e-14
1.58601742e-14
1.26338026e-14
1.30195969e-14
8.30699582e-15
1.20034871e-14
1.22262294e-14
1.47651605e-14
1.07718749e-14
1.56327578e-14
1.42779996e-14
1.35455821e-14
1.53155884e-14
1.3530072e-14
1.29523376e-14
1.09100145e-14
5.37383635e-15
1.4846243e-14
1.20875891e-14
1.53406843e-14
1.48091587e-14
5.72359241e-15
1.17119811e-14
5.21426354e-15
5.20191047e-15
4.18094966e-15
1.06816934e-14
5.02619491e-15
4.33157183e-15
1.10255032e-14
1.11104492e-14
1.34669743e-14
1.42154711e-14
1.43696539e-14
1.39758375e-14
1.46052538e-14
1.47061333e-14
1.54909103e-14
1.29054201e-14
1.25279405e-14
1.27713846e-14
1.54149861e-14
1.26075306e-14
1.22800161e-14
1.2619919e-14
1.18747508e-14
1.50007227e-14
1.24714125e-14
1.4948641e-14
1.20516394e-14
1.47166196e-14
7.0162877e-15
3.97391944e-15
1.16940347e-14
9.64625266e-15
1.20379264e-14
1.52784044e-14
1.35174321e-14
4.23110105e-15
1.08112802e-14
1.41157466e-14
1.35097755e-14
1.07290613e-14
1.35735893e-14
1.34413194e-14
1.27009999e-14
1.25475797e-14
1.51419885e-14
3.86613248e-15
1.45159922e-14
1.48977965e-14
1.46771467e-14
4.09470164e-15
6.60413028e-15
1.00821823e-14
1.21880189e-14
1.20994833e-14
1.22932284e-14
1.02986659e-14
1.1675502e-14
1.22730689e-14
1.4926137e-14
1.2559745e-14
1.23686266e-14
1.25239888e-14
1.38937817e-14
1.44307304e-14
1.44276979e-14
1.21985165e-14
1.44707435e-14
1.19513329e-14
1.47859839e-14
1.26487472e-14
1.24418866e-14
1.25584962e-14
1.25343239e-14
4.26836729e-15
1.17147439e-14
8.08472745e-15
1.45875891e-14
1.35703042e-14
1.24247262e-14
1.45705811e-14
8.24481167e-15
1.11024364e-14
5.12952734e-15
8.26123848e-15
5.03843732e-15
1.05998417e-14
1.11072349e-14
7.77207517e-15
1.13545396e-14
1.40171965e-14
1.47462506e-14
1.36724097e-14
1.21526629e-14
1.44335706e-14
1.43787209e-14
1.20957805e-14
1.23026743e-14
1.264232e-14
1.23473897e-14
1.25668498e-14
1.23221433e-14
1.2613466e-14
1.24066508e-14
1.45333608e-14
1.36681441e-14
1.23130522e-14
1.43943625e-14
1.43263039e-14
1.23002347e-14
1.20638281e-14
1.14156628e-14
1.01931646e-14
1.4826492e-14
1.22961109e-14
1.25259892e-14
1.49226299e-14
1.48848334e-14
4.35478794e-15
1.04268473e-14
6.8987084e-15
1.17579447e-14
1.4859228e-14
1.23551662e-14
3.94253152e-15
1.08586346e-14
1.30703569e-14
1.33258501e-14
1.11382597e-14
1.32629259e-14
1.33220864e-14
1.26134109e-14
1.2148265e-14
1.45393089e-14
4.17365091e-15
1.47073917e-14
1.44615068e-14
1.21269084e-14
3.94103349e-15
7.26318148e-15
9.36639311e-15
1.17587938e-14
1.25194315e-14
1.24829549e-14
1.26722228e-14
1.19258408e-14
1.24509573e-14
1.31574143e-14
1.51974516e-14
1.11157903e-14
1.46862395e-14
1.45083565e-14
1.25822195e-14
1.51090784e-14
1.27141531e-14
1.24097536e-14
1.09435052e-14
4.25855471e-15
1.45709823e-14
1.09959142e-14
1.45240968e-14
1.39271023e-14
5.03926881e-15
1.07350638e-14
4.28438961e-15
4.01979471e-15
7.77530709e-15
1.09788682e-14
9.03179538e-15
1.41267627e-14
1.14698855e-14
1.09817918e-14
1.44056586e-14
1.43454125e-14
1.21673492e-14
1.46389584e-14
1.21123589e-14
1.23286437e-14
1.24455662e-14
1.23296811e-14
1.49931145e-14
1.46431425e-14
1.21981492e-14
1.44875142e-14
1.20251979e-14
1.23748966e-14
1.2288206e-14
1.26832431e-14
1.20121355e-14
1.53943467e-14
1.36703621e-14
1.44298021e-14
1.19429936e-14
1.17043184e-14
9.6313919e-15
6.05891526e-15
1.13965255e-14
1.00580081e-14
1.29598402e-14
1.44620719e-14
1.4523824e-14
3.69448945e-15
9.06167899e-15
6.46346058e-15
1.48776575e-14
1.45920605e-14
1.44801808e-14
3.94892844e-15
6.4180001e-15
9.06415001e-15
1.4427226e-14
1.15789732e-14
1.18065976e-14
6.2751505e-15
9.28252058e-15
9.890634e-15
1.1264692e-14
1.2082837e-14
1.19999024e-14
1.22094514e-14
1.0615988e-14
1.25252982e-14
1.2956911e-14
1.28358278e-14
1.25558909e-14
1.23797824e-14
1.26052961e-14
1.26694088e-14
1.48585612e-14
1.46251254e-14
1.51906242e-14
1.15123857e-14
1.55339944e-14
1.15444309e-14
1.24857676e-14
1.50396575e-14
1.25815442e-14
1.21375572e-14
6.87940317e-15
1.37135824e-14
1.06435079e-14
1.44024226e-14
1.12195679e-14
4.08787234e-15
6.88972132e-15
3.80303264e-15
6.92639354e-15
4.49934456e-15
7.30881619e-15
1.00951893e-14
1.41729391e-14
1.10876124e-14
1.51126408e-14
1.47062782e-14
1.15965334e-14
1.51088933e-14
1.50196996e-14
1.23789447e-14
1.2299934e-14
1.25037342e-14
1.23125419e-14
1.2629281e-14
1.24359382e-14
1.49757131e-14
1.25834946e-14
1.52738088e-14
1.48802789e-14
1.19883292e-14
1.2337484e-14
1.20735971e-14
1.27024848e-14
1.0731774e-14
1.33403283e-14
1.29756023e-14
1.43361167e-14
1.18794991e-14
1.16358944e-14
9.44517705e-15
6.35825219e-15
1.12703717e-14
9.82739857e-15
1.26816146e-14
1.44959656e-14
1.4880205e-14
3.85846838e-15
8.84730354e-15
6.7180228e-15
1.53322281e-14
1.45948971e-14
1.46517444e-14
4.08399028e-15
6.78021067e-15
8.99568828e-15
1.52035061e-14
1.17979985e-14
1.21417618e-14
6.62803486e-15
1.00713423e-14
1.00097888e-14
1.16723407e-14
1.22306723e-14
1.22118684e-14
1.23373981e-14
1.21690056e-14
1.28424079e-14
1.34561147e-14
1.52043809e-14
1.26004823e-14
1.24023095e-14
1.24390757e-14
1.52339853e-14
1.48474849e-14
1.46428088e-14
1.20996753e-14
7.83168903e-15
1.44506352e-14
1.10261247e-14
1.20834057e-14
1.44404561e-14
1.21417014e-14
1.4743467e-14
4.05860382e-15
1.09108873e-14
7.97256453e-15
1.36988059e-14
8.79816304e-15
4.50832442e-15
6.77606053e-15
6.81257713e-15
7.25367758e-15
1.16411729e-14
1.45695209e-14
1.15775888e-14
1.51641109e-14
1.46935573e-14
1.16650811e-14
1.52762815e-14
1.19493813e-14
1.22244916e-14
1.21152377e-14
1.24193509e-14
1.26908226e-14
1.24605329e-14
1.26972091e-14
1.53178463e-14
1.4114064e-14
1.44406392e-14
1.34436667e-14
1.19438219e-14
1.24249645e-14
1.21887626e-14
1.2488894e-14
1.17877258e-14
1.35332404e-14
1.24431148e-14
1.16040441e-14
1.19015491e-14
1.17076989e-14
1.078429e-14
1.03537342e-14
1.17283215e-14
1.14167328e-14
1.16712819e-14
1.16686124e-14
1.18162394e-14
1.02973407e-14
1.07801252e-14
1.13398173e-14
1.15861116e-14
1.20650692e-14
1.20484099e-14
1.24138266e-14
1.14563718e-14
1.22449161e-14
1.198195e-14
1.28450661e-14
1.2374683e-14
1.24574006e-14
1.24559361e-14
1.35625365e-14
1.51560561e-14
1.32945929e-14
1.49744112e-14
1.1763627e-14
1.48925478e-14
1.44370594e-14
1.2638127e-14
1.21982242e-14
1.24453318e-14
1.21616931e-14
1.12983651e-14
4.11664852e-15
1.46943368e-14
1.17148649e-14
1.47843426e-14
1.41632612e-14
8.40890574e-15
8.63275157e-15
8.423862e-15
8.95085032e-15
8.23866186e-15
4.04235599e-15
1.10583999e-14
1.1207177e-14
1.49648692e-14
1.3588308e-14
1.48360348e-14
1.50166555e-14
1.46691792e-14
1.5320213e-14
1.2265352e-14
1.26178405e-14
1.22718473e-14
1.2603098e-14
1.23296441e-14
1.24179386e-14
1.26245811e-14
1.51515807e-14
1.38179925e-14
1.47850578e-14
1.37732082e-14
1.17996102e-14
1.2411802e-14
1.20463108e-14
1.23173887e-14
1.1457756e-14
1.27329008e-14
1.19614442e-14
1.1645034e-14
1.18153523e-14
1.16819826e-14
1.06112885e-14
1.02433828e-14
1.16178596e-14
1.13322585e-14
1.17778418e-14
1.17423145e-14
1.19545947e-14
1.04294814e-14
1.08345348e-14
1.14289435e-14
1.18276959e-14
1.22883463e-14
1.2159895e-14
1.25034358e-14
1.1727811e-14
1.26676064e-14
1.22717575e-14
1.38678281e-14
1.2426763e-14
1.2528467e-14
1.25979154e-14
1.26057911e-14
1.50844779e-14
1.30391046e-14
1.52195795e-14
1.10147558e-14
1.54091128e-14
1.13553511e-14
1.22426732e-14
1.18311032e-14
1.24330868e-14
1.1993041e-14
7.27246687e-15
1.40550097e-14
1.08403433e-14
1.5192456e-14
1.13683807e-14
4.2072262e-15
6.78480012e-15
7.2481706e-15
7.32273317e-15
7.25417186e-15
7.3970202e-15
1.2114868e-14
1.54041544e-14
1.19754329e-14
1.55898755e-14
1.55455024e-14
1.15436747e-14
1.57294825e-14
1.22750855e-14
1.25782663e-14
1.22225191e-14
1.26867684e-14
1.25936815e-14
1.22302012e-14
1.24696511e-14
1.46039788e-14
1.55678679e-14
1.16810651e-14
1.4940385e-14
1.23553367e-14
1.26280317e-14
1.24645748e-14
1.38164918e-14
1.26967814e-14
1.35858409e-14
1.27832633e-14
1.19162717e-14
1.22569515e-14
1.20518408e-14
1.21315043e-14
1.18125782e-14
1.22803148e-14
1.19795437e-14
1.20102913e-14
1.1994504e-14
1.21144757e-14
1.17456938e-14
1.19316858e-14
1.18948515e-14
1.20081341e-14
1.26401053e-14
1.2316147e-14
1.27685953e-14
1.21174743e-14
1.30475867e-14
1.2156398e-14
1.32091031e-14
1.26244136e-14
1.27813294e-14
1.27026109e-14
1.37380321e-14
1.54945465e-14
1.37339229e-14
1.56088514e-14
1.46710194e-14
1.20119368e-14
1.50493506e-14
1.22915776e-14
1.21074732e-14
1.22502757e-14
1.21210498e-14
6.6242689e-15
1.1430873e-14
7.29384627e-15
1.18202865e-14
1.38996117e-14
1.18309902e-14
1.47443734e-14
1.04967438e-14
3.92011908e-15
1.10229624e-14
6.48461849e-15
3.97542756e-15
1.07284921e-14
6.57802397e-15
1.06015096e-14
1.10808617e-14
7.33913055e-15
1.1584538e-14
1.41081168e-14
1.18997061e-14
1.47875168e-14
1.19322338e-14
1.20497925e-14
1.49416637e-14
1.19600801e-14
1.21421029e-14
1.23489512e-14
1.21325917e-14
1.2266112e-14
1.28559921e-14
1.27315143e-14
1.29737654e-14
1.52321525e-14
1.41623433e-14
1.56638315e-14
1.4350179e-14
1.22309479e-14
1.26287379e-14
1.2334522e-14
1.29149793e-14
1.21607978e-14
1.26950672e-14
1.22618166e-14
1.18904625e-14
1.21169279e-14
1.20065722e-14
1.19048851e-14
1.179119e-14
1.199517e-14
1.19055722e-14
1.21403765e-14
1.20613924e-14
1.22593969e-14
1.18497594e-14
1.21426401e-14
1.19810236e-14
1.22699585e-14
1.26203617e-14
1.24570188e-14
1.26154804e-14
1.25407737e-14
1.42584037e-14
1.27664015e-14
1.35464223e-14
1.2385707e-14
1.25608637e-14
1.22364597e-14
1.57679786e-14
1.45452938e-14
1.52964476e-14
1.16567569e-14
1.1609575e-14
1.58443235e-14
1.21014102e-14
1.26029384e-14
1.21987774e-14
1.2743212e-14
1.24531128e-14
7.80355612e-15
1.54621356e-14
1.11579549e-14
1.58768848e-14
1.13612733e-14
7.18422206e-15
7.38681634e-15
7.34539415e-15
7.50541671e-15
7.52103002e-15
7.51909214e-15
1.18492187e-14
1.57371607e-14
1.1673399e-14
1.55088308e-14
1.60704676e-14
1.17325832e-14
1.5703735e-14
1.2261774e-14
1.27676062e-14
1.22356588e-14
1.2629521e-14
1.24914217e-14
1.25298775e-14
1.25721085e-14
1.17539485e-14
1.49265897e-14
1.48159409e-14
1.52445019e-14
1.2424363e-14
1.2650313e-14
1.22880823e-14
1.39287437e-14
1.26295163e-14
1.42476747e-14
1.24372222e-14
1.20500043e-14
1.20985921e-14
1.19257976e-14
1.22311167e-14
1.19788436e-14
1.20702057e-14
1.1863816e-14
1.21197401e-14
1.18812869e-14
1.20103986e-14
1.18901166e-14
1.20055778e-14
1.17846962e-14
1.19101171e-14
1.27690698e-14
1.2273649e-14
1.26449386e-14
1.22900668e-14
1.32109745e-14
1.22664635e-14
1.30552865e-14
1.26748512e-14
1.26382747e-14
1.25788876e-14
1.34628717e-14
1.55492622e-14
1.34660057e-14
1.53969349e-14
1.50079238e-14
1.18911356e-14
1.44268749e-14
1.22351235e-14
1.20943881e-14
1.22512144e-14
1.20143283e-14
7.1740329e-15
1.07922404e-14
6.81632674e-15
1.17968993e-14
1.46809895e-14
1.17718155e-14
1.42650672e-14
1.09513661e-14
6.52149796e-15
1.0811719e-14
3.98095112e-15
6.785359e-15
1.05789667e-14
4.27118653e-15
1.07035993e-14
1.15843991e-14
6.93471115e-15
1.10724467e-14
1.4816909e-14
1.1950947e-14
1.40492836e-14
1.19567808e-14
1.19801341e-14
1.45805953e-14
1.20146732e-14
1.21750745e-14
1.22812997e-14
1.21886158e-14
1.2356487e-14
1.29722026e-14
1.26032062e-14
1.28088201e-14
1.53360024e-14
1.43936343e-14
1.5431838e-14
1.40520456e-14
1.23746232e-14
1.25358075e-14
1.22976806e-14
1.27470834e-14
1.23647847e-14
1.26824071e-14
1.2364372e-14
1.20119457e-14
1.20271848e-14
1.19052068e-14
1.20260769e-14
1.19061228e-14
1.19142174e-14
1.18008724e-14
1.2251481e-14
1.19623533e-14
1.21465281e-14
1.19825947e-14
1.22381939e-14
1.18902962e-14
1.21414605e-14
1.25323072e-14
1.23719152e-14
1.25091296e-14
1.27739318e-14
1.32694946e-14
1.27722811e-14
1.38536405e-14
1.22575113e-14
1.26924761e-14
1.24570952e-14
1.5096649e-14
1.17064449e-14
1.59498745e-14
1.48096722e-14
1.16956377e-14
1.59062822e-14
1.15319121e-14
1.27034681e-14
1.22808696e-14
1.26525782e-14
1.2137056e-14
7.25666238e-15
1.56332398e-14
1.20418311e-14
1.54257326e-14
1.20515537e-14
7.48031356e-15
7.29398465e-15
7.07412687e-15
4.42485977e-15
7.42275374e-15
7.01529129e-15
1.14053982e-14
1.51586059e-14
1.11111567e-14
1.41716075e-14
1.542778e-14
1.11446588e-14
1.4736208e-14
1.2133803e-14
1.24744166e-14
1.19160522e-14
1.22538081e-14
1.25234903e-14
1.24247574e-14
1.24726067e-14
1.44805644e-14
1.27111059e-14
1.50446583e-14
1.34949563e-14
1.21604695e-14
1.22379657e-14
1.18801558e-14
1.39402834e-14
1.23462083e-14
1.24637085e-14
1.1513e-14
1.16889846e-14
1.17180313e-14
1.15296747e-14
1.17701062e-14
1.13901259e-14
1.0771266e-14
1.00871471e-14
1.17975852e-14
1.15247867e-14
1.16375035e-14
1.13859961e-14
1.1552503e-14
1.01080964e-14
1.07299986e-14
1.24365324e-14
1.17590176e-14
1.20541194e-14
1.20329255e-14
1.28659776e-14
1.13481499e-14
1.21762073e-14
1.24502728e-14
1.23680135e-14
1.24174965e-14
1.36182559e-14
1.49200364e-14
1.40670096e-14
1.53247758e-14
1.41552039e-14
1.52761555e-14
1.14475723e-14
1.24770559e-14
1.20374545e-14
1.2628064e-14
1.20622346e-14
4.27653576e-15
8.06963432e-15
1.46992507e-14
1.46188117e-14
1.44539354e-14
1.16211121e-14
8.88351421e-15
8.28694337e-15
8.75515263e-15
8.41165174e-15
1.14013363e-14
8.08760611e-15
1.37198106e-14
1.53031649e-14
1.10293847e-14
1.47579613e-14
1.49872998e-14
1.19923779e-14
1.50652979e-14
1.24184453e-14
1.25778375e-14
1.23854321e-14
1.26530659e-14
1.25592688e-14
1.23421686e-14
1.23524441e-14
1.47237048e-14
1.35702631e-14
1.48970809e-14
1.39850184e-14
1.20819684e-14
1.2080614e-14
1.17707895e-14
1.2615545e-14
1.20870234e-14
1.22869342e-14
1.14139195e-14
1.17125887e-14
1.16221687e-14
1.15934449e-14
1.16219463e-14
1.1430579e-14
1.0760188e-14
1.03483022e-14
1.1942192e-14
1.16674892e-14
1.17107335e-14
1.15254682e-14
1.18161701e-14
1.03750325e-14
1.08327254e-14
1.23996988e-14
1.18821873e-14
1.22300486e-14
1.2304003e-14
1.34733542e-14
1.16217912e-14
1.25122394e-14
1.24587149e-14
1.25972329e-14
1.23942962e-14
1.3720633e-14
1.45572073e-14
1.39308527e-14
1.49889962e-14
1.1436029e-14
1.47414795e-14
1.09417809e-14
1.24417409e-14
1.20038145e-14
1.22392209e-14
1.18758562e-14
6.952486e-15
1.50422771e-14
1.14761416e-14
1.4456074e-14
1.12669228e-14
6.73661382e-15
4.12028993e-15
4.36418997e-15
8.7389236e-15
1.36796777e-14
8.03959882e-15
1.08741942e-14
1.47308398e-14
7.94309045e-15
1.11415088e-14
1.47762591e-14
1.22351823e-14
1.44884831e-14
1.21356404e-14
1.23476209e-14
1.24857233e-14
1.24548879e-14
1.20267728e-14
1.44086803e-14
1.44663276e-14
1.48684257e-14
1.22530006e-14
1.21476088e-14
1.2090689e-14
1.5060749e-14
1.35807968e-14
1.25925854e-14
1.22362064e-14
1.17743743e-14
1.50864127e-14
1.44584851e-14
1.14323446e-14
1.01079634e-14
1.01526145e-14
6.68104694e-15
1.44431592e-14
1.56774394e-14
1.2587582e-14
9.36508493e-15
7.03808333e-15
4.05673997e-15
1.43697933e-14
1.24494596e-14
1.51947224e-14
6.8364827e-15
8.86765291e-15
4.03277356e-15
1.17696677e-14
1.43715812e-14
1.43564334e-14
9.82501379e-15
1.11562104e-14
6.52337645e-15
9.18193481e-15
1.23419526e-14
1.19870576e-14
1.23378368e-14
1.30741858e-14
1.32589565e-14
1.0702102e-14
1.29576502e-14
1.24698358e-14
1.23935488e-14
1.25105525e-14
1.48246159e-14
1.49421547e-14
1.27519267e-14
1.48158973e-14
1.13568491e-14
1.52549687e-14
1.10345772e-14
1.24977701e-14
1.21218951e-14
1.24541033e-14
1.46994486e-14
4.16743548e-15
1.50986827e-14
1.12074786e-14
1.44767486e-14
1.07950187e-14
6.93402059e-15
4.02501327e-15
6.81893807e-15
4.04727383e-15
7.05114995e-15
4.46757308e-15
1.10821737e-14
1.51163881e-14
1.04007692e-14
1.52118474e-14
1.51344341e-14
1.11891795e-14
1.49516491e-14
1.2263265e-14
1.25310278e-14
1.48405196e-14
1.24125508e-14
1.25430922e-14
1.24666813e-14
1.2420444e-14
1.48327719e-14
1.51987308e-14
1.44372394e-14
1.29182638e-14
1.20136436e-14
1.20958526e-14
1.18544616e-14
1.30322054e-14
1.29101433e-14
1.25469084e-14
1.07228564e-14
1.15529968e-14
1.43903864e-14
1.42168602e-14
1.12503829e-14
9.8281193e-15
9.29659802e-15
6.12294729e-15
1.44300894e-14
1.5403322e-14
1.24325809e-14
8.91201973e-15
6.56063019e-15
3.83999445e-15
1.44125899e-14
1.27357944e-14
1.56034212e-14
6.65997089e-15
8.98798474e-15
3.80403638e-15
1.19443421e-14
1.44295563e-14
1.47714222e-14
9.93596503e-15
1.13932769e-14
6.16751172e-15
9.83059673e-15
1.22817404e-14
1.20522273e-14
1.22690953e-14
1.35045484e-14
1.51489984e-14
1.20786904e-14
1.31595028e-14
1.23476783e-14
1.24851089e-14
1.256322e-14
1.42072397e-14
1.19807836e-14
1.52296458e-14
1.48067599e-14
1.10698878e-14
1.1367965e-14
8.01934737e-15
1.2208492e-14
1.45935349e-14
1.22304795e-14
1.44803888e-14
1.39433553e-14
8.94941895e-15
1.10103711e-14
7.92615513e-15
4.38773956e-15
1.08511252e-14
5.25893883e-15
1.0766647e-14
4.98137933e-15
1.41617138e-14
1.45588406e-14
1.08885645e-14
1.36782865e-14
1.47932049e-14
1.11735408e-14
1.41818175e-14
1.23733664e-14
1.28025272e-14
1.51726147e-14
1.29240161e-14
1.25033152e-14
1.25845788e-14
1.54951527e-14
1.44225551e-14
1.30018381e-14
1.26403325e-14
1.16048952e-14
1.44862993e-14
1.48686748e-14
1.48062175e-14
1.16415459e-14
9.39361476e-15
7.11509077e-15
4.06197167e-15
1.22568233e-14
1.26134883e-14
1.21892672e-14
4.22719111e-15
1.3291422e-14
1.10897841e-14
1.06760969e-14
1.34640813e-14
1.06395938e-14
1.09782951e-14
1.50645274e-14
1.20813581e-14
1.25554865e-14
3.94170494e-15
1.5251525e-14
1.19705534e-14
1.44132294e-14
6.94696446e-15
1.05666381e-14
4.35864311e-15
1.23250326e-14
1.46220372e-14
1.22646191e-14
1.23630769e-14
1.48519907e-14
1.05287593e-14
1.14181531e-14
1.2591048e-14
1.2476557e-14
1.26097924e-14
1.45401805e-14
1.23134807e-14
1.42144734e-14
1.45515301e-14
1.39007711e-14
1.45863726e-14
1.39512819e-14
1.25623874e-14
1.22373376e-14
1.27247479e-14
1.22370912e-14
7.50172394e-15
1.05573376e-14
4.18553922e-15
1.20726133e-14
1.40663699e-14
1.42397465e-14
1.39222058e-14
1.17775083e-14
5.38462376e-15
8.4150015e-15
5.13607966e-15
1.20092824e-14
8.31210487e-15
1.17594842e-14
4.28882407e-15
1.07296924e-14
1.36852768e-14
1.21696274e-14
1.37739751e-14
1.42981807e-14
1.20735257e-14
1.40515049e-14
1.44918513e-14
1.23956856e-14
1.25500532e-14
1.22543919e-14
1.26931555e-14
1.24264915e-14
1.2582681e-14
1.23381846e-14
1.23038018e-14
1.45408054e-14
1.4566578e-14
1.3794804e-14
1.22703023e-14
1.21190063e-14
1.46516442e-14
1.50398584e-14
1.27445173e-14
1.13000626e-14
1.0546624e-14
1.46179087e-14
1.46709092e-14
1.28345935e-14
1.03403229e-14
6.67604696e-15
4.4049837e-15
1.28134641e-14
1.27445035e-14
1.2039765e-14
3.77771156e-15
1.33039747e-14
1.0961101e-14
1.07541941e-14
1.33275924e-14
1.0787837e-14
1.11169017e-14
1.50680255e-14
1.23745247e-14
1.20881629e-14
4.38560045e-15
1.2044282e-14
1.45411599e-14
1.4419313e-14
9.50979829e-15
1.16878992e-14
3.89884749e-15
6.64824365e-15
1.25698078e-14
1.49766534e-14
1.25707962e-14
1.26978599e-14
1.49222053e-14
1.11323557e-14
1.26800292e-14
1.41346211e-14
1.42285692e-14
1.13897747e-14
1.27074468e-14
1.23913812e-14
1.2882394e-14
1.52527179e-14
4.38422761e-15
4.94510747e-15
1.47616439e-14
1.44179929e-14
1.42530793e-14
1.13900287e-14
1.07178348e-14
4.19779074e-15
5.26563306e-15
5.53067624e-15
1.14671254e-14
5.36877392e-15
1.19846175e-14
5.35258005e-15
1.46484324e-14
1.5817743e-14
1.12428072e-14
1.43310681e-14
1.61413592e-14
1.13016252e-14
1.5031523e-14
1.32553356e-14
1.38247739e-14
1.55824221e-14
1.38049612e-14
1.26300076e-14
1.60492365e-14
1.41090155e-14
1.50537991e-14
1.23431164e-14
1.24784649e-14
8.28940357e-15
1.44049947e-14
1.38485781e-14
1.12493947e-14
1.08225181e-14
4.56171747e-15
4.38381847e-15
1.16731977e-14
8.92296879e-15
7.19376706e-15
7.54638494e-15
4.16004486e-15
6.94542258e-15
7.23537186e-15
8.06561904e-15
1.17411989e-14
4.15685181e-15
7.83898607e-15
1.47544836e-14
8.84029762e-15
1.19392336e-14
4.41420213e-15
7.97819121e-15
1.25924642e-14
1.47205176e-14
1.48937101e-14
1.13056264e-14
1.30552843e-14
4.87950874e-15
7.76019935e-15
1.33519414e-14
1.6140834e-14
1.35832504e-14
1.41476855e-14
1.25242e-14
1.36211985e-14
1.38962413e-14
1.08025838e-14
8.40127271e-15
4.99558278e-15
1.29558479e-14
1.48953837e-14
1.49035021e-14
1.53230056e-14
1.36146882e-14
1.07643685e-14
7.83623953e-15
5.12366515e-15
4.98412359e-15
4.75380885e-15
4.92489977e-15
1.07464781e-14
1.33573862e-14
5.25548189e-15
7.95562939e-15
1.38303295e-14
5.14629595e-15
8.56245961e-15
1.45860479e-14
1.29641591e-14
1.46391301e-14
1.54800966e-14
1.28414829e-14
1.34470122e-14
1.60543314e-14
1.22747512e-14
1.40606884e-14
1.38261145e-14
1.36413063e-14
1.54176259e-14
1.47753642e-14
1.52684896e-14
1.3153013e-14
1.14382444e-14
7.74313035e-15
5.39348394e-15
1.45381712e-14
1.20958031e-14
9.26729604e-15
7.9776724e-15
4.44761679e-15
1.11652245e-14
7.95795997e-15
4.27996869e-15
7.56276123e-15
6.94513772e-15
7.33891702e-15
1.10708839e-14
4.3336808e-15
1.26304218e-14
7.2539921e-15
8.35957213e-15
1.50394466e-14
1.10186624e-14
1.41928713e-14
4.58465738e-15
1.08872064e-14
4.41308765e-15
1.29117212e-14
1.44487157e-14
1.54551241e-14
1.21375047e-14
1.47979454e-14
8.01904869e-15
1.16390489e-14
1.50176308e-14
1.44538584e-14
1.16178212e-14
1.36563131e-14
1.32867279e-14
1.35592818e-14
1.58096563e-14
5.59035097e-15
5.55463681e-15
1.55001402e-14
1.46795223e-14
1.43856629e-14
1.1425995e-14
1.17256343e-14
5.22688726e-15
5.71390507e-15
5.41753622e-15
8.49199071e-15
8.68448167e-15
1.49456896e-14
1.531342e-14
4.64915528e-15
7.4198605e-15
1.46029252e-14
4.61257317e-15
7.07388129e-15
1.64004571e-14
1.61639285e-14
9.36086236e-15
9.40548288e-15
1.666748e-14
9.1873288e-15
9.59653944e-15
1.43126501e-14
1.54243951e-14
6.62292938e-15
4.51280256e-15
1.47596395e-14
7.32549334e-15
6.70318279e-15
8.95530362e-15
8.56258693e-15
7.9818766e-15
4.17716872e-15
5.12866705e-15
5.24900869e-15
5.44900076e-15
9.05486303e-15
1.49470041e-14
4.3274202e-15
6.89599428e-15
5.12430594e-15
8.059002e-15
1.58348018e-14
9.64075816e-15
9.17104823e-15
1.45085715e-14
1.47955546e-14
4.61725434e-15
7.02157969e-15
1.52508036e-14
6.81307418e-15
4.20512967e-15
1.64235638e-14
1.67693241e-14
9.43883858e-15
1.01571239e-14
5.86142489e-15
1.56176483e-14
1.53606417e-14
7.88079702e-15
4.20611796e-15
8.57840354e-15
5.8232326e-15
5.59297874e-15
8.75784892e-15
8.84687614e-15
1.56184167e-14
1.52758836e-14
4.38215601e-15
6.87292452e-15
1.5299175e-14
4.64099895e-15
7.3433952e-15
1.63710445e-14
1.63860153e-14
9.4285727e-15
9.78461975e-15
1.62125093e-14
9.3195785e-15
9.25768107e-15
1.46114988e-14
1.51302417e-14
7.37054711e-15
4.62124699e-15
1.57627875e-14
6.64734806e-15
4.36768012e-15
8.53547551e-15
5.63287238e-15
8.97672019e-15
8.14897931e-15
1.49586726e-14
4.50962924e-15
5.37928798e-15
1.57972938e-14
6.81596642e-15
7.23937266e-15
9.1036893e-15
9.44451989e-15
1.60858231e-14
9.23442259e-15
9.56342977e-15
1.52377426e-14
1.48311749e-14
4.26888977e-15
6.69754497e-15
1.47943915e-14
7.31874823e-15
4.75539577e-15
1.55336329e-14
1.62453556e-14
8.9306757e-15
9.37259633e-15
5.12834332e-15
1.47368306e-14
1.48642954e-14
7.22695075e-15
4.63172944e-15
8.36673573e-15
5.24090531e-15
4.82753667e-15
8.01598875e-15
5.3666512e-15
8.82511375e-15
4.61145863e-15
7.09163809e-15
1.38291063e-14
1.45785598e-14
7.19307919e-15
1.52698353e-14
1.50175626e-14
8.97406277e-15
9.33514529e-15
1.58321434e-14
1.57989704e-14
9.40003695e-15
1.59212325e-14
1.60582068e-14
6.95469284e-15
4.44823222e-15
1.49254991e-14
1.43673064e-14
4.28486668e-15
1.45676958e-14
1.52190679e-14
8.02292936e-15
5.63315893e-15
8.36310513e-15
5.42058305e-15
5.33163668e-15
8.20689152e-15
6.1112517e-15
1.43894823e-14
1.4098616e-14
5.13530249e-15
7.89490083e-15
1.0875569e-14
1.62951233e-14
1.69679562e-14
3.90729655e-15
6.32643476e-15
1.41356254e-14
1.43017107e-14
4.42031605e-15
1.58592112e-14
1.52592769e-14
9.53552968e-15
9.474327e-15
1.61296809e-14
1.64144625e-14
8.72558141e-15
6.14293462e-15
6.92993442e-15
4.08725784e-15
1.54315868e-14
1.48871978e-14
7.98201087e-15
5.50475757e-15
5.65862003e-15
8.56803103e-15
5.42907702e-15
8.60050158e-15
4.3944367e-15
6.76251821e-15
1.60025014e-14
1.53471312e-14
7.65898242e-15
1.55577657e-14
1.50122854e-14
8.95383147e-15
9.66885024e-15
1.60337329e-14
1.62055303e-14
9.16471405e-15
1.64833441e-14
1.61382641e-14
7.67386229e-15
4.63446697e-15
1.50975163e-14
1.50958514e-14
4.51381031e-15
1.43855779e-14
1.39769177e-14
8.47962706e-15
4.84368838e-15
8.87088518e-15
5.2902704e-15
5.52929135e-15
8.55785083e-15
7.11458311e-15
1.51577105e-14
1.49696067e-14
5.47470085e-15
8.51501197e-15
9.20758419e-15
1.5889438e-14
1.60589621e-14
4.35536723e-15
6.62597263e-15
1.48608341e-14
1.42614665e-14
4.66847339e-15
1.48798216e-14
1.45252988e-14
9.4783378e-15
9.68470513e-15
1.62202859e-14
1.64192961e-14
8.07961677e-15
5.27795115e-15
7.28513315e-15
4.75145831e-15
1.45543448e-14
1.53109393e-14
8.4886176e-15
5.4860414e-15
5.14885306e-15
8.91998326e-15
1.21790157e-14
5.35236843e-15
5.17057256e-15
1.17658572e-14
1.10331816e-14
1.41221012e-14
1.50172961e-14
1.55974448e-14
1.47931192e-14
1.44435615e-14
1.54880203e-14
1.51229382e-14
1.34061118e-14
1.29280562e-14
1.33950848e-14
1.47673076e-14
1.27221945e-14
1.4712765e-14
7.96211773e-15
4.83674213e-15
1.40070925e-14
1.10084607e-14
5.09780182e-15
1.37591336e-14
1.08192067e-14
4.4118965e-15
5.23898816e-15
4.56676673e-15
8.03199984e-15
1.03734679e-14
1.19775159e-14
1.45229827e-14
1.44064146e-14
1.53837612e-14
5.35504759e-15
5.13603899e-15
1.17715534e-14
1.31263505e-14
1.28343845e-14
1.31534685e-14
1.09567271e-14
1.38457686e-14
1.41792957e-14
1.50479959e-14
4.57619003e-15
1.34715674e-14
1.03066401e-14
1.34913953e-14
1.36525018e-14
1.22419688e-14
1.37554898e-14
4.3550521e-15
5.20325149e-15
1.34199192e-14
5.78369383e-15
4.22424517e-15
5.1260213e-15
5.22204204e-15
1.25619734e-14
8.09140702e-15
1.0447252e-14
1.36103741e-14
1.33293855e-14
1.4510072e-14
1.35719942e-14
1.24681163e-14
1.52984608e-14
1.33586608e-14
1.30320655e-14
1.47086459e-14
1.13045248e-14
1.54388712e-14
1.4517441e-14
1.18817064e-14
1.58257438e-14
1.56410447e-14
5.43175623e-15
1.19414897e-14
5.5212414e-15
4.39448083e-15
1.19443438e-14
1.0417317e-14
4.41621165e-15
5.15630572e-15
8.1521651e-15
1.10564754e-14
1.36590671e-14
4.69053104e-15
1.47384181e-14
1.46751957e-14
1.27408931e-14
4.99937412e-15
8.35356144e-15
1.12704544e-14
1.38720485e-14
1.11472243e-14
1.54681754e-14
1.42171828e-14
1.34110675e-14
1.5384246e-14
1.33517192e-14
1.28682408e-14
1.15190106e-14
5.42835201e-15
1.38886632e-14
1.13080559e-14
1.53622999e-14
1.46056946e-14
5.19008863e-15
1.13921238e-14
8.70556452e-15
4.5593422e-15
8.15546461e-15
1.30000394e-14
1.44962779e-14
1.2720065e-14
1.50436583e-14
1.46214924e-14
1.38022829e-14
1.428653e-14
1.48931439e-14
1.28479229e-14
1.23080108e-14
1.25250523e-14
1.25236523e-14
1.29203713e-14
1.28411728e-14
1.39328304e-14
1.20555898e-14
1.54075212e-14
1.60186603e-14
1.45862361e-14
1.23098741e-14
1.41973277e-14
1.06921404e-14
4.35952711e-15
1.18635262e-14
7.54767274e-15
5.25347402e-15
1.20176275e-14
1.16248679e-14
4.8119175e-15
4.24554788e-15
1.07696933e-14
1.04215624e-14
1.21745585e-14
1.53731956e-14
1.46036811e-14
1.48896515e-14
5.11327651e-15
4.46424522e-15
1.10832339e-14
1.28298101e-14
1.24811631e-14
1.26207438e-14
1.14175257e-14
1.44755091e-14
1.45968091e-14
1.44726898e-14
1.2205651e-14
1.49779814e-14
1.47926961e-14
1.27640618e-14
1.24474305e-14
1.27596201e-14
1.26772365e-14
1.14828679e-14
5.02472514e-15
1.39267116e-14
1.10212792e-14
1.53393058e-14
1.46669529e-14
4.98902151e-15
1.08748465e-14
4.26691822e-15
5.12887899e-15
4.58627359e-15
1.14022512e-14
7.71722312e-15
5.07745383e-15
1.17248673e-14
1.08005953e-14
1.3526619e-14
1.5127379e-14
1.52915916e-14
1.51413902e-14
1.4712161e-14
1.51259798e-14
1.21472919e-14
1.28317089e-14
1.2560535e-14
1.27871809e-14
1.53441e-14
1.25176266e-14
1.22987945e-14
1.42417662e-14
1.11911221e-14
1.42624167e-14
1.40877672e-14
1.23349213e-14
1.47005124e-14
1.4695191e-14
4.83722068e-15
1.07317834e-14
4.27543772e-15
4.33626605e-15
1.24250917e-14
1.04756643e-14
4.26957424e-15
4.49965433e-15
1.13820396e-14
1.1239565e-14
1.21059461e-14
1.44054706e-14
1.48061328e-14
1.22772017e-14
4.3028072e-15
1.04103533e-14
8.20774843e-15
1.17973424e-14
1.28113202e-14
1.25845138e-14
1.30805505e-14
1.15129981e-14
1.46256479e-14
1.5077682e-14
1.60593021e-14
1.11678479e-14
1.4491048e-14
1.37760434e-14
1.28013466e-14
1.49934644e-14
1.25699713e-14
1.23250587e-14
7.76556799e-15
1.49911213e-14
1.24620702e-14
1.51217248e-14
1.30061247e-14
1.20558888e-14
1.18169846e-14
1.14068455e-14
1.53984813e-14
1.59109664e-14
1.1421756e-14
1.20012111e-14
1.54059193e-14
1.2367342e-14
1.22803015e-14
1.4432538e-14
1.17143516e-14
1.41981079e-14
1.18265446e-14
1.20003928e-14
1.45562589e-14
1.47872937e-14
4.68488107e-15
1.03066652e-14
4.09536788e-15
4.34891525e-15
1.23630059e-14
9.20750565e-15
3.83755916e-15
7.01816628e-15
4.24081276e-15
1.04772477e-14
1.52328754e-14
1.19888775e-14
1.50304861e-14
4.24365257e-15
7.05501559e-15
1.22317103e-14
1.19769779e-14
1.21912969e-14
1.00613103e-14
1.16912412e-14
1.13568795e-14
1.4831561e-14
8.11538528e-15
1.43741155e-14
1.07386747e-14
1.25283442e-14
1.49384888e-14
1.24584111e-14
1.5037695e-14
4.20543462e-15
1.16662302e-14
8.23132377e-15
1.47840393e-14
1.16076858e-14
4.33757587e-15
4.45877775e-15
4.31800327e-15
7.7878474e-15
1.10141037e-14
1.14263805e-14
1.43444852e-14
1.34106478e-14
1.09515523e-14
1.44016937e-14
1.50726657e-14
1.23804763e-14
1.5257095e-14
1.24525742e-14
1.43179266e-14
1.20752472e-14
1.19540071e-14
1.14609742e-14
9.85219198e-15
1.45665546e-14
1.14254254e-14
1.19072194e-14
1.529485e-14
1.26732021e-14
4.03327399e-15
6.87660163e-15
1.03318886e-14
4.20384185e-15
3.78014978e-15
1.05621259e-14
9.40773955e-15
1.21605367e-14
1.49075455e-14
1.47612898e-14
1.46261244e-14
4.80042769e-15
4.27687763e-15
1.0276262e-14
1.23851924e-14
1.21896954e-14
1.24118586e-14
1.20215355e-14
1.46312499e-14
1.16805762e-14
1.44766503e-14
8.15577518e-15
1.23774668e-14
1.25153345e-14
1.57056179e-14
1.62532703e-14
1.2316843e-14
1.18335481e-14
1.5353353e-14
1.33569781e-14
1.55508446e-14
1.18391265e-14
1.23131925e-14
1.18664994e-14
1.23832574e-14
1.22389512e-14
1.22808969e-14
1.21876371e-14
1.47603878e-14
1.50016047e-14
1.18536864e-14
1.46595689e-14
1.50606652e-14
1.20429456e-14
1.56145494e-14
1.11591119e-14
6.58593342e-15
1.14557787e-14
7.20979653e-15
1.01694318e-14
1.30146981e-14
1.08887551e-14
6.52222916e-15
3.78690725e-15
5.98916684e-15
1.19971852e-14
9.87854635e-15
1.30384213e-14
1.54023671e-14
1.53817642e-14
1.48904803e-14
7.63426019e-15
3.91927364e-15
9.8322489e-15
1.23431871e-14
1.20983579e-14
1.24774061e-14
1.16789836e-14
1.49370798e-14
1.21424748e-14
1.55072744e-14
1.12096295e-14
1.52424715e-14
1.17612522e-14
1.25629013e-14
1.21685749e-14
1.26675043e-14
1.23346799e-14
8.53991003e-15
1.49901986e-14
1.09064473e-14
1.56168975e-14
1.1292329e-14
7.08824934e-15
7.72196119e-15
7.01095278e-15
7.73995457e-15
7.23937269e-15
8.29024135e-15
1.11293522e-14
1.49436326e-14
1.2111019e-14
1.5504536e-14
1.50521201e-14
1.15119285e-14
1.53759851e-14
1.21469029e-14
1.2435914e-14
1.2229916e-14
1.26297396e-14
1.21038378e-14
1.23698657e-14
1.21199118e-14
1.49134664e-14
1.18859332e-14
1.52719748e-14
1.24068146e-14
1.26991443e-14
1.48084256e-14
1.52882695e-14
7.26807316e-15
9.93093028e-15
3.9027918e-15
8.9136011e-15
1.30061134e-14
9.85860647e-15
5.8667934e-15
6.29302915e-15
7.00638929e-15
1.30026124e-14
1.13344748e-14
1.30631948e-14
1.19969789e-14
1.54681066e-14
1.21270603e-14
6.8622052e-15
1.12485959e-14
7.16584468e-15
1.17796337e-14
1.23404629e-14
1.2128278e-14
1.22075526e-14
1.4525329e-14
1.47053969e-14
1.45388554e-14
1.17924728e-14
1.32552373e-14
1.55561789e-14
1.34055659e-14
1.23382682e-14
1.16369383e-14
1.2346822e-14
1.18274511e-14
1.61102954e-14
1.34582443e-14
1.61979925e-14
1.20183591e-14
1.25325176e-14
1.20691367e-14
1.25900312e-14
1.22823537e-14
1.23842227e-14
1.24357436e-14
1.19312968e-14
1.51225891e-14
1.21077502e-14
1.5692602e-14
1.48721872e-14
1.21742953e-14
1.48726973e-14
1.17647728e-14
7.35800966e-15
1.24060517e-14
9.56306822e-15
1.23032321e-14
1.50846429e-14
1.27142838e-14
3.96302649e-15
3.77488255e-15
9.86223078e-15
6.01590216e-15
6.49479936e-15
6.60999201e-15
1.28848891e-14
1.04265068e-14
1.31119922e-14
1.18565144e-14
1.54981098e-14
1.17475762e-14
6.48932793e-15
1.08945078e-14
7.2265095e-15
1.11891853e-14
1.26126544e-14
1.19035405e-14
1.25260994e-14
1.19500414e-14
1.54950599e-14
1.39253522e-14
1.53058556e-14
1.4025811e-14
1.15919811e-14
1.35685002e-14
1.24354491e-14
1.22646365e-14
1.21265667e-14
1.19390564e-14
1.02085777e-14
3.45948593e-15
1.51763447e-14
1.15823155e-14
1.46150402e-14
1.34675601e-14
8.54774801e-15
8.96291291e-15
8.65910429e-15
8.97550284e-15
8.97427702e-15
3.60212159e-15
1.05922799e-14
1.11630953e-14
1.5096448e-14
1.30365215e-14
1.50226643e-14
1.47751681e-14
1.37310866e-14
1.15083988e-14
1.21409285e-14
1.24216866e-14
1.20421068e-14
1.21267251e-14
1.2008557e-14
1.24566535e-14
1.20262954e-14
1.44705031e-14
1.21354349e-14
1.49122382e-14
1.45517815e-14
1.5024961e-14
1.17352357e-14
1.52662921e-14
1.07816217e-14
6.46748191e-15
1.12830806e-14
6.96279802e-15
1.02729037e-14
1.32386444e-14
1.05224387e-14
6.66158149e-15
9.33366274e-15
6.02932997e-15
9.68702236e-15
1.27427046e-14
1.2639067e-14
1.50439911e-14
3.56392656e-15
1.22798067e-14
1.4737462e-14
1.21718184e-14
7.47160376e-15
1.23167287e-14
9.32027794e-15
1.24753041e-14
1.2236413e-14
1.24139117e-14
1.23299413e-14
1.50737764e-14
1.18058741e-14
1.56535419e-14
1.19997445e-14
1.34762674e-14
1.61853102e-14
1.34364675e-14
1.24581839e-14
1.1976276e-14
1.25677009e-14
1.20382053e-14
1.62233173e-14
1.30409723e-14
1.60995266e-14
1.20766734e-14
1.25878769e-14
1.18491775e-14
1.24824326e-14
1.23948679e-14
1.23236919e-14
1.23399694e-14
1.21222967e-14
1.54858389e-14
1.19812847e-14
1.52971964e-14
1.4679441e-14
1.21696086e-14
1.50760613e-14
1.22424043e-14
9.53423258e-15
1.19179094e-14
7.56727958e-15
1.27187005e-14
1.29280253e-14
1.21718324e-14
3.88528004e-15
6.03687398e-15
9.8439807e-15
3.95659612e-15
6.66847207e-15
6.50542592e-15
1.35058441e-14
1.03347448e-14
1.32360472e-14
1.17294109e-14
1.4958846e-14
1.19226186e-14
7.08650611e-15
1.11548032e-14
6.67506289e-15
1.09618118e-14
1.25398605e-14
1.22436086e-14
1.24458371e-14
1.44506003e-14
1.51728037e-14
1.25852426e-14
1.47550775e-14
1.35249302e-14
1.48512994e-14
1.33933521e-14
1.21149019e-14
1.19157094e-14
1.23906432e-14
1.19786248e-14
3.53873316e-15
8.71986384e-15
1.46968556e-14
1.34765848e-14
1.47818447e-14
1.13865499e-14
8.70517729e-15
8.51751479e-15
8.60888888e-15
8.22334987e-15
9.81352311e-15
8.48650476e-15
1.40718713e-14
1.4556033e-14
1.20386662e-14
1.47143015e-14
1.14422607e-14
1.37272345e-14
1.47520923e-14
1.18970329e-14
1.20871162e-14
1.20771347e-14
1.24137917e-14
1.20824081e-14
1.25740953e-14
1.22724328e-14
1.49544505e-14
1.45443543e-14
1.51683159e-14
1.26427399e-14
1.54082149e-14
1.1969386e-14
1.50016929e-14
1.13234244e-14
7.14660944e-15
1.10300152e-14
6.94381593e-15
1.03594847e-14
1.28588648e-14
1.01493142e-14
6.45910958e-15
9.74623142e-15
3.94348955e-15
9.4936158e-15
1.46152886e-14
1.23336942e-14
1.25452448e-14
3.54363254e-15
1.21413233e-14
1.54088788e-14
1.23017721e-14
9.38832163e-15
1.22972955e-14
7.64618069e-15
1.22101757e-14
1.23733481e-14
1.23237777e-14
1.23223971e-14
1.54882407e-14
1.21414585e-14
1.5208896e-14
1.20052298e-14
1.34036547e-14
1.59811952e-14
1.31341635e-14
1.26089361e-14
1.20246703e-14
1.2456979e-14
1.18718734e-14
1.56157238e-14
1.35230752e-14
1.59042417e-14
1.17687987e-14
1.23718384e-14
1.17243747e-14
1.24548637e-14
1.21999995e-14
1.23497675e-14
1.22414592e-14
1.17988255e-14
1.46560386e-14
1.43856516e-14
1.48897601e-14
1.5573371e-14
1.20436277e-14
1.50293339e-14
1.15203023e-14
7.23788022e-15
1.13797596e-14
6.61516031e-15
1.09388965e-14
1.29654204e-14
1.01804036e-14
6.27802047e-15
5.88244774e-15
3.61331195e-15
1.28770376e-14
8.8690599e-15
1.17506463e-14
1.52340607e-14
1.19625005e-14
1.47629039e-14
4.4233046e-15
1.03314723e-14
7.51734221e-15
1.23648905e-14
1.21688536e-14
1.23446187e-14
1.27568447e-14
1.50676731e-14
1.19597485e-14
1.50428173e-14
1.14035973e-14
1.5583429e-14
1.15501791e-14
1.26490543e-14
1.22184456e-14
1.25850753e-14
1.22416825e-14
7.13953766e-15
1.56312849e-14
1.17581493e-14
1.48401774e-14
1.14238832e-14
8.23232617e-15
7.5116535e-15
7.51310836e-15
6.96530904e-15
8.61513129e-15
7.0877204e-15
1.1614118e-14
1.5490719e-14
1.14097204e-14
1.485788e-14
1.49669837e-14
1.12268242e-14
1.53099214e-14
1.22003485e-14
1.25770559e-14
1.21699235e-14
1.25055716e-14
1.23522472e-14
1.22622524e-14
1.21543289e-14
1.53361213e-14
1.26119988e-14
1.47346713e-14
1.18188452e-14
1.46752399e-14
1.50447639e-14
1.22589325e-14
1.02861793e-14
4.32761419e-15
7.39432905e-15
9.95786906e-15
1.16929114e-14
9.15864526e-15
3.66590972e-15
6.70402318e-15
6.17541511e-15
1.34183762e-14
1.01132617e-14
1.29947496e-14
1.20914468e-14
1.48371154e-14
1.19210191e-14
7.25602072e-15
1.15724159e-14
6.54138619e-15
1.12077488e-14
1.22881542e-14
1.20915348e-14
1.24538434e-14
1.45534965e-14
1.18813238e-14
1.46423827e-14
1.49248661e-14
1.33181529e-14
1.50418348e-14
1.37492763e-14
1.23087832e-14
1.17786625e-14
1.2216302e-14
1.16909997e-14
1.25926465e-14
7.92602027e-15
1.19631765e-14
1.16753592e-14
1.23507747e-14
1.54652001e-14
1.58850198e-14
1.23903841e-14
1.23440518e-14
1.51635631e-14
1.4318958e-14
1.21427364e-14
1.45320609e-14
1.18470308e-14
1.45281538e-14
1.4805398e-14
1.16086477e-14
1.04834587e-14
4.100047e-15
4.65516348e-15
9.00321738e-15
1.04461588e-14
4.40888918e-15
1.04453477e-14
7.44711573e-15
1.52566297e-14
1.16747945e-14
1.50296476e-14
6.79747683e-15
4.07056986e-15
1.2240161e-14
1.44509641e-14
1.21700173e-14
1.15331814e-14
1.5033429e-14
9.94786752e-15
1.15967133e-14
1.12748849e-14
1.32037862e-14
8.31976269e-15
1.24465835e-14
1.51736941e-14
1.21949264e-14
1.46538155e-14
1.39104673e-14
1.14965903e-14
1.0976959e-14
7.8681406e-15
4.49122244e-15
4.34491393e-15
4.29025326e-15
1.16989819e-14
1.41094882e-14
8.22961188e-15
1.0938159e-14
1.43031842e-14
8.30327457e-15
1.32321558e-14
1.5308297e-14
1.24140586e-14
1.49440919e-14
1.22264013e-14
1.19776988e-14
1.21607254e-14
1.44790243e-14
1.47461906e-14
1.13313403e-14
1.14121296e-14
1.00613452e-14
1.25079876e-14
1.49225282e-14
1.14290286e-14
6.87454367e-15
4.11514914e-15
4.41094328e-15
6.88970576e-15
3.75297107e-15
1.21165564e-14
4.23607097e-15
1.05923733e-14
1.47466685e-14
1.17813551e-14
1.51494873e-14
4.10450682e-15
1.04750691e-14
4.79327953e-15
1.24393817e-14
1.55245367e-14
1.25293944e-14
1.13452116e-14
1.43170073e-14
1.17629771e-14
1.4950839e-14
1.23172472e-14
1.25035549e-14
7.77259415e-15
1.22437039e-14
1.15368659e-14
1.61669797e-14
1.48448711e-14
8.13535398e-15
4.90754349e-15
1.25622759e-14
1.50445412e-14
1.24254877e-14
1.50190678e-14
1.44957583e-14
1.07557463e-14
1.41644662e-14
1.2233818e-14
1.25177439e-14
1.48813167e-14
1.26418452e-14
1.26570745e-14
1.29437042e-14
1.25058645e-14
1.57171471e-14
1.52693369e-14
1.49780143e-14
1.21595071e-14
1.49925045e-14
1.45511839e-14
1.45042225e-14
1.15230468e-14
8.13134603e-15
1.04243059e-14
4.35616416e-15
1.11026057e-14
1.11638636e-14
4.91412109e-15
4.34580555e-15
1.23981867e-14
4.54792826e-15
1.06450006e-14
1.48931661e-14
1.21416513e-14
1.420002e-14
4.47022946e-15
1.09336829e-14
4.73402763e-15
1.25437392e-14
1.49423814e-14
1.27022905e-14
1.40895063e-14
1.44563402e-14
1.07612251e-14
1.38875653e-14
1.44072635e-14
1.48839474e-14
1.1111523e-14
1.29095283e-14
1.24390206e-14
1.28792842e-14
1.21371506e-14
4.88393262e-15
7.71639017e-15
1.49307674e-14
1.44666978e-14
1.36957471e-14
1.01904744e-14
1.13007172e-14
4.47580056e-15
5.03035881e-15
4.82768766e-15
1.14436655e-14
5.04677733e-15
1.10159535e-14
7.74532061e-15
1.54737801e-14
1.48694399e-14
1.16018851e-14
1.40022365e-14
1.57480372e-14
1.03607773e-14
1.4430826e-14
1.21824477e-14
1.2845916e-14
1.18993699e-14
1.26747254e-14
1.23370021e-14
1.30082816e-14
1.52749504e-14
1.46898972e-14
1.40186597e-14
1.4877852e-14
1.1172227e-14
1.47815207e-14
1.42089943e-14
1.16088275e-14
1.14367059e-14
4.671948e-15
5.17597468e-15
1.05106189e-14
1.09461014e-14
4.41574273e-15
4.57213616e-15
1.1965461e-14
4.80343361e-15
1.12913435e-14
1.22892859e-14
1.44655498e-14
1.45490652e-14
7.83211258e-15
1.17984642e-14
4.49127013e-15
1.08028731e-14
1.28963738e-14
1.26968163e-14
1.31107109e-14
1.48446312e-14
1.52053024e-14
1.26335728e-14
1.52936361e-14
1.38337111e-14
1.46566109e-14
1.08789599e-14
1.25867876e-14
1.23787587e-14
1.28266545e-14
1.47978643e-14
4.99544599e-15
1.55702788e-14
1.20562452e-14
1.57355452e-14
1.2327833e-14
9.60057176e-15
1.16203578e-14
5.25880561e-15
1.12945031e-14
5.26602978e-15
1.44106886e-14
1.5192479e-14
1.13648925e-14
1.38005663e-14
1.54975915e-14
1.11500552e-14
1.3950569e-14
1.29854533e-14
1.33502988e-14
1.51494189e-14
1.3275432e-14
1.46648056e-14
1.45747403e-14
1.45409267e-14
1.38824664e-14
1.07459916e-14
8.29324289e-15
4.96185821e-15
1.09488024e-14
8.63911254e-15
5.14519327e-15
4.44867644e-15
4.20798212e-15
1.21853153e-14
4.39501325e-15
7.96068066e-15
1.567928e-14
1.17316577e-14
1.47627149e-14
5.26342844e-15
1.14535115e-14
5.493236e-15
1.3291376e-14
1.55580018e-14
1.33373709e-14
1.47938173e-14
1.51418081e-14
1.14493895e-14
1.40160041e-14
1.04467176e-14
8.64594027e-15
4.81597393e-15
1.29268616e-14
1.4020661e-14
1.50655605e-14
1.40279203e-14
1.34415696e-14
5.06486938e-15
5.53634764e-15
4.58415271e-15
5.43946542e-15
1.33626534e-14
5.3760384e-15
1.40074403e-14
4.58908837e-15
7.89454248e-15
1.39236114e-14
1.26632557e-14
1.39979189e-14
1.47675009e-14
1.3024346e-14
1.34353023e-14
1.54322405e-14
1.56881559e-14
1.43630411e-14
1.45033885e-14
1.13569084e-14
1.47972273e-14
1.46278702e-14
1.22444082e-14
1.17179806e-14
5.32292121e-15
5.60633983e-15
1.04924845e-14
7.99502414e-15
4.33647046e-15
5.18910404e-15
1.33958436e-14
5.05941314e-15
8.09425061e-15
4.52577765e-15
1.29885241e-14
1.51603238e-14
1.52618033e-14
1.10009392e-14
1.39916153e-14
4.93538512e-15
8.41055232e-15
1.39982194e-14
1.47283627e-14
1.07432423e-14
1.33431054e-14
1.27676463e-14
1.33403375e-14
1.50748139e-14
5.15842872e-15
5.30814468e-15
1.55040588e-14
1.46378526e-14
1.46767977e-14
1.13741502e-14
1.28197306e-14
8.87684354e-15
5.65991672e-15
5.30598093e-15
8.1329583e-15
8.62812271e-15
1.47654886e-14
1.49635883e-14
4.62258415e-15
7.20933384e-15
1.45764767e-14
4.58317071e-15
7.21748538e-15
1.62138184e-14
1.61104083e-14
9.23087352e-15
9.15085055e-15
1.66932994e-14
9.28861871e-15
9.47942317e-15
1.48530357e-14
1.56146904e-14
6.46982414e-15
4.11308978e-15
1.60949e-14
6.82121962e-15
4.49159094e-15
8.36311922e-15
5.58011961e-15
5.31137553e-15
8.72010931e-15
1.44607858e-14
4.20886518e-15
6.09429475e-15
5.12201881e-15
8.04708895e-15
1.67605012e-14
9.92379875e-15
1.06095714e-14
1.40107688e-14
1.43160538e-14
4.1119504e-15
6.17038754e-15
1.57615023e-14
8.08136603e-15
4.38196704e-15
1.58612601e-14
1.60413713e-14
8.8946487e-15
9.25456335e-15
5.40366509e-15
1.48342951e-14
1.55035526e-14
6.91268017e-15
4.40452899e-15
8.46547721e-15
5.57263624e-15
5.61439485e-15
9.07252254e-15
8.02246586e-15
1.6079843e-14
1.45009889e-14
4.31798072e-15
6.85275316e-15
1.49616965e-14
4.50823668e-15
6.89067927e-15
1.6579658e-14
1.60806357e-14
9.74973882e-15
9.28902237e-15
1.60656228e-14
9.56545667e-15
9.31021605e-15
1.49459004e-14
1.4450449e-14
7.37188279e-15
4.55164258e-15
1.42212102e-14
7.25884613e-15
4.65190529e-15
8.74634255e-15
5.40998475e-15
5.59420884e-15
8.86401487e-15
1.50838633e-14
4.21181976e-15
7.18633399e-15
5.33038692e-15
8.0825725e-15
1.62168246e-14
9.77823119e-15
9.49609863e-15
1.48260728e-14
1.45831488e-14
4.23245674e-15
7.06344848e-15
1.47455957e-14
7.26453897e-15
4.67337151e-15
1.61460571e-14
1.61487507e-14
9.79342026e-15
9.30423473e-15
5.1482397e-15
1.45019554e-14
1.45457532e-14
7.03731146e-15
4.57163749e-15
8.73612902e-15
5.11391397e-15
7.96416423e-15
9.11008324e-15
4.00539548e-15
1.14633619e-14
1.46971474e-14
5.89094311e-15
1.3545286e-14
1.37427281e-14
8.51851465e-15
9.37218837e-15
1.51192887e-14
1.58503183e-14
9.61003268e-15
1.56682005e-14
1.64403514e-14
7.66038927e-15
4.91669678e-15
1.57330804e-14
1.70254574e-14
4.26892472e-15
1.45677141e-14
1.44333864e-14
9.31392694e-15
5.80445454e-15
8.489521e-15
5.48993052e-15
5.21063574e-15
8.16184986e-15
7.06494008e-15
1.38739831e-14
1.46868489e-14
5.13886225e-15
8.57959698e-15
9.45911939e-15
1.61050786e-14
1.62199666e-14
4.50967249e-15
7.29935738e-15
1.45269439e-14
1.52661783e-14
4.62109195e-15
1.51544329e-14
1.54081839e-14
9.23084626e-15
9.21944621e-15
1.62340898e-14
1.62810444e-14
8.73068031e-15
5.45455606e-15
7.16797461e-15
4.55918743e-15
1.49616748e-14
1.41853115e-14
8.22604091e-15
5.50176712e-15
5.08623316e-15
8.30278474e-15
5.21092553e-15
8.61064419e-15
4.81166665e-15
7.60601317e-15
1.49012368e-14
1.52466047e-14
7.41029322e-15
1.49249651e-14
1.48171152e-14
9.72223906e-15
9.94026225e-15
1.64669097e-14
1.63746284e-14
9.48404653e-15
1.6495514e-14
1.6194857e-14
7.65864136e-15
4.49038839e-15
1.49656615e-14
1.43586632e-14
4.55537194e-15
1.48057797e-14
1.42790526e-14
8.48247618e-15
5.19799826e-15
8.41577684e-15
5.20842808e-15
5.48640033e-15
8.09973198e-15
7.08577265e-15
1.56564941e-14
1.54957067e-14
5.36393935e-15
8.28528753e-15
9.10477242e-15
1.59998621e-14
1.61582913e-14
4.11117715e-15
6.98210112e-15
1.5283318e-14
1.55758135e-14
4.49858948e-15
1.39837119e-14
1.46763617e-14
8.64150674e-15
8.39020704e-15
1.52845849e-14
1.49251706e-14
9.03243588e-15
8.0707006e-15
4.21739648e-15
1.41552074e-14
1.09339748e-14
1.46278332e-14
1.48374391e-14
1.58309337e-14
1.20366627e-14
1.29410911e-14
1.2050082e-14
1.28133214e-14
1.50228568e-14
1.29108236e-14
1.46986157e-14
8.80197906e-15
5.17126486e-15
1.43409539e-14
1.08455616e-14
5.09293722e-15
1.401479e-14
1.07306831e-14
4.41064946e-15
4.59767991e-15
5.47747795e-15
5.31242559e-15
1.16293422e-14
1.50135947e-14
1.40843912e-14
1.50333117e-14
5.38610771e-15
4.88826158e-15
1.0867988e-14
1.3591898e-14
1.26651924e-14
1.33733164e-14
1.11178335e-14
1.5147641e-14
1.39590134e-14
1.54389301e-14
1.17753206e-14
5.35009005e-15
1.36598742e-14
1.1349119e-14
1.57446591e-14
1.50035744e-14
5.27105949e-15
1.16384467e-14
5.43185626e-15
5.21197894e-15
5.15779201e-15
1.13292962e-14
5.83372183e-15
5.50425507e-15
1.23509452e-14
1.10903911e-14
1.52408787e-14
1.45691092e-14
1.64057167e-14
1.49873814e-14
1.34977443e-14
1.29063761e-14
1.46433855e-14
1.1154709e-14
1.57616943e-14
1.42637343e-14
1.11573958e-14
1.56189079e-14
1.48401228e-14
5.18988669e-15
1.17080807e-14
5.54545989e-15
1.13349224e-14
5.06028421e-15
4.46737165e-15
8.19832641e-15
1.08882803e-14
1.43133115e-14
4.52800817e-15
1.44755362e-14
1.44809799e-14
1.2748552e-14
4.91580737e-15
8.26485916e-15
1.06192123e-14
1.4131204e-14
1.19731378e-14
1.55272591e-14
1.50821255e-14
1.28699949e-14
1.19600314e-14
1.27268843e-14
1.2085157e-14
1.25586122e-14
1.28778706e-14
1.24790511e-14
1.48820381e-14
1.14934036e-14
1.54395896e-14
1.4302275e-14
1.1864369e-14
1.52767117e-14
1.45803444e-14
8.28791818e-15
1.17010256e-14
5.10561444e-15
1.11854071e-14
5.47180114e-15
4.86250548e-15
4.22819883e-15
1.06583507e-14
1.41109527e-14
1.40097481e-14
1.41233629e-14
4.99561938e-15
4.21653037e-15
1.04947711e-14
1.24760915e-14
1.19772188e-14
1.23644955e-14
1.07541807e-14
1.38326606e-14
1.35694816e-14
1.43090726e-14
1.14190645e-14
1.45843285e-14
1.42424588e-14
1.30477504e-14
1.5562993e-14
1.28744296e-14
1.25028126e-14
1.09091849e-14
4.39258126e-15
1.46783768e-14
1.14026336e-14
1.46847073e-14
1.40327674e-14
5.08661216e-15
1.12120971e-14
4.42674114e-15
5.05114937e-15
4.44863723e-15
1.09446548e-14
5.06206273e-15
4.16308053e-15
1.08074506e-14
1.08936716e-14
1.38137279e-14
1.35193613e-14
1.42663256e-14
1.44948029e-14
1.44957644e-14
1.51350305e-14
1.51870992e-14
1.31891512e-14
1.24384299e-14
1.30370793e-14
1.51131438e-14
1.26087875e-14
1.23740245e-14
1.47681525e-14
1.1527746e-14
1.44977528e-14
1.42192618e-14
1.02523181e-14
1.45754537e-14
1.36702812e-14
5.22007451e-15
1.08858105e-14
4.13239738e-15
1.06419451e-14
4.38852556e-15
8.12433651e-15
5.43079836e-15
1.22732021e-14
1.46038551e-14
1.42197916e-14
1.59411324e-14
8.12245128e-15
5.11072895e-15
1.23898059e-14
1.29649014e-14
1.27097229e-14
1.29751161e-14
1.15865344e-14
1.50361331e-14
1.44348495e-14
1.55179571e-14
1.4633999e-14
1.24063328e-14
1.20558578e-14
1.44596362e-14
1.08527638e-14
1.49938759e-14
1.11999957e-14
1.07042696e-14
1.46428739e-14
1.11941701e-14
4.38439273e-15
7.22035075e-15
6.90015635e-15
4.11573774e-15
1.1858396e-14
1.11499469e-14
1.23807597e-14
1.1857933e-14
1.52648021e-14
1.20405191e-14
7.19299975e-15
1.09011424e-14
8.3985725e-15
1.08645292e-14
7.69200778e-15
1.41203266e-14
1.09224554e-14
1.21207318e-14
1.4307581e-14
1.21311088e-14
1.48093332e-14
4.19503721e-15
1.16429644e-14
8.04463981e-15
1.47550868e-14
1.14271688e-14
4.40997464e-15
4.2532207e-15
4.06268701e-15
8.41348256e-15
1.17454569e-14
1.158059e-14
1.4362173e-14
1.10106587e-14
1.10183087e-14
1.48187403e-14
1.48609338e-14
1.21721677e-14
1.47244085e-14
1.23610442e-14
1.49511416e-14
1.25675867e-14
1.5609348e-14
1.15131357e-14
7.02751792e-15
1.20271308e-14
8.49932589e-15
7.36779731e-15
1.23410646e-14
1.0885414e-14
3.96837931e-15
4.42452216e-15
7.28984289e-15
1.46777296e-14
1.11754229e-14
1.4916312e-14
4.14981792e-15
7.2273596e-15
1.25554264e-14
1.2028857e-14
1.24686272e-14
1.05921754e-14
1.44266353e-14
1.09619325e-14
1.50183952e-14
1.21681995e-14
1.23999307e-14
1.2169243e-14
1.48899675e-14
1.15571296e-14
1.47210968e-14
1.43148453e-14
1.16087624e-14
1.51455007e-14
1.45779933e-14
8.42920137e-15
1.13326286e-14
4.16772689e-15
4.0765991e-15
1.13219178e-14
6.60261692e-15
6.8345407e-15
7.41324428e-15
1.47383888e-14
1.16372656e-14
1.50455343e-14
4.08006753e-15
6.83235058e-15
1.23381003e-14
1.21124382e-14
1.23350475e-14
1.14127396e-14
1.44641422e-14
1.11945885e-14
1.47155877e-14
1.10432722e-14
1.56535688e-14
1.20348824e-14
1.23184374e-14
1.20054529e-14
1.26397463e-14
1.22940991e-14
7.64374965e-15
1.48320498e-14
1.13454607e-14
1.55854115e-14
1.21692557e-14
7.14593748e-15
9.75993558e-15
3.98881478e-15
6.95407614e-15
3.85397871e-15
9.57704326e-15
7.02393287e-15
7.75290205e-15
1.10687059e-14
1.48003298e-14
1.23580056e-14
1.58150599e-14
1.49443911e-14
1.16153791e-14
1.55475615e-14
1.20421253e-14
1.24171428e-14
1.21742402e-14
1.25908707e-14
1.50794616e-14
1.23214587e-14
1.19003439e-14
1.46565705e-14
1.10475686e-14
1.47851352e-14
1.08021e-14
1.15089737e-14
1.47809991e-14
1.16253487e-14
4.06736955e-15
6.74505463e-15
7.46194271e-15
1.07759914e-14
6.87089554e-15
1.1391849e-14
1.55984308e-14
1.42492666e-14
1.47705531e-14
8.92136707e-15
3.93826573e-15
1.12128131e-14
1.26888271e-14
1.20868454e-14
1.24349606e-14
1.17117019e-14
1.54844431e-14
1.43446307e-14
1.49493119e-14
1.20499586e-14
1.21670291e-14
1.20632363e-14
1.18906961e-14
1.44163624e-14
1.18757539e-14
1.48521016e-14
1.48011238e-14
1.18916196e-14
1.49545119e-14
1.10789359e-14
6.75840688e-15
1.14330644e-14
7.10441118e-15
7.24544767e-15
1.17446043e-14
7.52768312e-15
7.67558347e-15
3.48289817e-15
9.57775495e-15
1.54134281e-14
1.26087338e-14
1.56695613e-14
7.41371645e-15
7.53026414e-15
1.24429383e-14
1.21430957e-14
1.25420496e-14
1.14958019e-14
1.53104885e-14
1.14842732e-14
1.56228374e-14
1.2404639e-14
1.66252676e-14
1.235682e-14
1.28147952e-14
1.24473955e-14
1.28211882e-14
1.23674588e-14
1.04310001e-14
3.52761982e-15
1.51458034e-14
1.15110666e-14
1.49033473e-14
1.36828016e-14
1.0765116e-14
6.53468651e-15
1.11882797e-14
6.98856001e-15
6.32673408e-15
1.06012619e-14
6.98972892e-15
1.13009349e-14
7.62909681e-15
3.5649182e-15
1.00435532e-14
1.26747235e-14
1.52558067e-14
1.45051499e-14
1.49877483e-14
1.59695321e-14
1.18503162e-14
1.64271157e-14
1.21232353e-14
1.26995301e-14
1.21356671e-14
1.27133865e-14
1.19945719e-14
1.25146468e-14
1.21014911e-14
1.54219117e-14
1.13254057e-14
1.55901211e-14
1.15906278e-14
1.22213955e-14
1.54983158e-14
1.29764285e-14
7.26468434e-15
7.24849552e-15
9.600932e-15
3.66717755e-15
1.1179309e-14
7.51109055e-15
1.15002628e-14
1.18337304e-14
1.49618349e-14
1.18793141e-14
6.74275443e-15
1.09787116e-14
7.28093101e-15
1.14427538e-14
1.22061389e-14
1.20421917e-14
1.21314348e-14
1.45014886e-14
1.18703848e-14
1.48825447e-14
1.17853368e-14
1.20728676e-14
1.22177107e-14
1.20464115e-14
1.19238342e-14
1.49175803e-14
1.18900837e-14
1.45088392e-14
1.50783722e-14
1.18855018e-14
1.46992436e-14
1.12558336e-14
7.19662755e-15
1.09910087e-14
6.79544017e-15
7.46824249e-15
1.1515407e-14
7.24643855e-15
9.57888933e-15
7.39968893e-15
1.58187532e-14
1.19271661e-14
1.53953453e-14
7.56280316e-15
7.34745648e-15
1.2570261e-14
1.21644189e-14
1.24551383e-14
1.17116403e-14
1.5641588e-14
1.16079244e-14
1.52547388e-14
1.24148434e-14
1.58390928e-14
1.22196109e-14
1.26723186e-14
1.23027344e-14
1.27038261e-14
1.23527672e-14
3.55744702e-15
7.75047958e-15
1.48692178e-14
1.42104025e-14
1.52683134e-14
1.21597113e-14
1.11599274e-14
6.86999282e-15
1.07374698e-14
6.21452054e-15
7.10734434e-15
1.13806163e-14
6.74018247e-15
1.09725893e-14
9.81483862e-15
7.6252914e-15
1.45107406e-14
1.47414642e-14
1.25359547e-14
1.529799e-14
1.61638249e-14
1.26295389e-14
1.56994607e-14
1.22986302e-14
1.26707811e-14
1.24626322e-14
1.26851088e-14
1.21549124e-14
1.24144174e-14
1.22462728e-14
1.54529603e-14
1.17585166e-14
1.51016944e-14
1.19055116e-14
1.26102019e-14
1.5535811e-14
1.19491708e-14
7.25196964e-15
7.44599878e-15
3.53102491e-15
7.42018992e-15
1.20104248e-14
7.25561338e-15
1.16093565e-14
1.19048913e-14
1.44193444e-14
1.18184652e-14
7.11620007e-15
1.15338327e-14
6.64808552e-15
1.10096394e-14
1.21411658e-14
1.20575623e-14
1.22119486e-14
1.49129151e-14
1.18093368e-14
1.45199572e-14
1.18456562e-14
1.20872038e-14
1.24729051e-14
1.22054717e-14
1.48038439e-14
1.40822692e-14
1.50003053e-14
1.18106004e-14
1.48241252e-14
1.46412499e-14
1.1789849e-14
1.13057649e-14
4.25834082e-15
8.16894153e-15
6.49144535e-15
1.03920804e-14
3.9048848e-15
7.30223812e-15
7.00953128e-15
1.51093002e-14
1.1302512e-14
1.54280409e-14
6.91545928e-15
4.51441674e-15
1.23687463e-14
1.54411785e-14
1.23910544e-14
1.11853916e-14
1.46377973e-14
1.17841826e-14
1.46172016e-14
1.12969851e-14
1.49919615e-14
1.07979555e-14
1.26508662e-14
1.21623575e-14
1.24479754e-14
1.20046212e-14
7.16803255e-15
1.60426583e-14
1.2117464e-14
1.49542717e-14
1.12991823e-14
9.77576026e-15
3.82466853e-15
7.08706942e-15
4.24713467e-15
1.01286358e-14
7.1758728e-15
7.72523383e-15
7.12938061e-15
1.20818517e-14
1.56054357e-14
1.1435366e-14
1.47386682e-14
1.54388404e-14
1.13350384e-14
1.4760607e-14
1.2275867e-14
1.25782834e-14
1.20339607e-14
1.23391926e-14
1.21689011e-14
1.24624331e-14
1.52381366e-14
1.48373829e-14
1.13675427e-14
1.47514586e-14
1.14320282e-14
1.13667937e-14
1.49618689e-14
1.15313569e-14
7.08837346e-15
4.43158072e-15
6.9115406e-15
1.12334791e-14
4.3323289e-15
1.08906781e-14
1.4739617e-14
1.24213809e-14
1.57152598e-14
4.13718721e-15
1.10502327e-14
8.5702146e-15
1.2417657e-14
1.23156875e-14
1.25133285e-14
1.4674064e-14
1.4880056e-14
1.16184709e-14
1.47924692e-14
1.21535455e-14
1.21811987e-14
1.43039066e-14
1.44969797e-14
1.16415586e-14
1.37940807e-14
1.04740021e-14
1.15161199e-14
1.46642194e-14
1.09664474e-14
7.15441984e-15
4.27365232e-15
4.16242943e-15
4.33423245e-15
1.19594899e-14
7.07911397e-15
1.14966535e-14
1.18674455e-14
1.46300633e-14
1.18208224e-14
8.33754597e-15
1.09354297e-14
7.07408667e-15
1.09478149e-14
1.14199013e-14
1.13774673e-14
7.74207225e-15
1.2438311e-14
1.50486804e-14
1.2141544e-14
1.39436069e-14
1.49075719e-14
1.15158765e-14
1.09783532e-14
7.94519702e-15
4.31622018e-15
4.3063666e-15
4.32155512e-15
1.17590944e-14
1.47070279e-14
8.08012268e-15
1.15668801e-14
1.41350904e-14
7.57843231e-15
1.11040288e-14
1.4684518e-14
1.21330579e-14
1.44855554e-14
1.22116461e-14
1.5098495e-14
1.2101461e-14
1.50787246e-14
1.1864873e-14
8.43487596e-15
1.10184064e-14
7.1071379e-15
1.10708924e-14
1.14819512e-14
7.34237982e-15
7.23433198e-15
4.31750676e-15
1.46812399e-14
1.09035929e-14
1.41036021e-14
6.88219643e-15
4.15022799e-15
1.24545906e-14
1.45312557e-14
1.23891945e-14
1.11691425e-14
1.51669839e-14
1.07817041e-14
1.44188993e-14
1.23837994e-14
1.28664717e-14
1.21385909e-14
1.5569815e-14
1.41836989e-14
1.50988653e-14
1.13771132e-14
1.44945083e-14
1.38394196e-14
1.06528773e-14
1.17254467e-14
5.12830453e-15
7.82647129e-15
5.26932047e-15
7.85444064e-15
1.08482932e-14
4.96665468e-15
1.40920412e-14
1.15368909e-14
1.39223326e-14
3.99087281e-15
1.06091658e-14
5.12939911e-15
1.25479916e-14
1.52510178e-14
1.27780393e-14
1.43789395e-14
1.45252734e-14
1.15502845e-14
1.42054189e-14
1.42557993e-14
1.47903976e-14
1.11368219e-14
1.2963593e-14
1.24335389e-14
1.31524853e-14
1.53385392e-14
4.36700021e-15
5.28012735e-15
1.44677545e-14
1.39309803e-14
1.41952472e-14
1.11507377e-14
1.07096044e-14
4.37412547e-15
5.09205541e-15
4.3329739e-15
1.12344448e-14
5.55468369e-15
1.08064966e-14
4.84601598e-15
1.48757427e-14
1.48553306e-14
1.18949059e-14
1.42745034e-14
1.47303018e-14
1.11526309e-14
1.36973136e-14
1.25814004e-14
1.28421335e-14
1.51246244e-14
1.27625086e-14
1.23038765e-14
1.25294348e-14
1.48365076e-14
1.44893866e-14
1.4404185e-14
1.37940615e-14
1.08328908e-14
1.40214346e-14
1.448685e-14
1.10494527e-14
1.06171535e-14
4.19878666e-15
5.0893037e-15
4.56907799e-15
5.29634409e-15
1.10264525e-14
7.76646045e-15
1.50024751e-14
1.20543584e-14
1.44132661e-14
5.11336745e-15
1.11637586e-14
7.44437505e-15
1.27070385e-14
1.21702074e-14
1.25816166e-14
1.44800208e-14
1.5284048e-14
1.12000735e-14
1.42498058e-14
1.53544513e-14
1.15638916e-14
1.39423991e-14
1.22446622e-14
1.26624149e-14
1.19662715e-14
1.27362614e-14
1.41425357e-14
1.40205133e-14
1.39503671e-14
1.36737876e-14
1.07469199e-14
7.83716829e-15
5.02843028e-15
1.04501674e-14
7.9342197e-15
4.92026112e-15
4.37819804e-15
1.08968844e-14
5.18209674e-15
1.54195011e-14
1.10838186e-14
1.4025186e-14
5.49259507e-15
1.15658991e-14
5.25029681e-15
1.33692665e-14
1.49583326e-14
1.33528135e-14
1.42299297e-14
1.55096606e-14
1.10348035e-14
1.45880846e-14
5.27605031e-15
5.2757664e-15
1.58014818e-14
1.5175493e-14
1.41873029e-14
1.16170685e-14
1.13838347e-14
5.29379171e-15
5.24393329e-15
5.39769541e-15
1.1711103e-14
5.33051477e-15
1.12868021e-14
5.85361655e-15
1.43057639e-14
1.55881298e-14
1.09753497e-14
1.49912246e-14
1.30224094e-14
1.37451267e-14
1.56886583e-14
1.53983329e-14
1.4734546e-14
1.52147001e-14
1.18445911e-14
1.42257404e-14
1.46543483e-14
1.14775489e-14
1.16656966e-14
5.22701495e-15
5.55343108e-15
5.2421668e-15
5.4987387e-15
4.28418456e-15
1.39898977e-14
4.86435563e-15
8.1334586e-15
4.2826224e-15
1.25874071e-14
1.44729394e-14
1.43339034e-14
1.05262865e-14
1.41029547e-14
4.9003965e-15
8.18975916e-15
1.48688134e-14
1.51093444e-14
1.17819643e-14
1.28193263e-14
1.20816034e-14
1.30428515e-14
1.21640513e-14
9.12843731e-15
1.13189995e-14
1.48313774e-14
4.0658378e-15
1.35933666e-14
4.07265501e-15
5.96371386e-15
1.53088412e-14
1.59998075e-14
8.39379094e-15
9.28404411e-15
1.70139498e-14
9.04357793e-15
9.66122532e-15
1.63664139e-14
1.76440921e-14
7.62196558e-15
4.81977128e-15
1.58317175e-14
7.17643591e-15
4.45492261e-15
8.7508166e-15
5.68130283e-15
5.75766138e-15
8.65609607e-15
1.44095795e-14
4.39026102e-15
7.1411249e-15
5.28872629e-15
8.19958121e-15
1.59365565e-14
9.60432459e-15
9.17003799e-15
1.45081261e-14
1.4517017e-14
4.71401679e-15
6.98837873e-15
1.48258243e-14
7.03025786e-15
4.65463759e-15
1.61892664e-14
1.62983201e-14
9.25418863e-15
9.51914722e-15
5.61878963e-15
1.48011337e-14
1.48408147e-14
7.33990831e-15
4.43357519e-15
8.73111427e-15
5.54383161e-15
5.08720173e-15
8.3807133e-15
8.46126551e-15
1.45008879e-14
1.53840802e-14
4.56458973e-15
7.61664563e-15
1.48050928e-14
4.33120645e-15
7.17233108e-15
1.61060894e-14
1.60267635e-14
9.35079431e-15
9.73049962e-15
1.59220417e-14
9.35229679e-15
9.18175985e-15
1.44125991e-14
1.51314571e-14
7.49992115e-15
4.55754366e-15
1.45338165e-14
7.22923085e-15
4.56230258e-15
8.7666061e-15
5.3072098e-15
5.30643876e-15
8.15153116e-15
1.481441e-14
4.25915896e-15
6.89170044e-15
5.85676542e-15
8.58244194e-15
1.55971535e-14
9.24490845e-15
9.07135398e-15
1.47352388e-14
1.45127852e-14
4.43217365e-15
6.77949775e-15
1.40274564e-14
7.04388154e-15
4.44082839e-15
1.58215542e-14
1.51860116e-14
8.99248453e-15
8.32042674e-15
8.41470546e-15
1.48529113e-14
1.16479859e-14
3.99054735e-15
9.37928591e-15
1.60949978e-14
2.03031887e-14
8.86638493e-15
4.49760163e-15
1.56922125e-14
1.53881912e-14
4.63485358e-15
1.53309738e-14
1.62585153e-14
1.20162919e-14
8.97455435e-15
1.16594383e-14
5.65006194e-15
5.06262451e-15
5.18401288e-15
8.57780661e-15
7.20076792e-15
1.46780388e-14
1.47981915e-14
5.45169847e-15
8.83329874e-15
1.00804071e-14
1.66330052e-14
1.66773354e-14
4.78803081e-15
7.87650324e-15
1.56512195e-14
1.56341647e-14
4.69890955e-15
1.54925552e-14
1.54573043e-14
9.94087593e-15
9.4348951e-15
1.67679221e-14
1.64690194e-14
8.54951374e-15
5.32817675e-15
7.04025915e-15
4.69681951e-15
1.45835099e-14
1.47537911e-14
8.54538098e-15
5.34424349e-15
5.29766817e-15
8.50456732e-15
5.57958885e-15
8.52894202e-15
4.68738589e-15
7.48756907e-15
1.52804421e-14
1.54687199e-14
7.16079279e-15
1.389082e-14
1.4189334e-14
9.36027547e-15
9.32137815e-15
1.59637268e-14
1.59065621e-14
9.45669739e-15
1.62038026e-14
1.65766383e-14
7.34653549e-15
4.79064551e-15
1.50297221e-14
1.58736274e-14
4.75795796e-15
1.45820263e-14
1.42666484e-14
8.44826344e-15
5.34111406e-15
8.32377759e-15
5.40341955e-15
5.82350521e-15
1.14480165e-14
4.78021926e-15
7.39278779e-15
1.46910478e-14
1.55527646e-14
9.29617982e-15
1.26798543e-14
7.0851291e-15
1.92766992e-14
1.54277679e-14
4.38672056e-15
8.57618686e-15
1.44020368e-14
1.54700742e-14
1.31550604e-14
1.27188913e-14
1.44159656e-14
1.11528453e-14
5.31428725e-15
1.45428036e-14
1.09963198e-14
5.38404476e-15
1.37540977e-14
1.08494529e-14
4.96988423e-15
4.93214656e-15
5.89558236e-15
5.21289553e-15
1.12912163e-14
1.47762524e-14
1.44279464e-14
1.58569772e-14
5.57942782e-15
5.32665376e-15
1.17782558e-14
1.40276285e-14
1.3397992e-14
1.40855612e-14
1.18731005e-14
1.537175e-14
1.49280391e-14
1.6041247e-14
1.10509524e-14
1.58820237e-14
1.48359476e-14
1.3375806e-14
1.54241879e-14
1.37016003e-14
1.32470293e-14
1.22930024e-14
7.55080592e-15
1.5014294e-14
1.13334642e-14
1.63307416e-14
1.40673552e-14
3.90975994e-15
8.40053092e-15
4.95981389e-15
1.40840475e-14
1.10813973e-14
4.48056048e-15
4.59368364e-15
4.0054279e-15
4.86895036e-15
8.56455393e-15
1.1050193e-14
1.4374098e-14
5.37320753e-15
7.51321473e-15
1.28150931e-14
1.1557091e-14
1.44774465e-14
1.43979737e-14
1.63707739e-14
1.41717055e-14
1.50320067e-14
1.56280864e-14
1.5540462e-14
1.36125852e-14
1.33580576e-14
1.37107678e-14
1.55582741e-14
1.40765107e-14
1.35000447e-14
1.45775548e-14
1.19208428e-14
1.61051947e-14
1.58268946e-14
1.15693317e-14
1.54855452e-14
1.45719946e-14
5.55431171e-15
1.1733743e-14
5.43010472e-15
1.20622219e-14
5.20717681e-15
4.93638188e-15
8.16295657e-15
1.06282127e-14
1.36443092e-14
4.99247829e-15
1.46247339e-14
1.47252105e-14
1.25272191e-14
5.09744814e-15
1.05249035e-14
1.11327289e-14
1.3993063e-14
1.36842114e-14
1.21985061e-14
1.41418712e-14
1.05569708e-14
4.14551314e-15
1.14963659e-14
8.09224142e-15
1.10924444e-14
5.05776293e-15
5.10743398e-15
4.24951538e-15
1.08716615e-14
1.40681303e-14
1.4212921e-14
1.42854827e-14
5.0981583e-15
4.31076425e-15
1.05300388e-14
1.32824309e-14
1.23297557e-14
1.28718276e-14
1.16538093e-14
1.50105895e-14
1.39782772e-14
1.46466829e-14
1.13248049e-14
1.5024867e-14
1.52115149e-14
1.30052916e-14
1.23035638e-14
1.2984411e-14
1.27002423e-14
1.21858087e-14
4.7047337e-15
1.44991546e-14
1.13432704e-14
1.58606596e-14
1.50686632e-14
1.11417573e-14
4.90803701e-15
1.26648046e-14
1.11150716e-14
4.70556867e-15
4.59043489e-15
4.54415246e-15
1.09643992e-14
1.10783412e-14
1.22641852e-14
8.05227979e-15
4.76490274e-15
1.21800948e-14
1.19963719e-14
1.50839738e-14
1.42342282e-14
1.52709617e-14
1.49316862e-14
1.47842821e-14
1.47463058e-14
1.24372616e-14
1.31311799e-14
1.24799209e-14
1.28717156e-14
1.45382095e-14
1.27158229e-14
1.19931728e-14
1.45531994e-14
1.06628862e-14
1.47087769e-14
1.34373198e-14
1.12062509e-14
1.45377357e-14
1.40959751e-14
5.14232126e-15
1.09669552e-14
4.2718186e-15
1.07013237e-14
4.20018882e-15
8.3307214e-15
5.02900019e-15
1.12718676e-14
1.45222415e-14
1.41197265e-14
1.2138313e-14
4.27109749e-15
1.09841126e-14
7.75366728e-15
1.12867049e-14
1.46607534e-14
1.23524273e-14
1.19607335e-14
1.45436632e-14
1.14281e-14
1.49521584e-14
1.12873853e-14
1.07586431e-14
1.45633245e-14
1.13756508e-14
4.31099118e-15
7.1753885e-15
7.30673096e-15
1.0998207e-14
8.81793972e-15
1.39788797e-14
4.13801722e-15
1.21089828e-14
1.46300359e-14
1.22372026e-14
7.83256497e-15
1.138375e-14
1.10684096e-14
1.48360327e-14
1.03668119e-14
1.4790984e-14
1.21721471e-14
1.2383227e-14
1.45625498e-14
1.22955456e-14
1.22301179e-14
7.07792892e-15
1.49157288e-14
1.22405687e-14
1.50864133e-14
1.2638295e-14
9.51764341e-15
3.99198247e-15
1.14174006e-14
6.73239742e-15
4.11307203e-15
9.70514418e-15
6.81907166e-15
1.16151829e-14
4.09430338e-15
7.2966205e-15
1.27198732e-14
1.53454635e-14
1.23473946e-14
1.51443898e-14
1.19098074e-14
1.20236213e-14
1.49510203e-14
1.43046322e-14
1.22676564e-14
1.21596508e-14
1.22985071e-14
1.39254129e-14
1.21953761e-14
1.46028832e-14
1.12713232e-14
7.46782326e-15
1.46774653e-14
1.10511613e-14
7.7036548e-15
1.44207075e-14
8.53723436e-15
4.23969197e-15
4.14416779e-15
7.25203692e-15
1.42054485e-14
1.14385413e-14
1.49418036e-14
4.19869029e-15
7.10030346e-15
1.23064352e-14
1.20230327e-14
1.23996341e-14
1.10225468e-14
1.46604682e-14
1.12536973e-14
1.51522377e-14
1.19698268e-14
1.25013554e-14
1.20560652e-14
1.48723773e-14
1.12937166e-14
1.5215838e-14
1.43362731e-14
1.21329799e-14
1.46767862e-14
1.48054894e-14
8.3058223e-15
1.12099532e-14
4.28273879e-15
1.11599022e-14
4.0922024e-15
4.25151019e-15
6.72124891e-15
1.43461233e-14
1.10863655e-14
1.48546957e-14
6.80528093e-15
7.24666389e-15
1.22478369e-14
1.2033546e-14
1.24852902e-14
1.09393589e-14
1.47344335e-14
1.15796087e-14
1.55204619e-14
1.21956006e-14
1.45164759e-14
1.46953991e-14
1.23759111e-14
1.21874887e-14
1.22287096e-14
1.20456064e-14
4.00109603e-15
1.11953589e-14
6.75158399e-15
1.47373935e-14
1.52672886e-14
1.18755391e-14
1.52031917e-14
1.26622671e-14
9.64555841e-15
1.30102702e-14
1.04524105e-14
3.88318689e-15
6.56930786e-15
3.97559568e-15
6.59457421e-15
9.69781876e-15
1.27621149e-14
1.04969859e-14
1.31014556e-14
1.08885082e-14
6.60649755e-15
1.13107325e-14
1.45973638e-14
1.49781228e-14
1.49350185e-14
1.19012047e-14
1.43745096e-14
1.48031347e-14
1.45135626e-14
1.22593658e-14
1.24026848e-14
1.21150661e-14
1.22952688e-14
1.19015932e-14
1.2421573e-14
1.20288945e-14
1.48025973e-14
1.11655144e-14
1.52482669e-14
1.15250124e-14
1.08255689e-14
1.50677161e-14
1.12694504e-14
6.70608068e-15
7.25588833e-15
6.78083716e-15
8.61062266e-15
4.08018088e-15
1.11636392e-14
1.49073443e-14
1.47700466e-14
1.48176708e-14
8.11951981e-15
4.08914561e-15
1.08863799e-14
1.25313102e-14
1.19784238e-14
1.24629024e-14
1.10411666e-14
1.52368841e-14
1.3919079e-14
1.52381002e-14
1.20762297e-14
1.22929333e-14
1.21438096e-14
1.21124547e-14
1.46327026e-14
1.21617435e-14
1.51277001e-14
1.45385741e-14
1.17997909e-14
1.48977724e-14
1.09064932e-14
6.73433116e-15
1.12023342e-14
7.10776357e-15
6.60195077e-15
1.14929886e-14
7.10006521e-15
7.34987465e-15
7.63126611e-15
1.56009545e-14
1.13817409e-14
1.57655895e-14
7.5364633e-15
7.70059685e-15
1.26516081e-14
1.24819292e-14
1.27512885e-14
1.18896617e-14
1.57644724e-14
1.22180474e-14
1.5838928e-14
1.43643143e-14
1.16520016e-14
1.47708975e-14
1.20919554e-14
1.20122936e-14
1.20574391e-14
1.20890673e-14
7.2131609e-15
1.15483655e-14
7.38769753e-15
1.19977751e-14
1.56272463e-14
1.21488513e-14
1.60027711e-14
1.35001143e-14
1.10773373e-14
1.33427449e-14
1.14874594e-14
9.17633024e-15
3.72289596e-15
9.42214085e-15
5.79776731e-15
3.45497282e-15
9.04266226e-15
5.61689644e-15
9.45746478e-15
1.12341905e-14
1.38875944e-14
1.1797232e-14
1.3787818e-14
1.13294006e-14
7.10393177e-15
1.13512226e-14
1.55284798e-14
1.19447738e-14
1.57591778e-14
1.19811345e-14
1.17093867e-14
1.47167947e-14
1.17352074e-14
1.20264707e-14
1.21330877e-14
1.20539343e-14
1.2092231e-14
1.21863179e-14
1.26751417e-14
1.22510526e-14
1.57277763e-14
1.1663217e-14
1.57430985e-14
1.18168862e-14
1.16947042e-14
1.54502004e-14
1.20680804e-14
7.53071251e-15
7.35060322e-15
7.42235442e-15
1.09614863e-14
7.13398335e-15
1.11964687e-14
1.18408097e-14
1.5175227e-14
1.19134196e-14
6.83445677e-15
1.07050182e-14
7.43113989e-15
1.13630473e-14
1.22837475e-14
1.2131836e-14
1.22379798e-14
1.4594845e-14
1.20581515e-14
1.50703573e-14
1.19833432e-14
1.21596964e-14
1.23044988e-14
1.2121302e-14
1.20709236e-14
1.51438999e-14
1.2018263e-14
1.46359955e-14
1.49540264e-14
1.18346107e-14
1.43956822e-14
1.14424265e-14
7.0785623e-15
1.08720221e-14
6.56774795e-15
7.19515767e-15
1.10823506e-14
6.68716547e-15
7.48883195e-15
7.20853614e-15
1.56643007e-14
1.19134961e-14
1.55747356e-14
7.57637822e-15
7.5287544e-15
1.27455714e-14
1.232721e-14
1.26302233e-14
1.22132865e-14
1.58323417e-14
1.19306755e-14
1.55933019e-14
1.48252796e-14
1.16795367e-14
1.42430402e-14
1.20590303e-14
1.20998662e-14
1.20954926e-14
1.19768281e-14
7.51500392e-15
1.14139533e-14
7.28580103e-15
1.21779664e-14
1.61453567e-14
1.20674117e-14
1.57914632e-14
1.32339264e-14
1.16940998e-14
1.31886214e-14
1.12894204e-14
9.33382498e-15
5.77478473e-15
8.99364245e-15
3.70151895e-15
5.78517443e-15
9.29701073e-15
3.71569788e-15
9.07210492e-15
1.18414252e-14
1.38039117e-14
1.13810235e-14
1.3336802e-14
1.13016938e-14
7.10237356e-15
1.11944681e-14
1.583993e-14
1.19783058e-14
1.55717415e-14
1.19293409e-14
1.18074016e-14
1.44777813e-14
1.18034849e-14
1.20973277e-14
1.21234545e-14
1.20510037e-14
1.21674642e-14
1.22689704e-14
1.26410214e-14
1.22851209e-14
1.57685381e-14
1.18788516e-14
1.5735685e-14
1.19935351e-14
1.19292621e-14
1.54751146e-14
1.15212187e-14
7.34787927e-15
7.4381775e-15
7.05396283e-15
1.13018092e-14
6.61650884e-15
1.09650403e-14
1.18637258e-14
1.45328368e-14
1.17981854e-14
7.22837113e-15
1.13428018e-14
6.7069935e-15
1.06342782e-14
1.22634419e-14
1.21479978e-14
1.23132943e-14
1.5171455e-14
1.20432891e-14
1.47209914e-14
1.19993081e-14
1.2293734e-14
1.27670272e-14
1.26381895e-14
1.52229392e-14
1.46726237e-14
1.5566647e-14
1.26034902e-14
1.39819456e-14
1.53343374e-14
1.13861709e-14
1.12252612e-14
4.03234534e-15
8.53253894e-15
4.05281694e-15
8.65728076e-15
7.06610429e-15
4.67926298e-15
1.51275842e-14
1.13104099e-14
1.44059085e-14
7.43530409e-15
6.90388414e-15
1.24883643e-14
1.20050236e-14
1.22602414e-14
1.18945567e-14
1.53929618e-14
1.12086206e-14
1.46370242e-14
1.42385658e-14
1.49405641e-14
1.19900446e-14
1.22382943e-14
1.19397075e-14
1.25170291e-14
1.21981106e-14
6.63947888e-15
1.07264444e-14
3.96816582e-15
1.19669079e-14
1.50304215e-14
1.5101039e-14
1.46621535e-14
1.2940832e-14
1.0534592e-14
1.27363225e-14
9.71133851e-15
6.36393095e-15
4.07644355e-15
6.68936066e-15
4.04507327e-15
1.05956611e-14
1.26641233e-14
9.57808216e-15
1.25446123e-14
1.11965188e-14
4.06358934e-15
1.04622126e-14
1.53858836e-14
1.19148938e-14
1.50162326e-14
1.46959894e-14
1.45406483e-14
1.21544791e-14
1.42179611e-14
1.20922399e-14
1.22823729e-14
1.21897891e-14
1.2337419e-14
1.21277584e-14
1.22568325e-14
1.1879463e-14
1.54348788e-14
1.18158988e-14
1.47537469e-14
1.10034983e-14
1.12561359e-14
1.42980478e-14
1.07280942e-14
7.2468539e-15
6.84601141e-15
4.10628962e-15
1.106287e-14
8.20371034e-15
1.49021847e-14
1.16612877e-14
1.50021283e-14
4.30545853e-15
1.0948287e-14
8.49717314e-15
1.2524248e-14
1.23608616e-14
1.26140673e-14
1.46026251e-14
1.49394889e-14
1.20665154e-14
1.50730003e-14
1.2402409e-14
1.25116926e-14
1.50805835e-14
1.48369471e-14
1.17641905e-14
1.49028693e-14
1.13855542e-14
1.11712679e-14
1.44539852e-14
1.06606882e-14
7.21585121e-15
4.39417839e-15
4.03322498e-15
1.40631874e-14
7.97895311e-15
1.0867964e-14
4.2353074e-15
1.22355523e-14
1.41013729e-14
1.20885118e-14
1.10930083e-14
1.46273141e-14
7.69191803e-15
1.12629269e-14
1.18423347e-14
1.17202302e-14
1.01027778e-14
1.23744781e-14
1.2162041e-14
1.2246401e-14
1.45173652e-14
4.0550775e-15
1.52419043e-14
1.22019578e-14
1.54501319e-14
1.24036695e-14
1.14696444e-14
6.97868175e-15
9.78000144e-15
4.20365343e-15
6.56720249e-15
1.15039037e-14
3.8540871e-15
9.40625123e-15
7.07721589e-15
4.11544423e-15
1.25745684e-14
1.51151335e-14
1.23518549e-14
1.52220484e-14
1.49002607e-14
1.06548983e-14
1.15773111e-14
1.23466175e-14
1.23299903e-14
1.49641076e-14
1.23248146e-14
1.45995298e-14
1.19226008e-14
1.40330019e-14
1.46203153e-14
1.09324252e-14
1.11282404e-14
7.67644402e-15
8.81759554e-15
1.11833717e-14
8.12630216e-15
4.14139669e-15
7.22677063e-15
4.20051339e-15
1.49823671e-14
1.08354678e-14
1.49623268e-14
7.27614164e-15
4.40939824e-15
1.24651572e-14
1.48513432e-14
1.2383169e-14
1.14330446e-14
1.51079477e-14
1.13782595e-14
1.48721935e-14
1.421575e-14
1.43489035e-14
1.36431605e-14
1.13243027e-14
7.88092647e-15
1.07721533e-14
4.3394714e-15
5.0798442e-15
8.29193126e-15
1.08845031e-14
5.03401192e-15
1.4449404e-14
1.07060351e-14
1.39097235e-14
4.34855078e-15
1.09744835e-14
5.31056139e-15
1.28219273e-14
1.46196507e-14
1.2721506e-14
1.41877296e-14
1.5024139e-14
1.08199145e-14
1.4228693e-14
1.47145299e-14
1.5052952e-14
1.16175863e-14
1.278013e-14
1.24463873e-14
1.31034663e-14
1.24090921e-14
4.45508524e-15
7.51535779e-15
1.52438218e-14
1.52000027e-14
1.47950917e-14
1.22675278e-14
1.27359309e-14
1.08352222e-14
1.12186496e-14
4.58447991e-15
4.54973036e-15
4.24650877e-15
1.08611155e-14
1.21796764e-14
4.79234501e-15
1.11379368e-14
1.16713025e-14
7.53918168e-15
1.4824418e-14
1.53320903e-14
1.18536941e-14
1.49234954e-14
1.50445133e-14
1.12968316e-14
1.51923631e-14
1.23660086e-14
1.29291068e-14
1.2261337e-14
1.30724655e-14
1.24062552e-14
1.29878991e-14
1.54560177e-14
1.47726419e-14
1.46649552e-14
1.43131908e-14
1.17713829e-14
1.42474135e-14
1.36983322e-14
1.11902288e-14
1.07438903e-14
4.63087412e-15
5.00439577e-15
4.42124432e-15
4.89823454e-15
1.18186983e-14
8.45280017e-15
1.20473933e-14
1.4123625e-14
1.45841512e-14
7.44123953e-15
1.1175314e-14
4.2316102e-15
1.08030954e-14
1.45374021e-14
1.4626156e-14
1.32079288e-14
1.43540052e-14
1.15714511e-14
1.10011659e-14
5.30632144e-15
1.06734473e-14
7.12399483e-15
5.16410367e-15
5.17149371e-15
1.16869607e-14
5.46334762e-15
1.52638025e-14
1.24509527e-14
1.54393545e-14
5.25769648e-15
1.11320047e-14
5.67488505e-15
1.40329554e-14
1.62755141e-14
1.41672032e-14
1.48070778e-14
1.57100584e-14
1.23374627e-14
1.54583257e-14
1.52756558e-14
1.44545102e-14
1.17917896e-14
1.36057327e-14
1.33505654e-14
1.34816964e-14
1.53946946e-14
7.64764575e-15
5.27645103e-15
1.60971046e-14
1.41318265e-14
1.40974954e-14
1.07854583e-14
1.41248378e-14
1.10088779e-14
8.23283535e-15
4.81737364e-15
4.70578058e-15
4.51351517e-15
4.26660629e-15
1.09478574e-14
1.44433858e-14
4.76851297e-15
8.30559992e-15
1.16326718e-14
5.85634091e-15
1.3750477e-14
1.57423174e-14
1.14852942e-14
1.48039404e-14
1.58499214e-14
1.18851279e-14
1.45816943e-14
1.31324765e-14
1.36914269e-14
1.54806168e-14
1.34341985e-14
1.34826454e-14
1.39502661e-14
1.54860572e-14
1.61448869e-14
1.56682359e-14
1.53199011e-14
1.2066922e-14
1.52062686e-14
1.37630481e-14
1.12903993e-14
1.20626e-14
5.8594219e-15
5.81022001e-15
5.29299522e-15
5.65320128e-15
4.87777676e-15
1.36073288e-14
5.24236744e-15
8.63860939e-15
5.16306229e-15
1.25445753e-14
1.4139487e-14
1.4610817e-14
1.10535513e-14
1.41411409e-14
5.28960189e-15
1.1300666e-14
2.05611536e-14
7.50400876e-15
9.56106452e-15
1.5438294e-14
1.48218967e-14
8.84552099e-15
4.54791463e-15
1.59907223e-14
7.47666866e-15
4.48810867e-15
1.20803919e-14
9.35473873e-15
5.9936096e-15
5.03953083e-15
8.34046553e-15
1.469851e-14
4.76144913e-15
7.3782444e-15
5.37319615e-15
8.32024414e-15
1.61888024e-14
9.76198027e-15
9.38705797e-15
1.48990564e-14
1.47630828e-14
4.67157735e-15
7.19353949e-15
1.46651211e-14
7.40728752e-15
4.51688469e-15
1.60342725e-14
1.60603335e-14
9.32872154e-15
9.28506889e-15
5.62668061e-15
1.48428351e-14
1.4896819e-14
7.22207665e-15
4.44822284e-15
8.77691567e-15
5.2914249e-15
5.74019585e-15
8.52911446e-15
8.64835703e-15
1.40829849e-14
1.4439649e-14
4.4878573e-15
7.08454813e-15
1.47642998e-14
4.64685847e-15
7.21075523e-15
1.60957264e-14
1.61094476e-14
9.60235059e-15
9.68881558e-15
1.6536496e-14
9.28962477e-15
9.58695748e-15
1.50128649e-14
1.54346044e-14
7.36405636e-15
4.61245788e-15
1.40941847e-14
7.3040389e-15
4.67130453e-15
9.0215544e-15
5.38512192e-15
5.18535842e-15
1.08339177e-14
4.88042319e-15
1.56014128e-14
4.38361345e-15
7.12185431e-15
9.54007286e-15
1.34661681e-14
1.56944684e-14
8.30154019e-15
6.85636099e-15
1.43288684e-14
1.53115233e-14
4.21889158e-15
8.53560304e-15
1.35569903e-14
8.28416819e-15
4.42985113e-15
5.28230762e-15
5.16706653e-15
8.06284741e-15
6.75908754e-15
1.46084516e-14
1.45251096e-14
5.46066612e-15
8.41768709e-15
9.68122684e-15
1.66155762e-14
1.65354295e-14
4.83951791e-15
7.65845038e-15
1.57258867e-14
1.54491867e-14
4.59777086e-15
1.46539148e-14
1.50102834e-14
9.41847996e-15
9.38830061e-15
1.63456429e-14
1.63808449e-14
9.25250386e-15
8.44756712e-15
7.55757103e-15
7.08531078e-15
1.57250916e-14
1.4588747e-14
5.00818315e-15
4.4395181e-15
1.46753553e-14
9.64958816e-15
8.2214817e-15
4.50684684e-15
4.34474822e-15
8.11210408e-15
4.84300127e-15
4.11736299e-15
8.97368811e-15
1.41229599e-14
8.03264369e-15
9.09246716e-15
6.48073305e-15
7.50514999e-15
1.41520843e-14
1.57346868e-14
7.07840599e-15
1.45085601e-14
1.44951001e-14
9.38489796e-15
9.46376181e-15
1.59561216e-14
1.6093621e-14
9.95937345e-15
1.66432579e-14
1.67711955e-14
7.32484279e-15
4.81294391e-15
1.51911137e-14
1.52194947e-14
4.15716681e-15
1.46600263e-14
1.52686432e-14
7.99031516e-15
5.44027694e-15
8.37730327e-15
5.69997727e-15
5.06594209e-15
3.84313731e-15
8.73511181e-15
1.42886917e-14
4.33056927e-15
1.41139526e-14
1.33643154e-14
1.49321442e-14
1.23114042e-14
5.25400822e-15
1.55175467e-14
1.10318822e-14
5.17313571e-15
1.42897382e-14
1.11891316e-14
5.28798384e-15
5.46113368e-15
5.17869979e-15
5.39443573e-15
1.32834989e-14
4.32533615e-15
1.42790258e-14
1.37836665e-14
1.2477816e-14
5.07156771e-15
8.09381147e-15
1.0471722e-14
1.38493277e-14
5.24072108e-15
1.43705637e-14
1.2078297e-14
1.53839808e-14
1.51013207e-14
1.29864914e-14
1.61354939e-14
8.06147489e-15
4.52270842e-15
1.1388089e-14
1.15890538e-14
1.53351612e-14
1.56784724e-14
7.96554843e-15
4.7001196e-15
1.23050899e-14
1.19624708e-14
7.9272871e-15
7.48559555e-15
7.14895106e-15
6.84631668e-15
6.77010617e-15
6.95057679e-15
7.56169137e-15
8.11076257e-15
4.78789016e-15
8.53856133e-15
1.18929195e-14
1.2486024e-14
4.4729386e-15
7.89651615e-15
1.15211403e-14
1.06803463e-14
1.48091293e-14
1.40485708e-14
1.13260204e-14
1.27461092e-14
1.46864578e-14
1.49242354e-14
1.53150809e-14
1.62526464e-14
1.30695059e-14
1.36517771e-14
1.26227919e-14
1.383395e-14
8.20099012e-15
4.68820845e-15
1.39568043e-14
1.0369163e-14
1.35518113e-14
5.63953948e-15
4.17250279e-15
5.48632678e-15
1.17334518e-14
1.19202326e-14
1.47283134e-14
5.02519619e-15
1.5971474e-14
1.51445871e-14
1.35457495e-14
5.12222968e-15
1.19315986e-14
1.08679508e-14
1.59266419e-14
1.46591147e-14
1.22879755e-14
1.45446264e-14
1.11876612e-14
4.52911917e-15
1.12717929e-14
7.92318623e-15
4.59356019e-15
1.16272026e-14
8.02691386e-15
5.31296685e-15
4.42530778e-15
1.08734246e-14
1.37058398e-14
1.51077192e-14
1.50213472e-14
7.50302876e-15
5.13438291e-15
1.13217905e-14
1.25873947e-14
1.24076399e-14
1.26764402e-14
1.0892307e-14
1.42599316e-14
1.44530612e-14
1.5009107e-14
1.05595002e-14
1.47792309e-14
1.22956664e-14
1.23524804e-14
1.47828377e-14
1.2454853e-14
1.22153443e-14
1.131777e-14
6.81415584e-15
1.50685268e-14
1.27669693e-14
1.49585811e-14
1.41925475e-14
4.19939059e-15
1.2591537e-14
1.19749345e-14
1.52614961e-14
1.2227433e-14
1.09416598e-14
1.06210638e-14
1.33315598e-14
1.33827791e-14
1.06401952e-14
1.09405581e-14
1.32323949e-14
1.33546318e-14
4.023082e-15
1.17859322e-14
1.27277257e-14
1.23579467e-14
1.53659763e-14
4.67078457e-15
6.79501718e-15
1.15674292e-14
1.20017301e-14
1.52827455e-14
1.4545708e-14
1.57235676e-14
1.13794973e-14
1.20441541e-14
1.45273027e-14
1.45487419e-14
1.20489607e-14
1.23054221e-14
1.23921721e-14
1.19684143e-14
1.28478215e-14
1.20966286e-14
1.52453522e-14
1.06597235e-14
1.56050993e-14
1.34494595e-14
1.12620771e-14
1.48780711e-14
1.47677711e-14
7.84192129e-15
1.1495838e-14
5.19968701e-15
1.10680712e-14
4.27046721e-15
1.16034287e-14
7.9035509e-15
1.11035733e-14
1.45179727e-14
1.40333362e-14
1.19942035e-14
4.30011065e-15
1.07375615e-14
7.69760983e-15
1.09740912e-14
1.51241232e-14
1.2230641e-14
1.20799409e-14
1.47119827e-14
1.18110691e-14
1.39439681e-14
1.12732908e-14
1.10812443e-14
1.43653772e-14
1.12860589e-14
4.48963118e-15
7.65302449e-15
7.83952959e-15
4.2403214e-15
1.11350458e-14
1.13041334e-14
1.46918845e-14
4.39598395e-15
1.24183585e-14
1.51502294e-14
1.24715636e-14
8.35909945e-15
1.36456069e-14
1.07761864e-14
1.44386721e-14
1.47942433e-14
1.19875659e-14
1.46768902e-14
1.24097655e-14
1.22324246e-14
1.23791713e-14
1.24572815e-14
1.0743754e-14
1.32054964e-14
1.31134782e-14
1.21483892e-14
1.18905563e-14
1.25093715e-14
1.21748463e-14
6.40385433e-15
1.12473059e-14
1.00414511e-14
1.47707892e-14
1.41061892e-14
1.19481968e-14
1.16917849e-14
9.2395147e-15
6.763571e-15
1.48342554e-14
1.2800073e-14
1.44937927e-14
1.47722034e-14
3.87169731e-15
6.59540491e-15
8.94631475e-15
1.27313297e-14
1.50145519e-14
1.4613639e-14
1.45743482e-14
9.33714929e-15
9.80632166e-15
1.11970283e-14
1.44269658e-14
1.4823521e-14
1.16874211e-14
1.19234759e-14
1.31543413e-14
1.30452969e-14
1.27769974e-14
1.20575285e-14
1.24667883e-14
1.21593859e-14
1.2415275e-14
1.45016222e-14
1.46815885e-14
1.20658146e-14
1.23560036e-14
1.24371407e-14
1.24755721e-14
1.24308442e-14
1.50737962e-14
1.236628e-14
1.51207979e-14
1.35695599e-14
8.33490964e-15
1.42079803e-14
1.07856847e-14
7.7300168e-15
1.47218038e-14
1.14710152e-14
4.18931038e-15
4.234234e-15
4.31886505e-15
7.87785992e-15
1.46550541e-14
1.08706382e-14
1.41953663e-14
4.51578067e-15
7.86769751e-15
1.25648806e-14
1.22853006e-14
1.24786685e-14
1.16151014e-14
1.54203951e-14
1.17279375e-14
1.45306071e-14
1.21651235e-14
1.21683763e-14
1.20839758e-14
1.48649539e-14
1.47631551e-14
1.19657936e-14
1.46347777e-14
1.45433209e-14
1.18641239e-14
1.43659642e-14
1.08395414e-14
4.18384478e-15
1.10269652e-14
6.70991647e-15
1.10110216e-14
4.27447327e-15
6.93139479e-15
7.63698832e-15
1.46004772e-14
1.1768959e-14
1.52511056e-14
6.93415479e-15
8.12266819e-15
1.25797228e-14
1.21602125e-14
1.27020884e-14
1.12340467e-14
1.55740656e-14
1.15324422e-14
1.57148552e-14
1.38100654e-14
1.46966557e-14
1.29268512e-14
1.25130275e-14
1.24107863e-14
1.25245621e-14
1.25095859e-14
1.16685122e-14
1.34347345e-14
1.24027991e-14
1.22194105e-14
1.1895365e-14
1.23267461e-14
1.21551671e-14
1.01489382e-14
1.18216494e-14
1.14695099e-14
1.17001e-14
1.15820442e-14
1.19355926e-14
1.17501858e-14
1.09914391e-14
1.14651291e-14
1.17291297e-14
1.16306587e-14
1.18101081e-14
1.17553967e-14
1.1936324e-14
1.26210241e-14
1.24986232e-14
1.38556707e-14
1.194776e-14
1.22405548e-14
1.22220953e-14
1.24769051e-14
1.50927615e-14
1.27786792e-14
1.45683804e-14
1.23705651e-14
1.23866448e-14
1.24459989e-14
1.24218411e-14
1.22827528e-14
1.25602119e-14
1.23671524e-14
1.53164598e-14
1.15712433e-14
1.49072059e-14
1.18436126e-14
1.11311475e-14
1.56389508e-14
1.17126263e-14
7.08686708e-15
8.29553248e-15
7.46503157e-15
9.05253797e-15
4.19885163e-15
1.12662204e-14
1.48465201e-14
1.44125972e-14
1.19483086e-14
4.21452074e-15
1.12521331e-14
6.71061767e-15
1.10079689e-14
1.24785048e-14
1.22409861e-14
1.2268549e-14
1.54507903e-14
1.50778522e-14
1.49004129e-14
1.20650064e-14
1.50752388e-14
1.21047461e-14
1.52973521e-14
1.17167165e-14
7.2067293e-15
1.17905506e-14
7.29994273e-15
6.8459664e-15
1.19592556e-14
7.33080805e-15
8.38608227e-15
8.45395967e-15
1.51697624e-14
1.32985756e-14
1.48811898e-14
8.44350365e-15
3.44754693e-15
1.00303877e-14
1.23247173e-14
1.19743691e-14
1.20822207e-14
1.33392648e-14
1.45361772e-14
1.36288559e-14
1.15037462e-14
1.54372179e-14
1.1676617e-14
1.47934398e-14
1.23973632e-14
1.24952495e-14
1.21495587e-14
1.23277836e-14
1.27775659e-14
1.30140845e-14
1.29242403e-14
1.24265702e-14
1.23593836e-14
1.23756258e-14
1.24639479e-14
1.18718458e-14
1.22214067e-14
1.20333442e-14
1.21410428e-14
1.19717779e-14
1.22477485e-14
1.2105434e-14
1.21245062e-14
1.20156307e-14
1.23133431e-14
1.197019e-14
1.2143825e-14
1.21027386e-14
1.22699606e-14
1.40393122e-14
1.25846593e-14
1.36883064e-14
1.23770681e-14
1.25336624e-14
1.2401997e-14
1.25851861e-14
1.44563476e-14
1.46499938e-14
1.16291635e-14
1.23501546e-14
1.22784581e-14
1.23021355e-14
1.21037777e-14
1.22252588e-14
1.21163942e-14
1.1982306e-14
1.45420099e-14
1.40726027e-14
1.15432005e-14
1.3607499e-14
1.17644834e-14
1.46006797e-14
1.36220028e-14
8.39269531e-15
1.0146322e-14
3.73305687e-15
8.52930303e-15
1.12740382e-14
7.23083256e-15
1.14315042e-14
1.1984732e-14
1.52216069e-14
1.19461816e-14
7.24252459e-15
1.14695022e-14
7.37569463e-15
1.13359798e-14
1.51874375e-14
1.20596841e-14
1.50510941e-14
1.19183355e-14
7.38637854e-15
1.17743658e-14
7.35557415e-15
7.25119508e-15
1.11705568e-14
6.73460951e-15
8.42918442e-15
8.22438523e-15
1.49752747e-14
1.11139965e-14
1.51752188e-14
3.51368469e-15
1.04992761e-14
9.11067152e-15
1.21413666e-14
1.23375419e-14
1.24131208e-14
1.39266283e-14
1.15632349e-14
1.43405805e-14
1.46249595e-14
1.48460328e-14
1.46826706e-14
1.52895817e-14
1.21350283e-14
1.23253421e-14
1.23589805e-14
1.24272282e-14
1.28368076e-14
1.38620939e-14
1.27109457e-14
1.23450875e-14
1.24348557e-14
1.24298668e-14
1.23319701e-14
1.20296128e-14
1.21120771e-14
1.19100285e-14
1.22411234e-14
1.21052004e-14
1.2122055e-14
1.19844798e-14
1.22866894e-14
1.18894392e-14
1.21234958e-14
1.21009066e-14
1.22583522e-14
1.19789706e-14
1.21228175e-14
1.34432201e-14
1.26042805e-14
1.39117659e-14
1.23952829e-14
1.25346658e-14
1.22986566e-14
1.24856681e-14
1.16031316e-14
1.53519235e-14
1.45025933e-14
1.23285489e-14
1.21140967e-14
1.24748414e-14
1.23291703e-14
1.20286488e-14
1.23812586e-14
1.2211462e-14
1.15476013e-14
1.37158042e-14
1.45641273e-14
1.40895875e-14
1.33788154e-14
1.46534066e-14
1.12901679e-14
1.03868514e-14
3.7354174e-15
8.45932478e-15
8.41461624e-15
1.16343006e-14
7.04406487e-15
1.12968202e-14
1.20288898e-14
1.48430198e-14
1.19428244e-14
7.46248065e-15
1.16123946e-14
7.3029377e-15
1.1616865e-14
1.20854578e-14
1.23557615e-14
1.22066347e-14
1.19773043e-14
1.46051801e-14
1.47954374e-14
1.45205466e-14
1.41701854e-14
1.48502467e-14
1.37822865e-14
1.09765598e-14
6.63152795e-15
1.1116875e-14
4.05043731e-15
4.23305799e-15
8.68716773e-15
7.47129941e-15
6.92258029e-15
1.54972658e-14
1.0776483e-14
1.48580628e-14
8.63881666e-15
7.28441921e-15
1.25702023e-14
1.2350204e-14
1.25558722e-14
1.18221754e-14
1.49369954e-14
1.16723322e-14
1.54267638e-14
1.28745729e-14
1.5607232e-14
1.37317674e-14
1.24739761e-14
1.24665686e-14
1.25534505e-14
1.23807157e-14
1.24286949e-14
1.26044167e-14
1.15525991e-14
1.24464761e-14
1.21497552e-14
1.21942788e-14
1.18088703e-14
1.14742648e-14
1.06337357e-14
1.03103325e-14
1.1892506e-14
1.17684498e-14
1.15934426e-14
1.16897764e-14
1.17974818e-14
1.03393706e-14
1.07396373e-14
1.1770539e-14
1.18969276e-14
1.16757519e-14
1.15926752e-14
1.38078874e-14
1.14923712e-14
1.25303356e-14
1.2101897e-14
1.24132677e-14
1.17802041e-14
1.21550978e-14
1.46362673e-14
1.36101526e-14
1.54924922e-14
1.25206666e-14
1.24914332e-14
1.23416566e-14
1.25003265e-14
1.24768125e-14
1.25268567e-14
1.23062724e-14
1.51930056e-14
1.21935168e-14
1.53101908e-14
1.15550468e-14
1.1632724e-14
1.51312202e-14
1.08781313e-14
8.40506323e-15
7.2657962e-15
6.99158407e-15
1.07814538e-14
8.49218117e-15
1.17743125e-14
1.38937689e-14
1.46849979e-14
6.76979358e-15
1.09510083e-14
4.06035588e-15
1.09829284e-14
1.21937374e-14
1.21142345e-14
1.23592248e-14
1.48183612e-14
1.20463968e-14
1.43755732e-14
1.48483364e-14
1.23682827e-14
1.2640346e-14
1.54940739e-14
1.46132423e-14
1.15967868e-14
1.53977782e-14
1.22608952e-14
1.06466575e-14
1.49586632e-14
1.08844955e-14
8.05792257e-15
4.76783185e-15
4.37281549e-15
4.30737196e-15
1.44011352e-14
7.95607281e-15
1.10770591e-14
4.37288168e-15
1.24644636e-14
1.43704242e-14
1.22369768e-14
1.14900414e-14
1.42953165e-14
8.23294642e-15
1.35219403e-14
1.46397408e-14
1.45672526e-14
1.47233518e-14
1.23994935e-14
1.24342902e-14
1.24431135e-14
1.22045633e-14
1.27964057e-14
1.28159259e-14
1.07467718e-14
1.24301793e-14
1.20682266e-14
1.2179826e-14
1.19101323e-14
9.91848411e-15
9.37937548e-15
6.0376716e-15
1.18864411e-14
1.15432998e-14
1.45196247e-14
1.40215642e-14
6.93522544e-15
3.65483183e-15
1.42921139e-14
1.49433355e-14
1.50118825e-14
1.30184713e-14
8.60221367e-15
3.45367158e-15
1.49081716e-14
1.41967058e-14
1.32580418e-14
1.53910786e-14
1.12742829e-14
5.92716625e-15
9.29285518e-15
1.15450352e-14
1.18717209e-14
1.43499685e-14
1.46724363e-14
1.30520337e-14
1.08763742e-14
1.29680626e-14
1.21559203e-14
1.24709009e-14
1.1997326e-14
1.23509887e-14
1.18986052e-14
1.47461158e-14
1.42704109e-14
1.23704369e-14
1.23244396e-14
1.22514596e-14
1.23606154e-14
1.50702312e-14
1.22922661e-14
1.48437978e-14
1.42332434e-14
1.06661925e-14
1.35782042e-14
8.0895399e-15
1.12753909e-14
1.19020869e-14
7.78674648e-15
4.3848932e-15
7.84674411e-15
4.39850582e-15
1.46496408e-14
1.14123792e-14
1.49609003e-14
7.87255506e-15
4.45465905e-15
1.24837089e-14
1.51244678e-14
1.22851864e-14
1.16432503e-14
1.48545137e-14
1.133757e-14
1.42964503e-14
1.40050758e-14
1.46014137e-14
1.44936094e-14
1.1299002e-14
7.93541466e-15
1.09420496e-14
4.39220534e-15
7.73012008e-15
1.13103166e-14
4.51102651e-15
1.18352727e-14
5.38253066e-15
1.49127269e-14
1.14536425e-14
1.42986999e-14
4.78861146e-15
1.11500263e-14
7.93595557e-15
1.28739102e-14
1.2160522e-14
1.25710346e-14
1.47323322e-14
1.56322555e-14
1.10839561e-14
1.39274492e-14
1.18269279e-14
1.18779884e-14
1.06512362e-14
1.23992903e-14
1.21534906e-14
1.24615065e-14
1.50071755e-14
6.77784899e-15
4.50884217e-15
1.50710877e-14
1.46140197e-14
1.5426088e-14
1.33816677e-14
1.53437296e-14
1.24873111e-14
1.26778618e-14
1.18815018e-14
1.33168532e-14
1.34762709e-14
1.09793132e-14
1.06234538e-14
1.35472065e-14
1.37226013e-14
1.05736319e-14
1.1016717e-14
3.95359627e-15
1.2843163e-14
1.57440784e-14
1.18841432e-14
1.24987041e-14
1.17556513e-14
4.61601376e-15
1.43872206e-14
1.56373646e-14
1.1866916e-14
1.52842463e-14
1.45348942e-14
1.02791149e-14
1.18386209e-14
1.23510346e-14
1.24218292e-14
1.46075726e-14
1.23947478e-14
1.22600689e-14
1.28670833e-14
1.21191275e-14
1.51947325e-14
1.38101741e-14
1.51410846e-14
1.11219307e-14
1.42879953e-14
1.39047157e-14
1.09811083e-14
1.15345488e-14
4.95707138e-15
7.61703159e-15
4.54659237e-15
5.07027919e-15
1.18569821e-14
4.60145871e-15
1.12903118e-14
1.21820368e-14
1.42849425e-14
1.48171752e-14
8.00828829e-15
1.09439995e-14
4.32400839e-15
1.11989227e-14
1.50442639e-14
1.57686824e-14
1.46397709e-14
1.55722446e-14
1.1203195e-14
1.17401658e-14
5.34796724e-15
1.17103041e-14
1.15615962e-14
5.47311593e-15
5.06482967e-15
1.26841587e-14
5.42434265e-15
4.34309525e-15
1.25545231e-14
1.37218013e-14
1.47342588e-14
1.05675623e-14
1.37064735e-14
4.76128115e-15
8.16081146e-15
1.13212906e-14
1.12390942e-14
5.27965732e-15
1.28879723e-14
1.56554726e-14
1.54075929e-14
1.51809231e-14
4.32735168e-15
1.51873616e-14
1.49422624e-14
1.20616646e-14
1.18638203e-14
1.17522347e-14
1.14871464e-14
8.13833878e-15
4.58763295e-15
7.71919209e-15
7.484174e-15
6.99564008e-15
6.84437037e-15
6.87458241e-15
7.02719353e-15
7.54523014e-15
7.73829496e-15
1.16706432e-14
1.2335114e-14
4.60965456e-15
7.89642025e-15
7.9497206e-15
1.46459473e-14
1.4913437e-14
1.13994717e-14
1.09397463e-14
1.4136731e-14
5.20961601e-15
1.05311475e-14
1.61294963e-14
1.27960116e-14
1.45578873e-14
1.48162684e-14
1.37729656e-14
1.43738549e-14
1.33372549e-14
1.37611963e-14
1.03013533e-14
8.13690922e-15
4.79092524e-15
5.60375492e-15
5.33212461e-15
4.13178422e-15
5.09849808e-15
1.45790118e-14
5.52883991e-15
1.18834393e-14
5.44858565e-15
1.34407568e-14
1.43417935e-14
1.5648109e-14
1.1345255e-14
1.59591507e-14
5.4533114e-15
1.15136007e-14
8.53206449e-15
3.72891563e-15
4.3667108e-15
8.69800289e-15
1.51659812e-14
4.55461098e-15
6.95110185e-15
5.36683211e-15
8.82637469e-15
1.65991353e-14
9.35930416e-15
9.52684665e-15
1.58900824e-14
1.52374884e-14
4.89470357e-15
7.32716657e-15
1.54093963e-14
7.43411612e-15
4.72401355e-15
1.64395582e-14
1.65616367e-14
9.48022007e-15
9.60275757e-15
8.36013455e-15
1.56095032e-14
1.45484756e-14
7.71308081e-15
7.05828009e-15
1.45468267e-14
9.74498759e-15
4.20071897e-15
8.27440429e-15
4.57052024e-15
4.48483596e-15
7.85665923e-15
4.75647721e-15
9.20637452e-15
1.41080225e-14
4.07613145e-15
9.19485125e-15
1.42058282e-14
1.5129274e-14
6.3987721e-15
7.04083702e-15
1.53408159e-14
4.57585966e-15
7.29854987e-15
1.6537398e-14
1.66132182e-14
9.37580249e-15
9.432732e-15
1.63549303e-14
9.57667414e-15
9.32290489e-15
1.55646721e-14
1.56378135e-14
7.10350085e-15
4.3600908e-15
1.4988486e-14
7.30086168e-15
4.67004551e-15
8.23101957e-15
5.29134012e-15
5.30235395e-15
5.55180544e-15
1.43697816e-14
3.79835182e-15
4.21166069e-15
5.45895149e-15
8.43771162e-15
7.25370544e-15
1.47530867e-14
1.46871133e-14
5.25174217e-15
8.31550429e-15
8.96478668e-15
1.5839573e-14
1.27996193e-14
3.86690687e-15
6.46674269e-15
1.36499331e-14
1.42117725e-14
7.34231174e-15
1.56263103e-14
1.52947235e-14
6.8793856e-15
9.14077657e-15
1.46268861e-14
1.57013695e-14
4.6818072e-15
1.4754751e-14
1.54038532e-14
9.15468502e-15
9.62326934e-15
1.29573621e-14
1.62098512e-14
9.39455373e-15
9.28151339e-15
7.43045202e-15
7.70614234e-15
1.58067797e-14
1.59490849e-14
8.64036426e-15
7.68775389e-15
7.57089703e-15
7.35758409e-15
1.49965089e-14
1.43702116e-14
7.29962304e-15
7.17058608e-15
7.11271e-15
6.90636533e-15
1.39120881e-14
1.36799449e-14
7.08946773e-15
7.31379773e-15
6.88109191e-15
6.89159906e-15
1.36243556e-14
1.38062519e-14
7.66978529e-15
8.74544362e-15
7.24573682e-15
7.18782229e-15
1.42920398e-14
1.49092266e-14
9.18543872e-15
8.38033e-15
7.31610585e-15
8.10733865e-15
1.55662309e-14
1.61071752e-14
6.42216079e-15
1.32532929e-14
1.39787459e-14
1.05199205e-14
9.61674713e-15
1.66538706e-14
1.32298404e-14
9.83678676e-15
1.49235354e-14
1.5820772e-14
9.95235591e-15
7.08307824e-15
1.61237453e-14
1.5017998e-14
1.00744454e-14
1.3077522e-14
1.62385343e-14
6.52803383e-15
4.41167974e-15
1.46072939e-14
1.48773023e-14
4.67056357e-15
1.47127654e-14
1.50584517e-14
8.55277482e-15
5.46081272e-15
9.08436258e-15
5.59302074e-15
4.2014981e-15
4.24535991e-15
8.17168645e-15
1.06131347e-14
1.43994069e-14
4.06668107e-15
1.46188397e-14
1.45925319e-14
1.6238628e-14
5.35196025e-15
7.78784168e-15
1.22553241e-14
1.33044706e-14
1.33806206e-14
1.35126401e-14
1.11475972e-14
1.41557323e-14
1.51827639e-14
1.55259093e-14
1.20552449e-14
1.53329273e-14
1.56488487e-14
1.27449384e-14
1.24588178e-14
1.29364678e-14
1.26050104e-14
1.18442251e-14
1.53888143e-14
1.50521902e-14
1.22033642e-14
1.2063126e-14
1.24003539e-14
1.21993563e-14
1.19623062e-14
1.50023671e-14
1.51888375e-14
1.20829596e-14
1.21736485e-14
1.21827736e-14
1.23335379e-14
1.15243526e-14
1.55950167e-14
1.50590022e-14
1.23342643e-14
1.26428744e-14
1.25436097e-14
1.28219274e-14
1.5660681e-14
1.35962479e-14
1.36969504e-14
1.37616736e-14
1.12783035e-14
1.55992946e-14
1.61381431e-14
1.16309872e-14
1.65515158e-14
1.44062415e-14
5.60226873e-15
1.29788288e-14
7.76339597e-15
4.91079599e-15
1.4339814e-14
1.05581239e-14
4.13359011e-15
4.44187236e-15
4.6304408e-15
4.90810929e-15
1.43948813e-14
7.94556408e-15
3.35706873e-15
8.16028853e-15
5.44011046e-15
1.16569511e-14
1.52485777e-14
1.39122312e-14
1.4926445e-14
8.04245396e-15
4.85624689e-15
1.17195331e-14
1.31036239e-14
1.23746137e-14
1.29119125e-14
1.14244333e-14
1.47221503e-14
1.45504352e-14
1.49332926e-14
1.25835755e-14
1.28509876e-14
1.27097282e-14
1.44609765e-14
1.17380268e-14
1.45017665e-14
1.52414321e-14
1.11518342e-14
1.54919707e-14
1.42364253e-14
7.76706715e-15
1.20593233e-14
4.47191291e-15
1.19672714e-14
4.9265747e-15
1.14738002e-14
7.92910057e-15
1.45138142e-14
3.06182174e-15
1.0777885e-14
1.61227864e-14
1.08769164e-14
5.91980153e-15
7.50110576e-15
7.4984685e-15
4.21881454e-15
7.01288211e-15
1.37680066e-14
1.11730333e-14
1.46394249e-14
3.99070644e-15
6.69244584e-15
1.22161439e-14
1.20093566e-14
1.23441886e-14
1.06907878e-14
1.15254003e-14
1.15191087e-14
1.48319133e-14
1.43537503e-14
1.24192739e-14
1.19863232e-14
1.16334015e-14
1.0184797e-14
1.49918199e-14
1.14565301e-14
1.01666683e-14
1.46154767e-14
1.05576608e-14
4.01052002e-15
6.96520015e-15
6.88721972e-15
4.6612443e-15
7.38939097e-15
1.54360159e-14
1.14601917e-14
1.57322541e-14
5.87171893e-15
7.30918609e-15
1.42721348e-14
1.34287811e-14
1.47404159e-14
1.07026399e-14
3.94631307e-15
1.12835722e-14
6.20088395e-15
4.27933569e-15
1.08974359e-14
6.72547445e-15
7.90332304e-15
9.18433934e-15
1.53712071e-14
1.14291343e-14
1.45242422e-14
7.70823784e-15
8.36872754e-15
1.25213589e-14
1.22097087e-14
1.2682927e-14
1.17115676e-14
1.51069567e-14
1.17999036e-14
1.52676128e-14
1.20371051e-14
1.27388584e-14
1.21812874e-14
1.51212203e-14
1.11825812e-14
1.56552516e-14
1.16860715e-14
1.16980725e-14
1.48391129e-14
1.19836402e-14
7.79269538e-15
8.46154613e-15
8.35086631e-15
1.0849022e-14
6.63469819e-15
1.09582934e-14
1.59454016e-14
1.4746432e-14
1.34357761e-14
3.86391509e-15
9.94523377e-15
6.08649069e-15
1.14880272e-14
1.54149266e-14
1.36925181e-14
1.56390901e-14
1.20604683e-14
6.59632136e-15
1.20396238e-14
6.69881428e-15
7.2732893e-15
1.16825738e-14
7.41981487e-15
1.11797189e-14
6.66872002e-15
1.05620936e-14
1.53084648e-14
1.4209551e-14
1.18168388e-14
4.41548222e-15
1.15835609e-14
6.75903172e-15
1.07613019e-14
1.24833992e-14
1.19961355e-14
1.22018349e-14
1.42044631e-14
1.47800369e-14
1.42788085e-14
1.1724839e-14
1.20161022e-14
1.21536179e-14
1.1883166e-14
1.47972712e-14
1.40740536e-14
1.17292265e-14
1.41770324e-14
1.44241592e-14
1.17023251e-14
1.43402328e-14
1.1018287e-14
4.16245053e-15
1.07366513e-14
6.65841614e-15
4.07907307e-15
1.07551361e-14
6.68310347e-15
1.14861998e-14
7.73919685e-15
1.15851931e-14
1.37526629e-14
1.57278051e-14
1.3956459e-14
6.50945002e-15
1.22148608e-14
6.67934155e-15
1.24992317e-14
1.56442676e-14
1.36793042e-14
1.54569469e-14
1.2369785e-14
6.69876631e-15
1.2038596e-14
6.58194874e-15
7.35738485e-15
1.13612495e-14
7.27840631e-15
1.05029595e-14
4.03688942e-15
1.07098686e-14
1.18382604e-14
1.45071059e-14
1.52497092e-14
6.55744149e-15
1.08493342e-14
4.18447209e-15
1.13818188e-14
1.22384826e-14
1.23530313e-14
1.25489613e-14
1.44168822e-14
1.18203879e-14
1.47027535e-14
1.50181397e-14
1.19236309e-14
1.25521841e-14
1.21939789e-14
1.182574e-14
1.42170897e-14
1.52330757e-14
1.45505199e-14
1.41008128e-14
1.49049651e-14
1.41828202e-14
1.08147256e-14
6.4870908e-15
1.12761996e-14
4.06352231e-15
6.69824232e-15
1.09720321e-14
4.03482933e-15
1.12937716e-14
7.28026158e-15
1.12538377e-14
1.39675714e-14
1.5408122e-14
1.36403684e-14
6.79419536e-15
1.25806099e-14
6.60529965e-15
1.19363943e-14
1.48641443e-14
1.60573065e-14
1.45640111e-14
1.15907068e-14
6.16320893e-15
1.01119844e-14
3.78307581e-15
6.69936031e-15
1.11847938e-14
4.19478022e-15
8.13393857e-15
7.54233081e-15
1.5293741e-14
1.20907948e-14
1.53923324e-14
8.49915137e-15
7.48500319e-15
1.26206082e-14
1.22923463e-14
1.25770813e-14
1.18315351e-14
1.48669294e-14
1.20327375e-14
1.52870408e-14
1.21530368e-14
1.25601107e-14
1.20916391e-14
1.47931868e-14
1.13411709e-14
1.53948956e-14
1.15310034e-14
1.15902476e-14
1.52809878e-14
1.18630115e-14
8.47331651e-15
7.47999333e-15
7.56195108e-15
1.10531522e-14
4.12202024e-15
1.10154706e-14
1.34128413e-14
1.48052065e-14
1.6132089e-14
6.03782612e-15
1.13944136e-14
3.81661465e-15
1.04520458e-14
1.13707062e-14
1.54110202e-14
1.07374585e-14
7.29128855e-15
6.10091775e-15
4.43777279e-15
6.59818144e-15
3.95921045e-15
1.46767438e-14
1.04621808e-14
1.43837552e-14
6.60570338e-15
4.10067674e-15
1.23276534e-14
1.43853757e-14
1.23125025e-14
1.14028232e-14
1.47254573e-14
1.01404407e-14
1.16227702e-14
1.19788344e-14
1.22496892e-14
1.44617206e-14
1.49784635e-14
1.14278532e-14
1.15665003e-14
1.04740118e-14
1.12627662e-14
1.37592459e-14
1.06714644e-14
6.75119963e-15
4.01719524e-15
4.16393844e-15
7.86760382e-15
4.54000333e-15
1.58210364e-14
1.142739e-14
1.58095715e-14
7.48673771e-15
6.01912949e-15
7.87678615e-15
1.14543335e-14
4.99721911e-15
3.33827919e-15
1.19659051e-14
7.53927165e-15
1.51416936e-14
1.12829222e-14
1.49293618e-14
4.43972355e-15
1.15185416e-14
7.7249781e-15
1.30420925e-14
1.25241767e-14
1.33205243e-14
1.46181218e-14
1.51927132e-14
1.13947774e-14
1.56354648e-14
1.23476132e-14
1.30695302e-14
1.22419117e-14
1.52874271e-14
1.45032601e-14
1.49405449e-14
1.10415715e-14
1.49439454e-14
1.44385641e-14
1.18143885e-14
1.13097054e-14
4.70577922e-15
7.38667615e-15
5.29793773e-15
8.32970465e-15
1.46431943e-14
4.99972671e-15
1.12978412e-14
3.36420554e-15
4.30940796e-15
1.44348306e-14
4.97970096e-15
8.19128738e-15
4.12888065e-15
1.62587226e-14
1.18429182e-14
1.5349231e-14
7.78715231e-15
1.24074276e-14
5.82197176e-15
1.32522931e-14
1.51837195e-14
1.30753827e-14
1.45108378e-14
1.5113296e-14
1.15495692e-14
1.38200046e-14
1.55192514e-14
1.20445935e-14
1.21757967e-14
1.29469401e-14
1.26062888e-14
1.29038707e-14
1.25263344e-14
1.50546915e-14
1.2167338e-14
1.17961271e-14
1.24043417e-14
1.22204499e-14
1.23017862e-14
1.20578992e-14
1.51702721e-14
1.17396665e-14
1.18655002e-14
1.221691e-14
1.23629665e-14
1.20276655e-14
1.21751542e-14
1.50038618e-14
1.20339858e-14
1.19608947e-14
1.26225721e-14
1.29469282e-14
1.24934652e-14
1.29314433e-14
1.33506869e-14
1.32378232e-14
1.57277084e-14
1.55144556e-14
1.51628107e-14
1.39309339e-14
1.09529084e-14
1.44406218e-14
1.49333575e-14
1.16886614e-14
1.23858916e-14
7.97007593e-15
5.34163535e-15
1.06682271e-14
8.06988772e-15
5.20207544e-15
4.14379129e-15
4.86932626e-15
8.79408304e-15
1.4585133e-14
4.61717718e-15
7.10457817e-15
5.51386175e-15
8.57689364e-15
1.26772823e-14
9.25914797e-15
8.87455865e-15
1.41811311e-14
1.39374706e-14
3.92421008e-15
6.42724458e-15
1.57961384e-14
9.08278245e-15
7.50586911e-15
1.52808242e-14
1.56333869e-14
7.29942543e-15
9.29446652e-15
1.4342302e-14
7.11417773e-15
4.70866739e-15
1.2975091e-14
1.66203584e-14
9.30802591e-15
1.05071348e-14
9.2187919e-15
1.60368591e-14
1.59434239e-14
8.00725299e-15
7.61641943e-15
7.6177637e-15
1.49766964e-14
1.43393902e-14
7.47501301e-15
7.40385666e-15
7.11466958e-15
1.39328307e-14
1.36691339e-14
7.08430436e-15
6.97516635e-15
7.31459958e-15
1.36660799e-14
1.38249305e-14
6.97267905e-15
6.96275204e-15
8.70210247e-15
1.43757818e-14
1.50356396e-14
7.71372455e-15
7.74838392e-15
9.10293223e-15
1.59378517e-14
1.61485369e-14
7.45129484e-15
7.73352523e-15
1.41234707e-14
3.90219079e-15
6.60809751e-15
1.62069831e-14
1.31237526e-14
9.76918529e-15
9.52353791e-15
1.58756477e-14
7.35515448e-15
9.61790422e-15
1.62106818e-14
1.51082052e-14
9.92469023e-15
7.07823466e-15
1.61362858e-14
9.53696941e-15
1.0371002e-14
1.42434574e-14
1.44317861e-14
6.98400622e-15
5.0102939e-15
1.5328764e-14
7.64961285e-15
4.74706956e-15
8.37819855e-15
5.09970739e-15
5.56335356e-15
4.97798165e-15
8.13869316e-15
3.95451274e-15
8.59061401e-15
1.44414761e-14
4.95419232e-15
6.74105892e-15
1.4154203e-14
1.5293386e-14
8.25971006e-15
8.92298562e-15
9.59795289e-15
1.54497209e-14
1.58539337e-14
4.08591338e-15
9.40591056e-15
1.40119672e-14
9.96031726e-15
1.26614655e-14
1.25820596e-14
6.21176515e-15
6.90367539e-15
1.3482928e-14
1.43853826e-14
9.88092661e-15
1.25700804e-14
1.23929973e-14
7.36567859e-15
7.54924707e-15
1.48830628e-14
1.49561343e-14
9.71123241e-15
1.23646054e-14
1.23760386e-14
7.38088044e-15
7.43165425e-15
1.51285575e-14
1.49117747e-14
9.59410083e-15
1.26175491e-14
1.28813274e-14
7.40074993e-15
6.43165608e-15
1.47457411e-14
1.41059569e-14
7.48211128e-15
1.61462947e-14
1.60201171e-14
4.15895147e-15
1.54203558e-14
9.58576768e-15
6.38667632e-15
1.61563637e-14
1.45242647e-14
9.10797544e-15
8.30090737e-15
1.55039454e-14
9.13721267e-15
5.10839886e-15
8.55448476e-15
5.19998364e-15
5.03179656e-15
5.34837828e-15
1.10872443e-14
1.37969263e-14
1.36889246e-14
1.48020741e-14
4.44519404e-15
4.55799462e-15
1.06421989e-14
1.56927294e-14
1.24831792e-14
1.30258217e-14
8.22137793e-15
1.20062526e-14
1.16768827e-14
1.49917506e-14
1.32215245e-14
1.28850881e-14
1.31065743e-14
1.41019313e-14
1.47483005e-14
1.47479538e-14
1.24661844e-14
1.29512065e-14
1.30481579e-14
1.28213654e-14
1.46253886e-14
1.38238736e-14
1.24104998e-14
1.46199586e-14
1.42518965e-14
1.29669046e-14
1.25403133e-14
1.18537748e-14
7.96764639e-15
1.46556134e-14
1.19697101e-14
1.11355278e-14
1.47675014e-14
1.43398488e-14
4.30264368e-15
1.0906982e-14
4.74733569e-15
1.11503769e-14
5.67069758e-15
5.10628371e-15
4.54583381e-15
1.10952364e-14
1.36722716e-14
1.43512501e-14
1.45434248e-14
4.45004867e-15
4.15055194e-15
1.05346773e-14
1.2610816e-14
1.22862974e-14
1.25426459e-14
1.1082868e-14
1.25035626e-14
1.18689671e-14
1.45352921e-14
1.5271479e-14
1.29330612e-14
1.25370255e-14
1.26175947e-14
1.13280868e-14
1.56343331e-14
1.24402398e-14
1.09014983e-14
1.44514213e-14
1.39391258e-14
4.5424003e-15
1.05591368e-14
4.15158848e-15
1.05196834e-14
4.55624216e-15
4.43729139e-15
1.16036832e-14
1.14221181e-14
1.43676492e-14
4.07428251e-15
1.23406847e-14
1.46451779e-14
1.22880775e-14
7.23242236e-15
1.20672651e-14
1.07401654e-14
1.21846293e-14
1.25610849e-14
1.24140146e-14
1.24590557e-14
1.51452277e-14
1.46815754e-14
1.44254843e-14
1.20163493e-14
1.24077621e-14
1.2513599e-14
1.23930478e-14
1.49312169e-14
1.50348125e-14
1.21167336e-14
1.44114986e-14
1.43958439e-14
1.21812986e-14
1.47040538e-14
1.1985175e-14
6.9941353e-15
1.18563554e-14
1.07161829e-14
7.9516163e-15
1.48947889e-14
1.17030552e-14
4.24103348e-15
4.49316906e-15
7.21352945e-15
7.71129435e-15
1.48814444e-14
1.24414431e-14
1.53397458e-14
6.77507089e-15
7.33113724e-15
1.2317368e-14
1.22473707e-14
1.23832633e-14
1.14742065e-14
1.49810762e-14
1.19511923e-14
1.48998739e-14
1.21122683e-14
1.23521688e-14
1.23028158e-14
1.49842289e-14
1.15634446e-14
1.46952439e-14
1.17467852e-14
1.11098499e-14
1.57984703e-14
1.18469611e-14
6.97870976e-15
7.68780342e-15
8.22710914e-15
1.05966775e-14
6.92134147e-15
1.08531503e-14
1.57032479e-14
1.37607577e-14
1.49806408e-14
7.66594026e-15
3.39840007e-15
9.39526788e-15
1.25013443e-14
1.24373008e-14
1.24935127e-14
1.2522096e-14
1.53066769e-14
1.28763474e-14
1.52815173e-14
1.25046286e-14
1.25733282e-14
1.24010321e-14
1.54213484e-14
1.26565405e-14
1.55167454e-14
1.2867683e-14
1.20501563e-14
1.4867726e-14
1.4395863e-14
7.65181463e-15
9.40207797e-15
3.67964711e-15
4.04401864e-15
1.08791496e-14
6.59002161e-15
1.09960218e-14
4.10802596e-15
1.07427146e-14
1.5180176e-14
1.17641318e-14
1.52584205e-14
3.53330825e-15
9.90381649e-15
7.82175495e-15
1.25320136e-14
1.24060112e-14
1.25131567e-14
1.31102553e-14
1.5380885e-14
1.22968232e-14
1.53884165e-14
1.23166351e-14
1.25083049e-14
1.22857176e-14
1.57474104e-14
1.26459569e-14
1.54735752e-14
1.22362115e-14
1.44219523e-14
1.4913653e-14
1.20838742e-14
9.40143851e-15
3.64733543e-15
7.41971099e-15
6.67435391e-15
1.10839922e-14
4.34710379e-15
7.46081843e-15
7.13410752e-15
1.55649716e-14
1.13982014e-14
1.47848445e-14
7.45783591e-15
6.87941554e-15
1.24026921e-14
1.20546749e-14
1.23407535e-14
1.15719042e-14
1.49538262e-14
1.16959736e-14
1.52210883e-14
1.2117366e-14
1.22420427e-14
1.19615509e-14
1.47483546e-14
1.15924209e-14
1.49642178e-14
1.14718255e-14
1.26911263e-14
1.46784007e-14
1.20405965e-14
7.2849843e-15
6.66088494e-15
7.41590378e-15
4.34746589e-15
1.46238269e-14
8.25597636e-15
1.15911944e-14
4.16255212e-15
1.21882386e-14
1.44531153e-14
1.22238819e-14
1.08549512e-14
1.18903227e-14
7.21889449e-15
1.17922551e-14
1.24640619e-14
1.23407927e-14
1.26088754e-14
1.43625645e-14
1.21106141e-14
1.48895461e-14
1.47693905e-14
1.23600333e-14
1.25181954e-14
1.22942259e-14
1.20131765e-14
1.44995925e-14
1.45763447e-14
1.48189673e-14
1.4728927e-14
1.20997907e-14
1.42173189e-14
1.16049622e-14
1.08039517e-14
1.16659739e-14
6.96987696e-15
1.16557073e-14
1.15884707e-14
7.94046656e-15
4.12955476e-15
1.1450805e-14
5.39992656e-15
1.4816634e-14
1.04164719e-14
1.36788269e-14
4.33798989e-15
1.08952234e-14
4.68553056e-15
1.2680112e-14
1.45588755e-14
1.25848092e-14
1.24173647e-14
1.49930913e-14
1.09333682e-14
1.26477585e-14
1.24368862e-14
1.25981813e-14
1.4769119e-14
1.52879185e-14
1.23445712e-14
1.2711702e-14
1.09254965e-14
1.46672391e-14
1.3903485e-14
1.11999202e-14
1.06120096e-14
4.3026974e-15
4.38867318e-15
4.56188055e-15
5.2607501e-15
1.13206797e-14
5.28669465e-15
1.48198077e-14
1.0578749e-14
1.35239184e-14
4.83041291e-15
1.09575854e-14
4.32476779e-15
1.27503594e-14
1.40375345e-14
1.52599049e-14
1.18399204e-14
1.44265525e-14
8.06709575e-15
1.1450128e-14
1.30650931e-14
1.27366507e-14
1.32337119e-14
1.48388873e-14
1.2464093e-14
1.39127749e-14
1.42591545e-14
1.28269301e-14
1.32461875e-14
1.29279461e-14
1.24800949e-14
1.46991526e-14
1.46110055e-14
1.38379245e-14
1.26739863e-14
1.58490557e-14
1.45550206e-14
1.45459638e-14
1.23726805e-14
1.16755661e-14
8.13965418e-15
1.35057059e-14
1.41026846e-14
1.0796631e-14
1.0874956e-14
4.36571698e-15
4.42910117e-15
5.72935962e-15
5.20071371e-15
8.39634624e-15
1.39100523e-14
3.889461e-15
5.00475936e-15
1.57495091e-14
6.33187663e-15
7.52529654e-15
8.08072231e-15
8.62059815e-15
1.62034182e-14
8.03579801e-15
9.8158452e-15
9.14968703e-15
1.37772352e-14
3.91524353e-15
1.26635061e-14
9.53587819e-15
1.01669825e-14
1.34019903e-14
1.42770348e-14
6.13886226e-15
6.85466136e-15
1.24507807e-14
1.03038349e-14
1.00022667e-14
1.49045993e-14
1.49142716e-14
7.30983659e-15
7.50083165e-15
1.24259366e-14
9.98187741e-15
9.80319088e-15
1.50398121e-14
1.48535099e-14
7.58004104e-15
7.33206121e-15
1.31041418e-14
9.99962147e-15
1.0062327e-14
1.45671414e-14
1.37951632e-14
7.3370307e-15
7.06992209e-15
1.5893284e-14
1.03669322e-14
7.99044818e-15
1.40215865e-14
8.91371153e-15
4.61721932e-15
1.454715e-14
7.46156678e-15
6.83355765e-15
8.961174e-15
8.2057087e-15
9.28780766e-15
4.6414746e-15
5.41000629e-15
5.25621926e-15
4.45329101e-15
7.72646265e-15
8.72307157e-15
8.59013367e-15
8.60613497e-15
9.0163443e-15
8.64498685e-15
8.56700398e-15
7.93007951e-15
4.6909145e-15
4.75549233e-15
7.90131521e-15
1.05120373e-14
1.14317922e-14
1.1490987e-14
1.42449833e-14
1.46036615e-14
3.90311757e-15
6.71915701e-15
1.32708206e-14
1.49844073e-14
1.5048713e-14
3.90438909e-15
7.72103706e-15
1.01510974e-14
1.38715314e-14
1.20312994e-14
1.19965687e-14
6.28943955e-15
6.65090074e-15
1.0303301e-14
1.05463387e-14
1.35481857e-14
1.20060689e-14
1.20329847e-14
6.60394815e-15
5.99477845e-15
1.05822912e-14
1.03213343e-14
1.11298731e-14
1.51872429e-14
1.47248562e-14
3.77834628e-15
1.01077755e-14
7.44859522e-15
8.70430752e-15
1.43731813e-14
1.39754002e-14
6.68597742e-15
3.87221367e-15
4.09536282e-15
1.14946232e-14
1.04815896e-14
4.54570882e-15
4.63506992e-15
1.15197137e-14
1.14158554e-14
1.21615167e-14
1.41053234e-14
1.42616629e-14
1.4876887e-14
4.22333101e-15
4.28069103e-15
9.93242107e-15
1.21385544e-14
1.2215692e-14
1.24201449e-14
9.10825452e-15
1.06111961e-14
1.21338371e-14
1.34633421e-14
1.2427933e-14
1.25162781e-14
1.25578939e-14
1.21584193e-14
1.30568186e-14
1.27345064e-14
1.53864062e-14
1.25070537e-14
1.25574132e-14
1.25629709e-14
1.32826376e-14
1.36247907e-14
1.53305159e-14
1.55660219e-14
1.23103433e-14
1.25282346e-14
1.24509903e-14
1.3232913e-14
1.27549096e-14
1.5550992e-14
1.50412891e-14
1.23247821e-14
1.24454384e-14
1.26231665e-14
1.31124597e-14
1.22911869e-14
1.48838147e-14
1.30154037e-14
1.43776555e-14
1.24810622e-14
1.22028181e-14
1.06224243e-14
9.11540182e-15
1.36126882e-14
1.21237393e-14
1.24705559e-14
1.48305218e-14
1.52905717e-14
4.05048871e-15
9.71147119e-15
4.4262619e-15
4.6612756e-15
1.21336962e-14
1.11734894e-14
4.7223503e-15
1.06589493e-14
6.98919189e-15
1.1813587e-14
1.5033979e-14
1.44717081e-14
1.44663049e-14
4.49584827e-15
3.7123885e-15
8.94132977e-15
1.22806241e-14
1.20898686e-14
1.23586481e-14
9.77743304e-15
1.22000393e-14
1.10228454e-14
1.33059047e-14
1.24950493e-14
1.24792933e-14
1.23450713e-14
1.26727388e-14
1.52970378e-14
1.53511887e-14
1.41909999e-14
1.24754942e-14
1.2248129e-14
1.22286434e-14
1.46932242e-14
1.48726394e-14
1.18367265e-14
1.20704658e-14
1.26576486e-14
1.21972416e-14
1.22976088e-14
1.44667593e-14
1.48937487e-14
1.19824513e-14
1.18799439e-14
1.23636137e-14
1.23484239e-14
1.22160423e-14
1.57557905e-14
1.30521926e-14
1.41728976e-14
1.45450399e-14
1.48993831e-14
1.22313746e-14
1.20647849e-14
1.23193611e-14
9.74467068e-15
1.3187125e-14
1.12295396e-14
1.21472178e-14
1.41675095e-14
1.4813145e-14
3.94272545e-15
8.91302716e-15
3.70291839e-15
4.15032295e-15
1.18090987e-14
6.92692001e-15
4.14474981e-15
6.80742022e-15
1.19474543e-14
1.11746215e-14
1.24830295e-14
1.19278869e-14
1.49792316e-14
1.2107245e-14
6.30316962e-15
1.01577986e-14
6.95017757e-15
1.11111266e-14
1.24855471e-14
1.22658538e-14
1.25166363e-14
1.29296238e-14
1.27997214e-14
1.33621758e-14
1.54271156e-14
1.22152924e-14
1.23760393e-14
1.21754812e-14
1.4444865e-14
1.17104042e-14
1.45275911e-14
1.18987062e-14
1.23238301e-14
1.22017863e-14
1.23636795e-14
1.17530291e-14
1.42148319e-14
1.19929199e-14
1.46333498e-14
1.21165264e-14
1.24268396e-14
1.23333845e-14
1.24821858e-14
1.28682553e-14
1.51493895e-14
1.37669174e-14
1.48565433e-14
1.19415712e-14
1.44681334e-14
1.0180395e-14
6.23255836e-15
1.10068608e-14
6.69998333e-15
1.00493827e-14
1.30969322e-14
1.12092014e-14
6.55471276e-15
7.30920656e-15
7.37298982e-15
1.50868559e-14
1.13095438e-14
1.45282909e-14
3.8538839e-15
6.05952857e-15
1.21522813e-14
1.16846965e-14
1.22123204e-14
9.17064167e-15
1.16535426e-14
9.48924664e-15
1.21701975e-14
1.24065371e-14
1.2645842e-14
1.24295579e-14
1.3289658e-14
1.48999032e-14
1.40907193e-14
1.5115076e-14
1.21856745e-14
1.2163013e-14
1.22073708e-14
1.17014875e-14
1.20626167e-14
1.17010753e-14
1.21808862e-14
1.22365074e-14
1.2228718e-14
1.22073511e-14
1.21025568e-14
1.17973981e-14
1.22007885e-14
1.17632546e-14
1.24668545e-14
1.25107809e-14
1.25519232e-14
1.51920728e-14
1.34662301e-14
1.54159911e-14
1.3766544e-14
1.45430409e-14
1.21213251e-14
1.16513319e-14
1.18088486e-14
9.13083324e-15
1.19840871e-14
9.57714827e-15
1.18328433e-14
1.44834642e-14
1.14400779e-14
3.67257338e-15
5.72007993e-15
7.42977122e-15
7.24575084e-15
7.29318319e-15
1.45191713e-14
1.16636087e-14
1.50951094e-14
6.16169268e-15
3.93264653e-15
1.21893145e-14
1.4623237e-14
1.21280562e-14
9.44828774e-15
1.21433871e-14
9.26549804e-15
1.17017188e-14
1.25006183e-14
1.23121679e-14
1.25329465e-14
1.38938803e-14
1.53832843e-14
1.29352465e-14
1.53656437e-14
1.22212056e-14
1.22424665e-14
1.22211305e-14
1.17096424e-14
1.21908889e-14
1.17610661e-14
1.21083333e-14
1.21987526e-14
1.21861476e-14
1.21871785e-14
1.22023971e-14
1.17606372e-14
1.20767375e-14
1.16716723e-14
1.25315493e-14
1.24384587e-14
1.23054953e-14
1.53850801e-14
1.37845492e-14
1.50111096e-14
1.28874561e-14
1.16511694e-14
1.21745508e-14
1.46966368e-14
1.19345042e-14
9.46956757e-15
1.17736587e-14
9.3298549e-15
1.14216335e-14
1.46873607e-14
1.19034806e-14
5.83216712e-15
3.69223429e-15
7.34268341e-15
6.75404893e-15
4.15799164e-15
1.24853962e-14
1.01882303e-14
1.24646455e-14
1.20436658e-14
1.52374224e-14
1.19094287e-14
6.95192566e-15
1.11371634e-14
6.3716124e-15
1.00785855e-14
1.2518118e-14
1.20914539e-14
1.23842157e-14
1.30543909e-14
1.56015803e-14
1.27755952e-14
1.26020764e-14
1.22222745e-14
1.24979484e-14
1.22779689e-14
1.4585405e-14
1.19783288e-14
1.45582524e-14
1.18544373e-14
1.23152262e-14
1.21848071e-14
1.24211697e-14
1.19120563e-14
1.44691103e-14
1.16945102e-14
1.43136115e-14
1.22904258e-14
1.26160004e-14
1.22538581e-14
1.53691028e-14
1.33286504e-14
1.31660436e-14
1.30620419e-14
1.49487875e-14
1.19297822e-14
1.4670314e-14
1.13429295e-14
6.95858139e-15
1.02877743e-14
6.19965998e-15
1.12814974e-14
1.25064306e-14
1.01697865e-14
4.10521334e-15
1.19328246e-14
4.20538454e-15
1.06311758e-14
1.43176226e-14
1.22449923e-14
1.41610731e-14
3.79518851e-15
8.78152758e-15
4.02050986e-15
1.22259018e-14
1.489687e-14
1.22830382e-14
1.11910569e-14
1.30744497e-14
9.70954952e-15
1.23231091e-14
1.23646233e-14
1.23430143e-14
1.24620575e-14
1.48561797e-14
1.42333797e-14
1.29057274e-14
1.54315996e-14
1.22475546e-14
1.22232919e-14
1.24991975e-14
1.17365573e-14
1.21212651e-14
1.37269379e-14
1.50279255e-14
1.22098602e-14
1.24586623e-14
1.24071698e-14
1.21088978e-14
1.18327903e-14
1.490162e-14
1.44398353e-14
1.24385445e-14
1.22831874e-14
1.22944781e-14
1.4239955e-14
1.52903438e-14
1.48094397e-14
1.2871231e-14
1.22034532e-14
1.22402046e-14
1.48596166e-14
1.36450042e-14
1.13564826e-14
1.22054125e-14
9.91642108e-15
1.44648785e-14
1.46775686e-14
1.18730837e-14
9.09257783e-15
3.84264782e-15
4.64190876e-15
6.93825748e-15
1.05610033e-14
4.02855442e-15
4.90812524e-15
1.21999169e-14
5.0559425e-15
1.14082669e-14
1.48208808e-14
1.19774823e-14
1.41671647e-14
4.46490743e-15
9.86366862e-15
4.08998718e-15
1.22345677e-14
1.42343701e-14
1.20837517e-14
1.21477536e-14
1.31688853e-14
9.12012312e-15
1.06694586e-14
1.25434276e-14
1.22481314e-14
1.25279884e-14
1.15504871e-14
1.54202072e-14
1.23029525e-14
1.34813626e-14
1.25451314e-14
1.25357189e-14
1.26489362e-14
1.49159233e-14
1.5437788e-14
1.33535801e-14
1.39075805e-14
1.25129072e-14
1.24754984e-14
1.23535428e-14
1.5291198e-14
1.52230587e-14
1.33052433e-14
1.29908058e-14
1.24528216e-14
1.2306129e-14
1.23683946e-14
1.54712699e-14
1.26900794e-14
1.29328335e-14
1.22777069e-14
1.22108777e-14
1.19525068e-14
1.4140316e-14
1.31856615e-14
1.23715136e-14
1.04290875e-14
8.93898457e-15
1.41266398e-14
1.44608216e-14
1.21772414e-14
9.87768532e-15
4.38756436e-15
4.2413369e-15
1.10478569e-14
1.11761073e-14
4.76526485e-15
4.67517054e-15
1.17760919e-14
4.33413953e-15
7.77422434e-15
1.45857679e-14
8.88360354e-15
1.1352639e-14
3.82557191e-15
6.72808372e-15
1.49359559e-14
1.1098814e-14
1.38018362e-14
7.55117523e-15
1.00608586e-14
3.85011793e-15
1.21436253e-14
1.36630062e-14
1.38030303e-14
1.04181034e-14
1.08707252e-14
6.17824076e-15
6.58811647e-15
1.19888679e-14
1.38911096e-14
1.35878837e-14
1.08667091e-14
1.02815317e-14
6.60778265e-15
6.16248339e-15
1.54757525e-14
1.35411361e-14
1.16218671e-14
9.88054001e-15
7.71905399e-15
3.66532307e-15
1.42292744e-14
1.14272142e-14
9.1699259e-15
6.64423343e-15
3.93307665e-15
1.0593544e-14
7.8894991e-15
4.16210593e-15
4.67232685e-15
8.7077733e-15
8.54116559e-15
8.7206338e-15
7.78411354e-15
3.88458656e-15
6.21109825e-15
6.5963823e-15
6.74978796e-15
6.58618063e-15
3.9086284e-15
3.8728724e-15
3.85797062e-15
8.19497731e-15
9.0180623e-15
9.79063775e-15
1.08872001e-14
9.98611879e-15
1.15110553e-14
1.17369644e-14
9.59003257e-15
1.16933104e-14
1.1419886e-14
6.34495347e-15
1.08143383e-14
9.80914763e-15
8.21335986e-15
3.79399476e-15
3.94481657e-15
9.57549184e-15
8.95628324e-15
1.06975071e-14
1.19824628e-14
1.19752278e-14
1.24160906e-14
1.23316146e-14
1.25658139e-14
1.27115044e-14
1.23634628e-14
1.26829797e-14
1.27935502e-14
1.11881252e-14
1.23190024e-14
1.19443935e-14
6.40098803e-15
1.08908821e-14
9.02973205e-15
3.85743135e-15
6.06074009e-15
6.21349632e-15
1.14091936e-14
9.92136825e-15
1.16581522e-14
1.25168151e-14
1.22113015e-14
1.26282085e-14
1.28037308e-14
1.2712732e-14
1.29565176e-14
1.27527329e-14
1.29075129e-14
1.27036533e-14
1.21710167e-14
1.27247845e-14
1.22929434e-14
9.58907837e-15
1.16317996e-14
9.84507818e-15
6.44815683e-15
6.40220363e-15
6.38752037e-15
1.16424806e-14
9.53838285e-15
1.14307312e-14
1.26156879e-14
1.22308017e-14
1.25972637e-14
1.29865981e-14
1.26028036e-14
1.27728798e-14
1.25896416e-14
1.27965572e-14
1.25970933e-14
1.23155945e-14
1.27713454e-14
1.22070533e-14
9.90442831e-15
1.14285995e-14
9.48773019e-15
6.19889574e-15
4.1330615e-15
1.08506736e-14
6.72253629e-15
1.00524419e-14
1.23590303e-14
1.11911727e-14
1.19208083e-14
1.27735617e-14
1.22252759e-14
1.24591297e-14
1.24938413e-14
1.2451853e-14
1.2313522e-14
1.18755346e-14
1.19147936e-14
1.11971945e-14
9.02120265e-15
9.72072056e-15
6.37247139e-15
8.55506258e-15
3.88133024e-15
1.09205683e-14
6.31959708e-15
9.53536341e-15
1.16517344e-14
9.62797536e-15
9.98763864e-15
1.15107792e-14
9.92289375e-15
9.70610849e-15
9.90599217e-15
9.20986045e-15
6.42055212e-15
3.96736667e-15
3.92904487e-15
4.03231596e-15
6.3904391e-15
6.2941942e-15
1.17010095e-14
1.60499432e-14
1.61377857e-14
1.37892401e-14
1.52888722e-14
1.4040066e-14
1.36123703e-14
1.49166172e-14
1.57474603e-14
1.549693e-14
1.62988429e-14
1.41158491e-14
1.38255648e-14
1.40652269e-14
1.48319253e-14
1.52370774e-14
1.19263615e-14
1.40328438e-14
1.33193103e-14
1.4007648e-14
1.55991947e-14
1.60426487e-14
1.25442819e-14
1.53342329e-14
1.3477719e-14
1.41234359e-14
1.61800067e-14
1.41965109e-14
)
;

boundaryField
{
    left
    {
        type            calculated;
        value           uniform 0;
    }
    right
    {
        type            calculated;
        value           uniform 0;
    }
    yarn_to_fluid
    {
        type            calculated;
        value           uniform 0;
    }
}


// ************************************************************************* //
