/*--------------------------------*- C++ -*----------------------------------*\
  =========                 |
  \\      /  F ield         | OpenFOAM: The Open Source CFD Toolbox
   \\    /   O peration     | Website:  https://openfoam.org
    \\  /    A nd           | Version:  9
     \\/     M anipulation  |
\*---------------------------------------------------------------------------*/
FoamFile
{
    format      ascii;
    class       volScalarField;
    location    "0";
    object      Cx;
}
// * * * * * * * * * * * * * * * * * * * * * * * * * * * * * * * * * * * * * //

dimensions      [0 1 0 0 0 0 0];

internalField   nonuniform List<scalar> 
15188
(
0.000961881
0.0010056
0.00104917
0.00297188
0.00301676
0.000867995
0.000914248
0.000960094
0.00100575
0.00105128
0.00109704
0.00114215
0.00287998
0.00292581
0.00297161
0.00301709
0.00306278
0.00310901
0.00315239
0.00082324
0.00086733
0.000913237
0.000971415
0.00101715
0.00105156
0.00109944
0.00114302
0.00118714
0.00283389
0.00287844
0.00292384
0.00298287
0.00302856
0.00306439
0.00310926
0.00315394
0.00319785
0.000778874
0.000822904
0.000866116
0.000925753
0.000971445
0.00101714
0.00106286
0.0010973
0.00114445
0.00118826
0.00279031
0.00283346
0.00287826
0.00293715
0.00298285
0.00302855
0.00307417
0.00310866
0.00315659
0.00320008
0.000778842
0.000820861
0.00086831
0.000925765
0.000971394
0.00101713
0.00106284
0.00110874
0.0011457
0.00118871
0.0012312
0.00278951
0.002832
0.00289138
0.00293718
0.00298291
0.0030286
0.0030742
0.00310847
0.00315654
0.00320001
0.000778782
0.000820295
0.00086836
0.000925798
0.000971391
0.00101715
0.00106284
0.0011087
0.00114503
0.00118913
0.00123176
0.00278951
0.0028326
0.00289141
0.00293721
0.00298293
0.00302863
0.00307425
0.00310857
0.00315685
0.00320023
0.000779002
0.000821999
0.000867044
0.000925801
0.000971439
0.00101711
0.00106282
0.00109719
0.00114542
0.00118896
0.00123227
0.00278889
0.0028322
0.00287985
0.0029372
0.00298287
0.00302858
0.00307427
0.00310864
0.00315613
0.00319951
0.00082306
0.000867061
0.000914158
0.00097135
0.00101712
0.00105141
0.00109884
0.00114409
0.00118854
0.00278989
0.00283415
0.00287811
0.00292559
0.00298287
0.00302857
0.00306288
0.00311025
0.00315497
0.00319851
0.00082401
0.000868931
0.000912856
0.000960061
0.00100571
0.00105129
0.0010982
0.00114305
0.0028353
0.00287987
0.00292505
0.00297138
0.00301713
0.00306364
0.00310916
0.00315413
0.00091446
0.000959662
0.00100576
0.00105196
0.0010968
0.00288214
0.00292482
0.00297168
0.00301713
0.00306394
0.00310729
0.00091486
0.000959874
0.00100586
0.0010514
0.0010949
0.00292608
0.00297133
0.00301716
0.00306287
0.00310671
0.000777753
0.000821707
0.0008794
0.000925555
0.000971272
0.00101716
0.00106309
0.00110917
0.00114311
0.00118979
0.00123244
0.00278761
0.00283364
0.00289081
0.00293687
0.00298281
0.00302875
0.0030744
0.00312042
0.00315514
0.00320057
0.000731099
0.000787214
0.000834117
0.000879766
0.000925613
0.000971344
0.00101714
0.001063
0.00110889
0.0011545
0.00120053
0.0012357
0.00127915
0.00274139
0.00279931
0.00284549
0.00289115
0.00293699
0.00298286
0.0030286
0.0030743
0.00312012
0.00316577
0.0032125
0.00324707
0.00329002
0.000686504
0.000729703
0.000788157
0.000834011
0.000879813
0.000925627
0.000971415
0.00101713
0.00106302
0.00110882
0.00115448
0.00120019
0.00124681
0.00128105
0.00132362
0.00269759
0.00275296
0.00279971
0.00284538
0.00289116
0.00293701
0.00298286
0.00302851
0.00307424
0.00312003
0.0031658
0.00321166
0.00324759
0.00329271
0.000685143
0.000740937
0.000788042
0.000833946
0.000879778
0.000925688
0.000971433
0.00101712
0.00106288
0.00110868
0.00115439
0.00120007
0.00124592
0.00128223
0.00132519
0.00269564
0.00275396
0.00279973
0.0028455
0.00289127
0.00293712
0.00298286
0.00302852
0.00307421
0.00312009
0.00316597
0.00321192
0.00325901
0.003294
0.00333574
0.000684466
0.0007423
0.00078794
0.000833886
0.000879833
0.000925749
0.000971425
0.00101711
0.00106281
0.00110864
0.00115444
0.00120004
0.00124604
0.00128332
0.0013251
0.00265393
0.00269461
0.00275381
0.00279982
0.00284555
0.00289138
0.0029372
0.00298289
0.00302855
0.00307419
0.00312007
0.00316607
0.00321224
0.00325798
0.00329434
0.00333628
0.000683829
0.000742217
0.000787886
0.000833906
0.000879886
0.000925775
0.000971434
0.00101712
0.00106282
0.00110866
0.0011545
0.00120014
0.00124598
0.00128191
0.00132516
0.00265371
0.00269548
0.00275393
0.00279983
0.00284554
0.00289138
0.0029372
0.0029829
0.00302857
0.00307422
0.00312011
0.00316609
0.00321219
0.0032578
0.00329416
0.00333666
0.000685074
0.000740913
0.000788009
0.000834051
0.000879899
0.000925736
0.000971447
0.00101712
0.00106287
0.00110871
0.00115451
0.00120024
0.00124604
0.00128262
0.00132616
0.00265339
0.00269536
0.00275396
0.00279968
0.00284546
0.00289126
0.00293712
0.00298288
0.00302857
0.0030743
0.00312017
0.00316602
0.00321197
0.00325906
0.00329363
0.00333591
0.000686093
0.000728594
0.000788102
0.000833974
0.000879836
0.000925605
0.000971401
0.00101712
0.00106294
0.00110877
0.00115462
0.00120027
0.00124719
0.00128221
0.00132408
0.0026968
0.00275296
0.0027996
0.00284538
0.00289117
0.00293702
0.00298287
0.00302859
0.0030744
0.00312018
0.00316603
0.0032119
0.00324637
0.00329338
0.000730551
0.000787018
0.00083392
0.000879659
0.000925513
0.000971344
0.00101715
0.001063
0.00110887
0.00115465
0.00120067
0.00123649
0.00128101
0.00269789
0.00274037
0.00279924
0.00284542
0.00289116
0.00293699
0.00298286
0.00302872
0.00307454
0.0031203
0.003166
0.00321281
0.00324787
0.00329018
0.000733374
0.000774788
0.000821518
0.00087929
0.00092556
0.00097126
0.00101718
0.00106317
0.00110925
0.00114331
0.00118954
0.00123562
0.00274343
0.00278769
0.00283234
0.00289086
0.00293684
0.00298284
0.00302883
0.00307465
0.00312058
0.00315581
0.00320102
0.00324677
0.000823264
0.000866299
0.000914441
0.000959858
0.00100571
0.00105144
0.00109893
0.00114363
0.00118684
0.00283429
0.00287762
0.00292577
0.00297134
0.00301722
0.00306299
0.00311009
0.0031551
0.00319812
0.000776302
0.000822612
0.000869428
0.000914371
0.00095987
0.00100571
0.00105146
0.00109696
0.00114138
0.0011892
0.00123386
0.00274485
0.00278778
0.00283526
0.00288043
0.00292574
0.00297135
0.00301726
0.00306312
0.00310843
0.00315362
0.00320015
0.00324445
0.000683794
0.000742204
0.000788222
0.000835083
0.000880249
0.000914406
0.000959997
0.00100567
0.00105134
0.00109691
0.0011537
0.0011998
0.00124621
0.00128111
0.00132712
0.00265345
0.0026953
0.00275382
0.00280012
0.00284625
0.00288016
0.0029257
0.0029714
0.00301721
0.00306289
0.00311976
0.00316479
0.00321165
0.00325781
0.00329261
0.00333662
0.000638008
0.000695888
0.000742473
0.000788439
0.000834368
0.000880074
0.000925787
0.000971376
0.00101713
0.00106286
0.00110844
0.00115409
0.00119993
0.0012459
0.00129197
0.00132894
0.00137192
0.00260766
0.0026488
0.00270807
0.00275401
0.00279999
0.00284576
0.00289139
0.00293708
0.00298288
0.00302853
0.00307415
0.00311985
0.00316555
0.00321146
0.00325755
0.00330426
0.00333978
0.00338239
0.000595209
0.00064972
0.000696451
0.000742478
0.000788435
0.00083425
0.000879998
0.000925741
0.000971509
0.00101706
0.00106283
0.00110853
0.00115414
0.0011999
0.00124583
0.00129188
0.00133868
0.00137381
0.00141614
0.0026042
0.00266173
0.00270825
0.00275412
0.00280005
0.00284577
0.00289141
0.00293719
0.0029829
0.00302838
0.00307404
0.0031198
0.00316559
0.00321147
0.00325749
0.00330361
0.00335052
0.00338509
0.000592849
0.000650573
0.000696481
0.000742428
0.00078839
0.000834212
0.000880004
0.000925709
0.000971424
0.00101712
0.0010628
0.00110839
0.00115408
0.00119987
0.00124577
0.00129175
0.00133783
0.00137485
0.0014172
0.00256241
0.00260302
0.00266226
0.00270825
0.00275417
0.00280004
0.00284581
0.00289153
0.00293717
0.00298286
0.00302851
0.00307415
0.0031198
0.00316565
0.00321158
0.00325759
0.0033036
0.00334956
0.0033857
0.00342742
0.000591541
0.000650132
0.000696398
0.000742452
0.000788375
0.000834206
0.000880077
0.000925807
0.000971413
0.00101709
0.00106272
0.00110828
0.00115407
0.00119987
0.00124576
0.00129158
0.00133739
0.0013719
0.00141795
0.00256214
0.00260369
0.00266257
0.00270836
0.00275415
0.00280003
0.00284583
0.00289166
0.00293728
0.00298289
0.00302855
0.00307412
0.00311981
0.00316575
0.00321167
0.00325766
0.0033038
0.00335007
0.00338686
0.00342928
0.000591167
0.000650016
0.000696282
0.000742407
0.000788361
0.000834254
0.000880159
0.000925848
0.000971437
0.0010171
0.00106274
0.00110832
0.00115411
0.0011999
0.00124575
0.00129151
0.00133731
0.00137161
0.00141812
0.00256173
0.0026034
0.00266263
0.00270844
0.00275419
0.00280003
0.00284581
0.00289164
0.00293726
0.00298289
0.00302857
0.00307413
0.00311984
0.00316577
0.00321166
0.00325762
0.00330378
0.00335003
0.00338657
0.0034295
0.000592202
0.000650474
0.000696323
0.000742354
0.00078837
0.000834267
0.0008801
0.00092578
0.000971465
0.00101712
0.00106283
0.00110848
0.00115419
0.00119995
0.00124582
0.00129176
0.00133769
0.0013737
0.00141706
0.00256256
0.00260387
0.00266239
0.00270829
0.00275417
0.00279998
0.00284576
0.00289148
0.00293714
0.00298288
0.00302857
0.00307423
0.0031199
0.00316576
0.00321162
0.00325762
0.00330374
0.00334975
0.00338673
0.00342818
0.000593545
0.000649538
0.000696377
0.000742419
0.00078839
0.000834199
0.00087998
0.000925758
0.000971507
0.00101708
0.00106283
0.00110861
0.00115427
0.00119999
0.00124595
0.001292
0.00133844
0.00137447
0.00141639
0.00260383
0.00266162
0.00270813
0.00275408
0.00279996
0.00284568
0.00289135
0.00293713
0.00298287
0.00302852
0.0030742
0.00311997
0.00316579
0.00321161
0.00325755
0.00330363
0.00335056
0.00338505
0.00342696
0.000595661
0.000637867
0.000696049
0.000742515
0.000788408
0.000834243
0.000879847
0.000925588
0.00097136
0.00101719
0.0010629
0.00110857
0.00115425
0.00120006
0.00124604
0.00129208
0.00132897
0.00137265
0.00260674
0.00264922
0.00270811
0.00275394
0.00279996
0.0028458
0.00289145
0.00293708
0.00298283
0.00302858
0.00307425
0.00311996
0.00316573
0.0032116
0.00325753
0.00330414
0.00333956
0.00338421
0.000640872
0.00068344
0.000742364
0.000788277
0.000834861
0.000879877
0.000914076
0.000959907
0.0010057
0.00105141
0.0010971
0.00115384
0.00119989
0.00124631
0.00128069
0.00132772
0.00137045
0.00265025
0.00269536
0.0027538
0.00280009
0.00284623
0.00288005
0.00292584
0.00297144
0.00301717
0.00306276
0.00312005
0.00316501
0.00321184
0.0032578
0.00329354
0.00333969
0.000687696
0.000729149
0.000776151
0.000822698
0.000869348
0.000914208
0.000959916
0.00100571
0.00105148
0.00109713
0.00114191
0.00118988
0.00123389
0.00128192
0.00269765
0.00274137
0.00278745
0.00283625
0.00288015
0.00292568
0.00297136
0.00301721
0.00306299
0.00310858
0.00315317
0.00320204
0.00324809
0.00329164
0.000642085
0.00068539
0.000732325
0.000775285
0.00123583
0.0012797
0.00132695
0.00265228
0.0026959
0.0027432
0.00324605
0.00329024
0.0033374
0.000591792
0.000650602
0.000698139
0.000743887
0.000779003
0.000823479
0.00086958
0.000912375
0.00109874
0.00114133
0.00118731
0.00123215
0.00129071
0.00133811
0.00138501
0.00141958
0.0025617
0.00261499
0.00266165
0.00270905
0.00274326
0.00279016
0.00283644
0.00287986
0.00310894
0.00315265
0.0031989
0.00325615
0.00330184
0.00334945
0.00338544
0.00342817
0.000545975
0.000604395
0.000650926
0.000697026
0.000743044
0.000789773
0.000823424
0.000869736
0.000915503
0.000960043
0.0010057
0.00105146
0.00109619
0.00114104
0.0011881
0.0012456
0.00129139
0.00133736
0.00138343
0.00141895
0.00146336
0.00251624
0.00255832
0.00261674
0.00266284
0.00270882
0.00275456
0.00278907
0.0028346
0.00288129
0.00292612
0.00297158
0.00301718
0.00306274
0.00310764
0.00315222
0.00321008
0.00325689
0.00330296
0.00334926
0.00339609
0.0034316
0.00347364
0.000504304
0.000558271
0.000605027
0.000651049
0.000697032
0.000742992
0.000788768
0.000823236
0.000868711
0.000915817
0.000960867
0.0010049
0.0010505
0.00109706
0.00114237
0.00119969
0.00124551
0.0012914
0.00133743
0.00138347
0.00142984
0.00146485
0.00150713
0.00251327
0.00257026
0.00261673
0.0026628
0.00270877
0.00275453
0.00280033
0.00283487
0.00288018
0.00292742
0.00297197
0.00301617
0.00306144
0.00310821
0.00315386
0.00321118
0.00325696
0.00330294
0.00334904
0.00339521
0.00344198
0.00347628
0.000501789
0.000558992
0.000604832
0.00065088
0.000696882
0.000742834
0.000788835
0.000834318
0.0008687
0.000914424
0.000960064
0.00100574
0.00105136
0.00109676
0.00115345
0.00119961
0.00124529
0.00129117
0.00133718
0.00138312
0.00142907
0.00146609
0.00150779
0.0025117
0.00257093
0.00261696
0.0026629
0.00270884
0.00275465
0.00280037
0.00284642
0.00288032
0.00292588
0.00297143
0.00301707
0.00306268
0.00310799
0.00316544
0.00321115
0.00325715
0.00330313
0.00334919
0.00339535
0.00344125
0.00347712
0.0035181
0.000500604
0.000558388
0.00060441
0.000650583
0.000696774
0.000742866
0.000788874
0.00083434
0.000868675
0.000914564
0.000960095
0.00100562
0.00105107
0.00109656
0.00115397
0.0011996
0.0012453
0.00129101
0.00133694
0.00138286
0.00142877
0.00146315
0.00150889
0.0024712
0.00251238
0.00257124
0.00261716
0.00266305
0.00270891
0.0027546
0.00280032
0.00284587
0.00288039
0.00292616
0.00297159
0.00301709
0.00306253
0.00310823
0.00316564
0.00321117
0.00325719
0.00330328
0.0033495
0.00339577
0.00344183
0.00347847
0.00351992
0.000499695
0.000558328
0.000604388
0.00065054
0.000696722
0.000742835
0.000788855
0.000834426
0.000868856
0.000914737
0.000960156
0.00100561
0.00105105
0.00109654
0.00115402
0.00119962
0.00124533
0.00129104
0.00133691
0.00138283
0.0014288
0.00146306
0.00150909
0.0024706
0.00251231
0.00257131
0.00261719
0.00266308
0.00270892
0.00275461
0.00280034
0.00284585
0.00288039
0.0029262
0.0029716
0.0030171
0.0030625
0.00310808
0.0031656
0.00321111
0.00325719
0.00330331
0.00334953
0.00339575
0.00344177
0.00347854
0.00351977
0.000501013
0.000558989
0.000604815
0.000650796
0.000696775
0.000742785
0.000788819
0.000834398
0.000868988
0.000914603
0.000960107
0.00100568
0.00105126
0.00109679
0.00115353
0.00119956
0.00124531
0.00129121
0.00133711
0.00138304
0.00142912
0.00146548
0.00150865
0.00247043
0.00251263
0.00257112
0.00261705
0.00266298
0.00270888
0.00275469
0.00280035
0.00284644
0.0028803
0.00292591
0.00297152
0.00301712
0.00306266
0.00310822
0.00316569
0.00321119
0.00325718
0.00330321
0.0033493
0.00339531
0.00344111
0.00347774
0.00351894
0.000502185
0.000558204
0.000604967
0.000650973
0.000696956
0.000742955
0.000788762
0.000822992
0.000868688
0.000914432
0.00096179
0.00100489
0.00105142
0.00109704
0.00114254
0.00119973
0.00124552
0.00129135
0.00133727
0.00138322
0.00142959
0.00146564
0.00150741
0.00251288
0.00257053
0.00261686
0.00266285
0.00270883
0.0027546
0.00280019
0.0028345
0.00288015
0.00292574
0.00297294
0.00301624
0.00306282
0.00310834
0.00315414
0.00321127
0.00325702
0.0033031
0.00334918
0.00339513
0.00344189
0.00347621
0.00351784
0.000504408
0.000546167
0.000604183
0.000650962
0.000697028
0.000743093
0.000789988
0.000823257
0.000868627
0.000915897
0.000960323
0.0010058
0.00105054
0.00109608
0.00114256
0.00118824
0.00124552
0.00129126
0.00133718
0.0013832
0.0014177
0.00146431
0.00251587
0.00255784
0.0026168
0.00266291
0.00270894
0.00275462
0.00278888
0.00283452
0.00288146
0.00292654
0.00297164
0.00301715
0.00306183
0.0031069
0.00315396
0.00321012
0.00325698
0.00330315
0.00334937
0.00339606
0.0034312
0.003475
0.000548216
0.000590875
0.000650569
0.000698144
0.000743879
0.000777624
0.000824531
0.000869702
0.000914351
0.000960195
0.00100574
0.00105127
0.00109661
0.0011419
0.00118669
0.00123366
0.00129079
0.0013381
0.00138495
0.00141917
0.00146112
0.0025585
0.00261528
0.00266193
0.00270938
0.0027433
0.00278925
0.00283594
0.00288113
0.00292688
0.00297139
0.00301727
0.00306193
0.00310838
0.00315191
0.00319957
0.00325596
0.0033018
0.00334968
0.00338612
0.00343148
0.000595361
0.000638538
0.000684431
0.000732749
0.000778816
0.000822879
0.00118803
0.00123226
0.00127853
0.00132693
0.00137376
0.00260659
0.00264916
0.0026956
0.00274385
0.0027909
0.00283272
0.0031564
0.00319835
0.00324553
0.00328967
0.00333794
0.0033849
0.000551107
0.000594332
0.000640751
0.00132804
0.00137085
0.00141711
0.00256102
0.00260373
0.00265133
0.00333831
0.00338186
0.00342873
0.000500789
0.00055915
0.000606453
0.000653201
0.000687463
0.000733616
0.00123633
0.0012775
0.00132349
0.00138235
0.00142957
0.00147622
0.00151053
0.00247059
0.00252386
0.00257013
0.00261762
0.00265175
0.00269865
0.00274377
0.00324721
0.00328942
0.00334688
0.00339351
0.00344078
0.00347683
0.00351923
0.000456069
0.000513236
0.000559492
0.000605658
0.000651794
0.000686281
0.000733452
0.000778188
0.00118998
0.00123311
0.00127782
0.00133627
0.00138258
0.00142847
0.00147454
0.00151098
0.00155375
0.0024664
0.00252524
0.00257144
0.00261754
0.00266414
0.0026982
0.00274533
0.00278875
0.00320066
0.00324386
0.0032905
0.00334816
0.00339446
0.00344049
0.00348677
0.00352185
0.00356338
0.000410892
0.000466865
0.000513903
0.00055976
0.000605735
0.00065179
0.000698115
0.00073205
0.000779247
0.000822869
0.00118825
0.00123284
0.00128993
0.00133657
0.0013825
0.00142859
0.00147464
0.0015211
0.00155589
0.00242266
0.00247881
0.00252522
0.00257134
0.00261755
0.00266366
0.00271044
0.00274339
0.00278989
0.00283339
0.00315567
0.00319881
0.0032435
0.0033019
0.00334825
0.00339435
0.00344036
0.00348622
0.00353306
0.00356743
0.000411127
0.000467064
0.000513687
0.000559552
0.000605493
0.000651468
0.000697253
0.000731664
0.00077739
0.000824348
0.000866157
0.00114316
0.00118601
0.00123344
0.00129058
0.00133632
0.0013823
0.00142845
0.00147448
0.00152063
0.00155771
0.00159947
0.00242068
0.00247924
0.00252538
0.00257149
0.00261767
0.0026637
0.00270937
0.00274359
0.00279129
0.0028345
0.0028778
0.00315447
0.00319766
0.00324535
0.00330265
0.00334849
0.00339455
0.00344056
0.0034864
0.00353266
0.00356748
0.000410331
0.000467838
0.000513359
0.000559204
0.000605161
0.00065111
0.000697103
0.000731677
0.0007777
0.000825475
0.000867982
0.00114327
0.00118616
0.0012334
0.00129033
0.0013362
0.00138216
0.00142822
0.00147421
0.00152023
0.00155647
0.00160012
0.00242084
0.0024796
0.00252571
0.00257173
0.0026178
0.00266373
0.00270944
0.00274377
0.00278902
0.00283592
0.00287776
0.00311088
0.00315437
0.00319732
0.00324539
0.00330285
0.00334886
0.00339487
0.00344086
0.00348674
0.00353223
0.00356809
0.000410223
0.000467769
0.000513304
0.000559186
0.000605159
0.000651086
0.000697054
0.000731651
0.000777622
0.000824592
0.000867664
0.00114299
0.00118635
0.00123361
0.00129047
0.0013362
0.00138216
0.00142824
0.00147422
0.00152026
0.00155455
0.0016013
0.00237957
0.00242111
0.00247963
0.00252574
0.00257175
0.00261778
0.00266372
0.0027094
0.00274356
0.00278893
0.00283621
0.00287768
0.00311114
0.00315392
0.00319779
0.00324522
0.00330296
0.00334893
0.00339489
0.00344085
0.00348668
0.00353222
0.00356854
0.00041019
0.000467318
0.000513675
0.000559526
0.000605448
0.000651338
0.000697126
0.000731548
0.000777515
0.000825106
0.000867118
0.00114359
0.00118615
0.00123341
0.00129077
0.00133633
0.0013823
0.00142848
0.00147449
0.00152063
0.00155772
0.00159945
0.00242027
0.00247935
0.00252551
0.00257156
0.00261768
0.00266372
0.00270937
0.00274369
0.00279133
0.00283495
0.00287762
0.00315433
0.00319744
0.00324545
0.00330273
0.00334863
0.00339461
0.00344052
0.00348634
0.00353279
0.00356793
0.000411638
0.000466943
0.000513808
0.000559708
0.000605681
0.000651526
0.000697877
0.000731716
0.000779231
0.000823069
0.000866181
0.0011442
0.00118647
0.00123376
0.0012898
0.00133649
0.00138247
0.00142857
0.00147464
0.00152134
0.00155714
0.00159914
0.00242023
0.00247882
0.00252538
0.00257145
0.00261757
0.00266364
0.00271056
0.00274362
0.00279117
0.00283473
0.00315479
0.0031982
0.00324508
0.00330207
0.00334854
0.00339449
0.00344036
0.00348613
0.00353325
0.00356817
0.000455736
0.000513151
0.000559505
0.000605608
0.000651713
0.000686228
0.000732096
0.000779536
0.000821864
0.00118896
0.00123284
0.00127918
0.00133575
0.00138249
0.00142852
0.00147471
0.00151151
0.00155648
0.00242436
0.00246538
0.00252526
0.00257147
0.00261743
0.00266394
0.00269816
0.00274509
0.00278923
0.00283196
0.00319924
0.00324318
0.00329107
0.00334857
0.00339466
0.0034406
0.00348685
0.00352175
0.00356516
0.000458243
0.00050075
0.000559299
0.000606464
0.000652944
0.000686313
0.000733086
0.000776274
0.00123392
0.00127693
0.00132443
0.00138237
0.00142999
0.00147623
0.00151031
0.00155279
0.00246799
0.0025238
0.00257008
0.00261731
0.00265202
0.00269987
0.00274482
0.0027874
0.00324405
0.00328939
0.00334712
0.00339366
0.00344088
0.00347725
0.00352205
0.000504437
0.00054728
0.000592866
0.000641374
0.000687829
0.00128146
0.00132448
0.00137025
0.00141869
0.00146533
0.00251498
0.00255681
0.00260301
0.00265167
0.00269914
0.00329175
0.00333526
0.00338107
0.00342935
0.0034759
0.000458889
0.000501965
0.000549946
0.00141936
0.00146267
0.00150967
0.00246986
0.00251299
0.00255982
0.00342929
0.00347308
0.00351988
0.000411046
0.000468245
0.000515118
0.000561401
0.000595561
0.000641446
0.00136942
0.00141512
0.0014734
0.00152078
0.00155687
0.00160026
0.00242053
0.00247938
0.00252644
0.00256051
0.00260757
0.00265114
0.00333922
0.00338126
0.00343813
0.00348454
0.00353189
0.0035671
0.000423171
0.000468658
0.000514424
0.000560508
0.000595076
0.000642895
0.000684867
0.00132446
0.0013691
0.00142705
0.00147357
0.00152001
0.00156741
0.00160352
0.00164567
0.00237357
0.00243266
0.00247995
0.00252614
0.00257262
0.00260688
0.00265418
0.00269626
0.00333455
0.00338201
0.00343956
0.00348558
0.00353133
0.00357679
0.000423017
0.000468614
0.000514555
0.000560502
0.000606818
0.00064093
0.000687773
0.000729923
0.00128093
0.00132335
0.00138052
0.00142793
0.00147388
0.0015201
0.00156654
0.00161373
0.00164822
0.00233201
0.00238641
0.00243329
0.00247979
0.00252595
0.00257184
0.00261915
0.00265254
0.0026991
0.0032906
0.00333509
0.00339325
0.00343954
0.00348543
0.00353127
0.00357687
0.000422925
0.000468502
0.000514434
0.000560297
0.000606048
0.0006407
0.000688531
0.000731
0.00127941
0.00132277
0.00138094
0.00142779
0.00147385
0.00152008
0.00156641
0.00161261
0.00164897
0.0016905
0.00232965
0.00238738
0.0024335
0.0024798
0.00252605
0.00257209
0.00261886
0.00265279
0.00269976
0.00274126
0.00324777
0.00328916
0.00333628
0.00339388
0.00343971
0.00348554
0.00353139
0.00357699
0.000422888
0.000468464
0.000514221
0.000559995
0.000605649
0.000640017
0.000685647
0.000732006
0.00127757
0.00132431
0.0013815
0.00142749
0.00147365
0.00151995
0.00156627
0.00161262
0.00164979
0.00169228
0.00232839
0.00238727
0.00243364
0.00247994
0.00252629
0.00257243
0.00261842
0.00265297
0.00270042
0.00274267
0.00324782
0.00328946
0.00333693
0.00339422
0.00343996
0.00348574
0.0035315
0.00357709
0.000422877
0.000468455
0.000514195
0.000559998
0.000605697
0.000639872
0.00068546
0.000732037
0.00123626
0.00127713
0.00132411
0.00138156
0.00142754
0.00147367
0.00151998
0.00156629
0.00161256
0.00164965
0.00169175
0.0022879
0.00232876
0.00238749
0.00243369
0.00247995
0.00252628
0.00257241
0.00261831
0.00265286
0.00270039
0.00274332
0.00324714
0.0032898
0.00333727
0.00339428
0.00343996
0.00348575
0.00353152
0.00357711
0.000422964
0.000468564
0.000514401
0.000560308
0.000606098
0.000640363
0.000687517
0.000730998
0.00127827
0.00132446
0.00138103
0.00142785
0.00147388
0.00152014
0.00156645
0.00161261
0.00164978
0.00169142
0.00232891
0.00238743
0.00243353
0.00247982
0.00252605
0.00257207
0.00261874
0.00265268
0.00270031
0.00274193
0.00324844
0.00328973
0.00333684
0.00339395
0.00343971
0.00348559
0.00353147
0.00357707
0.000423059
0.000468675
0.000514518
0.000560523
0.000606866
0.00064038
0.000688038
0.000729925
0.00127971
0.00132272
0.00138076
0.001428
0.00147397
0.00152025
0.00156665
0.00161354
0.00164813
0.00169031
0.00233045
0.00238632
0.00243336
0.00247974
0.0025259
0.00257186
0.00261937
0.00265277
0.00270014
0.00274141
0.00328993
0.00333654
0.00339343
0.00343968
0.00348554
0.00353144
0.00357703
0.000423202
0.000468672
0.000514446
0.000560642
0.000595538
0.000642597
0.000687073
0.00128175
0.00132399
0.00137059
0.00142737
0.00147384
0.00152021
0.00156732
0.00160308
0.00164725
0.00233251
0.00237481
0.00243266
0.00247979
0.00252613
0.00257257
0.0026064
0.00265339
0.00269796
0.00329243
0.00333557
0.00338242
0.00343986
0.00348569
0.00353139
0.00357683
0.00041113
0.000468283
0.000515452
0.00056219
0.000595098
0.000641991
0.000684145
0.001326
0.001369
0.00141615
0.00147342
0.00152087
0.0015577
0.00160268
0.00237657
0.00241947
0.00247926
0.00252657
0.00256077
0.00260792
0.00265332
0.00333642
0.00338103
0.00343841
0.00348471
0.00353153
0.00356716
0.000412183
0.000455849
0.000501371
0.000550483
0.000596648
0.00137289
0.00141581
0.00146131
0.00151009
0.00155704
0.00242388
0.00246676
0.00251228
0.00256037
0.00260683
0.00338385
0.00342646
0.00347232
0.00352003
0.0035667
0.00041087
0.000457276
0.00151082
0.00155343
0.00160059
0.00237921
0.00242194
0.00246923
0.00352214
0.00356638
0.000423252
0.000469686
0.000504442
0.000550524
0.00146027
0.00150594
0.00156516
0.0016128
0.00164903
0.00169179
0.00232852
0.00238729
0.00243488
0.0024693
0.00251693
0.00256027
0.00343064
0.00347107
0.0035306
0.00357693
0.000423249
0.000469334
0.000515946
0.000550629
0.000594401
0.00141503
0.00145932
0.00151846
0.00156579
0.00161227
0.0016589
0.0016945
0.00173657
0.00228406
0.00234129
0.00238773
0.00243433
0.00248171
0.00251605
0.00256216
0.00260469
0.00342709
0.00348424
0.00353084
0.00357682
0.000423196
0.000469243
0.000515738
0.000549598
0.000596377
0.00063814
0.00137256
0.00141467
0.0014723
0.00151917
0.00156562
0.00161192
0.00165798
0.00170495
0.00173985
0.00178158
0.00223954
0.00229497
0.00234203
0.00238812
0.00243437
0.00248078
0.00252758
0.0025606
0.00260687
0.00338218
0.00342615
0.00348417
0.00353063
0.00357678
0.000423054
0.000469026
0.000515072
0.000549776
0.000596778
0.000639373
0.00136893
0.00141612
0.00147333
0.00151933
0.00156558
0.00161187
0.00165794
0.00170353
0.00173935
0.00178262
0.00219595
0.00223803
0.00229639
0.0023421
0.00238812
0.0024343
0.00248055
0.00252663
0.00256087
0.00260809
0.00265058
0.00338094
0.0034276
0.00348482
0.00353086
0.00357691
0.000422998
0.000468958
0.000514813
0.000549209
0.000594436
0.00064008
0.00136925
0.00141547
0.00147314
0.00151938
0.00156567
0.00161194
0.00165803
0.00170346
0.00173736
0.0017835
0.00219615
0.00223822
0.0022967
0.00234209
0.00238803
0.00243422
0.00248048
0.00252686
0.00256168
0.00260938
0.00265108
0.00333968
0.00338103
0.00342795
0.00348503
0.00353091
0.00357696
0.000423002
0.000468977
0.000514797
0.000549004
0.000594352
0.00064025
0.00136875
0.00141538
0.00147311
0.00151941
0.0015657
0.00161196
0.001658
0.00170342
0.00173731
0.00178389
0.00219578
0.00223777
0.00229671
0.00234213
0.00238807
0.00243423
0.00248048
0.00252683
0.00256176
0.00260939
0.00265106
0.00333973
0.00338091
0.00342806
0.00348508
0.00353092
0.00357696
0.000423082
0.000469127
0.000515
0.000549412
0.000596914
0.000640515
0.00136958
0.00141602
0.00147332
0.00151934
0.00156566
0.00161191
0.00165799
0.00170368
0.00173937
0.00178247
0.00219623
0.00223845
0.00229654
0.00234218
0.00238815
0.00243431
0.00248053
0.0025266
0.0025612
0.00260873
0.00265025
0.00333958
0.00338119
0.0034277
0.00348496
0.00353088
0.00357691
0.000423216
0.000469364
0.000515661
0.000549375
0.000597251
0.000638184
0.00137113
0.00141478
0.0014723
0.00151926
0.00156569
0.00161191
0.00165795
0.00170513
0.00173984
0.00178192
0.00223933
0.00229516
0.00234207
0.00238812
0.00243433
0.00248057
0.00252737
0.00256059
0.00260716
0.00338111
0.00342767
0.00348437
0.00353072
0.00357679
0.000423223
0.000469286
0.000515847
0.00054933
0.000597584
0.00137368
0.00141519
0.00146146
0.00151845
0.00156576
0.00161216
0.00165882
0.00169402
0.00173905
0.00224009
0.0022827
0.00234104
0.00238783
0.00243427
0.00248145
0.00251535
0.00256188
0.00260627
0.00338374
0.00342672
0.00348423
0.0035308
0.00357682
0.000423236
0.000469699
0.000503522
0.000550573
0.00059218
0.00141737
0.00146003
0.00150718
0.00156521
0.0016126
0.00164885
0.0016949
0.00173456
0.00228443
0.00232821
0.00238743
0.00243478
0.00246936
0.00251724
0.00256278
0.0034275
0.00347233
0.00353045
0.00357695
0.000410694
0.000457753
0.000503885
0.00146402
0.00150676
0.0015524
0.00160104
0.00164809
0.00233243
0.00237539
0.00242136
0.00246988
0.00251653
0.00347425
0.00351892
0.00356627
0.000409655
0.00160164
0.00164468
0.00169239
0.00228731
0.00233077
0.00237777
0.000412949
0.000458634
0.0015528
0.00161007
0.00165651
0.00170358
0.00174917
0.00178425
0.00219409
0.00225054
0.00229639
0.00234359
0.00239024
0.00242431
0.00246936
0.00352092
0.00356383
0.000424287
0.000459769
0.000504124
0.00150546
0.00155351
0.00161111
0.00165711
0.00170295
0.00174889
0.00179541
0.00183007
0.00187382
0.00214843
0.00220423
0.00225108
0.00229711
0.00234297
0.00238923
0.00242402
0.00247135
0.00251504
0.00347623
0.00351843
0.00357587
0.000424079
0.000458345
0.000505546
0.000547461
0.00146342
0.00150501
0.00156452
0.00161094
0.0016569
0.00170301
0.00174887
0.00179456
0.00183029
0.0018753
0.00192032
0.00196352
0.00205679
0.00210264
0.00214657
0.00220536
0.0022511
0.00229699
0.00234313
0.00238921
0.00243554
0.00246975
0.00251683
0.00347304
0.00351679
0.00357594
0.000423187
0.000458045
0.000504888
0.000548883
0.00146134
0.00150723
0.00156485
0.00161094
0.00165694
0.00170289
0.00174868
0.00179456
0.00184069
0.00187602
0.0019203
0.00196558
0.00201151
0.00205715
0.00210183
0.00215916
0.00220536
0.00225124
0.00229712
0.00234312
0.00238909
0.00243493
0.00246958
0.0025174
0.00255861
0.00347224
0.0035191
0.00357684
0.000423147
0.00047072
0.00050345
0.000549713
0.0014605
0.0015074
0.0015652
0.0016111
0.00165705
0.00170284
0.00174868
0.00179482
0.00184025
0.00187612
0.0019211
0.00196582
0.00201139
0.00205679
0.00210121
0.00215995
0.00220535
0.00225136
0.00229723
0.00234301
0.00238883
0.00243458
0.00246923
0.00251735
0.00255987
0.00343037
0.00347165
0.00352897
0.00357679
0.000423166
0.000470774
0.000503555
0.000549727
0.00146072
0.0015077
0.00156525
0.00161115
0.00165709
0.00170286
0.00174871
0.00179483
0.00184024
0.00187443
0.00192199
0.0019659
0.0020114
0.00205656
0.0021009
0.00215991
0.00220529
0.00225136
0.00229722
0.00234299
0.00238886
0.00243461
0.00246905
0.00251685
0.00256002
0.00343021
0.00347148
0.00352906
0.00357677
0.000423203
0.000458041
0.000503573
0.000550285
0.00146045
0.00150736
0.00156499
0.00161104
0.00165702
0.00170296
0.00174879
0.00179461
0.00184077
0.00187646
0.00192023
0.00196572
0.00201148
0.0020569
0.00210069
0.00215919
0.00220533
0.00225128
0.00229713
0.00234306
0.00238905
0.00243497
0.00246949
0.00251782
0.00255926
0.00342987
0.00347197
0.00351906
0.00357677
0.000424062
0.000458349
0.000506064
0.000546978
0.00146167
0.00150518
0.00156473
0.00161104
0.00165698
0.00170307
0.00174886
0.00179451
0.00182886
0.00187645
0.00192007
0.0019655
0.00201092
0.0020576
0.00210256
0.00214642
0.00220539
0.00225103
0.00229694
0.00234304
0.00238903
0.00243542
0.00246951
0.00251675
0.00255842
0.00347235
0.00351888
0.00357576
0.000424118
0.000458372
0.000505298
0.00146377
0.00150611
0.00155332
0.00161109
0.00165724
0.00170304
0.00174887
0.00179548
0.00183048
0.00187474
0.0019184
0.00210245
0.0021475
0.00220421
0.00225098
0.00229692
0.00234279
0.002389
0.0024239
0.00247127
0.00251549
0.00347513
0.00351709
0.00357592
0.000411776
0.000459561
0.000501939
0.00150739
0.00155254
0.00160994
0.0016565
0.00170376
0.00174935
0.00178506
0.00182941
0.0021507
0.00219181
0.00225045
0.00229626
0.00234366
0.00239018
0.00242338
0.00247134
0.00351837
0.00356383
0.000412702
0.000455272
0.00155528
0.00159801
0.00164411
0.00169238
0.00173916
0.00178055
0.00223994
0.00228352
0.00233006
0.00237837
0.00242482
0.00356421
0.00169346
0.0017364
0.00178285
0.00182764
0.00215036
0.00219366
0.00223967
0.00228604
0.00160236
0.00164331
0.00168893
0.00174758
0.00179416
0.00184093
0.00188685
0.00192148
0.00196582
0.00201145
0.00205662
0.0021131
0.00215908
0.00220544
0.00225222
0.00228643
0.00233388
0.0023781
0.000411726
0.00159769
0.00164431
0.00170119
0.00174795
0.00179408
0.00184013
0.00188603
0.00193152
0.00197715
0.00202283
0.0020684
0.00211404
0.0021598
0.00220562
0.00225189
0.00229869
0.00233286
0.0023803
0.00242275
0.00356659
0.000413899
0.000456812
0.00155395
0.00159758
0.00165476
0.00170212
0.0017482
0.00179411
0.00184001
0.00188579
0.00193151
0.0019772
0.00202269
0.00206842
0.00211414
0.00215987
0.00220579
0.00225177
0.00229784
0.00234514
0.00237855
0.00242493
0.00246624
0.00356308
0.000413783
0.00045832
0.00155249
0.00159891
0.00165615
0.00170226
0.00174825
0.00179418
0.00184
0.00188575
0.00193144
0.00197712
0.00202284
0.00206858
0.00211423
0.00215993
0.00220576
0.00225174
0.00229783
0.00234402
0.00237859
0.0024261
0.00246786
0.00352178
0.0035634
0.000411784
0.000458872
0.00151056
0.00155218
0.001599
0.00165638
0.00170221
0.00174828
0.00179429
0.00184004
0.00188584
0.00193151
0.00197713
0.00202287
0.00206856
0.00211425
0.00216002
0.00220574
0.00225176
0.00229786
0.00234365
0.00237814
0.00242495
0.00246887
0.00352103
0.00356249
0.000411874
0.000459233
0.00151161
0.00155237
0.00159941
0.00165647
0.00170222
0.00174828
0.00179429
0.00184003
0.00188582
0.0019315
0.00197713
0.00202287
0.00206853
0.00211423
0.00216002
0.00220576
0.00225181
0.00229783
0.00234359
0.0023778
0.00242313
0.00246857
0.00352074
0.00356201
0.000411762
0.000458585
0.00155145
0.00159897
0.00165629
0.00170228
0.00174826
0.0017942
0.00184002
0.00188574
0.00193138
0.00197712
0.00202289
0.00206862
0.00211426
0.00215997
0.00220581
0.00225179
0.00229772
0.00234373
0.00237844
0.00242633
0.00246793
0.00352149
0.00356291
0.000414125
0.000456645
0.00155325
0.00159919
0.00165495
0.00170223
0.00174825
0.00179414
0.00184002
0.00188579
0.00193149
0.00197716
0.00202283
0.00206861
0.00211428
0.00215996
0.00220581
0.0022517
0.00229772
0.00234495
0.00237824
0.00242523
0.002467
0.00356277
0.000411956
0.0015553
0.00159738
0.00164434
0.00170176
0.00174823
0.00179419
0.00184007
0.0018859
0.00193144
0.00197711
0.00202288
0.00206854
0.00211425
0.00215996
0.00220566
0.00225171
0.00229843
0.00233275
0.00237967
0.00242513
0.00356539
0.000409798
0.00159931
0.00164412
0.00169077
0.00174777
0.00179422
0.00184086
0.00188685
0.00192117
0.00196576
0.00201137
0.0020568
0.00211315
0.0021591
0.00220557
0.00225206
0.00228638
0.00233423
0.00237803
0.0024208
0.00164656
0.00168997
0.00173541
0.00178368
0.00182828
0.00187663
0.00191993
0.00196566
0.00201144
0.00205711
0.00210249
0.00214728
0.00219359
0.00223994
0.0022866
0.00233336
0.00182842
0.00187304
0.00191989
0.00196546
0.0020114
0.00205731
0.00210345
0.00214886
0.0021921
0.00173542
0.00178144
0.00182821
0.00188523
0.0019313
0.00197712
0.00202292
0.00206874
0.00211478
0.00214877
0.00219633
0.00224053
0.00228508
0.00168916
0.00173434
0.00179248
0.0018397
0.00188555
0.00193134
0.00197709
0.00202285
0.00206857
0.00211439
0.00216025
0.00220704
0.0022407
0.00228823
0.00233101
0.00164587
0.00168841
0.0017362
0.00179373
0.00183962
0.00188547
0.0019313
0.00197711
0.00202281
0.00206859
0.00211443
0.0021603
0.00220621
0.00224086
0.00228671
0.00233354
0.00164404
0.00169059
0.00174753
0.00179381
0.00183966
0.00188543
0.00193135
0.00197712
0.00202284
0.00206863
0.00211453
0.00216025
0.00220603
0.00225251
0.00228662
0.00233474
0.00237675
0.00160176
0.00164265
0.00169027
0.00174812
0.00179405
0.00183972
0.00188553
0.00193141
0.00197713
0.00202286
0.0020686
0.0021145
0.00216029
0.00220587
0.00225187
0.00228668
0.00233491
0.00237773
0.00160276
0.00164348
0.00169037
0.00174811
0.00179406
0.00183969
0.0018855
0.00193139
0.00197712
0.00202285
0.00206858
0.00211448
0.00216032
0.00220604
0.00225209
0.0022869
0.00233404
0.00237689
0.0016434
0.0016904
0.00174743
0.00179381
0.00183964
0.00188538
0.00193131
0.00197711
0.00202285
0.00206863
0.00211451
0.00216027
0.0022062
0.00225271
0.00228665
0.0023343
0.0023772
0.00164414
0.00168898
0.0017363
0.00179376
0.00183959
0.00188546
0.00193125
0.00197707
0.00202288
0.0020687
0.00211449
0.00216033
0.00220621
0.00224075
0.00228654
0.00233353
0.00237628
0.00164621
0.00168921
0.00173621
0.00179283
0.00183958
0.00188553
0.00193127
0.00197706
0.00202288
0.00206865
0.00211446
0.00216023
0.00220705
0.00224073
0.00228771
0.00233302
0.00169221
0.00173525
0.0017822
0.00182801
0.0018852
0.00193122
0.00197705
0.00202287
0.00206874
0.00211474
0.00214874
0.00219455
0.00224174
0.0022876
0.00173884
0.00178084
0.00182851
0.00187328
0.00191985
0.00196561
0.00201143
0.00205729
0.00210479
0.00214895
0.00219581
0.00223989
0.00183101
0.00187348
0.00191902
0.00196585
0.0020115
0.00205795
0.0021039
0.00214822
0.00178302
0.00182729
0.00187256
0.00191982
0.0019656
0.00201141
0.00205725
0.002103
0.00215015
0.00219468
0.00173888
0.00178154
0.00182653
0.00187382
0.00191965
0.00197708
0.0020228
0.0020571
0.00210318
0.002149
0.00219611
0.00224005
0.0017369
0.00178009
0.00182798
0.00187362
0.00193139
0.00197713
0.00202289
0.00206864
0.00210327
0.00214912
0.00219466
0.00224179
0.00228402
0.00173704
0.00178101
0.00182803
0.00187384
0.00193138
0.0019771
0.0020229
0.00206861
0.00210318
0.00214918
0.00219448
0.00224138
0.00228408
0.00173625
0.00178277
0.0018281
0.0018739
0.00193138
0.00197711
0.00202285
0.00206854
0.00210313
0.00214923
0.00219467
0.00224207
0.00228483
0.00173746
0.00178028
0.00182781
0.00187359
0.00193136
0.00197711
0.00202283
0.00206854
0.00210312
0.00214912
0.00219465
0.00224224
0.00228382
0.00173817
0.00178122
0.00182802
0.00187365
0.00191962
0.001977
0.00202295
0.00205734
0.00210314
0.00214901
0.00219628
0.00224058
0.00178233
0.00182643
0.00187397
0.00191952
0.00196549
0.00201147
0.00205735
0.00210309
0.00215048
0.0021957
0.00223934
0.00182804
0.00187363
0.00191881
0.00196559
0.00201142
0.00205837
0.00210303
0.00214941
0.00219307
0.00192057
0.00196585
0.00201152
0.00205702
0.00210097
0.00191951
0.00196593
0.00201142
0.0020571
0.00210084
0.00187579
0.00192012
0.00196574
0.00201151
0.00205724
0.00210235
0.00187515
0.00191981
0.00196546
0.00201148
0.00205745
0.00210271
0.00214647
0.00187531
0.00191981
0.00196543
0.0020116
0.00205729
0.00210275
0.00214666
0.00187441
0.00191998
0.00196554
0.00201147
0.0020572
0.00210251
0.0021469
0.00187579
0.00192043
0.00196573
0.00201147
0.00205705
0.00210229
0.001966
0.00201147
0.00205533
0.000939216
0.000960553
0.000982868
0.00100568
0.00102851
0.00105077
0.00107225
0.00292782
0.00294944
0.00297169
0.00299416
0.00301714
0.00303953
0.00306073
0.000893641
0.000870172
0.000891838
0.000913976
0.000936891
0.000914767
0.000937287
0.000960302
0.000982917
0.000960054
0.000982837
0.00100567
0.00102848
0.00100569
0.00102854
0.00105109
0.00107445
0.00105129
0.00107405
0.00109642
0.00109715
0.00111857
0.00290364
0.00288114
0.00290271
0.00292569
0.00294903
0.00292604
0.00294879
0.00297159
0.00299429
0.00297148
0.00299426
0.00301711
0.00303979
0.00301716
0.00303998
0.00306309
0.00308593
0.00306272
0.00308518
0.00310616
0.00310801
0.00312964
0.000847663
0.000870171
0.000892262
0.000869104
0.000891953
0.000914527
0.000937192
0.000914321
0.000937068
0.00095998
0.000982778
0.000959935
0.000982829
0.0010057
0.00102857
0.00100568
0.0010287
0.00105145
0.00107419
0.00105151
0.00107437
0.00109667
0.00111926
0.00109688
0.00111884
0.00114055
0.00114051
0.00285924
0.00285948
0.00288043
0.00290327
0.00288096
0.00290305
0.00292581
0.00294855
0.00292565
0.00294855
0.00297135
0.00299432
0.00297123
0.00299422
0.00301716
0.00304007
0.00301734
0.00304012
0.0030628
0.00308544
0.00306292
0.00308563
0.00310784
0.00312988
0.00310807
0.00313071
0.00315197
0.000847827
0.000847652
0.000869676
0.000891827
0.000869663
0.000891746
0.000914162
0.000936897
0.000914117
0.000936845
0.000959861
0.000982787
0.000959741
0.000982716
0.00100574
0.00102865
0.00100566
0.00102866
0.00105152
0.00107443
0.00105151
0.00107447
0.00109709
0.00111932
0.0010972
0.00111974
0.00114173
0.00114293
0.00116359
0.00285873
0.00283652
0.00285752
0.00288063
0.00290294
0.00288035
0.00290287
0.00292559
0.0029484
0.00292555
0.00294841
0.00297135
0.00299431
0.00297137
0.0029944
0.00301732
0.00304031
0.00301732
0.00304028
0.00306301
0.00308568
0.00306307
0.00308578
0.00310812
0.00313
0.00310824
0.00313027
0.00315172
0.00315206
0.000847568
0.000848133
0.000869673
0.000891757
0.000869858
0.000891842
0.00091416
0.000936929
0.00091433
0.000937077
0.000959802
0.000982649
0.00095987
0.000982731
0.00100564
0.00102881
0.00100572
0.00102883
0.00105159
0.0010744
0.00105161
0.00107438
0.00109716
0.00111964
0.00109706
0.00111934
0.00114233
0.00116345
0.00114145
0.00283661
0.00285762
0.00285872
0.00288041
0.00290285
0.00288067
0.00290293
0.00292553
0.00294854
0.00292558
0.00294852
0.00297143
0.00299436
0.00297138
0.00299426
0.00301733
0.00304028
0.00301722
0.00304029
0.00306325
0.00308594
0.00306321
0.00308591
0.00310829
0.00313046
0.00310822
0.00313032
0.00315221
0.00315191
0.00084804
0.000869285
0.000891934
0.000870627
0.000892234
0.000914451
0.000937121
0.000914595
0.000937165
0.000959841
0.000982734
0.000959867
0.000982818
0.00100573
0.00102866
0.00100571
0.00102858
0.00105156
0.00107437
0.0010514
0.00107416
0.00109689
0.00111901
0.00109661
0.00111927
0.00114077
0.00114054
0.00285933
0.00285939
0.00288102
0.0029031
0.00288065
0.00290326
0.00292561
0.00294849
0.0029258
0.00294859
0.00297133
0.00299419
0.00297135
0.00299425
0.00301728
0.00304015
0.00301725
0.00304016
0.00306303
0.00308568
0.00306284
0.00308547
0.00310804
0.00313096
0.00310774
0.00312953
0.00315224
0.000870911
0.000891963
0.000893511
0.000914708
0.000937299
0.000913946
0.000936785
0.000960068
0.000982815
0.000960182
0.000982877
0.00100573
0.00102854
0.00100572
0.00102841
0.00105122
0.00107385
0.00105104
0.00107417
0.001097
0.00111852
0.00109589
0.00288111
0.00290294
0.00290398
0.00292617
0.00294872
0.00292598
0.00294897
0.00297147
0.00299429
0.00297148
0.00299429
0.00301716
0.00303997
0.00301709
0.00303971
0.0030626
0.00308521
0.00306289
0.00308605
0.00310814
0.00312943
0.00310651
0.000939112
0.000960413
0.000982998
0.00100566
0.00102845
0.00105071
0.00107208
0.00292815
0.00294916
0.00297144
0.00299438
0.00301702
0.00303946
0.00306076
0.000892724
0.00091458
0.000937339
0.00096006
0.000982879
0.0010056
0.00102857
0.00105147
0.00107372
0.00109555
0.0029043
0.00292631
0.00294857
0.00297161
0.00299415
0.00301706
0.00304025
0.00306274
0.00308521
0.00310678
0.000801894
0.000847223
0.000822423
0.000844511
0.000893241
0.000867794
0.000890182
0.000867506
0.000890363
0.000914566
0.000936112
0.000913857
0.000936219
0.000914016
0.000936075
0.000983239
0.000959458
0.000982989
0.000959247
0.000982895
0.00095831
0.000982783
0.00102807
0.00100567
0.00102841
0.00100564
0.00102846
0.00100566
0.00102859
0.00105171
0.001075
0.00105196
0.00107523
0.00105277
0.00107532
0.00109709
0.00111786
0.00109822
0.00112122
0.00109754
0.00112091
0.00114272
0.00116348
0.001144
0.00116614
0.00118888
0.00120902
0.00279097
0.00281109
0.00283647
0.00285733
0.00283382
0.00285629
0.00288229
0.00290317
0.00287896
0.00290163
0.00287931
0.00290261
0.00295051
0.00292482
0.00294802
0.00292476
0.00294779
0.00292453
0.00294689
0.00299436
0.00297152
0.0029943
0.00297152
0.00299428
0.00297133
0.0029943
0.00303807
0.00301707
0.00304053
0.00301709
0.00304077
0.00301722
0.00304161
0.00306372
0.00308556
0.00306396
0.00308586
0.00306394
0.00308587
0.00310664
0.00310923
0.00313191
0.00310941
0.00313256
0.00315271
0.00315521
0.0031774
0.00319821
0.000755339
0.000778057
0.000799795
0.000776787
0.000799138
0.000847637
0.000824097
0.000845739
0.000821895
0.000844601
0.000821307
0.000844026
0.000890924
0.00086883
0.000891035
0.0008673
0.000889651
0.000868261
0.000891146
0.000936924
0.00091315
0.000936439
0.000913969
0.000936937
0.000913993
0.000936936
0.000982892
0.000960119
0.000982869
0.000959853
0.000982813
0.000959891
0.000982829
0.00102854
0.00100569
0.0010286
0.00100571
0.00102861
0.0010057
0.00102865
0.00107431
0.00105133
0.00107509
0.0010515
0.00107449
0.00105156
0.00107467
0.00112026
0.0010988
0.00112028
0.00109756
0.00112196
0.00109774
0.00112066
0.00114342
0.00116493
0.00114512
0.00116756
0.00114523
0.00116813
0.00118872
0.00121117
0.00118992
0.00121133
0.00123238
0.001233
0.00276748
0.0027672
0.0027887
0.00281139
0.00278869
0.00280991
0.00285836
0.00283504
0.00285684
0.00283303
0.00285546
0.00283222
0.00285527
0.00290312
0.00287993
0.00290154
0.00287843
0.00290262
0.0028796
0.00290247
0.00294874
0.00292495
0.00294899
0.00292554
0.00294847
0.00292542
0.00294858
0.00299443
0.00297166
0.00299422
0.00297144
0.00299434
0.00297147
0.00299429
0.00303984
0.00301714
0.0030398
0.00301718
0.00304009
0.00301716
0.00304003
0.00308554
0.00306336
0.00308648
0.00306292
0.00308588
0.00306289
0.0030858
0.00313201
0.00310888
0.00313118
0.0031103
0.00313274
0.00310876
0.00313167
0.00315413
0.00317512
0.00315522
0.00317797
0.00315577
0.00317821
0.00320029
0.0032219
0.00320068
0.00322305
0.00324444
0.000733525
0.000754424
0.000732976
0.00075449
0.000801786
0.000801397
0.00077628
0.000798141
0.000774757
0.000797474
0.000845865
0.000823121
0.000844607
0.0008213
0.000845399
0.000822468
0.000845279
0.000890539
0.000866469
0.000889725
0.000868195
0.000891116
0.000868068
0.000891055
0.000935502
0.000914173
0.000937067
0.000914028
0.00093694
0.000914057
0.000936994
0.00107632
0.00105151
0.00107461
0.00105163
0.0010748
0.00105162
0.00107465
0.00112167
0.00109905
0.00112168
0.00109781
0.00112061
0.00109765
0.00112042
0.00116573
0.00114405
0.00116553
0.00114337
0.0011675
0.00114318
0.00116598
0.0011882
0.00120963
0.00119015
0.00121232
0.00118996
0.00121302
0.00123487
0.00125618
0.00123494
0.00125687
0.00127746
0.00272204
0.00274404
0.00276562
0.00274305
0.00276504
0.00281232
0.00279044
0.00281137
0.00278723
0.00280942
0.00278669
0.00280947
0.00285698
0.00283414
0.0028558
0.00283215
0.00285665
0.0028337
0.00285668
0.00290059
0.00287801
0.00290071
0.00287948
0.00290228
0.00287946
0.0029023
0.00294858
0.00292543
0.00294855
0.0029253
0.00294847
0.00292538
0.00294844
0.00308652
0.00306287
0.00308568
0.00306293
0.00308578
0.00306291
0.00308578
0.00313224
0.00310999
0.00313331
0.0031087
0.00313157
0.00310873
0.00313174
0.00317649
0.00315531
0.00317696
0.00315438
0.00317827
0.00315461
0.00317744
0.00319856
0.00320138
0.00322361
0.00320236
0.00322507
0.00324572
0.00326661
0.00324525
0.00326675
0.000710007
0.000732072
0.000753646
0.000730719
0.000752438
0.000799991
0.000779173
0.000800444
0.000775094
0.000797865
0.000774678
0.000799499
0.00084367
0.000822061
0.000843727
0.000822477
0.000845313
0.000822418
0.000845252
0.000891231
0.000866684
0.000891357
0.000868051
0.000891126
0.000868139
0.000891189
0.00112137
0.00109719
0.00112009
0.00109741
0.00112029
0.00109733
0.00112028
0.00116674
0.00114517
0.00116773
0.00114315
0.00116605
0.00114327
0.00116608
0.00120943
0.00118875
0.00121065
0.00118868
0.00121321
0.00118866
0.00121273
0.0012316
0.00123607
0.00125656
0.00123552
0.00125727
0.0012778
0.00127909
0.00272222
0.00272121
0.00276784
0.00274339
0.00276378
0.00274247
0.00276387
0.00281161
0.00278902
0.0028113
0.0027864
0.00281104
0.00278679
0.00281121
0.00285534
0.00283253
0.00285493
0.00283389
0.00285674
0.00283399
0.00285679
0.00290258
0.00287982
0.00290275
0.00287956
0.00290252
0.0028797
0.00290263
0.00313365
0.00310853
0.00313294
0.00310872
0.00313179
0.00310867
0.00313167
0.00317746
0.00315615
0.0031781
0.0031547
0.00317763
0.00315465
0.00317763
0.00322095
0.00319954
0.00322083
0.00320223
0.00322472
0.00320056
0.00322535
0.0032461
0.00326782
0.00324764
0.0032695
0.00329016
0.000710714
0.000710332
0.000731354
0.000751941
0.000731248
0.000751956
0.00080026
0.000778868
0.000800004
0.000774256
0.000799472
0.00077433
0.000799419
0.00084303
0.000820498
0.000842782
0.000822239
0.000845073
0.000822121
0.000844983
0.000891418
0.00086834
0.00089142
0.000868179
0.000891231
0.000868184
0.000891244
0.00116835
0.00114549
0.00116791
0.00114353
0.00116622
0.00114364
0.00116631
0.00121021
0.00118897
0.00121038
0.00118869
0.00121133
0.00118874
0.00121143
0.00123176
0.00123594
0.00125819
0.00123647
0.00125867
0.00127968
0.00128008
0.00130062
0.00272038
0.00269939
0.00271969
0.00276791
0.00276781
0.00274124
0.00276324
0.00274101
0.0027632
0.00281135
0.00278942
0.0028109
0.0027883
0.00281124
0.00278835
0.00281119
0.00285475
0.00283249
0.00285521
0.00283394
0.00285671
0.0028339
0.00285671
0.00313142
0.00310852
0.00313151
0.00310865
0.00313164
0.00310867
0.00313168
0.00317904
0.00315685
0.00317932
0.00315473
0.00317773
0.00315481
0.00317781
0.00322158
0.00320022
0.00322181
0.00320076
0.00322623
0.00320085
0.00322643
0.00324853
0.00326881
0.00324872
0.00326896
0.00328969
0.00328982
0.000710218
0.000710455
0.000731208
0.000751957
0.000731334
0.000751847
0.000799832
0.000778695
0.000799872
0.000774258
0.00079933
0.000774108
0.000799299
0.000842697
0.000820696
0.000843321
0.000822042
0.000844969
0.000822166
0.000845183
0.000891441
0.000868502
0.000891496
0.000868207
0.000891269
0.000868306
0.000891316
0.00116769
0.00114567
0.00116852
0.0011435
0.00116626
0.00114353
0.00116634
0.00121035
0.00118897
0.00121036
0.00118883
0.00121148
0.00118891
0.0012116
0.0012317
0.00123649
0.00125873
0.00123643
0.00125839
0.00128001
0.00130054
0.00127908
0.00269937
0.00271975
0.00272101
0.0027681
0.00276821
0.00274126
0.00276348
0.00274152
0.00276349
0.00281099
0.00278953
0.00281115
0.00278843
0.00281122
0.00278836
0.00281116
0.00285528
0.00283203
0.0028549
0.00283393
0.00285674
0.00283392
0.00285674
0.00313159
0.00310858
0.00313159
0.00310871
0.00313171
0.00310874
0.00313173
0.00317931
0.00315651
0.00317897
0.00315481
0.0031778
0.00315473
0.00317768
0.00322174
0.00319997
0.00322131
0.00320082
0.0032263
0.00320066
0.00322593
0.00324846
0.0032687
0.00324809
0.00326847
0.00328949
0.00328919
0.000709899
0.000730804
0.000752219
0.000732129
0.000753535
0.000800386
0.000779055
0.000800311
0.000774351
0.000799458
0.000775178
0.000798205
0.000844052
0.000822766
0.000843934
0.000822427
0.000845442
0.000822548
0.000845555
0.000891483
0.000866761
0.000891416
0.00086838
0.000891333
0.00086841
0.000891307
0.0011202
0.00109723
0.00112148
0.00109732
0.00112032
0.00109733
0.00112029
0.00116791
0.00114452
0.00116659
0.00114339
0.00116625
0.00114322
0.00116615
0.00121118
0.00118826
0.00120987
0.00118895
0.00121338
0.00118894
0.00121356
0.00123613
0.00125735
0.00123615
0.00125656
0.00127843
0.00127809
0.00272158
0.00272188
0.00276796
0.00274265
0.00276385
0.00274352
0.00276382
0.00281099
0.00278992
0.00281153
0.00278675
0.00281105
0.00278622
0.00281091
0.00285481
0.00283315
0.00285517
0.00283382
0.00285671
0.00283372
0.00285664
0.0029028
0.00287848
0.00290272
0.0028797
0.00290267
0.0028796
0.0029026
0.00313333
0.00310871
0.00313358
0.00310879
0.00313183
0.00310883
0.00313183
0.00317783
0.00315631
0.00317722
0.00315467
0.00317753
0.00315462
0.00317755
0.00322072
0.00320008
0.0032211
0.00320052
0.0032254
0.00320222
0.00322503
0.00324762
0.00326928
0.00324645
0.00326803
0.00328977
0.000733123
0.00075467
0.000733661
0.000754508
0.000801508
0.000801644
0.000775246
0.000797725
0.000776435
0.000797961
0.000845027
0.000822879
0.000845979
0.000822476
0.000845506
0.000820824
0.000845386
0.000889837
0.000867525
0.000890473
0.000868359
0.000891174
0.000868275
0.000891088
0.000937033
0.000913092
0.00093535
0.000914069
0.000936965
0.000913942
0.000936855
0.00107436
0.00105144
0.00107582
0.00105151
0.00107446
0.00105151
0.00107454
0.00112165
0.00109888
0.00112119
0.00109743
0.00112031
0.00109744
0.0011203
0.00116578
0.00114291
0.00116607
0.00114322
0.00116628
0.00114326
0.00116788
0.00120967
0.001188
0.00119063
0.00121325
0.00119094
0.00121274
0.00123475
0.00125727
0.00123439
0.00125639
0.00127811
0.00272211
0.00274309
0.00276493
0.00274392
0.00276526
0.00281131
0.00281229
0.00278627
0.0028092
0.00278709
0.00280925
0.00285567
0.00283416
0.00285689
0.00283367
0.00285662
0.00283237
0.00285666
0.00290111
0.00287844
0.00290097
0.0028795
0.00290247
0.00287953
0.00290245
0.00294856
0.00292416
0.00294855
0.00292549
0.00294847
0.00292544
0.00294847
0.00308582
0.0030644
0.00308681
0.003063
0.00308594
0.00306306
0.00308603
0.00313322
0.00310963
0.00313242
0.00310894
0.0031318
0.003109
0.00313176
0.00317682
0.00315395
0.00317685
0.00315454
0.00317751
0.00315453
0.00317894
0.00319807
0.00320241
0.00322507
0.00320189
0.00322362
0.00324541
0.00326722
0.00324568
0.00326653
0.000755282
0.000776802
0.000798727
0.00077783
0.000799513
0.000845751
0.00084766
0.000820845
0.000843979
0.000821779
0.000844671
0.000890869
0.000868067
0.000890524
0.000868241
0.000890991
0.000867196
0.000889361
0.00093633
0.000914238
0.000936927
0.000913837
0.00093686
0.000913893
0.000936934
0.00098289
0.000960164
0.000982942
0.000959867
0.000982828
0.000959917
0.000982823
0.00102858
0.00100553
0.00102861
0.00100569
0.00102863
0.00100566
0.00102864
0.00107497
0.00105137
0.00107423
0.00105151
0.00107452
0.00105156
0.00107446
0.00111993
0.00109695
0.00112034
0.0010974
0.00112036
0.00109743
0.00112202
0.00116478
0.00114185
0.00114459
0.00116778
0.00114481
0.00116717
0.00119021
0.0012113
0.00118862
0.00121121
0.0012328
0.00123265
0.00276686
0.00276786
0.00278867
0.00281017
0.00278871
0.00281119
0.00285689
0.00285806
0.00283223
0.00285533
0.00283287
0.00285519
0.00290167
0.00287979
0.002903
0.00287959
0.00290254
0.00287829
0.00290257
0.00294868
0.00292557
0.00294881
0.00292546
0.00294848
0.00292547
0.0029485
0.0029943
0.00297151
0.00299424
0.00297137
0.00299431
0.00297141
0.00299431
0.00303994
0.00301721
0.00304008
0.00301722
0.00304019
0.0030173
0.00304035
0.00308673
0.00306304
0.00308581
0.00306315
0.00308609
0.00306325
0.00308626
0.0031312
0.00310955
0.00313227
0.00310912
0.00313184
0.00311109
0.00313306
0.00317578
0.00315215
0.00315577
0.00317879
0.00315508
0.0031781
0.00320128
0.00322306
0.00320048
0.00322186
0.00324462
0.00080178
0.000822187
0.000844729
0.00084716
0.000893207
0.000867289
0.000890558
0.000868007
0.000890672
0.00093628
0.000914041
0.000936154
0.000914056
0.000936306
0.00098278
0.000962186
0.000983283
0.000958577
0.000982772
0.00095944
0.000982931
0.00102841
0.00100573
0.001028
0.0010057
0.00102864
0.00100569
0.00102847
0.00107508
0.00104945
0.00105303
0.00107543
0.00105208
0.00107521
0.00111804
0.00109734
0.00112098
0.00109818
0.00112106
0.00114421
0.00116645
0.00114247
0.00116361
0.00118888
0.00120901
0.00279078
0.00281098
0.00283344
0.00285608
0.00283607
0.00285741
0.00290316
0.00287926
0.00290263
0.00287909
0.00290165
0.00294813
0.00295066
0.00292448
0.00294702
0.00292472
0.00294784
0.00299429
0.00297205
0.00299429
0.0029714
0.00299435
0.0029715
0.00299436
0.00304092
0.00301673
0.0030384
0.00301737
0.00304214
0.00301717
0.00304104
0.00308576
0.0030644
0.00308625
0.00306419
0.00308606
0.00311011
0.00313267
0.00310955
0.00313177
0.00315497
0.00317756
0.00315242
0.00319826
0.000893147
0.000914704
0.000937342
0.000959835
0.000982937
0.00100566
0.00102858
0.0010513
0.00107373
0.00109539
0.00290434
0.0029263
0.00294854
0.00297137
0.00299441
0.0030171
0.00304012
0.00306278
0.00308524
0.00310679
0.000755181
0.000801911
0.000801602
0.000774857
0.00079823
0.000823169
0.000845187
0.000823273
0.000845516
0.000822867
0.000845558
0.000893195
0.000866101
0.000889585
0.000867711
0.000890709
0.000867396
0.000889607
0.000937416
0.000914343
0.000937217
0.000914395
0.000937255
0.000914108
0.000937112
0.000982841
0.000960007
0.000982829
0.000959776
0.000982836
0.000959911
0.00098282
0.00102857
0.00100571
0.00102863
0.00100577
0.00102859
0.00100572
0.00102861
0.00107382
0.0010515
0.00107418
0.00105158
0.00107407
0.00105153
0.00107436
0.0010985
0.00112232
0.00109747
0.00112062
0.00109851
0.00112094
0.00114339
0.00116549
0.001143
0.00116557
0.00114305
0.00116556
0.0011866
0.00118649
0.00118996
0.00121327
0.00123422
0.00125524
0.00274483
0.00276558
0.00281309
0.00281366
0.0027866
0.00280979
0.0028345
0.00285648
0.00283455
0.00285705
0.00283443
0.0028569
0.00290454
0.00287753
0.0029011
0.00287906
0.00290213
0.00287873
0.00290118
0.0029488
0.00292577
0.00294862
0.00292558
0.00294854
0.00292548
0.00294847
0.00299425
0.00297141
0.00299418
0.00297139
0.00299426
0.00297138
0.00299426
0.00304008
0.00301715
0.00304015
0.00301721
0.00304026
0.0030172
0.00304016
0.00308492
0.00306292
0.00308548
0.0030629
0.00308547
0.00306297
0.00308578
0.00310996
0.00313357
0.00310926
0.00313216
0.00311015
0.00313244
0.00315472
0.00317673
0.00315465
0.00317666
0.00315441
0.00317705
0.00319778
0.00319812
0.00320134
0.00322444
0.00324478
0.000710345
0.000686568
0.000706873
0.000733208
0.000753412
0.000730121
0.000752
0.000730349
0.000752818
0.000799139
0.000775122
0.000799118
0.000774888
0.00079799
0.000774833
0.000799429
0.00084466
0.000821728
0.000843744
0.00082243
0.000845434
0.000822446
0.000845396
0.00116623
0.00114314
0.00116709
0.00114289
0.00116575
0.00114289
0.00116578
0.00121206
0.00118926
0.00121194
0.00119008
0.00121241
0.00118864
0.0012117
0.00123558
0.00125595
0.00123504
0.0012592
0.00123607
0.00125903
0.00128059
0.0013007
0.00128125
0.00130305
0.00132387
0.00267586
0.00269926
0.00271952
0.00269702
0.00271855
0.00276747
0.00274363
0.00276421
0.00274102
0.00276453
0.0027404
0.00276347
0.00280985
0.00278786
0.00281053
0.0027872
0.00280947
0.00278799
0.00281108
0.0028569
0.00283275
0.00285695
0.00283409
0.00285705
0.00283405
0.00285706
0.00317794
0.00315598
0.00317806
0.00315436
0.00317732
0.00315441
0.00317738
0.00322239
0.00320086
0.00322531
0.00320162
0.00322492
0.00320049
0.00322535
0.00324676
0.00326662
0.00324808
0.00326983
0.00324736
0.00326973
0.00329009
0.00329316
0.00331365
0.000663541
0.000641691
0.000662451
0.000710211
0.000709856
0.00068437
0.000706385
0.00068331
0.000706079
0.000752786
0.000730508
0.000752264
0.000729287
0.000753565
0.000730712
0.000753621
0.00125801
0.00123646
0.00125928
0.00123468
0.00125897
0.00123472
0.00125768
0.00128061
0.00130172
0.00128189
0.00130417
0.00128192
0.00130481
0.00132518
0.00132806
0.00134848
0.00267505
0.00265197
0.00267246
0.0027203
0.00269825
0.00271907
0.00269555
0.00271752
0.00269506
0.00271755
0.00276366
0.00274075
0.00276352
0.00274038
0.00276488
0.00274209
0.00276517
0.00326873
0.00324754
0.0032696
0.0032464
0.00327069
0.0032463
0.00326942
0.00329059
0.0032938
0.00331611
0.00329445
0.00331707
0.00333677
0.00333783
0.00335843
0.000618871
0.000641041
0.000661851
0.000639566
0.000660464
0.000707479
0.000686138
0.00070673
0.000683166
0.000706229
0.000682823
0.000707685
0.000752486
0.000728747
0.000753681
0.000730708
0.000753683
0.000730604
0.000753647
0.00130283
0.00128134
0.001303
0.00128048
0.00130499
0.00128035
0.00130349
0.00132432
0.0013277
0.00134964
0.00132848
0.00135029
0.00137
0.00137066
0.00262992
0.00262922
0.00267683
0.00267644
0.00265087
0.00267287
0.00265028
0.00267227
0.0027187
0.00269722
0.0027182
0.00269545
0.00271938
0.00269675
0.00271948
0.00327043
0.00324613
0.00327091
0.00324632
0.00326938
0.00324624
0.00326929
0.00331354
0.00329303
0.00331375
0.00329402
0.00331707
0.00329228
0.0033172
0.00333832
0.00335929
0.00333957
0.00336044
0.00338107
0.000618758
0.000618114
0.000664061
0.000664492
0.000639406
0.000660407
0.00063851
0.000660217
0.00070588
0.000685311
0.000706261
0.000683267
0.000707682
0.000684886
0.000707738
0.00130433
0.0012833
0.00130557
0.00128055
0.00130352
0.00128087
0.00130368
0.0013261
0.00134612
0.0013285
0.00135083
0.00132762
0.00135026
0.00137109
0.00137239
0.00139285
0.00262887
0.00260742
0.0026277
0.00267484
0.00265325
0.00267345
0.00264925
0.00267159
0.00264928
0.00267174
0.00271764
0.00269477
0.00271721
0.00269648
0.00271939
0.0026963
0.00271925
0.00331478
0.00329401
0.00331487
0.00329231
0.00331669
0.00329247
0.0033153
0.00333575
0.00333934
0.00336048
0.00334005
0.00336175
0.00338121
0.00338203
0.000617369
0.000616824
0.000664125
0.000663904
0.000638013
0.000659979
0.000637791
0.000659862
0.000706123
0.000684024
0.000705726
0.000684874
0.000707742
0.000684733
0.000707618
0.00130573
0.00128217
0.00130453
0.00128089
0.00130359
0.00128058
0.00130328
0.00134584
0.00132518
0.00134593
0.00132599
0.00135046
0.0013258
0.00135045
0.00137203
0.00139232
0.00137208
0.00139242
0.00260796
0.00262798
0.0026076
0.00262775
0.00267479
0.00265394
0.0026746
0.00264941
0.00267382
0.00264929
0.00267399
0.00271705
0.00269533
0.00271774
0.00269647
0.00271921
0.00269661
0.00271935
0.003316
0.00329449
0.0033163
0.00329258
0.00331553
0.0032926
0.00331566
0.00333681
0.00334058
0.00336244
0.00334101
0.0033629
0.00338281
0.00338306
0.000616871
0.000617112
0.000663748
0.000663511
0.000637659
0.000659681
0.000637415
0.000659245
0.000705585
0.000684062
0.000705809
0.000684582
0.000707515
0.000684494
0.000707508
0.00130443
0.00128241
0.00130487
0.00128041
0.00130316
0.00128043
0.00130317
0.00134578
0.00132494
0.00134567
0.00132575
0.00135039
0.00132587
0.0013503
0.00137205
0.00139246
0.00137192
0.00139227
0.00260757
0.00262764
0.0026079
0.00262796
0.0026746
0.00265393
0.00267501
0.00264914
0.00267401
0.00264939
0.00267399
0.00271788
0.00269525
0.00271775
0.00269671
0.00271944
0.00269681
0.00271955
0.00331601
0.00329374
0.00331553
0.00329244
0.00331549
0.0032923
0.0033153
0.00333615
0.00334082
0.00336264
0.00334039
0.00336228
0.00338252
0.00338286
0.000618025
0.000619069
0.000664238
0.000664327
0.000638111
0.00065978
0.000639532
0.000660517
0.000706115
0.000685183
0.000705835
0.000684616
0.000707564
0.000683225
0.000707556
0.00130499
0.00128268
0.00130465
0.00128059
0.00130348
0.00128078
0.00130369
0.00134642
0.00132524
0.00132785
0.00135038
0.00132862
0.00135087
0.00137213
0.00139251
0.00137106
0.00260763
0.00262803
0.00262919
0.00267385
0.00267473
0.0026494
0.00267201
0.00264896
0.00267126
0.00271757
0.00269542
0.00271737
0.00269661
0.0027195
0.00269633
0.00271932
0.0033148
0.00329425
0.00331529
0.00329235
0.00331539
0.0032925
0.0033172
0.00333612
0.00334032
0.00336198
0.00334007
0.00336073
0.00338251
0.00338115
0.000618768
0.00063949
0.000660404
0.000640866
0.000661723
0.00070653
0.000686322
0.000707374
0.000682637
0.000707482
0.00068308
0.000706028
0.0007537
0.000729492
0.000752377
0.000730474
0.000753596
0.000730575
0.000753589
0.00130302
0.00128167
0.00130266
0.00128085
0.00130362
0.00128095
0.00130505
0.00132346
0.00132841
0.00135028
0.00132776
0.00134961
0.00137048
0.00136981
0.00262961
0.00262991
0.00267594
0.00267635
0.00264993
0.0026716
0.00265074
0.00267224
0.00271826
0.00269713
0.00271876
0.00269635
0.0027194
0.00269479
0.00271929
0.00327141
0.00324776
0.00327052
0.00324643
0.00326949
0.00324644
0.00326938
0.00331397
0.00329239
0.00331324
0.00329237
0.00331717
0.00329371
0.00331644
0.00333975
0.00336081
0.00333807
0.00335925
0.00338115
0.000641616
0.000662378
0.000663418
0.000709866
0.000710533
0.000683463
0.000706063
0.000684477
0.000706864
0.000752129
0.000731585
0.000752707
0.000730772
0.00075357
0.000729682
0.000753578
0.00125935
0.00123611
0.00125866
0.0012348
0.00125793
0.00123498
0.00125951
0.0013019
0.00127973
0.00128251
0.00130517
0.00128243
0.00130428
0.00132809
0.00134842
0.00132512
0.00265217
0.00267206
0.00267525
0.00271923
0.00272031
0.00269475
0.00271776
0.00269585
0.00271752
0.00276311
0.00274118
0.00276373
0.00274193
0.00276493
0.00274016
0.0027648
0.00326961
0.00324713
0.00326868
0.00324643
0.00326933
0.00324641
0.00327043
0.00328976
0.0032941
0.00331656
0.00329333
0.00331565
0.00333769
0.00335863
0.0033366
0.000686502
0.000707215
0.000710365
0.000753278
0.000730499
0.000752745
0.000730358
0.000752159
0.000798939
0.000777894
0.000799105
0.000774631
0.000799328
0.00077495
0.000798103
0.000843661
0.000821772
0.000844384
0.000822319
0.00084526
0.000822416
0.00084527
0.00116746
0.00114316
0.00116639
0.0011431
0.00116608
0.0011431
0.00116606
0.0012121
0.00119045
0.00121229
0.00118898
0.00121196
0.00119069
0.00121279
0.0012562
0.00123237
0.00123631
0.00125932
0.00123533
0.0012592
0.00128139
0.00130285
0.00128058
0.0013006
0.00132384
0.00267633
0.002697
0.00271837
0.00269907
0.00271954
0.00276417
0.00276738
0.00274027
0.00276344
0.00274107
0.0027645
0.0028102
0.00278749
0.00280957
0.00278784
0.00281085
0.00278702
0.00280918
0.00285681
0.00283335
0.002857
0.00283386
0.00285697
0.00283394
0.00285703
0.00317813
0.00315515
0.0031781
0.00315447
0.00317752
0.00315455
0.00317754
0.00322518
0.00320098
0.00322229
0.0032007
0.00322548
0.00320211
0.00322548
0.00326657
0.00324741
0.00326954
0.0032482
0.00326989
0.00329279
0.00331342
0.00328983
0.000755414
0.000801866
0.000775328
0.000798554
0.000801768
0.000844953
0.000822824
0.000845349
0.000823191
0.000845378
0.00088987
0.000893178
0.000867257
0.000889636
0.00086752
0.000890709
0.000937145
0.000914802
0.000937274
0.000914112
0.000937057
0.000914364
0.0009372
0.0009828
0.000959837
0.000982774
0.000959855
0.000982797
0.000959741
0.000982805
0.0010286
0.00100575
0.0010285
0.0010057
0.0010286
0.0010057
0.00102859
0.0010743
0.00105139
0.00107416
0.00105153
0.00107453
0.00105149
0.00107424
0.00112246
0.00109512
0.00109909
0.00112149
0.00109775
0.00112122
0.0011656
0.0011433
0.00116581
0.00114298
0.00116559
0.00119007
0.00121339
0.00118613
0.00123422
0.00125516
0.00274496
0.00276553
0.00281317
0.00278622
0.0028096
0.00281343
0.00285677
0.00283441
0.00285692
0.00283489
0.00285691
0.00290117
0.00290461
0.00287874
0.00290103
0.00287891
0.00290205
0.00294846
0.00292611
0.00294855
0.00292547
0.00294843
0.00292563
0.0029485
0.0029943
0.00297149
0.0029942
0.00297136
0.00299429
0.0029714
0.00299429
0.00304014
0.00301729
0.00304016
0.00301722
0.00304014
0.00301724
0.00304014
0.00308554
0.00306287
0.00308501
0.003063
0.0030858
0.00306298
0.00308545
0.00313353
0.00310663
0.0031102
0.00313276
0.00310908
0.0031326
0.00317681
0.00315466
0.00317724
0.00315461
0.00317676
0.00320174
0.00322527
0.00319832
0.00324502
0.000641169
0.000660975
0.000687746
0.000708135
0.000688257
0.000709159
0.000684319
0.000708593
0.000755295
0.000728795
0.000751995
0.000730321
0.000752825
0.000729842
0.00075198
0.000799066
0.000775646
0.000797913
0.000777666
0.000800562
0.000778237
0.000800665
0.000846503
0.00082269
0.000847422
0.000822409
0.000843942
0.000822771
0.000847166
0.00089174
0.000869632
0.00089151
0.000870644
0.000891739
0.000937017
0.000914249
0.000937094
0.000914364
0.000936898
0.000982789
0.000959916
0.000982802
0.000959943
0.000982794
0.00102868
0.00100569
0.0010286
0.00100569
0.0010286
0.00107433
0.00105147
0.00107428
0.00105147
0.00107442
0.00111976
0.00109705
0.00111964
0.00109686
0.00111927
0.00116496
0.00114139
0.00116381
0.00116745
0.00114042
0.00116352
0.00121213
0.00118999
0.00121228
0.00118859
0.0012104
0.00118825
0.00121028
0.00125465
0.00123395
0.00125836
0.00123351
0.00125769
0.00123276
0.00125858
0.00128172
0.00130133
0.00128053
0.00130117
0.00128089
0.00130427
0.00132766
0.00134806
0.00265204
0.00267211
0.00269807
0.0027184
0.00269863
0.00271933
0.00269523
0.00271893
0.00276622
0.0027416
0.00276593
0.00274211
0.00276645
0.00274139
0.00276745
0.00281093
0.00278763
0.00280998
0.00278965
0.00281142
0.00278969
0.00281167
0.00285833
0.00283599
0.00285846
0.0028327
0.00283613
0.00285981
0.00290303
0.00288046
0.00290295
0.00288095
0.00290323
0.0029483
0.00292567
0.00294845
0.00292556
0.00294851
0.00299427
0.00297137
0.00299431
0.00297135
0.00299433
0.00304014
0.00301722
0.00304013
0.00301718
0.00304011
0.00308546
0.003063
0.00308567
0.00306319
0.00308566
0.00313001
0.00310834
0.00312986
0.00310799
0.00312924
0.00317706
0.00315228
0.00317702
0.00315562
0.00317726
0.00315235
0.00317703
0.0032235
0.00320143
0.00322387
0.00319902
0.00322248
0.00319906
0.00322157
0.00324763
0.00327105
0.00324672
0.00326919
0.00324752
0.00326969
0.00329137
0.00331224
0.00329102
0.00331146
0.00329122
0.00331531
0.00333886
0.00335875
0.000617514
0.00059434
0.000614794
0.000662921
0.000640125
0.000660344
0.000637516
0.000660178
0.000637144
0.000659813
0.000707366
0.000683284
0.000706336
0.000683426
0.000708009
0.000684503
0.000707828
0.000937265
0.000914543
0.000937347
0.000915215
0.000938332
0.000916285
0.00093846
0.000982815
0.00096
0.000982844
0.000960253
0.000982831
0.000960103
0.000982884
0.00102853
0.00100568
0.00102852
0.00100565
0.00102846
0.00100569
0.00102846
0.00107405
0.00105128
0.001074
0.00105105
0.00107283
0.00105112
0.00107278
0.00111981
0.00109673
0.0011198
0.00109614
0.00111967
0.00109496
0.0011196
0.00130432
0.00128049
0.00130457
0.00128024
0.00130468
0.00128025
0.00130343
0.00134685
0.00132743
0.00134967
0.00132692
0.00135054
0.00132636
0.00135064
0.00137033
0.00137335
0.00139247
0.00137336
0.0013957
0.00141548
0.00258411
0.00262965
0.00260722
0.00262652
0.00260413
0.00262672
0.00267264
0.00265028
0.00267228
0.00264953
0.00267274
0.00264942
0.00267348
0.00271891
0.00269531
0.00271936
0.00269475
0.00271961
0.00269637
0.00271964
0.0029029
0.00288003
0.00290294
0.00288046
0.00290358
0.00288018
0.00290442
0.00294855
0.0029257
0.00294858
0.00292671
0.00294887
0.00292673
0.00294878
0.00299428
0.00297139
0.0029943
0.00297149
0.00299422
0.00297137
0.00299432
0.00304007
0.00301719
0.00304004
0.00301721
0.00303981
0.0030172
0.00303988
0.00308568
0.00306281
0.00308563
0.00306194
0.00308507
0.00306179
0.00308411
0.00331604
0.00329382
0.00331681
0.00329185
0.0033161
0.00329217
0.00331542
0.0033395
0.00336013
0.00333946
0.00336234
0.00334004
0.00336334
0.00338319
0.00338612
0.00340654
0.000571877
0.00055013
0.000570395
0.000617619
0.000595492
0.000615763
0.000591918
0.000614369
0.000591866
0.000614369
0.000660524
0.000637905
0.000660664
0.000637244
0.000661571
0.000638804
0.00066185
0.00135132
0.00132895
0.00135188
0.00132677
0.00134967
0.00132697
0.00134999
0.00139247
0.0013732
0.0013937
0.00137368
0.00139629
0.00137275
0.00139769
0.00141772
0.00143788
0.00141943
0.00143854
0.00256197
0.0025822
0.00256114
0.00258103
0.00262807
0.00260676
0.00262737
0.00260395
0.00262648
0.0026031
0.00262774
0.00267127
0.00264888
0.0026716
0.0026505
0.00267336
0.0026505
0.00267341
0.00336232
0.00333967
0.00336247
0.00333867
0.00336334
0.00333841
0.00336149
0.00338409
0.00340422
0.00338594
0.00340862
0.00338547
0.00340802
0.00342845
0.00342989
0.00345004
0.000527397
0.000572931
0.000549498
0.000569508
0.000547692
0.000569201
0.000615133
0.00059328
0.000615099
0.000591495
0.000616116
0.000591687
0.000616186
0.00139587
0.00137453
0.0013963
0.00137279
0.00139753
0.00137266
0.00139549
0.00141638
0.00141978
0.00144081
0.0014199
0.00144166
0.00146119
0.00146157
0.00253872
0.00253858
0.00258391
0.00258359
0.00255873
0.00258044
0.00255822
0.00258006
0.00262637
0.00260358
0.00262531
0.00260304
0.00262755
0.00260461
0.00262746
0.00340517
0.00338513
0.00340706
0.00338411
0.00340901
0.0033841
0.00340888
0.00342736
0.00343087
0.00345053
0.00343127
0.0034524
0.0034725
0.000527164
0.000526333
0.000572799
0.000571699
0.000547251
0.000568655
0.000546219
0.000567772
0.000614474
0.000592173
0.000613936
0.000593166
0.000616065
0.000592826
0.000615781
0.00139708
0.00137415
0.00139653
0.00137264
0.00139533
0.00137236
0.00139505
0.0014376
0.00141696
0.00143747
0.00141936
0.00144165
0.00141754
0.00144198
0.00146282
0.0014643
0.00148386
0.00253729
0.00251565
0.00253554
0.0025829
0.00256253
0.00258318
0.00255843
0.00258079
0.00255803
0.00258257
0.00262518
0.0026036
0.00262602
0.00260483
0.00262751
0.00260509
0.00262779
0.00340729
0.00338624
0.00340795
0.00338414
0.0034071
0.00338441
0.00340739
0.00342829
0.00343168
0.00345294
0.0034324
0.00345388
0.00347291
0.00347406
0.000525773
0.000525005
0.000571435
0.000571326
0.000545842
0.000567549
0.00054553
0.000567351
0.000613319
0.000591167
0.000612812
0.000592461
0.000615404
0.000592194
0.000615118
0.0013966
0.00137163
0.00139656
0.00137195
0.00139484
0.00137174
0.0013947
0.00143794
0.00141807
0.00143813
0.00141747
0.00144217
0.00141741
0.00144223
0.00146359
0.00148345
0.00146372
0.00148373
0.00251652
0.0025364
0.00251645
0.00253622
0.0025823
0.00256164
0.0025819
0.00255792
0.00258267
0.00255764
0.0025826
0.00262818
0.00260344
0.0026283
0.00260532
0.00262814
0.00260534
0.00262826
0.00340872
0.00338705
0.00340897
0.00338479
0.00340793
0.00338496
0.00340818
0.00342986
0.00343328
0.00345476
0.00343381
0.00345515
0.00347457
0.00347444
0.000524947
0.000525692
0.000570952
0.000571281
0.000545264
0.000567006
0.000545793
0.000567358
0.000612871
0.000591427
0.000613125
0.000592119
0.000615105
0.000592366
0.00061532
0.0013966
0.00137177
0.00139656
0.00137171
0.0013947
0.00137184
0.00139479
0.00143815
0.00141793
0.001438
0.00141742
0.00144224
0.00141749
0.00144227
0.00146374
0.00148373
0.00146375
0.00148368
0.00251635
0.00253628
0.00251632
0.00253666
0.00258182
0.00256222
0.00258215
0.00255777
0.0025826
0.00255815
0.00258268
0.00262827
0.00260361
0.00262826
0.00260533
0.00262827
0.00260534
0.00262823
0.00340861
0.00338691
0.00340868
0.0033848
0.00340798
0.00338478
0.0034078
0.00342894
0.00343343
0.00345485
0.00343288
0.00345434
0.00347458
0.00347451
0.00052636
0.000527282
0.000571893
0.00057269
0.000546372
0.000567941
0.000547096
0.000568581
0.000613936
0.000593196
0.000614759
0.000592872
0.000615791
0.000593318
0.000616179
0.0013964
0.00137458
0.00139692
0.00137212
0.00139494
0.00137238
0.00139516
0.00143753
0.00141735
0.00143788
0.00141763
0.00144217
0.00141949
0.00144192
0.0014646
0.0014843
0.00146292
0.00251589
0.00253596
0.00253756
0.00258296
0.00256232
0.00258255
0.00255823
0.00258254
0.00255831
0.00258057
0.00262659
0.00260336
0.00262574
0.00260526
0.00262808
0.00260502
0.00262784
0.00340827
0.00338566
0.00340718
0.00338456
0.00340743
0.00338411
0.00340695
0.00342729
0.00343224
0.00345373
0.00343155
0.00345288
0.00347375
0.00347284
0.000527358
0.000572806
0.000547565
0.00056926
0.000549444
0.000569449
0.000615088
0.000595369
0.000615032
0.000591871
0.000616227
0.000591565
0.000616122
0.00139611
0.00137356
0.00139524
0.0013724
0.00139519
0.00137232
0.00139657
0.00141585
0.00141992
0.00144184
0.00141928
0.00144093
0.00146146
0.00146123
0.00253861
0.00253881
0.00258342
0.00258401
0.00255824
0.00258025
0.00255934
0.00258082
0.00262568
0.00260453
0.00262634
0.00260487
0.00262771
0.00260331
0.00262767
0.0034067
0.00338509
0.00340486
0.00338394
0.00340833
0.00338402
0.00340858
0.0034309
0.00345236
0.00343063
0.00345029
0.00347267
0.000549821
0.000570103
0.000571854
0.000615817
0.000617854
0.000591861
0.000614551
0.000591607
0.000614864
0.000660627
0.000638411
0.000660635
0.000638926
0.000661923
0.000637813
0.000661867
0.00135149
0.00132893
0.00135132
0.0013269
0.0013497
0.00132682
0.00134961
0.00139284
0.00137175
0.00139233
0.0013722
0.00139666
0.00137341
0.00139603
0.00141894
0.00143868
0.00141778
0.00143825
0.00256142
0.00258094
0.00256182
0.00258193
0.00262735
0.00260755
0.00262839
0.00260303
0.00262782
0.00260394
0.00262681
0.00267178
0.00264935
0.00267194
0.0026507
0.00267358
0.0026508
0.00267371
0.00336236
0.00333958
0.00336235
0.00333839
0.00336147
0.00333865
0.00336327
0.00340427
0.00338257
0.00338559
0.00340809
0.00338598
0.00340843
0.00342966
0.00345003
0.00342806
0.000593804
0.000614855
0.000617116
0.000660784
0.00066318
0.000637765
0.000660484
0.000637927
0.000660596
0.000706499
0.000683753
0.000707414
0.000684751
0.000707985
0.000683567
0.000708148
0.000936972
0.000914102
0.000936978
0.000915462
0.000937837
0.000914683
0.000937839
0.00098281
0.000959899
0.000982824
0.00096012
0.000982834
0.000960123
0.000982926
0.00102859
0.0010057
0.00102855
0.00100572
0.00102858
0.00100569
0.00102841
0.0010743
0.00105143
0.00107437
0.00105121
0.00107326
0.00105113
0.00107348
0.00112
0.00109718
0.00111997
0.00109566
0.00111974
0.00109646
0.00111967
0.00130473
0.00128131
0.00130486
0.00128047
0.00130374
0.00128058
0.00130552
0.00134992
0.00132756
0.00134695
0.00132663
0.00135078
0.00132746
0.00135053
0.00137335
0.0013957
0.00137347
0.00139263
0.00141582
0.00258414
0.00262973
0.00260438
0.00262682
0.00260746
0.00262642
0.00267262
0.00265293
0.00267274
0.00264937
0.00267371
0.00264952
0.002673
0.00271933
0.00269537
0.00271893
0.00269656
0.0027197
0.0026951
0.00271973
0.00290301
0.00288004
0.00290288
0.0028803
0.00290457
0.00288028
0.00290364
0.00294868
0.00292575
0.00294859
0.00292702
0.00294895
0.00292681
0.00294894
0.0029943
0.00297143
0.00299431
0.00297147
0.00299429
0.0029715
0.00299437
0.00304003
0.00301717
0.00304006
0.00301715
0.00303984
0.00301706
0.00303984
0.00308561
0.00306284
0.00308566
0.00306167
0.00308395
0.00306182
0.00308494
0.00331665
0.00329261
0.00331598
0.00329208
0.00331545
0.00329187
0.00331631
0.00336001
0.00333688
0.00334027
0.00336328
0.00333964
0.00336273
0.00338578
0.00340626
0.0033828
0.000641587
0.000660994
0.000708195
0.000684357
0.000708732
0.000688272
0.000709235
0.000752432
0.000755615
0.000730344
0.000752706
0.000730449
0.000753485
0.000798389
0.000776645
0.000799302
0.000778856
0.0008011
0.000778154
0.000800745
0.000847229
0.000822588
0.000846325
0.000822716
0.000846993
0.000822289
0.000843869
0.00089128
0.000869352
0.000891607
0.000870262
0.000891663
0.00093705
0.000914197
0.000937047
0.000914417
0.000936931
0.000982811
0.000959905
0.000982803
0.00095989
0.000982807
0.0010286
0.00100571
0.00102858
0.00100571
0.00102861
0.00107434
0.00105147
0.00107429
0.00105139
0.00107444
0.00111971
0.0010969
0.00111975
0.00109687
0.00111917
0.0011645
0.0011418
0.00116539
0.00114059
0.00116394
0.00116796
0.00121205
0.00118897
0.00121199
0.00118823
0.00120984
0.00118852
0.00121019
0.00125857
0.00123368
0.00125477
0.00123223
0.00125864
0.0012329
0.00125763
0.00130219
0.00128132
0.00130493
0.00128063
0.00130104
0.00132776
0.00134772
0.00265199
0.00267254
0.00271851
0.00269539
0.00271907
0.00269878
0.00271938
0.0027656
0.00274473
0.00276587
0.00274138
0.00276755
0.00274217
0.00276687
0.00280992
0.00278787
0.00281093
0.00278977
0.00281164
0.00278953
0.00281151
0.00285851
0.00283546
0.00285834
0.0028363
0.00285978
0.00283294
0.00290278
0.00288013
0.00290293
0.00288063
0.00290308
0.00294845
0.00292573
0.00294821
0.00292557
0.00294853
0.00299427
0.00297131
0.00299424
0.00297138
0.00299428
0.00304013
0.00301724
0.00304021
0.00301719
0.00304008
0.00308567
0.00306314
0.00308537
0.0030631
0.00308567
0.00313085
0.00310838
0.00313093
0.00310832
0.00312982
0.00317737
0.003154
0.00317723
0.00315331
0.00317719
0.00315627
0.00317724
0.00322444
0.00320068
0.00322371
0.00319925
0.00322183
0.00319914
0.00322253
0.00327101
0.00324445
0.0032476
0.00326975
0.0032466
0.0032693
0.00331215
0.0032913
0.00331555
0.00329098
0.0033115
0.0033388
0.00335888
0.000550337
0.000569923
0.000595513
0.000615145
0.000596651
0.000616854
0.000592769
0.000616294
0.000662327
0.000638222
0.000661882
0.00063954
0.000663756
0.000638616
0.000664538
0.000709739
0.000684402
0.000710348
0.000686572
0.00070755
0.000687029
0.000710906
0.000753925
0.000732523
0.000754172
0.000733946
0.000754578
0.00077852
0.000801932
0.000775514
0.000822841
0.000843581
0.00116696
0.00118804
0.00120941
0.00125676
0.00123253
0.00125621
0.00123535
0.00125541
0.00130384
0.00127857
0.00130447
0.00128229
0.00130283
0.00127847
0.00130213
0.00134767
0.00132714
0.00135099
0.00132574
0.00134966
0.00132448
0.00135044
0.0013736
0.00139414
0.0013716
0.00139337
0.00137272
0.00139698
0.00142023
0.0014399
0.00256017
0.00257963
0.00260589
0.00262609
0.00260633
0.00262755
0.002603
0.00262699
0.00267327
0.00264899
0.0026727
0.00264995
0.00267409
0.00264928
0.00267484
0.00272043
0.00269518
0.00272122
0.002697
0.0027178
0.00269736
0.00272143
0.00276414
0.00274382
0.00276791
0.00274448
0.00276495
0.00279075
0.00281194
0.00283303
0.00315641
0.00317705
0.00322526
0.00319814
0.00322158
0.00322474
0.003267
0.00324571
0.00326725
0.00324534
0.00326636
0.00331442
0.00328948
0.00331549
0.00329226
0.00331342
0.00328902
0.0033128
0.00335765
0.00333792
0.00336119
0.00333601
0.00336012
0.00333519
0.00336082
0.00338439
0.00340435
0.00338286
0.00340356
0.00338335
0.00340718
0.00343033
0.00345026
0.000525971
0.000503128
0.000522721
0.000571718
0.000548264
0.000569155
0.000546551
0.000569185
0.000545469
0.000568763
0.000614772
0.000591579
0.000614418
0.000591945
0.000616456
0.000593045
0.00061624
0.000801138
0.000777408
0.000800411
0.000779151
0.00080064
0.000778832
0.000801363
0.000847411
0.000824624
0.000847743
0.000820898
0.00082347
0.000845042
0.000891117
0.000869863
0.000891591
0.000914966
0.000938082
0.000960069
0.000982891
0.00100582
0.00102853
0.00105118
0.00107317
0.0011201
0.00109614
0.00111891
0.0011635
0.00114165
0.00116427
0.00114471
0.0011652
0.00121
0.0011864
0.00121087
0.00119005
0.00120943
0.00118678
0.00120968
0.00125676
0.00123369
0.00125681
0.00123271
0.00125582
0.00123248
0.00125648
0.00143849
0.00141903
0.00144117
0.00141956
0.00144234
0.00141808
0.00144206
0.00146119
0.00146477
0.00148376
0.00146449
0.00148684
0.00150644
0.00249348
0.00253888
0.00251621
0.00253515
0.00251322
0.00253555
0.00258054
0.00255867
0.00258071
0.00255774
0.00258055
0.00255791
0.00258184
0.0027681
0.00274324
0.00276642
0.00274411
0.00276747
0.0027436
0.00276758
0.00281277
0.00278923
0.00281359
0.00279065
0.00281012
0.00279043
0.00281334
0.00285874
0.00283561
0.00285785
0.00283493
0.00285481
0.00290089
0.00288085
0.00290336
0.00292665
0.00294877
0.00297134
0.00299435
0.00301719
0.00303995
0.00308799
0.00306199
0.00308536
0.00313057
0.00310835
0.00313013
0.00317628
0.00315236
0.0031753
0.00317916
0.00315501
0.00317656
0.003221
0.00319947
0.00322241
0.00319933
0.00322078
0.00319842
0.00322079
0.003408
0.00338634
0.0034092
0.00338357
0.0034079
0.00338412
0.00340728
0.00343126
0.00345126
0.00343082
0.0034539
0.00343131
0.00345404
0.00347442
0.00347697
0.00349676
0.00048132
0.00045959
0.000479755
0.000526201
0.000504971
0.000524917
0.000501186
0.000522795
0.000501251
0.000523577
0.00056886
0.000546556
0.000569086
0.000545147
0.000569987
0.000547393
0.000570343
0.000847867
0.000823366
0.0008462
0.000824573
0.000846722
0.000824987
0.00084728
0.000892151
0.00086881
0.000893012
0.000869038
0.00088933
0.000868545
0.000891413
0.000937295
0.000916037
0.000938246
0.000912883
0.000982912
0.000960236
0.000982889
0.00102854
0.00100576
0.0010283
0.00107386
0.00105039
0.00107339
0.00107616
0.00111842
0.00109635
0.0011186
0.00112143
0.00109697
0.00111974
0.0011653
0.00114252
0.00116533
0.00114279
0.0011648
0.00114209
0.00116399
0.00121105
0.00118817
0.00121117
0.00118694
0.00120977
0.00118693
0.00121121
0.00144151
0.00141803
0.00144236
0.00141776
0.00144059
0.0014178
0.00144067
0.00148339
0.00146445
0.00148471
0.0014646
0.00148699
0.00146349
0.00148843
0.00150813
0.00151125
0.00153044
0.00249139
0.00246914
0.00248834
0.00253674
0.00251538
0.00253542
0.00251263
0.0025353
0.00251169
0.00253642
0.0025808
0.00255759
0.00258211
0.00255929
0.00258213
0.00255925
0.00258221
0.00281197
0.00278891
0.00281189
0.00279045
0.00281321
0.00278887
0.00281312
0.00285847
0.00283467
0.0028574
0.00283521
0.00285692
0.00283612
0.00285798
0.0029039
0.00288148
0.00290386
0.00287834
0.00288039
0.00290327
0.00294861
0.00292669
0.00294967
0.00292401
0.00299433
0.00297177
0.00299419
0.00303996
0.00301712
0.00303944
0.00308463
0.00306136
0.00308378
0.00308666
0.00313017
0.00310689
0.00313112
0.0031106
0.003131
0.00310857
0.00313145
0.00317657
0.00315386
0.00317666
0.00315333
0.00317543
0.00315293
0.00317509
0.00345364
0.00343125
0.00345367
0.00343011
0.00345417
0.00342984
0.00345264
0.0034754
0.00349534
0.00347677
0.00349897
0.00347666
0.00349911
0.00351866
0.00352049
0.00354068
0.000482142
0.00045887
0.000478733
0.000456936
0.000478242
0.000524008
0.000502295
0.000523721
0.000500587
0.000525066
0.000500675
0.000524979
0.000846004
0.000823053
0.000845896
0.000824723
0.000847353
0.000823056
0.000847109
0.000891541
0.000868682
0.000891564
0.000869587
0.000891132
0.000870008
0.000892186
0.000938
0.000914357
0.000937188
0.000914223
0.000937342
0.000914407
0.000936893
0.000983729
0.000961597
0.000983689
0.000958373
0.000960434
0.000983351
0.00102798
0.00100496
0.0010271
0.00103083
0.00100534
0.00102842
0.00107268
0.00105141
0.00107416
0.00105102
0.00107406
0.00105187
0.00107432
0.0011198
0.0010969
0.00111961
0.00109737
0.00111963
0.00109696
0.00111847
0.00116516
0.00114226
0.00116511
0.00114037
0.00116315
0.0011405
0.00116339
0.00148683
0.00146587
0.00148748
0.00146367
0.00148841
0.00146378
0.00148661
0.00150724
0.00151067
0.00153169
0.00151093
0.00153241
0.00155188
0.00155264
0.00244814
0.00244719
0.00249307
0.00249257
0.00246802
0.00248932
0.00246725
0.00248864
0.00253497
0.00251269
0.00253434
0.0025118
0.00253625
0.00251332
0.00253621
0.0028576
0.00283488
0.00285765
0.00283698
0.00285963
0.00283667
0.00285936
0.00290299
0.00288024
0.00290303
0.00288034
0.00290271
0.00288125
0.00290293
0.00294955
0.00292583
0.00294861
0.00292608
0.00294879
0.00292562
0.00294824
0.00299484
0.00297281
0.00299491
0.0029692
0.00297151
0.00299483
0.00303894
0.00301616
0.00303823
0.00304194
0.00301663
0.00303977
0.00308358
0.00306261
0.00308542
0.00306236
0.00308521
0.00306313
0.0030856
0.00313107
0.00310818
0.00313093
0.00310871
0.00313019
0.00310767
0.00312941
0.00317675
0.00315381
0.0031768
0.00315248
0.00317542
0.00315248
0.00317681
0.00349594
0.00347639
0.00349795
0.00347523
0.00349982
0.00347525
0.00349965
0.00351814
0.00352153
0.00354133
0.00352176
0.00354258
0.000435677
0.000436116
0.000481813
0.000481089
0.000454749
0.000477451
0.000455701
0.000477159
0.000523077
0.00050104
0.000522449
0.000502044
0.000524796
0.000501794
0.000524491
0.00089162
0.000868658
0.000891574
0.000870612
0.000893349
0.00087046
0.000893569
0.000937207
0.000914441
0.000937264
0.000914919
0.000937147
0.000914772
0.000937335
0.000982898
0.000960057
0.000982877
0.000959936
0.000982887
0.000960061
0.000982861
0.00102854
0.00100568
0.00102848
0.0010058
0.00102873
0.0010057
0.00102849
0.00107412
0.00105122
0.00107399
0.00105148
0.00107401
0.00105114
0.00107359
0.00111952
0.00109668
0.00111946
0.00109609
0.00111804
0.00109516
0.00111752
0.00148832
0.00146515
0.00148764
0.0014638
0.0014866
0.00146351
0.00148633
0.00150907
0.00152906
0.00151117
0.00153338
0.00151059
0.00153303
0.00155355
0.00155423
0.00244657
0.00244568
0.00249183
0.00247064
0.00249059
0.00246625
0.00248821
0.00246662
0.00248884
0.00253399
0.00251209
0.00253458
0.0025132
0.00253613
0.00251342
0.00253633
0.00290313
0.00288031
0.00290319
0.00288178
0.0029038
0.00288211
0.00290465
0.00294866
0.00292602
0.00294879
0.00292603
0.00294859
0.00292651
0.00294889
0.00299424
0.00297152
0.00299429
0.00297128
0.00299424
0.00297152
0.00299428
0.00303988
0.00301708
0.00303988
0.00301723
0.00304015
0.00301709
0.00303991
0.00308545
0.0030626
0.00308539
0.00306278
0.00308519
0.00306247
0.00308505
0.00313076
0.00310812
0.00313089
0.00310609
0.00312846
0.00310614
0.00312873
0.00349839
0.00347799
0.00349937
0.0034754
0.00349807
0.00347581
0.0034985
0.0035191
0.00352227
0.00354441
0.00352306
0.00354431
0.00356418
0.00356391
0.00043561
0.000435422
0.000480702
0.000480202
0.000455424
0.000476897
0.000455025
0.00047642
0.00052203
0.000499855
0.000521273
0.000501481
0.000524151
0.000501032
0.000523743
0.000891605
0.000868745
0.000891772
0.000870062
0.000893078
0.000868651
0.000893623
0.000937365
0.000914666
0.000937441
0.000915429
0.00093764
0.000916276
0.000937867
0.000982869
0.000960123
0.000982882
0.000960161
0.000982859
0.000960203
0.000982887
0.00102838
0.0010056
0.00102834
0.00100561
0.00102833
0.0010056
0.00102829
0.00107384
0.001051
0.00107379
0.00105086
0.00107321
0.00105076
0.00107314
0.00111937
0.00109651
0.00111932
0.00109477
0.0011172
0.00109467
0.00111708
0.00148764
0.00146304
0.00148777
0.00146319
0.00148603
0.00146306
0.00148592
0.00152879
0.00150913
0.00152912
0.00150868
0.00153308
0.00150853
0.00153318
0.00155543
0.0015752
0.00155466
0.0015747
0.00242476
0.00244442
0.0024254
0.00244518
0.00249117
0.00247081
0.00249104
0.00246673
0.00249118
0.00246652
0.00249139
0.00253681
0.00251243
0.00253698
0.0025139
0.00253675
0.0025141
0.00253694
0.00290333
0.00288047
0.00290345
0.00288239
0.0029051
0.00288263
0.00290537
0.0029489
0.00292626
0.00294895
0.00292681
0.00294908
0.00292707
0.00294913
0.00299434
0.00297162
0.00299437
0.00297164
0.00299434
0.00297168
0.00299438
0.00303986
0.0030171
0.00303986
0.00301708
0.00303982
0.0030171
0.00303979
0.0030853
0.00306252
0.00308522
0.00306222
0.00308444
0.00306212
0.00308355
0.00313118
0.0031081
0.00313121
0.00310679
0.00312992
0.00310615
0.00313139
0.00349993
0.00347844
0.00349991
0.00347616
0.00349895
0.00347625
0.00349906
0.00352023
0.00352385
0.00354512
0.00352416
0.00354544
0.00356423
0.00356462
0.000435443
0.000435299
0.000480054
0.000480305
0.000454917
0.000476227
0.000455005
0.000476434
0.000521068
0.000500277
0.000521754
0.000500913
0.000523646
0.000501234
0.000523987
0.000891867
0.000868996
0.000891881
0.000868799
0.000893748
0.000870561
0.000893523
0.000937529
0.000914729
0.000937528
0.000916368
0.000938052
0.000915623
0.000937926
0.000982893
0.000960157
0.000982902
0.00096024
0.000982887
0.000960215
0.000982895
0.00102836
0.00100564
0.0010284
0.00100561
0.0010283
0.00100563
0.00102835
0.00107387
0.00105115
0.00107398
0.00105085
0.0010733
0.001051
0.00107351
0.00111933
0.00109666
0.00111944
0.00109469
0.00111704
0.00109492
0.00111724
0.00148777
0.00146326
0.00148767
0.00146308
0.00148591
0.00146325
0.00148602
0.00152902
0.0015088
0.00152867
0.0015085
0.00153312
0.00150859
0.00153303
0.00155459
0.00157461
0.00155565
0.00157537
0.00242519
0.00244505
0.00242458
0.00244425
0.00249087
0.00247086
0.002491
0.0024664
0.00249131
0.00246663
0.00249111
0.00253701
0.00251246
0.00253704
0.00251407
0.00253696
0.00251395
0.00253689
0.00290339
0.00288039
0.0029033
0.00288237
0.00290525
0.00288249
0.00290512
0.0029489
0.00292605
0.00294879
0.00292693
0.00294903
0.00292663
0.00294886
0.00299436
0.00297156
0.00299434
0.00297165
0.00299437
0.0029716
0.00299434
0.00303985
0.00301711
0.00303989
0.0030171
0.00303975
0.0030171
0.00303985
0.00308518
0.00306259
0.00308527
0.00306205
0.00308342
0.00306237
0.00308435
0.00313121
0.00310817
0.0031312
0.00310612
0.00313136
0.00310656
0.00312979
0.00350001
0.00347849
0.00349987
0.00347624
0.00349897
0.00347608
0.00349874
0.00351937
0.00352363
0.00354504
0.00352321
0.00354462
0.0035648
0.00356449
0.000435751
0.000435873
0.000480946
0.000481863
0.000455584
0.000477028
0.000455554
0.000477825
0.000522418
0.000501868
0.00052319
0.000501728
0.000524437
0.000502111
0.00052481
0.000891839
0.000868836
0.000891688
0.00087094
0.000893927
0.000870721
0.000893274
0.000937395
0.000914505
0.000937278
0.000914953
0.00093752
0.000914964
0.00093719
0.000982908
0.000960116
0.000982969
0.000960068
0.000982873
0.000959865
0.000982848
0.00102848
0.0010057
0.00102851
0.00100568
0.00102848
0.00100577
0.00102871
0.00107406
0.00105136
0.00107413
0.00105119
0.00107363
0.00105144
0.00107388
0.00111962
0.00109692
0.00111976
0.00109526
0.00111772
0.00109628
0.00111836
0.00148772
0.00146615
0.0014881
0.00146362
0.00148629
0.00146382
0.00148651
0.00152889
0.00150743
0.00151021
0.00153269
0.00151095
0.00153322
0.00155427
0.00155322
0.00244583
0.00244668
0.00249072
0.00249232
0.00246676
0.00248889
0.00246647
0.00248861
0.00253516
0.00251229
0.00253448
0.00251368
0.00253665
0.00251361
0.00253651
0.00290316
0.00288021
0.002903
0.0028822
0.0029047
0.00288165
0.00290354
0.00294871
0.0029258
0.00294863
0.00292633
0.00294876
0.00292595
0.00294859
0.00299432
0.0029715
0.0029943
0.00297153
0.0029943
0.00297142
0.00299425
0.00303995
0.00301711
0.00303998
0.00301715
0.00303998
0.00301714
0.00304014
0.00308536
0.00306274
0.00308542
0.00306257
0.0030849
0.00306277
0.00308482
0.00313123
0.00310823
0.0031312
0.00310614
0.00312944
0.00310645
0.00312928
0.00349916
0.00347694
0.00349822
0.00347564
0.00349832
0.00347523
0.00349794
0.00351819
0.00352284
0.00354427
0.0035224
0.00354486
0.0035639
0.00356413
0.000481949
0.000457529
0.000478337
0.000458765
0.000478497
0.000523753
0.000504032
0.000523772
0.000500441
0.000524884
0.000500209
0.000524783
0.000845879
0.000823058
0.000845847
0.000822992
0.000847145
0.000824358
0.000847077
0.000891567
0.000868656
0.000891546
0.000869984
0.000892102
0.000869574
0.000891237
0.000937246
0.000916019
0.000938128
0.000914412
0.000936816
0.000914595
0.000937529
0.000983955
0.000960889
0.000983697
0.00096025
0.000983714
0.000958021
0.001027
0.00100502
0.00102783
0.00100489
0.00102835
0.00103065
0.00107426
0.00105064
0.0010729
0.00105182
0.00107441
0.00105111
0.00107429
0.00111985
0.00109708
0.00111985
0.00109712
0.00111883
0.00109733
0.00111974
0.00116535
0.00114253
0.00116533
0.00114092
0.00116373
0.00114057
0.00116333
0.00148739
0.00146461
0.00148649
0.00146367
0.00148655
0.00146343
0.00148785
0.00150679
0.00151126
0.00153282
0.00151055
0.00153247
0.00155282
0.00155241
0.00244736
0.00244779
0.0024929
0.00249344
0.00246736
0.00248895
0.00246766
0.00248963
0.00253455
0.00251357
0.00253533
0.00251366
0.00253652
0.00251246
0.00253667
0.00285736
0.00283446
0.00285728
0.00283598
0.00285893
0.00283611
0.00285901
0.00290295
0.00288009
0.00290289
0.00288127
0.00290292
0.00288035
0.00290272
0.00294857
0.00292719
0.00294935
0.00292559
0.0029483
0.00292582
0.00294879
0.00299508
0.00297202
0.0029948
0.00297161
0.002995
0.0029693
0.00303861
0.00301649
0.00303926
0.00301633
0.00304007
0.00304221
0.00308556
0.00306177
0.00308403
0.00306329
0.00308558
0.00306269
0.00308562
0.00313126
0.0031084
0.00313133
0.0031077
0.00312985
0.00310888
0.00313053
0.003177
0.00315412
0.00317695
0.00315292
0.00317699
0.00315282
0.00317559
0.00349767
0.00347597
0.00349589
0.00347499
0.00349929
0.00347494
0.00349948
0.00352172
0.00354298
0.0035213
0.00354104
0.00045927
0.000479429
0.000481009
0.000524421
0.000526114
0.000500942
0.000523156
0.000500991
0.000522906
0.00056871
0.000545857
0.000568457
0.000547142
0.00057005
0.000545171
0.000569661
0.000845981
0.000823334
0.000847649
0.000824884
0.000846941
0.00082444
0.000846502
0.000892757
0.000869591
0.000892005
0.000868336
0.000891272
0.000869002
0.000889052
0.000938231
0.000915166
0.00093724
0.000913166
0.000982731
0.000959981
0.000982818
0.00102838
0.00100576
0.00102857
0.00107345
0.00105147
0.00107382
0.0010763
0.00111827
0.00109584
0.00111817
0.00109674
0.00111949
0.0011211
0.00116543
0.00114118
0.00116547
0.00114216
0.00116402
0.00114295
0.00116497
0.00121119
0.00118822
0.00121107
0.00118696
0.00121119
0.00118705
0.00120974
0.00144206
0.00141911
0.00144164
0.00141763
0.00144053
0.00141782
0.00144068
0.00148418
0.00146316
0.00148352
0.00146331
0.00148797
0.0014645
0.0014871
0.00151142
0.00153129
0.00150838
0.00246857
0.00248821
0.00249107
0.00253575
0.0025164
0.00253675
0.00251224
0.00253678
0.00251285
0.00253547
0.0025822
0.0025583
0.00258078
0.00255949
0.00258236
0.00255934
0.00258221
0.0028118
0.00278907
0.00281199
0.00278887
0.002813
0.00279043
0.00281313
0.00285735
0.00283475
0.00285892
0.00283575
0.00285776
0.0028353
0.00285718
0.00290368
0.0028817
0.00290399
0.00288041
0.00290306
0.00287874
0.00294936
0.00292605
0.00294857
0.00292376
0.00299422
0.00297157
0.00299426
0.00303949
0.00301714
0.00303993
0.00308397
0.00306274
0.00308465
0.00308709
0.00313119
0.00310762
0.00313019
0.00310855
0.0031315
0.00311047
0.00313084
0.00317681
0.00315227
0.00317662
0.00315297
0.00317527
0.00315362
0.00317557
0.00345359
0.00343159
0.0034536
0.00342981
0.00345256
0.0034302
0.00345434
0.00349535
0.00347329
0.00347639
0.00349882
0.00347671
0.00349898
0.00352041
0.00354037
0.00351881
0.000503458
0.000523149
0.000526177
0.000568399
0.000571173
0.000545248
0.000568099
0.000546112
0.000568641
0.000614035
0.000591532
0.000614409
0.000592528
0.00061592
0.000591596
0.000616188
0.000800451
0.000779313
0.000801356
0.000779151
0.000801214
0.00077927
0.000800805
0.000847471
0.000823554
0.000847103
0.000823301
0.000844832
0.00082085
0.000891503
0.000869414
0.000891149
0.000937778
0.000911833
0.000982806
0.00102872
0.00107325
0.00111884
0.00109918
0.00112017
0.00116459
0.00114137
0.00116357
0.0011451
0.00116535
0.0012109
0.0011875
0.00120989
0.00118691
0.00120965
0.00119019
0.00120941
0.00125683
0.00123201
0.00125677
0.00123245
0.00125645
0.00123262
0.0012559
0.00144151
0.00141947
0.00143859
0.00141819
0.00144242
0.00141955
0.001443
0.00146469
0.00148645
0.00146525
0.00148361
0.0015065
0.0024933
0.00253878
0.00251338
0.0025353
0.00251617
0.00253483
0.00258078
0.00256122
0.00258066
0.00255768
0.00258199
0.00255725
0.00258096
0.0027664
0.00274329
0.00276797
0.00274373
0.00276757
0.00274418
0.00276728
0.00281381
0.0027901
0.00281268
0.00279045
0.00281362
0.00279059
0.00281026
0.0028583
0.00283665
0.00285857
0.00283503
0.00285509
0.0029036
0.00287981
0.00290094
0.00294885
0.00299424
0.00303986
0.00308522
0.00308792
0.00313019
0.003109
0.00313053
0.00317507
0.00315257
0.00317618
0.00315488
0.00317644
0.00317895
0.00322253
0.00319896
0.00322123
0.00319873
0.00322084
0.00319945
0.00322097
0.00340906
0.00338558
0.00340853
0.00338419
0.00340744
0.00338386
0.00340846
0.00345153
0.00342885
0.00343169
0.00345447
0.00343131
0.00345376
0.00347709
0.00349693
0.00347431
0.000549895
0.000569435
0.000615122
0.000592388
0.000616166
0.000596352
0.000616747
0.000662126
0.000642195
0.00066265
0.000638687
0.000664959
0.00063965
0.000664155
0.000710581
0.000685435
0.00070991
0.000687232
0.000710739
0.000686767
0.000707631
0.000754433
0.000732554
0.000754041
0.000734171
0.000754697
0.000802327
0.000775551
0.000775566
0.000843513
0.00116694
0.00120895
0.00125612
0.00123549
0.00125662
0.00123548
0.00125539
0.00130439
0.00127939
0.00130343
0.00127846
0.00130227
0.00128201
0.0013026
0.00135062
0.0013267
0.00134767
0.0013247
0.00135056
0.00132603
0.00134987
0.00139395
0.00137274
0.00139681
0.00137171
0.00139336
0.00142013
0.00144029
0.00255991
0.00258019
0.0026265
0.0026032
0.00262695
0.00260636
0.00262724
0.00267329
0.0026525
0.00267341
0.00264944
0.00267565
0.00265008
0.00267465
0.00272154
0.00269623
0.00272049
0.00269801
0.00272174
0.00269733
0.00271791
0.00276776
0.00274337
0.00276439
0.00274453
0.00276458
0.00281151
0.00317721
0.00322167
0.00322526
0.00322488
0.00326734
0.00324572
0.00326755
0.00324541
0.00326568
0.00331551
0.00329032
0.00331436
0.00328905
0.003313
0.0032926
0.00331318
0.00336165
0.00333734
0.00335775
0.00333557
0.00336157
0.0033362
0.00336045
0.00340447
0.00338385
0.00340745
0.00338314
0.00340349
0.00343059
0.00344967
0.000459427
0.000478407
0.000504482
0.000524138
0.000505015
0.000525667
0.0005015
0.000525179
0.00057146
0.000547339
0.000571073
0.000548658
0.000572759
0.000547584
0.000573346
0.000618478
0.000593351
0.000619173
0.000595257
0.000616361
0.000595636
0.000619307
0.000661562
0.000641315
0.000664979
0.000642209
0.000662019
0.000688014
0.000708217
0.00128147
0.00130097
0.001348
0.00132425
0.00134766
0.00132737
0.00134677
0.00139525
0.00137006
0.00139628
0.00137308
0.00139339
0.00136979
0.00139332
0.00143849
0.00141865
0.0014422
0.00141605
0.00144095
0.00141569
0.00144177
0.00146522
0.00148541
0.00146351
0.00148448
0.00146416
0.00148815
0.00151116
0.00153075
0.00246917
0.00248902
0.00251514
0.002535
0.00251524
0.00253611
0.00251178
0.00253578
0.00258164
0.0025574
0.00258082
0.00255887
0.00258298
0.00255808
0.00258373
0.00262846
0.00260312
0.00262947
0.00260535
0.00262592
0.00260598
0.00262978
0.00267126
0.00265175
0.00267485
0.00265279
0.00267207
0.00269831
0.00271842
0.00329218
0.00331187
0.00335928
0.0033349
0.00335875
0.00333805
0.00335811
0.00340599
0.00338126
0.00340698
0.0033841
0.0034045
0.0033809
0.00340395
0.00344921
0.00342916
0.00345292
0.00342709
0.0034518
0.00342621
0.00345278
0.00347619
0.00349542
0.00347426
0.00349457
0.0034751
0.00349862
0.00352142
0.00354059
0.000435832
0.000411526
0.00043296
0.00048082
0.000457774
0.000478179
0.000455744
0.000478056
0.000454947
0.000477713
0.00052347
0.000500503
0.000522798
0.000500845
0.0005252
0.000501916
0.000524848
0.000710768
0.000686445
0.000710586
0.000687661
0.000706581
0.000687724
0.000709627
0.000752578
0.000733324
0.000755942
0.00073037
0.000776226
0.00121275
0.00125647
0.00123383
0.00125555
0.0013004
0.00127747
0.00130034
0.00130312
0.00128043
0.00130081
0.00134798
0.00132478
0.00134791
0.00132366
0.00134638
0.00132356
0.00134624
0.001529
0.00151031
0.00153199
0.00151058
0.0015331
0.00150933
0.00153319
0.00155245
0.00155487
0.00155674
0.00157815
0.00244747
0.00244506
0.00242228
0.00244331
0.00248951
0.00246768
0.00248943
0.00246693
0.00248971
0.00246661
0.00249062
0.0026758
0.00265219
0.00267521
0.00265372
0.00267611
0.00265429
0.00267697
0.0027222
0.00269934
0.0027226
0.00269625
0.00269911
0.00271978
0.00276349
0.00274459
0.00276607
0.00278725
0.00322372
0.0032665
0.00324411
0.0032667
0.00326958
0.0033126
0.00328937
0.00331363
0.00329319
0.00331247
0.00329035
0.00331262
0.00349941
0.00347717
0.0034997
0.00347496
0.00349928
0.00347518
0.00349815
0.00352184
0.00354196
0.00352184
0.00354445
0.00352211
0.00354467
0.00356455
0.00356725
0.00358883
0.000436599
0.000435253
0.000411284
0.000432885
0.000410204
0.000432329
0.00047816
0.000455915
0.000478386
0.000455203
0.000479327
0.000456783
0.00047959
0.00070926
0.000686295
0.000709196
0.000688052
0.000710819
0.000688046
0.000710708
0.000756194
0.000732056
0.000756686
0.000731818
0.000752682
0.00073262
0.000753001
0.000799329
0.000779444
0.000800676
0.000821978
0.00116759
0.00121142
0.00118883
0.00121074
0.00125503
0.00123289
0.00125544
0.00125807
0.00123569
0.00125633
0.00130216
0.00127952
0.00130243
0.00127843
0.00130115
0.00127847
0.00130126
0.00153341
0.00151079
0.00153356
0.00150919
0.00153226
0.00150921
0.00153236
0.00155632
0.00157614
0.00155714
0.00158076
0.00155717
0.00158001
0.00160039
0.00160171
0.00162185
0.00239991
0.0023781
0.00239797
0.00244665
0.00242392
0.0024441
0.00241975
0.00244314
0.00242003
0.00244311
0.00248836
0.00246606
0.00248858
0.00246764
0.00249052
0.00246749
0.00249047
0.00272265
0.00269806
0.00272097
0.00269959
0.00272201
0.00269946
0.00272216
0.00276693
0.00274492
0.00276733
0.00274216
0.00274395
0.00276433
0.00280992
0.00278924
0.00281113
0.00283258
0.00317816
0.00322159
0.00319935
0.00322071
0.0032666
0.00324315
0.00326785
0.00324737
0.00326815
0.00324666
0.00326735
0.00331346
0.00329039
0.00331331
0.00328876
0.00331137
0.00328844
0.00331114
0.00354393
0.00352182
0.00354418
0.00352062
0.00354462
0.00352042
0.0035431
0.00356449
0.00356714
0.00358881
0.00356731
0.00358938
0.00043205
0.00041186
0.000431658
0.000410673
0.000432324
0.000411635
0.000433845
0.000756606
0.000731823
0.000754711
0.000733436
0.000755576
0.000733511
0.000755984
0.000801263
0.000778908
0.000801597
0.000776562
0.000776908
0.000797382
0.000844251
0.000823079
0.000845112
0.000865921
0.00116682
0.00114355
0.00116507
0.00121007
0.00118657
0.00120888
0.00121391
0.00121303
0.00125679
0.00123378
0.00125655
0.00123472
0.00125532
0.00123411
0.00125503
0.00157705
0.00155687
0.00157927
0.00155543
0.00158042
0.00155545
0.00158007
0.00159913
0.00160252
0.00162266
0.00160268
0.00162454
0.00164478
0.0023556
0.00240042
0.00237788
0.00239703
0.00237576
0.00239692
0.00244388
0.00242026
0.00244283
0.00241906
0.00244437
0.00241934
0.00244428
0.00276719
0.00274343
0.00276611
0.00274488
0.00276518
0.00274492
0.00276572
0.00281168
0.00279101
0.0028133
0.00278599
0.00278683
0.00283516
0.00285631
0.00313343
0.00317729
0.00315456
0.00317676
0.00322069
0.00319827
0.00322099
0.00322356
0.00320223
0.00322313
0.0032679
0.0032452
0.00326802
0.00324454
0.00326656
0.00324388
0.00326621
0.00358898
0.00356761
0.00358819
0.00356695
0.00358882
0.00356567
0.00358823
0.000432025
0.00041055
0.000432112
0.0004115
0.000433821
0.000411489
0.000433947
0.000754525
0.00073163
0.000754622
0.000733022
0.000755721
0.000731553
0.000756296
0.000802185
0.000777549
0.000802854
0.000776823
0.000797692
0.00077813
0.000798723
0.000845133
0.000825186
0.000845762
0.000866639
0.00112214
0.00112229
0.00116556
0.00114362
0.00116496
0.00120846
0.00118654
0.00120927
0.00121196
0.00119049
0.00121104
0.00125625
0.00123341
0.00125608
0.00123246
0.00125426
0.00123182
0.00125378
0.00157938
0.0015576
0.00157975
0.00155555
0.00157858
0.00155548
0.00157851
0.00159976
0.00160343
0.00162486
0.00160379
0.00162536
0.0016448
0.00164526
0.00235538
0.00235435
0.00240071
0.00240086
0.00237529
0.00239669
0.00237484
0.00239671
0.00244244
0.00242048
0.00244235
0.00242137
0.0024444
0.00242161
0.00244447
0.00276636
0.00274373
0.00276647
0.00274548
0.00276722
0.00274592
0.00276805
0.002814
0.0027907
0.00281347
0.00278783
0.00278908
0.00280958
0.00285671
0.00283503
0.00285636
0.00287744
0.00313301
0.0031328
0.0031755
0.00315432
0.00317501
0.00322253
0.00319732
0.00322257
0.00320203
0.00322309
0.00320136
0.00322206
0.00326818
0.00324545
0.00326835
0.00324404
0.00326666
0.00324388
0.00326843
0.00358873
0.00356783
0.00358947
0.00356585
0.0035884
0.00356594
0.00358849
0.000431828
0.000410233
0.000431689
0.000411436
0.000433918
0.000411394
0.000433863
0.000754783
0.000731684
0.000754841
0.00073163
0.000756827
0.000731632
0.00075704
0.000802723
0.000777664
0.000801951
0.00077888
0.000799342
0.000779141
0.000800182
0.000845789
0.000824471
0.000846078
0.000820757
0.000889208
0.000867497
0.000888935
0.00112194
0.00112181
0.00116403
0.00114303
0.00116372
0.00121097
0.00118601
0.00121104
0.00119085
0.00121199
0.00119069
0.00121178
0.00125595
0.00123347
0.001256
0.00123142
0.00125352
0.00123206
0.00125406
0.00157891
0.0015545
0.00157896
0.00155511
0.00157814
0.00155485
0.00157786
0.00160129
0.00162079
0.0016033
0.00162531
0.00160244
0.00162473
0.00164539
0.00164628
0.00235396
0.00235355
0.00239968
0.00237896
0.00239824
0.00237408
0.00239636
0.0023747
0.0023968
0.00244318
0.00242087
0.0024453
0.00242164
0.00244468
0.00242188
0.00244498
0.00276643
0.00274367
0.00276626
0.00274576
0.00276831
0.00274522
0.0027674
0.00281374
0.00278887
0.00281377
0.00278816
0.00280911
0.00278823
0.00280915
0.00285668
0.00283599
0.00285678
0.00287808
0.00313214
0.00311117
0.00313273
0.00317488
0.00315385
0.00317528
0.00317911
0.00322248
0.00319798
0.00322239
0.00320067
0.00322147
0.00319983
0.00322092
0.00326838
0.00324524
0.00326835
0.00324357
0.00326844
0.00324306
0.00326834
0.00358962
0.00356839
0.00358982
0.00356603
0.00358854
0.00356616
0.00358863
0.000431674
0.000410086
0.000431527
0.000411376
0.000433836
0.000411331
0.0004338
0.000754802
0.000731606
0.000754721
0.000731578
0.000756958
0.000731534
0.000756765
0.000801837
0.000777614
0.000802624
0.00077908
0.000800054
0.000778704
0.000799274
0.000846175
0.000825367
0.000845945
0.000820808
0.000889343
0.000868476
0.000889735
0.00112174
0.00112197
0.00116394
0.00114324
0.00116419
0.00121111
0.0011864
0.00121094
0.00119095
0.00121177
0.00119089
0.00121188
0.00125617
0.00123363
0.00125634
0.00123235
0.00125448
0.0012319
0.00125445
0.00157897
0.00155692
0.00157921
0.00155489
0.0015779
0.00155526
0.00157823
0.00162089
0.00160002
0.00160247
0.00162471
0.00160321
0.00162541
0.00164597
0.00164537
0.00235401
0.0023546
0.00239927
0.00240031
0.00237571
0.00239808
0.00237473
0.00239711
0.00244533
0.00242109
0.00244326
0.00242222
0.00244507
0.00242196
0.0024448
0.0027662
0.00274365
0.00276634
0.00274505
0.00276727
0.00274572
0.00276807
0.00281404
0.00278911
0.00281392
0.00278821
0.00280938
0.00278807
0.00280942
0.00285672
0.00283602
0.00285662
0.00287771
0.0031327
0.00311063
0.00313199
0.00317516
0.0031543
0.00317454
0.00317913
0.0032223
0.003197
0.00322236
0.00319968
0.00322079
0.00320037
0.00322136
0.00326839
0.00324535
0.00326843
0.00324304
0.00326847
0.00324348
0.00326858
0.0035899
0.00356833
0.00358983
0.00356623
0.00358866
0.00356616
0.00358863
0.000431885
0.000411138
0.00043254
0.000411362
0.000433909
0.000411512
0.000434097
0.000754559
0.000731559
0.000754468
0.000731446
0.000756201
0.000732814
0.0007556
0.000802791
0.000777472
0.00080226
0.000778063
0.000798705
0.000776925
0.000797874
0.000845798
0.000824384
0.000845225
0.000866311
0.00112244
0.00112217
0.0011648
0.00114348
0.00116544
0.00120879
0.00118546
0.00120821
0.00119007
0.00121047
0.00121162
0.00125638
0.0012334
0.0012564
0.00123196
0.00125439
0.00123242
0.00125448
0.00157973
0.00155748
0.00157909
0.00155552
0.00157845
0.00155554
0.00157847
0.00159906
0.00160353
0.00162532
0.00160305
0.00162453
0.00164585
0.00164514
0.0023544
0.0023553
0.00240037
0.00240086
0.00237445
0.00239635
0.00237536
0.00239682
0.00244245
0.0024207
0.00244242
0.00242153
0.0024445
0.00242139
0.00244441
0.00276657
0.00274364
0.00276651
0.0027458
0.00276798
0.00274542
0.00276734
0.00281378
0.00279163
0.00281432
0.00278948
0.00281007
0.00278804
0.00285641
0.00283456
0.00285686
0.00287781
0.0031333
0.00313358
0.00317516
0.00315472
0.00317573
0.00322259
0.003198
0.0032226
0.00320146
0.00322209
0.00320247
0.00322314
0.00326836
0.00324532
0.00326812
0.00324391
0.00326846
0.00324402
0.00326654
0.00358945
0.0035678
0.0035887
0.00356606
0.00358851
0.00356611
0.00358847
0.00043215
0.00041075
0.000432124
0.000411609
0.000434127
0.000410698
0.000432437
0.000754653
0.000731956
0.000756486
0.000733289
0.000755772
0.00073323
0.000755309
0.000801757
0.000779586
0.000801396
0.000777094
0.000797803
0.000776703
0.000845237
0.000822609
0.000844188
0.00116517
0.00116677
0.0012086
0.00118823
0.00120986
0.00121294
0.00121376
0.00125668
0.00123282
0.00125679
0.00123415
0.0012553
0.00123485
0.00125533
0.00157976
0.00155654
0.00157747
0.00155574
0.00158058
0.00155583
0.00158077
0.00160274
0.00162391
0.00160278
0.00162218
0.00164454
0.00235545
0.00240054
0.00237573
0.00239695
0.00237763
0.00239719
0.00244293
0.00242278
0.00244377
0.00241927
0.00244431
0.00241926
0.0024444
0.0027663
0.00274358
0.00276748
0.00274518
0.00276588
0.00274501
0.00276539
0.00281338
0.00279029
0.00281171
0.00278681
0.00278644
0.00285612
0.00283256
0.00313355
0.0031768
0.00315596
0.00317735
0.00322088
0.00319877
0.0032207
0.00320236
0.00322293
0.00322337
0.00326802
0.00324346
0.00326809
0.00324367
0.00326621
0.00324451
0.00326694
0.00358839
0.00356805
0.00358947
0.00356617
0.00358851
0.00356805
0.00358969
0.000435191
0.00043652
0.000410199
0.000432324
0.000411333
0.000432921
0.00047805
0.000455872
0.000478084
0.00045675
0.000479477
0.000455327
0.000479363
0.000709249
0.000686297
0.000709224
0.000687874
0.000710883
0.000688321
0.000710804
0.000757046
0.000733267
0.000756232
0.000732663
0.000753313
0.000731762
0.000752719
0.000800833
0.000778444
0.000799555
0.00116753
0.00121074
0.00119005
0.00121139
0.00125535
0.00123309
0.00125507
0.00123586
0.00125622
0.00125808
0.00130195
0.00127734
0.00130156
0.00127803
0.0013006
0.0012781
0.00130027
0.00153442
0.00151148
0.00153387
0.00150965
0.00153284
0.0015095
0.00153263
0.00157598
0.00155361
0.00155727
0.00157991
0.00155727
0.00158033
0.00160175
0.0016221
0.00160018
0.00237828
0.00239853
0.00240003
0.00244413
0.00244668
0.00242039
0.00244333
0.00241966
0.00244308
0.00248795
0.00246587
0.00248805
0.00246721
0.00249015
0.00246735
0.0024903
0.00272115
0.00269835
0.002723
0.00269954
0.00272229
0.00269945
0.00272238
0.00276746
0.00274537
0.00276703
0.00274407
0.00276436
0.00274232
0.00281097
0.0027887
0.00280995
0.00317811
0.00322046
0.0032005
0.00322142
0.00326813
0.00324387
0.00326687
0.0032469
0.00326771
0.00324751
0.00326839
0.00331401
0.003291
0.00331394
0.00328964
0.0033123
0.00328964
0.00331194
0.00354416
0.00352192
0.00354382
0.0035205
0.00354334
0.00352066
0.00354453
0.00356368
0.00356829
0.00359027
0.00356741
0.00358898
0.000411256
0.000433135
0.000435867
0.000478258
0.000480748
0.000455538
0.000477976
0.000455715
0.000478124
0.000523237
0.000500841
0.000523853
0.000502095
0.000525104
0.000500867
0.000525426
0.000710526
0.000687208
0.000710536
0.000687573
0.000709694
0.000687455
0.000706818
0.000755726
0.000733509
0.000752615
0.000730267
0.00121276
0.00125553
0.00123623
0.00125648
0.00129976
0.00127735
0.00130029
0.00128014
0.00130003
0.0013028
0.00134771
0.00132359
0.00134804
0.00132291
0.00134592
0.00132362
0.0013464
0.00153212
0.00150998
0.00152911
0.00150923
0.00153348
0.00150992
0.00153337
0.00155726
0.00157816
0.00155566
0.00244733
0.00242163
0.00244289
0.00244474
0.00248948
0.00247113
0.00248982
0.00246656
0.00249065
0.00246688
0.00248997
0.00267527
0.00265167
0.00267643
0.00265376
0.00267648
0.00265312
0.00267651
0.00272302
0.00269962
0.00272262
0.00269931
0.00272002
0.00269679
0.00276607
0.00274366
0.00276361
0.00322361
0.00326681
0.00324721
0.00326624
0.0032697
0.00331386
0.00328904
0.00331304
0.00329043
0.00331266
0.00329323
0.00331277
0.00349974
0.00347658
0.00349923
0.00347518
0.0034981
0.0034748
0.00349887
0.00354202
0.0035193
0.0035223
0.00354473
0.00352168
0.00354425
0.00356696
0.00358883
0.00356423
0.000459034
0.000478397
0.000524199
0.000501376
0.000525293
0.000505228
0.000525744
0.000570608
0.000550934
0.00057118
0.000547601
0.000573503
0.00054848
0.000572631
0.000619124
0.000593893
0.00061846
0.00059565
0.000619321
0.000595087
0.000616203
0.000665139
0.000640927
0.000661925
0.000641931
0.000661837
0.000707764
0.00130126
0.00134789
0.00132822
0.00134805
0.00132741
0.00134694
0.00139618
0.00137119
0.00139505
0.00136994
0.00139345
0.0013733
0.00139324
0.00144278
0.00141713
0.00143864
0.0014159
0.00144185
0.00141634
0.00144093
0.00148456
0.00146413
0.00148784
0.00146361
0.00148464
0.00151076
0.00153086
0.00246938
0.0024894
0.0025343
0.00251186
0.00253506
0.00251549
0.00253586
0.00258059
0.00256042
0.00258128
0.00255715
0.00258319
0.00255805
0.00258241
0.00262917
0.00260377
0.00262828
0.00260551
0.00262916
0.00260515
0.00262562
0.00267551
0.00265112
0.00267176
0.0026525
0.0026725
0.00271879
0.00331249
0.00335878
0.00333851
0.00335925
0.0033383
0.00335782
0.00340709
0.00338154
0.00340604
0.00338098
0.00340442
0.00338404
0.00340493
0.00345279
0.00342875
0.00344935
0.00342657
0.00345268
0.00342712
0.00345164
0.00349516
0.0034749
0.00349805
0.00347429
0.0034943
0.00352091
0.00354038
0.000412484
0.000433057
0.000435148
0.000410927
0.000433031
0.000479127
0.000456099
0.000479104
0.000456363
0.000480205
0.000455807
0.000481283
0.000527069
0.000501388
0.00052779
0.000502769
0.000524355
0.000503627
0.000527627
0.000570219
0.000550158
0.000573423
0.000550574
0.000570737
0.000596267
0.000616545
0.00137287
0.00139256
0.00143985
0.00141597
0.00143949
0.00141912
0.00143861
0.00148693
0.00146176
0.00148775
0.00146512
0.00148548
0.00146152
0.00148514
0.00153008
0.00151007
0.00153375
0.00150837
0.00153234
0.00150747
0.00153324
0.00155688
0.00157651
0.00155516
0.00157544
0.00155562
0.00157916
0.00160262
0.00162224
0.00237805
0.00239752
0.002424
0.00244333
0.00242431
0.00244496
0.00242076
0.0024445
0.00249022
0.00246642
0.00248987
0.00246748
0.00249206
0.0024668
0.00249278
0.00253724
0.00251209
0.00253813
0.00251451
0.00253483
0.00251508
0.00253849
0.00258017
0.00256038
0.00258384
0.00256157
0.00258093
0.0026071
0.00262673
0.00338354
0.00340313
0.00345053
0.00342583
0.00345012
0.00342921
0.00344909
0.00349731
0.00347255
0.00349853
0.00347555
0.00349628
0.00347186
0.00349598
0.00353998
0.0035206
0.00354376
0.00351902
0.0035432
0.00351853
0.00354425
0.00356693
0.00358771
0.003565
0.00356742
0.00358926
0.000433294
0.000411016
0.000432846
0.000411698
0.000434511
0.000411658
0.000434459
0.000619061
0.000594796
0.000619019
0.000595918
0.000615149
0.000595957
0.000617879
0.000660488
0.000641719
0.000663649
0.000638482
0.000684167
0.00134896
0.00132653
0.00134661
0.00139207
0.00136901
0.00139169
0.00139484
0.00137211
0.0013921
0.00143931
0.00141572
0.00143875
0.00141487
0.00143738
0.0014138
0.0014365
0.00160318
0.00162318
0.00160292
0.00162582
0.00160325
0.00162605
0.00164647
0.00164916
0.00166931
0.00235386
0.00233148
0.00235074
0.00239927
0.00237573
0.00239659
0.00237375
0.00239654
0.00237257
0.0023959
0.00258473
0.0025609
0.00258401
0.00256255
0.00258503
0.00256294
0.00258567
0.00263069
0.00260827
0.00263116
0.0026051
0.00260813
0.00262832
0.00265399
0.00267401
0.00331594
0.00335867
0.00333638
0.00335844
0.00336179
0.00340412
0.00338121
0.00340514
0.00338515
0.00340409
0.00338226
0.00340402
0.00358888
0.00356736
0.00358919
0.00356582
0.00358841
0.00356573
0.00358846
0.000618052
0.000595232
0.000618149
0.00059721
0.000619445
0.000597274
0.000619705
0.000665089
0.000642652
0.000665843
0.000639593
0.000641919
0.00066258
0.000687934
0.000707708
0.00130441
0.00128191
0.00130254
0.00134678
0.00132436
0.00134687
0.00134998
0.0013279
0.00134834
0.0013931
0.00137056
0.00139331
0.00136974
0.00139174
0.00136953
0.00139191
0.00162558
0.00160302
0.00162552
0.00160197
0.00162622
0.00160159
0.00162453
0.00164724
0.00166737
0.00164886
0.00167137
0.00164862
0.00167109
0.00169123
0.0016928
0.00171332
0.00230894
0.0022867
0.00230719
0.00235401
0.00233252
0.00235273
0.00232922
0.00235052
0.00232895
0.00235124
0.0023967
0.00237415
0.00239668
0.00237282
0.00239772
0.00237512
0.00239815
0.00263137
0.00260663
0.00262971
0.00260805
0.00263057
0.00260776
0.00263046
0.00267637
0.00265406
0.00267658
0.0026507
0.00265227
0.00267251
0.00269803
0.00271854
0.00331468
0.00329162
0.00331194
0.00335712
0.00333451
0.00335707
0.00336066
0.00333781
0.00335792
0.00340496
0.00338187
0.00340488
0.00338067
0.00340286
0.00338053
0.00340299
0.000665478
0.000640786
0.000663671
0.000641817
0.000663837
0.000642615
0.000664256
0.000709211
0.00068826
0.000709917
0.000684091
0.000684433
0.000729982
0.00125885
0.00130147
0.00127956
0.00130038
0.00134776
0.00132257
0.00134727
0.00132707
0.00134691
0.00132609
0.00134548
0.00166773
0.0016486
0.00166992
0.00164709
0.00167151
0.00164717
0.00167146
0.00169043
0.00169369
0.00171394
0.00169402
0.00171588
0.00173626
0.00226364
0.00230979
0.00228593
0.00230631
0.00228415
0.00230586
0.00235193
0.00233014
0.00235188
0.00232821
0.0023529
0.00232845
0.00235299
0.00267743
0.0026527
0.00267789
0.00265304
0.00267333
0.00265415
0.00267415
0.00271941
0.00270004
0.00272053
0.00274115
0.00326996
0.0032697
0.0033125
0.0032899
0.0033117
0.00331632
0.00331566
0.00335913
0.00333634
0.00335915
0.00333661
0.00335825
0.00333564
0.00335721
0.000663555
0.000640412
0.000663273
0.000642724
0.000664933
0.00064192
0.000664438
0.000710666
0.00068784
0.000710245
0.000685005
0.000686092
0.000706352
0.000751722
0.000731077
0.000751787
0.00125862
0.00125778
0.00130024
0.00127814
0.00129972
0.00130389
0.00130394
0.00134719
0.00132442
0.00134723
0.00132433
0.00134575
0.0013241
0.00134554
0.0016704
0.00164935
0.00167107
0.00164717
0.00166996
0.0016473
0.00167016
0.00169144
0.00169455
0.00171614
0.00169508
0.00171678
0.00173617
0.0017374
0.00175786
0.00226377
0.00224257
0.00226248
0.00230925
0.00230861
0.00228351
0.00230513
0.00228294
0.00230481
0.00235119
0.00232886
0.00235046
0.00232997
0.00235289
0.00232983
0.00235266
0.00267735
0.00265286
0.00267565
0.00265416
0.00267577
0.00265476
0.00267614
0.00272051
0.00270011
0.00272168
0.0026961
0.00269595
0.00274209
0.00326877
0.0032481
0.00326893
0.00331122
0.00328944
0.003312
0.00331484
0.00329352
0.0033137
0.00335912
0.00333656
0.00335943
0.00333483
0.00335687
0.00333536
0.00335787
0.00066286
0.000639857
0.000662728
0.000639874
0.000664313
0.00063974
0.000664467
0.000710365
0.000685451
0.000710277
0.000685674
0.000705892
0.000685939
0.000706045
0.000752539
0.000732116
0.00075285
0.001257
0.00123605
0.00125619
0.00129946
0.00127726
0.00129923
0.00130351
0.00130316
0.0013471
0.00132411
0.00134691
0.00132361
0.00134511
0.00132313
0.00134463
0.00167182
0.00165015
0.00167173
0.0016475
0.00167048
0.0016475
0.00167039
0.00169229
0.00171218
0.00169543
0.00171733
0.00169472
0.00171654
0.00173646
0.00175727
0.00173657
0.00175726
0.00224299
0.00226348
0.00224253
0.00226336
0.00230894
0.00228785
0.00230847
0.00228308
0.00230536
0.00228403
0.00230603
0.00234984
0.00232848
0.00234973
0.00232982
0.00235247
0.00232994
0.00235256
0.0026757
0.00265298
0.00267569
0.00265516
0.00267659
0.00265523
0.0026767
0.00272226
0.00270034
0.00272237
0.00269646
0.00269648
0.00274362
0.00276362
0.00326801
0.00324721
0.0032677
0.00331413
0.00328943
0.00331437
0.00329378
0.00331393
0.00329356
0.00331384
0.00335981
0.00333715
0.00336
0.00333535
0.00335987
0.00333536
0.00336002
0.000662762
0.000640037
0.000662882
0.000639758
0.000664594
0.000639964
0.000664497
0.000710232
0.000685569
0.000710149
0.000686025
0.00070604
0.000685775
0.000705806
0.000752814
0.000731867
0.000752495
0.00125631
0.00125754
0.00129905
0.00127761
0.0012994
0.00130301
0.00130345
0.00134694
0.00132433
0.00134714
0.00132321
0.00134473
0.00132367
0.0013452
0.00167126
0.00164951
0.00167127
0.0016473
0.00167009
0.00164734
0.00167016
0.00171211
0.00169149
0.0016942
0.00171617
0.00169498
0.00171705
0.00173662
0.00175732
0.0017364
0.00175692
0.00224248
0.00226338
0.00224255
0.00226352
0.00230826
0.00230837
0.00228409
0.00230611
0.00228323
0.00230524
0.00235036
0.00232875
0.00235066
0.00233009
0.0023528
0.00233001
0.00235284
0.00267563
0.0026527
0.00267556
0.00265499
0.00267655
0.00265453
0.00267619
0.00272229
0.00270063
0.00272232
0.00269657
0.00269673
0.00276356
0.0027424
0.00326803
0.00324771
0.00326835
0.00331455
0.00329001
0.00331446
0.00329391
0.00331404
0.00329424
0.00331423
0.0033601
0.00333718
0.00336001
0.00333555
0.00336016
0.00333566
0.00336013
0.000663182
0.000640434
0.000663237
0.000642073
0.000664516
0.000642429
0.000664631
0.000710109
0.000688141
0.000710646
0.000685948
0.000706221
0.000684669
0.00075163
0.000731012
0.000751557
0.00125819
0.00125875
0.0012998
0.00127942
0.00130027
0.00130392
0.00130384
0.00134729
0.00132291
0.00134729
0.00132411
0.00134562
0.00132441
0.00134596
0.00167134
0.00164912
0.00167063
0.00164745
0.00167031
0.00164724
0.00167012
0.00169063
0.00169536
0.0017171
0.00169473
0.00171643
0.00173763
0.00175766
0.00173647
0.00224231
0.0022625
0.00226378
0.00230849
0.00230949
0.00228305
0.00230489
0.00228385
0.00230563
0.00235061
0.00232981
0.00235123
0.00232997
0.00235283
0.00233026
0.00235302
0.00267554
0.00265276
0.00267733
0.00265437
0.00267587
0.00265415
0.00267587
0.00272184
0.00269974
0.00272039
0.00269626
0.00269612
0.00274115
0.00326902
0.00324812
0.00326852
0.00331241
0.00328928
0.00331142
0.00329364
0.00331406
0.00331508
0.00335971
0.0033365
0.00335942
0.00333572
0.00335821
0.00333509
0.00335733
0.000663128
0.000640647
0.000664294
0.000641974
0.000663647
0.000641822
0.000662871
0.000709917
0.000687036
0.000709329
0.000684292
0.000683633
0.000729657
0.00125892
0.00130022
0.0012811
0.0013013
0.00134732
0.00132306
0.00134766
0.00132606
0.00134552
0.00132684
0.00134686
0.00166997
0.00164799
0.00166785
0.00164696
0.00167149
0.00164693
0.00167153
0.00169398
0.00171577
0.00169382
0.00171396
0.00173643
0.00226396
0.00230997
0.00228436
0.0023065
0.00228602
0.00230627
0.00235174
0.00233229
0.00235189
0.00232895
0.00235308
0.00232849
0.00235302
0.00267791
0.00265251
0.00267733
0.0026543
0.00267433
0.00265331
0.00267329
0.0027206
0.00269905
0.00271931
0.0032696
0.00327031
0.00331187
0.0032909
0.00331275
0.00331582
0.00331644
0.00335939
0.00333537
0.00335961
0.00333574
0.0033573
0.00333663
0.00335851
0.000618462
0.000595355
0.000618186
0.000597669
0.000620347
0.00059755
0.000619622
0.000664694
0.000642741
0.000665195
0.000642309
0.000661513
0.000639504
0.000707988
0.000684825
0.00130217
0.00130377
0.00134664
0.00132396
0.0013462
0.00132798
0.00134823
0.00134971
0.00139353
0.00136873
0.00139333
0.00136983
0.00139236
0.00136952
0.00139227
0.00162571
0.00160305
0.00162585
0.00160154
0.00162454
0.00160175
0.00162628
0.00166736
0.00164579
0.00164849
0.00167105
0.00164883
0.00167114
0.00169267
0.00171346
0.00169114
0.00228633
0.00230685
0.00230859
0.00235288
0.00235457
0.00232886
0.00235155
0.00232873
0.00235129
0.00239737
0.00237453
0.00239696
0.00237564
0.00239861
0.00237376
0.00239814
0.00262933
0.00260652
0.00263067
0.00260764
0.00263027
0.00260771
0.00263002
0.00267595
0.00265329
0.00267578
0.00265195
0.00267207
0.00265002
0.00271854
0.00269612
0.00331269
0.00331526
0.00335834
0.00333552
0.00335794
0.00333834
0.00335862
0.00336108
0.00340532
0.00338229
0.00340525
0.0033809
0.00340359
0.00338062
0.0034033
0.000433128
0.0004114
0.00043321
0.000411714
0.000434554
0.000411747
0.000434448
0.000619056
0.000596126
0.000618776
0.000596165
0.000617919
0.000596414
0.000615099
0.000663719
0.000641651
0.000660564
0.000638576
0.00134624
0.00134912
0.00139204
0.00136937
0.00139243
0.00137173
0.00139241
0.00139516
0.0014391
0.00141527
0.00143932
0.00141457
0.00143714
0.00141513
0.00143739
0.00162329
0.0016002
0.00160301
0.001626
0.00160291
0.00162556
0.00164858
0.00166902
0.00164592
0.00233101
0.00235133
0.00235414
0.0023965
0.00239933
0.00237354
0.00239634
0.00237425
0.00239681
0.00258384
0.00256034
0.0025847
0.00256278
0.00258557
0.00256219
0.00258491
0.00263061
0.00260758
0.00263006
0.0026078
0.00262778
0.00260534
0.00267367
0.0026505
0.00331604
0.00335828
0.00333924
0.0033583
0.00336173
0.00340515
0.00338112
0.00340422
0.00338201
0.00340381
0.00338494
0.00340396
0.00358919
0.00356673
0.00358896
0.00356555
0.00358839
0.00356548
0.00358828
0.000432883
0.000410815
0.000432829
0.000434979
0.000478972
0.000459019
0.000479002
0.000455619
0.000481232
0.000456332
0.000480088
0.000528053
0.000502021
0.000527142
0.000503822
0.000528409
0.000502891
0.000524573
0.000574182
0.000549914
0.000570241
0.000551087
0.000571177
0.000616171
0.00139277
0.00143908
0.00141951
0.00143984
0.00141879
0.00143788
0.0014877
0.00146227
0.00148685
0.00146121
0.0014848
0.00146482
0.0014852
0.00153378
0.0015099
0.0015301
0.0015071
0.00153325
0.00150808
0.00153243
0.0015765
0.00155551
0.00157908
0.00155477
0.00157511
0.00160243
0.00162211
0.0023782
0.00239772
0.00244361
0.00242094
0.0024449
0.0024247
0.00244525
0.00249008
0.00247022
0.00249031
0.0024673
0.00249309
0.00246793
0.00249219
0.00253806
0.00251307
0.00253724
0.00251523
0.00253847
0.00251448
0.00253478
0.00258375
0.00255989
0.00258
0.00256144
0.00258116
0.00262644
0.00340349
0.00345004
0.00342952
0.00345044
0.00342932
0.00344929
0.00349791
0.00347281
0.00349696
0.00347222
0.00349535
0.00347514
0.00349574
0.00354332
0.00351965
0.00353985
0.0035176
0.00354382
0.00351838
0.00354293
0.00358789
0.00356686
0.00358888
0.00356457
0.000434436
0.000410811
0.000434657
0.000411905
0.000433861
0.000412953
0.000436398
0.0004777
0.000458258
0.000480573
0.000458952
0.000480508
0.000503705
0.00052538
0.00050038
0.00146423
0.00148384
0.00153073
0.00150696
0.00153028
0.00150943
0.00152906
0.00157802
0.00155259
0.00157883
0.0015557
0.00157638
0.00155214
0.00157616
0.00162144
0.00160133
0.00162538
0.00159912
0.00162366
0.00159856
0.00162483
0.00164808
0.0016672
0.00164643
0.00166693
0.00164702
0.00167037
0.00169347
0.00171318
0.00228668
0.00230609
0.00233235
0.00235215
0.00233309
0.002354
0.00232922
0.00235344
0.00239916
0.00237544
0.00239854
0.00237673
0.00240061
0.00237588
0.00240151
0.00244652
0.002421
0.00244743
0.00242367
0.00244429
0.00242395
0.00244799
0.00248938
0.00246966
0.00249286
0.00247085
0.0024901
0.00251642
0.00253606
0.00347388
0.00349563
0.00349969
0.00354338
0.00351951
0.00354262
0.00351941
0.00354158
0.00358947
0.00356651
0.00358952
0.00356699
0.00358834
0.00356455
0.00358718
0.000528245
0.000503579
0.00052796
0.000504327
0.000525006
0.000504933
0.000527549
0.000569547
0.000550524
0.000572416
0.000547101
0.000592354
0.00143973
0.00141684
0.00143674
0.00148285
0.00145937
0.00148234
0.00148527
0.00146237
0.00148271
0.00153061
0.00150698
0.00153051
0.00150566
0.00152853
0.00150547
0.00152836
0.0016714
0.00164951
0.0016723
0.00164697
0.00167106
0.00164726
0.00167041
0.00169486
0.00171557
0.00169413
0.00171705
0.00169492
0.00171668
0.00173491
0.00173817
0.00175784
0.00173843
0.00176103
0.00178186
0.00221796
0.00226532
0.00224205
0.00226182
0.00223895
0.00226173
0.00230828
0.00228471
0.00230581
0.00228313
0.00230558
0.00228377
0.00230553
0.00235143
0.00232841
0.00235076
0.00232863
0.00235329
0.00232989
0.00235297
0.00249377
0.00246947
0.00249297
0.00247135
0.002494
0.00247161
0.0024948
0.0025397
0.00251732
0.00253997
0.00251461
0.00251733
0.00253708
0.00256247
0.00258287
0.00340771
0.00344915
0.0034277
0.0034497
0.003453
0.00349529
0.00347225
0.0034966
0.00347539
0.00349561
0.00347314
0.00349557
0.000573226
0.000549473
0.000574209
0.000549374
0.000569602
0.000550536
0.0005705
0.000597454
0.000616821
0.00139488
0.00137351
0.00139348
0.00143701
0.0014152
0.00143754
0.0014405
0.00141884
0.00143875
0.00148387
0.00146127
0.00148418
0.00146016
0.00148273
0.0014602
0.00148275
0.00171598
0.00169422
0.00171707
0.00169302
0.00171571
0.00169275
0.00171574
0.00173931
0.00175995
0.00174028
0.00176258
0.00174034
0.00176288
0.00178335
0.00180494
0.00178416
0.00180603
0.00182741
0.00217243
0.00219508
0.00221629
0.00219391
0.00221578
0.00226328
0.00223997
0.00226071
0.00223723
0.0022597
0.00223723
0.00225983
0.00230596
0.00228312
0.00230599
0.00228446
0.00230731
0.00228442
0.00230745
0.00253976
0.0025159
0.00253852
0.00251795
0.00253959
0.00251785
0.00254003
0.0025848
0.00256214
0.0025846
0.00255899
0.00256095
0.00258097
0.00260624
0.00262639
0.00340578
0.0033835
0.00340294
0.00344963
0.00342603
0.00345062
0.00343064
0.00345089
0.00342967
0.00344943
0.000573922
0.000549697
0.000572407
0.000550932
0.000572591
0.000551719
0.00057329
0.000617813
0.000596766
0.000618471
0.000592736
0.000593106
0.000638819
0.00139268
0.00137093
0.00139231
0.00139622
0.00143912
0.00141481
0.0014392
0.00141836
0.00143809
0.0014165
0.00143812
0.00176041
0.00173956
0.00176053
0.00173827
0.00176236
0.00173793
0.00176062
0.00178174
0.00178521
0.00180662
0.00178548
0.00180774
0.00182842
0.00184945
0.00182819
0.00184974
0.00215052
0.00217137
0.00214995
0.00217159
0.00221912
0.00221795
0.0021936
0.00221539
0.00219189
0.00221432
0.00226003
0.00223915
0.00226009
0.00223797
0.00226179
0.00223924
0.00226192
0.0025848
0.00256057
0.00258461
0.00256177
0.00258115
0.00256185
0.00258316
0.00262691
0.00260706
0.00262838
0.00260339
0.00336213
0.0033611
0.00340362
0.00338141
0.00340309
0.00340724
0.00340702
0.0034504
0.00342764
0.00345033
0.00342744
0.00344893
0.00342688
0.00344829
0.000572432
0.000549592
0.000572207
0.000552006
0.000574139
0.000551461
0.000573618
0.00061912
0.000596101
0.000618572
0.000593551
0.00059473
0.000614911
0.000640384
0.000660478
0.0013493
0.00134973
0.00139145
0.00136957
0.00139112
0.00139578
0.00139515
0.00143897
0.00141583
0.00143865
0.00141588
0.0014373
0.00141508
0.00143657
0.00176153
0.00173894
0.00176148
0.00173765
0.00176032
0.00173754
0.00176028
0.00180383
0.00178259
0.0018037
0.00178473
0.00180763
0.00178315
0.00180814
0.00182915
0.0018512
0.00183039
0.0018513
0.00187236
0.00187275
0.00212735
0.00212726
0.00214847
0.00217069
0.00214868
0.00216968
0.00221679
0.00219646
0.00221737
0.00219186
0.0022146
0.00219192
0.00221676
0.00226038
0.00223847
0.00226095
0.00223936
0.00226215
0.00223964
0.00226236
0.00258357
0.0025613
0.0025841
0.0025626
0.00258389
0.00256342
0.00258492
0.00263062
0.00260886
0.00263042
0.00260392
0.00260489
0.00265059
0.00336055
0.00333928
0.00335967
0.00340321
0.00338148
0.00340379
0.00340683
0.00338521
0.00340527
0.00345021
0.00342768
0.00345033
0.00342592
0.0034478
0.00342603
0.00344831
0.000571961
0.000549027
0.000571863
0.000549255
0.000573729
0.000549013
0.000573868
0.000618697
0.000594372
0.000618877
0.000594874
0.000614617
0.000595126
0.000614768
0.00066007
0.000640322
0.000660381
0.00134923
0.00134866
0.00139061
0.00136852
0.00138999
0.00139451
0.00139388
0.00143838
0.00141524
0.00143827
0.00141454
0.00143622
0.00141432
0.00143611
0.0017618
0.00173729
0.00176204
0.00173745
0.0017603
0.00173743
0.00176036
0.00180422
0.00178386
0.0018047
0.00178322
0.00180854
0.00178338
0.00180902
0.001831
0.00185182
0.00183141
0.00185193
0.00187396
0.00189529
0.00187312
0.00189459
0.00210499
0.00212602
0.0021056
0.00212675
0.00214821
0.00216945
0.0021482
0.00216924
0.00221656
0.00219575
0.00221614
0.00219188
0.00221691
0.00219161
0.00221681
0.00226263
0.00223789
0.00226272
0.00223973
0.00226254
0.00223968
0.0022626
0.00258451
0.00256177
0.00258459
0.00256403
0.00258554
0.00256402
0.0025856
0.00263092
0.00260927
0.00263093
0.00260543
0.00260535
0.00265127
0.00335964
0.00333949
0.00335931
0.00340547
0.00338072
0.00340553
0.00338544
0.00340516
0.00338494
0.00340498
0.00345071
0.00342809
0.00345087
0.00342617
0.00345065
0.00342622
0.00345084
0.000571824
0.000549135
0.000571978
0.000549012
0.000573722
0.000549173
0.000573664
0.000618864
0.000594622
0.000618926
0.000594983
0.00061473
0.00059491
0.000614606
0.000660449
0.000640138
0.000660148
0.00134872
0.00134925
0.00139032
0.00136936
0.00139091
0.00139425
0.00139488
0.00143833
0.00141569
0.00143852
0.00141449
0.00143615
0.00141483
0.00143635
0.00176212
0.0017374
0.00176176
0.00173746
0.00176039
0.00173753
0.00176034
0.0018048
0.00178341
0.00180428
0.00178341
0.00180911
0.00178324
0.00180862
0.00183136
0.00185184
0.0018308
0.00185163
0.00187309
0.00189457
0.00187383
0.00189507
0.00210577
0.00212694
0.00210519
0.00212619
0.00214827
0.00216941
0.00214838
0.00216936
0.00221607
0.00219597
0.00221645
0.00219166
0.00221678
0.00219163
0.00221681
0.00226272
0.00223807
0.00226266
0.00223964
0.00226259
0.00223967
0.00226254
0.00258463
0.00256157
0.00258446
0.00256407
0.00258573
0.00256376
0.00258545
0.00263096
0.00260938
0.00263079
0.00260557
0.00260556
0.00265051
0.00335955
0.00334004
0.00335992
0.00340552
0.00338115
0.00340536
0.00338505
0.00340488
0.00338546
0.00340498
0.00345088
0.00342791
0.00345077
0.00342613
0.00345086
0.00342611
0.00345079
0.000572316
0.000549511
0.00057248
0.000551155
0.000573664
0.00055164
0.000573982
0.000619247
0.000597655
0.000619526
0.000595286
0.000615279
0.000594154
0.000660521
0.000639073
0.00134956
0.00134934
0.00139115
0.00136901
0.00139163
0.00139513
0.00139582
0.00143883
0.00141626
0.0014391
0.0014154
0.00143687
0.00141607
0.0014375
0.00176169
0.00174004
0.00176214
0.00173777
0.00176046
0.00173799
0.00176071
0.00180357
0.00178297
0.00180397
0.00178324
0.00180812
0.00178531
0.00180792
0.00183024
0.00185114
0.00182909
0.00185129
0.00187256
0.00187272
0.00212732
0.00212725
0.0021488
0.00216942
0.00214867
0.00217069
0.00221737
0.00219622
0.00221717
0.00219152
0.00221673
0.00219211
0.00221502
0.00226107
0.00223814
0.00226066
0.00223964
0.00226243
0.00223951
0.00226232
0.00258399
0.00256087
0.00258359
0.00256322
0.00258475
0.00256267
0.00258397
0.00263022
0.00260805
0.00263045
0.00260483
0.00260384
0.00265053
0.00335981
0.00336088
0.00340338
0.00338049
0.00340267
0.00338495
0.00340485
0.00340617
0.00345053
0.00342757
0.0034504
0.00342637
0.00344892
0.00342607
0.00344829
0.000572376
0.000549355
0.00057388
0.000551067
0.000573026
0.000550498
0.000572309
0.000618616
0.00059652
0.00061814
0.000593539
0.000592866
0.000638062
0.00139242
0.00137276
0.0013927
0.00139616
0.00143917
0.00141463
0.00143908
0.00141648
0.001438
0.00141839
0.00143796
0.00176085
0.0017399
0.00176017
0.00173806
0.00176074
0.0017381
0.00176187
0.00178106
0.00178567
0.00180795
0.00178461
0.00180646
0.00182816
0.00184987
0.00182863
0.00184967
0.00215022
0.00217167
0.00215043
0.00217147
0.00221815
0.00221861
0.00219209
0.00221443
0.00219348
0.00221494
0.00226057
0.00223953
0.00226022
0.0022393
0.00226212
0.00223762
0.0022618
0.0025847
0.00256054
0.00258493
0.00256189
0.00258317
0.00256174
0.00258132
0.00262869
0.00260707
0.00262737
0.00260334
0.00336108
0.00336201
0.00340287
0.00338218
0.00340389
0.00340667
0.00340758
0.00345048
0.00342657
0.00345067
0.00342682
0.00344844
0.00342773
0.00344919
0.000574106
0.000550527
0.000573043
0.000550376
0.000570283
0.000549181
0.000569493
0.000617162
0.000594499
0.00139368
0.00139536
0.00143753
0.00141521
0.00143747
0.00141883
0.00143864
0.00144048
0.00148436
0.00145997
0.00148413
0.00146019
0.00148282
0.00146024
0.00148248
0.00171697
0.00169441
0.00171572
0.0016926
0.00171549
0.00169287
0.00171539
0.00175957
0.00173614
0.00173977
0.0017624
0.00173979
0.0017623
0.00178409
0.00180589
0.00178402
0.00180497
0.00182756
0.00217254
0.00219394
0.00221565
0.00219489
0.00221623
0.0022609
0.00226349
0.00223729
0.00225995
0.00223748
0.00225975
0.00230543
0.00228378
0.0023052
0.0022842
0.00230706
0.00228421
0.00230683
0.00253819
0.00251584
0.00254036
0.00251665
0.00253914
0.0025172
0.00253961
0.00258445
0.00256264
0.00258438
0.00256077
0.00258114
0.00255951
0.00262653
0.00260461
0.00340329
0.00340607
0.00345092
0.00342735
0.00344979
0.00343019
0.00344965
0.00343086
0.00345083
0.000527974
0.000504371
0.000528505
0.000504824
0.000527236
0.000504221
0.0005247
0.000572487
0.000551015
0.000569337
0.00054703
0.00143757
0.00144008
0.00148293
0.00146069
0.00148315
0.00146262
0.00148291
0.00148587
0.00153067
0.00150614
0.00153072
0.00150546
0.00152856
0.00150624
0.00152872
0.0016719
0.00164864
0.00167128
0.00164696
0.00167022
0.00164674
0.00167111
0.00171535
0.00169204
0.00169475
0.00171629
0.00169428
0.00171693
0.0017381
0.00176085
0.00173826
0.00175771
0.00178232
0.00221779
0.00226503
0.00223866
0.00226158
0.00224202
0.00226184
0.0023049
0.00230801
0.00228345
0.00230507
0.00228319
0.00230562
0.00235104
0.00232849
0.00235165
0.00232975
0.00235302
0.00232885
0.00235336
0.00249289
0.0024693
0.00249391
0.0024714
0.00249459
0.00247106
0.00249409
0.00254032
0.00251664
0.00253947
0.00251728
0.00253749
0.00251433
0.0025827
0.0025599
0.0034076
0.00345001
0.00343037
0.00344977
0.00345301
0.00349647
0.00347153
0.00349522
0.00347281
0.0034952
0.00347527
0.00349565
0.000434264
0.00041078
0.000434251
0.000412816
0.000436006
0.000411882
0.00043361
0.000480567
0.000456873
0.000477719
0.000458733
0.000480319
0.000525869
0.000500442
0.00148363
0.00153018
0.00151043
0.00153066
0.00150971
0.00152913
0.00157854
0.00155307
0.00157756
0.0015523
0.00157601
0.00155552
0.00157619
0.00162486
0.0016004
0.00162104
0.00159837
0.0016244
0.00159906
0.00162336
0.00166759
0.0016468
0.00167043
0.00164608
0.00166667
0.00169348
0.00171323
0.00228664
0.00230644
0.00235234
0.00232992
0.00235331
0.00233357
0.00235379
0.00239897
0.00237913
0.00239949
0.00237572
0.00240162
0.00237682
0.00240078
0.00244753
0.00242235
0.0024467
0.00242408
0.0024478
0.00242384
0.00244436
0.00249327
0.00246937
0.00248979
0.00247085
0.00249048
0.00253543
0.00349526
0.00349972
0.00354267
0.00352143
0.00354343
0.00351959
0.00354192
0.00358928
0.00356613
0.00358935
0.0035648
0.00358729
0.00356722
0.00358838
0.000412674
0.000436289
0.000409596
0.000455434
0.00155534
0.00157532
0.00162216
0.00159847
0.00162179
0.00160132
0.00162094
0.00166943
0.00164389
0.00167032
0.00164705
0.00166768
0.0016434
0.00166742
0.00171257
0.00169269
0.00171593
0.00169081
0.00171509
0.00168989
0.00171573
0.00173904
0.00175986
0.00173797
0.00175938
0.00173796
0.00175977
0.00178061
0.00178019
0.0017839
0.00180746
0.00182828
0.0018496
0.00215049
0.00217168
0.00221933
0.00221907
0.00219222
0.00221568
0.00223977
0.00226084
0.00223992
0.00226168
0.0022398
0.00226183
0.00230764
0.00228404
0.0023072
0.00228491
0.00230892
0.00228439
0.00230996
0.00235531
0.0023296
0.0023561
0.0023322
0.00235295
0.00233241
0.00235624
0.00239826
0.0023785
0.00240199
0.00237931
0.00239914
0.00242489
0.00244497
0.00354506
0.00359034
0.00356394
0.00358715
0.00359035
0.000436216
0.000411755
0.0004365
0.000412047
0.00043344
0.000412313
0.000436245
0.000478869
0.000459283
0.00048177
0.000456423
0.000502055
0.00153053
0.00150764
0.00152873
0.00153315
0.00157599
0.0015525
0.00157669
0.00155671
0.00157578
0.00155378
0.00157549
0.00180492
0.0017845
0.00180778
0.0017844
0.00180756
0.00178316
0.0018079
0.00182949
0.0018498
0.00182993
0.00185264
0.00183005
0.0018527
0.00187494
0.00189578
0.0018755
0.00189821
0.00192125
0.00194314
0.00196569
0.00198862
0.00201146
0.00203433
0.00205681
0.00207853
0.00210398
0.00212537
0.00210158
0.00212487
0.00215046
0.00217001
0.00214734
0.00216949
0.00214772
0.00216908
0.00221542
0.00219145
0.00221485
0.00219139
0.00221501
0.00219092
0.00221614
0.00244736
0.00242353
0.00244757
0.00242427
0.00244321
0.00242452
0.00244621
0.0024713
0.00249268
0.00246672
0.0034984
0.00354132
0.00351849
0.003541
0.00354393
0.003587
0.00356358
0.00358822
0.00356653
0.00358784
0.00356379
0.0035876
0.000482409
0.000458441
0.00048295
0.000458737
0.00047909
0.000459862
0.000479451
0.000524368
0.000505151
0.000525158
0.00148572
0.00146378
0.00148383
0.00152886
0.00150571
0.00152889
0.00153242
0.00150962
0.00152969
0.00157659
0.00155338
0.00157645
0.00155236
0.00157472
0.00155205
0.00157476
0.00185187
0.00183055
0.00185265
0.00182914
0.00185346
0.00182907
0.00185198
0.00187492
0.00189783
0.00187669
0.00189861
0.00187653
0.00189865
0.00191826
0.00192054
0.00194303
0.00192114
0.00194413
0.00196589
0.00198869
0.0019662
0.00198848
0.0020115
0.00203414
0.00201145
0.00203391
0.00208163
0.00205699
0.00207929
0.00205586
0.00207882
0.00212647
0.00210218
0.0021249
0.00210108
0.00212377
0.00210124
0.00212334
0.00216996
0.00214741
0.00216945
0.00214699
0.00217066
0.00214804
0.00217084
0.00244693
0.00242426
0.00244716
0.00242636
0.0024483
0.00242655
0.00244891
0.00249494
0.00247119
0.00249426
0.00246773
0.00247029
0.00249023
0.00251656
0.0025363
0.00349675
0.00347526
0.00349503
0.00354081
0.00351725
0.0035417
0.0035217
0.0035416
0.0035205
0.00354012
0.000482641
0.000458155
0.000480944
0.000459872
0.000481396
0.000459862
0.000482045
0.000527235
0.000505561
0.000527636
0.00050215
0.000501907
0.000547664
0.00144168
0.001483
0.00146187
0.00148302
0.00148636
0.00153023
0.00150546
0.00153017
0.0015085
0.00152971
0.00150625
0.0015287
0.00185324
0.0018288
0.00185353
0.00182895
0.00185185
0.00182883
0.00185175
0.00189726
0.00187625
0.00189744
0.0018747
0.00189751
0.00187452
0.00189736
0.00194309
0.00191992
0.00194251
0.00192189
0.00194399
0.00192015
0.00194294
0.00196593
0.00198891
0.00196627
0.00198928
0.00196712
0.00198921
0.00203624
0.00201092
0.00203385
0.00201041
0.00203347
0.00201046
0.00203255
0.0020796
0.00205742
0.00207995
0.00205603
0.00207812
0.00205699
0.00207979
0.00212476
0.00210238
0.00212347
0.00210241
0.0021252
0.00210253
0.00212528
0.00216955
0.00214608
0.00217094
0.00214801
0.0021709
0.00214798
0.00217095
0.00249485
0.00246964
0.00249428
0.00247028
0.00249145
0.00247105
0.00249347
0.0025363
0.00251677
0.00253815
0.00251334
0.00255845
0.00345255
0.0034525
0.00349446
0.00347221
0.00349423
0.00349773
0.00349777
0.00354144
0.00351878
0.0035417
0.00351773
0.00353973
0.00351765
0.00353992
0.000480767
0.000457921
0.000480721
0.000459612
0.000482018
0.000457999
0.000482402
0.000527447
0.000503432
0.000528084
0.00050338
0.000523618
0.000503699
0.00052372
0.00055068
0.000570109
0.00144134
0.00144051
0.0014828
0.00146076
0.00148245
0.00148663
0.00148635
0.00153013
0.00150724
0.00153009
0.00150634
0.00152802
0.00150578
0.00152783
0.00189824
0.0018765
0.00189937
0.00187448
0.00189738
0.00187461
0.00189747
0.00194285
0.00192053
0.00194303
0.00192013
0.00194293
0.00192023
0.00194297
0.00198854
0.00196577
0.00198858
0.00196573
0.00198855
0.00196575
0.00198858
0.00203435
0.00201143
0.00203424
0.00201138
0.00203418
0.0020114
0.00203424
0.00207977
0.00205708
0.00208
0.00205707
0.00207992
0.0020571
0.00208002
0.00212361
0.00210112
0.00212355
0.00210264
0.00212533
0.00210276
0.00212543
0.00249257
0.00246947
0.0024925
0.00247159
0.00249327
0.00247133
0.00249363
0.00253884
0.00251786
0.00253965
0.00251343
0.00251377
0.00255961
0.00345103
0.00342968
0.00344928
0.00349457
0.00347186
0.00349636
0.0034763
0.00349617
0.00347633
0.00349613
0.00354198
0.00351914
0.00354205
0.00351815
0.00354069
0.00351748
0.00354206
0.000528239
0.000503514
0.00052815
0.00050416
0.000524175
0.000504457
0.000524253
0.000569681
0.000549596
0.00056984
0.00144055
0.00144023
0.00148244
0.00146113
0.00148312
0.00148577
0.00146508
0.00148457
0.00153038
0.00150774
0.00153075
0.00150636
0.0015288
0.00150673
0.00153112
0.0018993
0.00187443
0.00189949
0.00187462
0.00189755
0.00187456
0.00189757
0.00194319
0.00192184
0.00194335
0.00192029
0.001943
0.00192031
0.00194302
0.00198859
0.00196589
0.0019886
0.00196577
0.00198859
0.00196579
0.0019886
0.00203416
0.00201138
0.00203415
0.0020114
0.00203423
0.0020114
0.00203422
0.00207922
0.00205649
0.00207824
0.00205703
0.00207991
0.00205696
0.0020798
0.00212401
0.00210087
0.00212567
0.00210271
0.00212551
0.00210266
0.00212558
0.00249226
0.00246904
0.00249208
0.00247047
0.00249301
0.00246872
0.00249319
0.00253968
0.00251655
0.00253871
0.0025141
0.00251545
0.00253471
0.00255994
0.00345027
0.00343033
0.00345012
0.00349634
0.00347146
0.00349613
0.00347584
0.00349565
0.00347547
0.00349507
0.000528292
0.000503531
0.000528346
0.000504484
0.000524497
0.000504252
0.000524377
0.000569693
0.000549738
0.000569541
0.00144021
0.00144049
0.00148271
0.00145998
0.00148212
0.00146493
0.00148419
0.00148543
0.0015308
0.00150754
0.00153059
0.00150678
0.00153121
0.00150695
0.0015293
0.00189959
0.00187612
0.00189913
0.00187456
0.00189759
0.0018746
0.0018975
0.00194341
0.00192107
0.00194327
0.00192036
0.00194304
0.00192027
0.00194302
0.0019886
0.00196582
0.0019886
0.0019658
0.00198861
0.00196577
0.0019886
0.00203416
0.00201142
0.00203419
0.0020114
0.00203423
0.00201142
0.00203424
0.0020783
0.00205671
0.00207893
0.00205697
0.00207979
0.00205698
0.00207976
0.00212574
0.00210104
0.0021241
0.00210265
0.00212559
0.00210261
0.00212552
0.00249215
0.00246924
0.0024923
0.00246867
0.00249322
0.00247048
0.00249305
0.00253891
0.0025174
0.00253962
0.00251567
0.00253497
0.00251418
0.0025595
0.00345015
0.00343019
0.00345037
0.00349622
0.00347183
0.00349645
0.00347543
0.00349527
0.00347581
0.00349577
0.000480885
0.0004582
0.000481078
0.0004581
0.000482588
0.000459754
0.000482321
0.000527973
0.000505437
0.000527568
0.000503865
0.000523695
0.000503801
0.000523826
0.000570155
0.000548402
0.00144071
0.0014415
0.00148215
0.00146105
0.00148233
0.00148618
0.00148628
0.00153033
0.00150718
0.00153025
0.00150627
0.00152833
0.00150654
0.00152827
0.00189915
0.00187625
0.00189828
0.00187461
0.00189739
0.0018746
0.0018974
0.00194299
0.00192028
0.00194278
0.00192011
0.00194293
0.00192009
0.00194285
0.00198856
0.00196544
0.00198853
0.00196571
0.00198857
0.00196559
0.00198852
0.0020343
0.00201152
0.00203463
0.00201146
0.00203431
0.00201152
0.00203446
0.00207945
0.00205727
0.0020797
0.00205704
0.0020798
0.0020572
0.00207992
0.00212358
0.00210163
0.00212375
0.00210259
0.00212544
0.0021026
0.00212544
0.0024925
0.00246955
0.00249259
0.00247143
0.00249364
0.00247157
0.00249334
0.00253939
0.00251762
0.00253902
0.00251388
0.00251377
0.00255866
0.0034497
0.00345137
0.00349637
0.00347229
0.00349465
0.00347603
0.00349595
0.00347599
0.00349621
0.00354192
0.00351899
0.00354178
0.00351727
0.00354188
0.00351777
0.00354022
0.000481288
0.000458459
0.000483044
0.000460137
0.000482372
0.000459969
0.000481892
0.000527799
0.000505763
0.000527201
0.000502345
0.000502356
0.000547005
0.00144156
0.00148271
0.0014635
0.00148315
0.00148628
0.00153021
0.00150538
0.00153033
0.0015061
0.00152893
0.00150863
0.00152985
0.00185363
0.00183038
0.00185325
0.0018289
0.00185185
0.00182899
0.00185187
0.00189771
0.00187526
0.00189743
0.00187463
0.00189747
0.00187469
0.00189757
0.00194243
0.00192039
0.00194314
0.00192018
0.00194282
0.00192187
0.00194392
0.00198907
0.00196318
0.0019668
0.00198909
0.00196608
0.00198897
0.00203459
0.00203654
0.002011
0.00203325
0.00201099
0.0020338
0.00208013
0.00205707
0.00207989
0.00205729
0.00208
0.00205641
0.00207849
0.00212367
0.00210283
0.00212485
0.00210269
0.00212547
0.00210266
0.0021254
0.0021711
0.00214671
0.0021696
0.00214821
0.00217109
0.00214818
0.002171
0.00249406
0.0024695
0.00249421
0.00247103
0.00249336
0.00247009
0.00249093
0.00253836
0.00251628
0.00253621
0.00251349
0.00345246
0.00345258
0.00349431
0.00347315
0.00349477
0.003498
0.003498
0.00354159
0.00351723
0.00354146
0.00351773
0.00353959
0.00351826
0.00353973
0.000483024
0.000459571
0.00048222
0.000459756
0.000479699
0.000458446
0.000478789
0.000524803
0.000503832
0.00052405
0.00148434
0.00148546
0.00152876
0.00150519
0.0015285
0.00151008
0.00152966
0.00153201
0.00157638
0.00155334
0.00157651
0.00155201
0.0015746
0.00155205
0.00157469
0.00185266
0.00182987
0.00185175
0.00182901
0.00185194
0.00182902
0.00185331
0.00189794
0.00187337
0.00187633
0.00189866
0.00187623
0.0018984
0.00192134
0.00194404
0.00192065
0.00194297
0.00196603
0.0019884
0.00196583
0.00198858
0.00201144
0.00203396
0.0020114
0.00203428
0.00208182
0.00205623
0.00207912
0.002057
0.00207953
0.00212498
0.00212673
0.00210162
0.00212364
0.00210147
0.00212423
0.00216929
0.00214865
0.00217012
0.00214821
0.00217091
0.00214725
0.00217096
0.00244692
0.00242373
0.00244677
0.00242582
0.00244845
0.00242587
0.00244799
0.00249381
0.00247159
0.00249504
0.00247038
0.00248991
0.00246792
0.00253577
0.00251401
0.0034951
0.00347567
0.00349615
0.00354159
0.00351803
0.00354059
0.0035205
0.00353998
0.0035213
0.0035417
0.000436702
0.00041303
0.000436486
0.000412212
0.000436247
0.000412123
0.000433695
0.000481654
0.000458756
0.000479023
0.000456406
0.00152894
0.00153069
0.00153325
0.00157667
0.00155287
0.0015759
0.00155378
0.00157554
0.00155674
0.00157561
0.00180803
0.00178418
0.00180486
0.0017834
0.0018079
0.00178433
0.0018074
0.0018496
0.00182989
0.00185252
0.00182976
0.00185264
0.0018752
0.00189775
0.00187481
0.00189556
0.00192123
0.00194297
0.00196576
0.0019887
0.00201133
0.00203428
0.0020569
0.00207869
0.00210195
0.00212497
0.00210424
0.00212507
0.00217043
0.0021478
0.00216975
0.00214722
0.00216975
0.00221502
0.00219475
0.00221561
0.00219166
0.00221646
0.00219223
0.00221543
0.00244746
0.00242406
0.00244692
0.00242451
0.0024462
0.00242418
0.00244318
0.00249265
0.00246926
0.00246676
0.00349831
0.00354087
0.00352078
0.00354135
0.00354389
0.00358836
0.00356408
0.00358715
0.00356395
0.00358778
0.00356647
0.0035879
0.000436143
0.00040991
0.000409579
0.00157525
0.00162167
0.0016014
0.00162191
0.00160097
0.00162092
0.00167012
0.00164486
0.00166921
0.00164361
0.00166747
0.00164698
0.00166772
0.00171606
0.0016921
0.00171261
0.00168983
0.0017158
0.00169067
0.0017151
0.00176011
0.00173806
0.00175978
0.00173797
0.00175921
0.00178363
0.00180708
0.00177999
0.0018282
0.00184969
0.00215014
0.00217163
0.00221952
0.00219259
0.00221591
0.00221921
0.00226053
0.0022399
0.00226149
0.00223991
0.00226142
0.00230757
0.0022869
0.00230794
0.00228381
0.00230993
0.00228454
0.00230884
0.002356
0.00233099
0.002355
0.0023325
0.00235651
0.0023321
0.00235277
0.00240183
0.00237826
0.00239842
0.00237922
0.00239896
0.00244458
0.00354484
0.00358725
0.00359025
0.00359033
0.00164639
0.00166653
0.00171406
0.00168974
0.00171349
0.00169288
0.00171271
0.00175948
0.00173547
0.00175972
0.00173898
0.00176025
0.00173581
0.00175997
0.00180599
0.00178394
0.00180619
0.00178156
0.00180442
0.00178151
0.00180355
0.00184871
0.00182824
0.00185271
0.00182779
0.00185121
0.00182814
0.00185267
0.00187607
0.00189764
0.00187495
0.00189719
0.00187513
0.00189718
0.00192007
0.00194285
0.00191991
0.0019426
0.00192
0.00194278
0.00196567
0.00198856
0.00196554
0.00198853
0.00196561
0.00198852
0.00201143
0.00203425
0.00201141
0.00203429
0.00201143
0.00203431
0.00205704
0.00207995
0.0020574
0.0020798
0.00205718
0.00207991
0.00210205
0.00212342
0.00210269
0.00212485
0.00210262
0.00212453
0.00217197
0.0021474
0.00217159
0.00214801
0.00217149
0.00214698
0.00217151
0.00221677
0.00219337
0.00221565
0.00219466
0.00221807
0.00219589
0.00221828
0.00226264
0.00223985
0.00226421
0.00223976
0.00226023
0.00223996
0.00226412
0.00230631
0.00228662
0.00231005
0.00228751
0.00230712
0.00233314
0.00235312
0.00040984
0.00157899
0.00162187
0.00159932
0.00162159
0.00162515
0.00166593
0.00164373
0.00166558
0.00166848
0.00164462
0.00166575
0.00171348
0.00168991
0.00171317
0.00168891
0.00171196
0.00168822
0.00171122
0.00194319
0.00192148
0.00194319
0.00192018
0.0019429
0.00192024
0.00194299
0.00198863
0.00196582
0.00198862
0.00196572
0.00198858
0.00196576
0.0019886
0.00203418
0.00201145
0.00203425
0.00201144
0.00203425
0.00201143
0.00203424
0.00207838
0.00205668
0.00207815
0.002057
0.00207969
0.00205691
0.00207956
0.00231074
0.0022867
0.00231003
0.00228793
0.00231083
0.00228848
0.00231178
0.00235695
0.00233467
0.00235661
0.00233166
0.00233478
0.00235559
0.00239742
0.00237835
0.00240042
0.00237474
0.00242091
0.00359012
0.00043304
0.000412191
0.000434556
0.000409301
0.00157793
0.00155531
0.00157511
0.00161963
0.00159724
0.00161989
0.00162324
0.00160006
0.00162083
0.00166701
0.00164418
0.00166711
0.00164388
0.00166526
0.00164263
0.0016654
0.00235563
0.00233253
0.00235556
0.00233434
0.00235585
0.00233378
0.00235657
0.0024024
0.0023803
0.00240307
0.00237653
0.00237913
0.00239985
0.00242555
0.00244529
0.00358809
0.00356552
0.00358795
0.0035912
0.000437245
0.000414283
0.00043729
0.000410237
0.000410805
0.000456522
0.00153369
0.00153293
0.00157531
0.0015532
0.00157456
0.00157937
0.00157878
0.00162158
0.00159898
0.00162162
0.00159961
0.00162009
0.00159932
0.00161998
0.00240268
0.00237852
0.00240121
0.00238007
0.00240045
0.00238013
0.00240074
0.00244612
0.00242576
0.00244701
0.00242076
0.00242143
0.00246682
0.00354294
0.00354358
0.00358635
0.00356318
0.00358621
0.00358995
0.00358965
0.000437026
0.000411845
0.000437179
0.000411866
0.000433422
0.000411014
0.000432923
0.000478539
0.000458538
0.000478386
0.00153193
0.00153163
0.00157419
0.00155164
0.00157409
0.00157792
0.00157754
0.00162163
0.00159889
0.00162162
0.00159799
0.00161966
0.00159744
0.00161946
0.00240133
0.00237855
0.0024012
0.00238074
0.00240233
0.00238098
0.00240292
0.00244769
0.00242562
0.00244784
0.00242233
0.00242229
0.00246783
0.00354209
0.00352169
0.00354159
0.00358656
0.00356294
0.00358825
0.00356673
0.00358826
0.00356708
0.00358908
0.00043739
0.00041186
0.000437615
0.000411024
0.000433119
0.000411258
0.000433415
0.000478799
0.000459146
0.000479113
0.00153072
0.0015114
0.00153131
0.00157434
0.0015524
0.00157663
0.00155584
0.00157605
0.00155662
0.00157652
0.00162183
0.00159934
0.00162217
0.00159785
0.0016202
0.0015979
0.00162233
0.00240082
0.0023778
0.00240051
0.00237978
0.0024021
0.00237767
0.00240198
0.00244732
0.00242308
0.00244746
0.00242344
0.0024437
0.00242317
0.00244318
0.00248911
0.00246876
0.00248889
0.00354103
0.00352046
0.00354062
0.00358817
0.00356207
0.00358805
0.00356668
0.00358886
0.00356615
0.00358865
0.000437739
0.000411824
0.000437558
0.000411228
0.000433588
0.000411104
0.000433303
0.000479032
0.000459006
0.000478797
0.00153139
0.00151106
0.00153093
0.00157667
0.00155206
0.00157451
0.00155665
0.00157656
0.00155567
0.00157625
0.00162225
0.00159919
0.00162205
0.00159797
0.00162242
0.00159811
0.0016205
0.00240052
0.00237814
0.00240091
0.00237766
0.00240193
0.00237977
0.00240209
0.00244735
0.00242526
0.00244746
0.00242325
0.00244309
0.00242364
0.0024438
0.00248883
0.00246867
0.0024891
0.00354055
0.00352121
0.00354093
0.00358805
0.00356234
0.00358812
0.00356616
0.00358871
0.00356657
0.00358879
0.000437135
0.000413508
0.000436731
0.00041087
0.0004328
0.000411745
0.000433138
0.000478439
0.000458325
0.000478509
0.00153172
0.00153199
0.00157385
0.00155232
0.00157421
0.00157748
0.00157802
0.00162185
0.00159909
0.00162183
0.0015975
0.00161981
0.00159828
0.00161987
0.00240136
0.00237842
0.0024012
0.00238057
0.00240306
0.00238054
0.00240219
0.00244841
0.00242598
0.00244769
0.00242279
0.00242221
0.00246783
0.00354151
0.00352153
0.00354176
0.0035882
0.00356338
0.00358666
0.0035671
0.00358895
0.00356707
0.00358834
0.000437021
0.000413793
0.00043701
0.000410872
0.000410322
0.000456723
0.00153322
0.00153384
0.00157477
0.00155399
0.00157559
0.00157903
0.0015795
0.00162179
0.00159789
0.00162165
0.00159953
0.0016202
0.00159985
0.00161994
0.00240092
0.00237825
0.00240236
0.00237975
0.0024005
0.00237976
0.00240026
0.00244667
0.00242488
0.00244626
0.00242096
0.00242072
0.00246634
0.00354312
0.00354299
0.00358604
0.00356242
0.00358603
0.00358942
0.00358972
0.000434278
0.000411753
0.000433024
0.000408986
0.00157519
0.00157792
0.00161987
0.00159766
0.00161982
0.00160037
0.00162069
0.00162341
0.0016675
0.00164458
0.00166769
0.00164274
0.00166589
0.00164403
0.00166639
0.00235568
0.00233277
0.00235551
0.00233454
0.00235742
0.00233443
0.00235622
0.00240238
0.00237958
0.00240182
0.00237898
0.00239952
0.00237619
0.00244521
0.00242241
0.00358795
0.00356694
0.00358802
0.00359118
0.00157897
0.0016218
0.00160229
0.00162182
0.00162552
0.00166627
0.00164349
0.00166639
0.00164484
0.00166649
0.0016689
0.00171378
0.00168968
0.00171381
0.00168954
0.00171215
0.00168939
0.00171234
0.00194301
0.00192113
0.00194314
0.00192004
0.00194286
0.00192001
0.00194284
0.00198863
0.00196578
0.00198853
0.00196569
0.00198857
0.00196568
0.00198853
0.00203415
0.0020114
0.00203416
0.00201139
0.00203423
0.00201141
0.00203426
0.00207854
0.00205675
0.00207873
0.00205702
0.00207979
0.0020571
0.0020799
0.00230967
0.00228627
0.0023108
0.00228802
0.00231107
0.00228763
0.0023109
0.00235616
0.0023338
0.00235678
0.00233428
0.0023552
0.00233155
0.00240046
0.00237825
0.00239777
0.0023744
0.00359035
0.00166667
0.00171337
0.00169328
0.00171375
0.00169283
0.00171259
0.00175959
0.00173643
0.00175936
0.00173562
0.00175969
0.00173907
0.00176003
0.00180599
0.0017827
0.00180588
0.00178173
0.00180402
0.00178179
0.0018048
0.00185282
0.00182778
0.00184921
0.00182834
0.00185305
0.00182806
0.00185173
0.00189783
0.0018756
0.00189731
0.00187518
0.00189722
0.00194294
0.00191995
0.00194279
0.00191996
0.00194259
0.00198854
0.00196564
0.00198852
0.0019656
0.00198852
0.0020343
0.00201144
0.00203434
0.00201152
0.00203445
0.00208004
0.00205726
0.00208004
0.00205766
0.00207969
0.00212388
0.00210295
0.00212516
0.0021028
0.00212524
0.0021716
0.00215084
0.002172
0.00214742
0.00217157
0.00214847
0.00217152
0.00221581
0.00219351
0.00221694
0.00219587
0.00221822
0.0021946
0.00221807
0.00226425
0.00223975
0.00226281
0.00224004
0.002264
0.00223996
0.00226013
0.00231008
0.0022858
0.00230625
0.00228747
0.0023069
0.00235333
0.00173937
0.00175997
0.00180699
0.00178078
0.00180374
0.0018076
0.00185092
0.00182851
0.00185122
0.0018289
0.0018511
0.0018962
0.00187291
0.00189529
0.00189862
0.00187214
0.00189572
0.00194291
0.0019198
0.0019428
0.00192043
0.00194295
0.00192014
0.00194292
0.00198852
0.00196563
0.00198856
0.00196573
0.00198863
0.00196578
0.0019887
0.0020343
0.00201145
0.00203432
0.00201135
0.00203449
0.00201154
0.00203432
0.00207977
0.00205723
0.0020801
0.00205692
0.00207939
0.0020571
0.00207989
0.00212698
0.0021046
0.00212702
0.00210095
0.00210479
0.002128
0.00217142
0.00214887
0.00217155
0.00214917
0.00217121
0.00219597
0.00221912
0.00219249
0.00223987
0.00226079
0.00171465
0.00169137
0.00171159
0.00175885
0.00173447
0.00175751
0.00176174
0.00173762
0.00175908
0.00180361
0.00178195
0.00180503
0.00178211
0.0018039
0.00178114
0.00180363
0.00185126
0.00182816
0.00185127
0.00182803
0.0018513
0.001827
0.00185116
0.00217175
0.00214874
0.00217172
0.0021488
0.00217197
0.00214883
0.00217294
0.0022183
0.00219465
0.00221755
0.00219616
0.00221777
0.00219594
0.00221839
0.0022644
0.00224165
0.0022649
0.00223789
0.00224033
0.00226198
0.00228816
0.00230871
0.00166848
0.00164629
0.00166687
0.00171178
0.00168917
0.001712
0.00171516
0.00169323
0.00171417
0.00175875
0.001736
0.0017589
0.00173617
0.00175788
0.00173547
0.0017574
0.00226548
0.00224082
0.0022639
0.00224143
0.00226382
0.00224234
0.00226439
0.0023109
0.00228807
0.00231082
0.002285
0.00228598
0.00230688
0.00233258
0.00235315
0.00162337
0.00166617
0.00164413
0.00166607
0.00167016
0.00171336
0.00168889
0.00171347
0.0016923
0.0017135
0.00169106
0.0017121
0.00175911
0.00173632
0.00175928
0.00173494
0.00175779
0.00173469
0.00175931
0.00226389
0.00224077
0.00226386
0.00224229
0.00226535
0.00224078
0.00226568
0.00231136
0.00228669
0.00231101
0.00228672
0.00230763
0.00228824
0.00230895
0.00235384
0.00233381
0.00235597
0.00232973
0.00237659
0.00162349
0.00162261
0.00166583
0.00164319
0.00166545
0.00167025
0.00166938
0.00171357
0.00169052
0.0017135
0.00169111
0.00171233
0.00168997
0.00171186
0.00230962
0.00228664
0.00230975
0.00228791
0.00230901
0.00228828
0.00231021
0.00235651
0.00233529
0.00235728
0.00233028
0.00233113
0.00237759
0.0016222
0.00160253
0.00162326
0.00166493
0.0016435
0.00166561
0.00166831
0.00164737
0.00166766
0.00171337
0.00169032
0.00171339
0.00168918
0.00171141
0.00168903
0.00171142
0.00230972
0.00228679
0.00230977
0.00228852
0.00231061
0.00228885
0.00231124
0.00235728
0.0023341
0.00235629
0.00233151
0.00233231
0.00235233
0.00239803
0.00237684
0.00239738
0.00162336
0.00160206
0.00162252
0.00166551
0.00164281
0.00166508
0.00164738
0.00166752
0.00166839
0.00171341
0.00169029
0.00171331
0.00168926
0.00171155
0.00168924
0.00171129
0.00230982
0.00228682
0.00230974
0.00228916
0.00231141
0.0022889
0.00231094
0.00235623
0.00233459
0.00235695
0.00233225
0.00235228
0.00233135
0.00239733
0.0023777
0.00239817
0.00162308
0.00162375
0.00166538
0.0016439
0.0016657
0.00166931
0.00167003
0.00171335
0.00169055
0.00171348
0.00168971
0.00171154
0.00169108
0.0017122
0.00230949
0.00228655
0.00230926
0.00228842
0.00231021
0.00228799
0.00230888
0.0023563
0.00233369
0.0023557
0.00233051
0.00232945
0.0023767
0.00162374
0.00166617
0.00164579
0.00166636
0.00167006
0.00171345
0.0016887
0.00171336
0.00169104
0.00171206
0.00169238
0.00171342
0.0017593
0.00173626
0.0017592
0.00173457
0.00175929
0.00173492
0.00175781
0.00226381
0.00224075
0.0022637
0.0022408
0.00226577
0.00224213
0.00226515
0.00231074
0.00228644
0.00231093
0.00228815
0.00230876
0.00228644
0.0023072
0.00235565
0.00233357
0.00235404
0.00232966
0.00166716
0.00166921
0.00171178
0.00168956
0.00171206
0.00169302
0.00171373
0.00171492
0.00175923
0.00173504
0.00175938
0.00173565
0.00175775
0.00173661
0.0017587
0.00226365
0.00224064
0.00226491
0.00224228
0.00226428
0.00224161
0.00226347
0.00231053
0.00228749
0.0023106
0.00228578
0.00230673
0.0022845
0.00235391
0.0023312
0.00171244
0.00171487
0.00175809
0.00173546
0.00175921
0.00173796
0.00175947
0.00176201
0.00180503
0.00178157
0.00180357
0.00178136
0.00180349
0.00178213
0.00180364
0.00185115
0.00182812
0.0018512
0.00182659
0.001851
0.00182773
0.00185108
0.00217171
0.00214879
0.00217172
0.00214878
0.00217296
0.00214872
0.00217203
0.00221752
0.00219616
0.00221827
0.00219576
0.00221832
0.00219601
0.00221789
0.00226461
0.00224074
0.00226415
0.00224051
0.0022617
0.00223804
0.00230828
0.00228488
0.0017599
0.00180419
0.00180763
0.00180746
0.0018512
0.0018287
0.00185101
0.00182867
0.00185094
0.00189561
0.00187328
0.00189636
0.00187213
0.00189579
0.00189904
0.00194277
0.00192
0.00194286
0.00192016
0.00194285
0.00192053
0.00194294
0.00198854
0.00196546
0.00198856
0.0019657
0.0019886
0.00196558
0.00198869
0.00203434
0.00201141
0.00203433
0.00201145
0.00203432
0.00201134
0.00203434
0.00208019
0.00205738
0.00207995
0.00205714
0.00207978
0.00205719
0.00207955
0.00212713
0.00210376
0.0021269
0.00210437
0.00212811
0.00210109
0.00217145
0.00214901
0.00217128
0.00214898
0.00217121
0.00221899
0.00219194
0.00219236
0.00226064
0.0018992
0.00192062
0.00194295
0.00196581
0.00198873
0.00201165
0.00203399
0.00205713
0.00207929
0.00210129
0.00180645
0.00185187
0.00182843
0.00185048
0.00189639
0.0018736
0.00189701
0.00187658
0.00189745
0.00194239
0.001919
0.00194126
0.00194501
0.0019193
0.00194224
0.00198864
0.00196562
0.00198857
0.00196616
0.00198864
0.00196581
0.00198855
0.0020342
0.00201147
0.00203443
0.00201128
0.00203379
0.00201144
0.00203424
0.00208107
0.00205899
0.00208122
0.00205527
0.00205778
0.00208083
0.00212676
0.00210295
0.00212628
0.00210245
0.00212321
0.00216917
0.00214953
0.0021717
0.00219299
0.00176054
0.00180505
0.001782
0.00180427
0.00184964
0.00182665
0.00184943
0.00185269
0.00182971
0.00185117
0.00189692
0.00187382
0.0018968
0.00187416
0.00189721
0.00187429
0.00189658
0.00194266
0.0019197
0.0019426
0.00192008
0.00194269
0.00191885
0.00194203
0.00198855
0.00196558
0.00198855
0.00196571
0.00198863
0.00196572
0.00198864
0.00203436
0.0020114
0.00203424
0.00201127
0.00203427
0.00201141
0.00203397
0.00208012
0.00205707
0.00208002
0.00205713
0.00207981
0.00205734
0.00208073
0.00212722
0.00210301
0.00212604
0.00210276
0.00212565
0.00210318
0.00212568
0.00217266
0.00215023
0.00217338
0.0021472
0.00214864
0.00217044
0.00221625
0.00219573
0.00221755
0.00223934
0.00175992
0.00173836
0.00175952
0.00180367
0.00178086
0.0018037
0.00180668
0.00178509
0.00180604
0.00185086
0.00182795
0.00185084
0.00182831
0.00185127
0.00182824
0.00185022
0.00189671
0.00187369
0.00189669
0.00187313
0.0018961
0.00187219
0.00189543
0.00194257
0.00191969
0.00194264
0.00191882
0.00194107
0.00191978
0.00194271
0.00208004
0.00205719
0.00208016
0.00205833
0.00208068
0.00205713
0.00208008
0.00212617
0.00210327
0.00212624
0.00210387
0.00212711
0.00210463
0.00212775
0.00217349
0.00214904
0.00217187
0.00214854
0.00217166
0.00214968
0.00217148
0.00221808
0.00219592
0.00221886
0.00219298
0.00219389
0.00221509
0.00226155
0.00224056
0.00226184
0.00171617
0.00171631
0.00175797
0.00173767
0.00175769
0.00180516
0.00178012
0.00180519
0.00178472
0.00180632
0.00178416
0.00180572
0.00185075
0.00182789
0.00185072
0.00182806
0.00184883
0.00182711
0.00184892
0.00189674
0.0018737
0.00189679
0.00187175
0.00189685
0.00187226
0.00189693
0.00212635
0.00210325
0.00212633
0.00210324
0.00212827
0.00210317
0.00212791
0.00217188
0.00214917
0.00217192
0.00215096
0.00217182
0.00215079
0.00217259
0.00221953
0.00219452
0.00221905
0.0021938
0.00221523
0.00219416
0.00221523
0.00226333
0.00224184
0.00226252
0.00228373
0.00171578
0.00171557
0.00175832
0.00173616
0.00175798
0.00176218
0.00176287
0.00180534
0.00178272
0.00180548
0.0017833
0.00180535
0.001784
0.00180528
0.00185084
0.00182822
0.001851
0.0018265
0.00184887
0.00182672
0.00184911
0.00189686
0.00187393
0.00189689
0.00187392
0.00189698
0.00187404
0.00189701
0.00212619
0.00210314
0.00212613
0.00210305
0.0021261
0.00210301
0.002126
0.00217194
0.00214917
0.00217196
0.00215119
0.0021735
0.00215122
0.00217368
0.00221857
0.00219458
0.00221727
0.0021945
0.00221656
0.00219486
0.00221616
0.0022629
0.00224198
0.00226377
0.00223763
0.0022372
0.00228454
0.00171577
0.00171572
0.00175807
0.00173694
0.00175837
0.00176291
0.00176238
0.00180546
0.00178111
0.00180534
0.00178405
0.00180522
0.00178327
0.00180536
0.00185089
0.00182788
0.00185063
0.00182644
0.00184889
0.00182621
0.00184845
0.00189688
0.00187375
0.00189681
0.00187406
0.00189702
0.00187387
0.00189697
0.00212615
0.00210313
0.00212616
0.00210301
0.00212605
0.00210302
0.00212609
0.00217207
0.00214927
0.00217208
0.00215138
0.00217391
0.0021514
0.00217371
0.00221738
0.00219472
0.00221924
0.00219497
0.00221608
0.00219464
0.00221695
0.00226387
0.00224192
0.00226299
0.00223705
0.00223768
0.00228439
0.00171622
0.00171622
0.00175752
0.00173673
0.00175793
0.00180523
0.00178014
0.00180522
0.00178419
0.00180579
0.00178466
0.00180626
0.00185056
0.00182796
0.00185068
0.00182701
0.00184864
0.00182798
0.00184882
0.00189672
0.0018735
0.00189666
0.00187209
0.00189685
0.00187161
0.00189677
0.00212615
0.0021031
0.00212612
0.002103
0.00212759
0.00210298
0.00212785
0.00217194
0.00214902
0.00217186
0.00215077
0.00217255
0.00215088
0.00217175
0.00221965
0.0021947
0.00221953
0.00219402
0.00221576
0.00219366
0.00221508
0.00226252
0.00224177
0.00226343
0.0022842
0.00175944
0.00173863
0.00175985
0.00180405
0.00178183
0.00180381
0.00178529
0.00180627
0.00180713
0.00185079
0.0018264
0.00185087
0.00182838
0.00185013
0.00182828
0.00185131
0.00189667
0.00187387
0.00189682
0.00187219
0.00189544
0.00187319
0.00189647
0.00194252
0.00191953
0.00194232
0.00191974
0.0019426
0.00191865
0.0019406
0.00208023
0.00205742
0.0020803
0.00205729
0.00208014
0.00205897
0.00208117
0.00212608
0.00210313
0.00212603
0.00210438
0.00212743
0.0021037
0.00212676
0.00217197
0.00214905
0.00217353
0.00214967
0.00217159
0.00214865
0.00217184
0.00221918
0.00219641
0.00221847
0.00219402
0.00221516
0.00219339
0.00226191
0.00224006
0.00226131
0.00176058
0.00180417
0.00178327
0.001805
0.00184955
0.00182715
0.00184968
0.00182957
0.00185121
0.00185275
0.00189693
0.00187274
0.00189695
0.00187454
0.00189696
0.00187435
0.00189726
0.00194238
0.00191967
0.00194253
0.00191848
0.00194168
0.00191987
0.00194254
0.00198854
0.0019656
0.00198854
0.00196565
0.00198864
0.00196586
0.00198855
0.00203438
0.00201145
0.00203431
0.00201152
0.0020342
0.00201149
0.00203416
0.0020803
0.00205718
0.00208014
0.00205794
0.00208128
0.00205714
0.00208
0.002126
0.00210301
0.0021272
0.00210328
0.00212542
0.00210274
0.00212561
0.00217334
0.00215038
0.00217276
0.00214878
0.00217054
0.00214738
0.00221772
0.00219444
0.00221611
0.00180658
0.00185038
0.00183066
0.00185167
0.00189701
0.00187334
0.00189619
0.00187663
0.00189754
0.00194113
0.00191903
0.00194214
0.00191915
0.00194227
0.00194476
0.00198856
0.00196582
0.00198859
0.00196584
0.00198864
0.00196619
0.00198868
0.00203426
0.0020114
0.00203411
0.0020114
0.0020341
0.00201133
0.00203387
0.00208091
0.00205742
0.00208084
0.00205746
0.00208054
0.00205484
0.00212627
0.00210376
0.00212653
0.00210266
0.00212315
0.00217172
0.00214816
0.00216909
0.00189897
0.0019429
0.00198853
0.00203415
0.0020794
0.0019448
0.0019662
0.00198874
0.00201152
0.00203367
0.0020545
0.0018991
0.00187603
0.00189753
0.00194246
0.00192031
0.00194299
0.00198861
0.00196573
0.00198859
0.00203396
0.00201142
0.0020343
0.00207999
0.002057
0.0020796
0.0021025
0.00212418
0.00185285
0.00189786
0.00187465
0.00189751
0.0019429
0.00191999
0.00194276
0.00198853
0.00196559
0.00198852
0.00203438
0.00201147
0.00203451
0.00207988
0.00205742
0.00208008
0.00212467
0.00210265
0.00212567
0.00214682
0.00185336
0.00185359
0.00189731
0.00187506
0.00189725
0.00194258
0.00191973
0.0019425
0.00198849
0.00196539
0.00198849
0.00203456
0.00201158
0.00203445
0.00208024
0.00205738
0.00208025
0.00212475
0.00210272
0.00212476
0.00214642
0.00185372
0.00185326
0.0018973
0.00187526
0.00189735
0.00194257
0.00191985
0.00194267
0.00198845
0.00196553
0.00198858
0.00203447
0.00201152
0.00203437
0.00208019
0.00205724
0.00208017
0.0021249
0.00210273
0.00212483
0.0021468
0.00185245
0.00189742
0.00187546
0.00189767
0.00194273
0.00192018
0.00194285
0.00198851
0.0019656
0.00198848
0.00203432
0.00201146
0.00203437
0.00208007
0.00205716
0.00207977
0.00212543
0.00210211
0.00212409
0.00189744
0.00189927
0.00194303
0.00191982
0.00194212
0.00198853
0.00196584
0.00198858
0.00203428
0.00201141
0.00203417
0.00207961
0.00205757
0.00208042
0.00212389
0.00210068
0.00194432
0.00198874
0.00203394
0.00157981
0.00155701
0.00158034
0.00155507
0.00157986
0.00155511
0.00157876
0.0024432
0.00242005
0.00244322
0.00242019
0.00244498
0.00242119
0.00244496
0.00158043
0.00155775
0.00158022
0.00155541
0.00157879
0.00155536
0.00157999
0.00244261
0.00241985
0.00244283
0.00242104
0.0024447
0.00242002
0.00244493
)
;

boundaryField
{
    left
    {
        type            calculated;
        value           nonuniform List<scalar> 
122
(
0.0004
0.0004
0.0004
0.0004
0.0004
0.0004
0.0004
0.0004
0.0004
0.0004
0.0004
0.0004
0.0004
0.0004
0.0004
0.0004
0.0004
0.0004
0.0004
0.0004
0.0004
0.0004
0.0004
0.0004
0.0004
0.0004
0.0004
0.0004
0.0004
0.0004
0.0004
0.0004
0.0004
0.0004
0.0004
0.0004
0.0004
0.0004
0.0004
0.0004
0.0004
0.0004
0.0004
0.0004
0.0004
0.0004
0.0004
0.0004
0.0004
0.0004
0.0004
0.0004
0.0004
0.0004
0.0004
0.0004
0.0004
0.0004
0.0004
0.0004
0.0004
0.0004
0.0004
0.0004
0.0004
0.0004
0.0004
0.0004
0.0004
0.0004
0.0004
0.0004
0.0004
0.0004
0.0004
0.0004
0.0004
0.0004
0.0004
0.0004
0.0004
0.0004
0.0004
0.0004
0.0004
0.0004
0.0004
0.0004
0.0004
0.0004
0.0004
0.0004
0.0004
0.0004
0.0004
0.0004
0.0004
0.0004
0.0004
0.0004
0.0004
0.0004
0.0004
0.0004
0.0004
0.0004
0.0004
0.0004
0.0004
0.0004
0.0004
0.0004
0.0004
0.0004
0.0004
0.0004
0.0004
0.0004
0.0004
0.0004
0.0004
0.0004
)
;
    }
    right
    {
        type            calculated;
        value           nonuniform List<scalar> 
122
(
0.0036
0.0036
0.0036
0.0036
0.0036
0.0036
0.0036
0.0036
0.0036
0.0036
0.0036
0.0036
0.0036
0.0036
0.0036
0.0036
0.0036
0.0036
0.0036
0.0036
0.0036
0.0036
0.0036
0.0036
0.0036
0.0036
0.0036
0.0036
0.0036
0.0036
0.0036
0.0036
0.0036
0.0036
0.0036
0.0036
0.0036
0.0036
0.0036
0.0036
0.0036
0.0036
0.0036
0.0036
0.0036
0.0036
0.0036
0.0036
0.0036
0.0036
0.0036
0.0036
0.0036
0.0036
0.0036
0.0036
0.0036
0.0036
0.0036
0.0036
0.0036
0.0036
0.0036
0.0036
0.0036
0.0036
0.0036
0.0036
0.0036
0.0036
0.0036
0.0036
0.0036
0.0036
0.0036
0.0036
0.0036
0.0036
0.0036
0.0036
0.0036
0.0036
0.0036
0.0036
0.0036
0.0036
0.0036
0.0036
0.0036
0.0036
0.0036
0.0036
0.0036
0.0036
0.0036
0.0036
0.0036
0.0036
0.0036
0.0036
0.0036
0.0036
0.0036
0.0036
0.0036
0.0036
0.0036
0.0036
0.0036
0.0036
0.0036
0.0036
0.0036
0.0036
0.0036
0.0036
0.0036
0.0036
0.0036
0.0036
0.0036
0.0036
)
;
    }
    yarn_to_fluid
    {
        type            calculated;
        value           nonuniform List<scalar> 
11952
(
0.000915243
0.000960379
0.00100564
0.00105088
0.00109416
0.00292666
0.00297161
0.00301707
0.00306268
0.00310554
0.000871366
0.000914573
0.000959959
0.0010057
0.00105148
0.00109658
0.00113755
0.00288141
0.00292583
0.00297132
0.00301714
0.00306282
0.00310774
0.000870183
0.000914125
0.000959856
0.00100577
0.00105155
0.00109711
0.00114038
0.00288077
0.00292558
0.00297138
0.00301734
0.00306305
0.00310808
0.00314932
0.000870259
0.000914131
0.000959787
0.00100562
0.00105164
0.0010972
0.0011411
0.00283942
0.00288041
0.00292549
0.00297147
0.00301735
0.00306335
0.00310824
0.00314981
0.000870166
0.000914462
0.000959799
0.00100574
0.00105162
0.00109687
0.0011386
0.00288138
0.00292557
0.00297132
0.00301732
0.00306308
0.00310792
0.00314912
0.000873564
0.000914898
0.000960065
0.00100574
0.0010512
0.00109638
0.00288297
0.00292627
0.00297148
0.00301716
0.0030626
0.00310728
0.000960603
0.00100555
0.00105056
0.00292839
0.00297167
0.003017
0.00306056
0.000869035
0.000914539
0.000913588
0.000962242
0.000962242
0.000948735
0.00100548
0.00100586
0.0010491
0.0010491
0.00106254
0.00109733
0.00109779
0.00114253
0.0028362
0.00288214
0.00287992
0.00293708
0.00292319
0.00292373
0.00297196
0.00297224
0.00301647
0.00301686
0.0030512
0.00306524
0.00306519
0.00310678
0.00310893
0.00315279
0.000779799
0.000834748
0.000822799
0.000820648
0.000869359
0.000866344
0.000914082
0.000960077
0.0010058
0.00105135
0.00109699
0.0011402
0.00114289
0.00115504
0.00118919
0.00122969
0.00278939
0.00284561
0.00283402
0.00283147
0.0028803
0.0029258
0.00297164
0.00301707
0.00306282
0.00310882
0.00315205
0.00315325
0.00316583
0.0031999
0.000736934
0.000789991
0.000775163
0.000823813
0.000866018
0.00114336
0.00118608
0.00118904
0.00119993
0.00123462
0.00274542
0.00279982
0.00278896
0.0027856
0.00283436
0.00287688
0.00315426
0.00319539
0.00319922
0.00321002
0.00324533
0.000732566
0.000781905
0.000777155
0.000767596
0.000822512
0.0011887
0.00122339
0.00123411
0.0012385
0.0012752
0.00274325
0.00279108
0.00277636
0.00283234
0.00315904
0.00319933
0.0032319
0.00324706
0.000730995
0.000780884
0.000765133
0.000818765
0.00118935
0.00122946
0.0012447
0.00127879
0.00275487
0.00273931
0.0027898
0.0028294
0.00320017
0.00323523
0.00325096
0.00328672
0.000730853
0.000780623
0.000765173
0.000817913
0.00119004
0.00122924
0.00124521
0.00127983
0.00270292
0.00275506
0.00273907
0.00278968
0.00320053
0.00323533
0.00325089
0.00328752
0.000731039
0.000781535
0.000765831
0.000820876
0.00118964
0.00122905
0.00124373
0.00123409
0.00127662
0.00275622
0.0027417
0.0027896
0.00282996
0.00319949
0.00323421
0.00324971
0.00328617
0.000735399
0.000777414
0.00078728
0.00077295
0.000822738
0.0011455
0.00118762
0.00122142
0.00123578
0.00127425
0.00274342
0.00279318
0.00277851
0.00278871
0.00283386
0.00315609
0.00319768
0.00321277
0.00324551
0.0007774
0.000825714
0.000811344
0.000823006
0.000868952
0.000911525
0.0010994
0.00114264
0.00118931
0.00117782
0.00119186
0.00123249
0.00278838
0.00283669
0.00282253
0.0028337
0.00287947
0.00310959
0.00315374
0.00319932
0.00318881
0.00320273
0.00324248
0.00082341
0.000866592
0.000879697
0.000866089
0.000914588
0.000914324
0.000959887
0.00100581
0.00105149
0.00109663
0.0010969
0.00114312
0.00113141
0.00114556
0.00118809
0.00279224
0.00283346
0.00288298
0.00286932
0.00288226
0.00292588
0.00292322
0.00297173
0.00301704
0.00306281
0.00306548
0.00310655
0.0031208
0.00310648
0.00315278
0.00315522
0.00319755
0.000914439
0.00096259
0.000959806
0.00100578
0.00100564
0.00104926
0.00105148
0.00109541
0.00292635
0.00297233
0.00297158
0.00301658
0.00301715
0.00306272
0.00310599
0.000823388
0.000823416
0.000879985
0.000866043
0.000866228
0.000915172
0.000914771
0.000959917
0.000959945
0.00100607
0.00100564
0.00105134
0.00105136
0.00109496
0.00109452
0.00110824
0.00114365
0.00114363
0.00118653
0.00118627
0.00283471
0.00283447
0.00289165
0.00287737
0.00287742
0.00292621
0.00292589
0.00297129
0.0029714
0.00301723
0.00301714
0.00306254
0.00306302
0.00310619
0.00310645
0.00312008
0.00315503
0.00315506
0.00319766
0.00319765
0.000733483
0.000730843
0.000779211
0.000776742
0.000764907
0.00082043
0.00119033
0.00123208
0.00123266
0.00124563
0.00127983
0.0027003
0.00275419
0.0027426
0.00274002
0.00278852
0.00278625
0.00320064
0.0032354
0.00324828
0.00324906
0.00328956
0.000698741
0.000683878
0.000731742
0.00127809
0.00128066
0.00129166
0.00132432
0.00270772
0.00269706
0.00269417
0.002741
0.00324849
0.00328664
0.0032906
0.00330167
0.00333505
0.000641617
0.000689173
0.000685261
0.000674693
0.00128256
0.00132011
0.00132469
0.00133454
0.00136675
0.00266518
0.00265069
0.00269797
0.00329295
0.00332521
0.00333947
0.000652581
0.00063858
0.000685233
0.00132461
0.00133886
0.00137032
0.0026611
0.00265195
0.00264703
0.00269369
0.00329666
0.00333275
0.00333746
0.00334694
0.00337876
0.000650967
0.000636165
0.000682827
0.00132531
0.00135868
0.00137345
0.00260975
0.00265635
0.00264131
0.00269204
0.00333444
0.00334946
0.00338103
0.000650683
0.000635794
0.000681885
0.00132567
0.00135888
0.00137376
0.00260944
0.00265609
0.00264066
0.00333473
0.00334983
0.00338138
0.000651354
0.000636388
0.000684331
0.00132602
0.00135743
0.00137226
0.0026102
0.00265683
0.00264242
0.00265144
0.0026931
0.00333351
0.00334862
0.00338032
0.000639916
0.000686401
0.000672243
0.00132175
0.00133722
0.00136841
0.00266296
0.00264818
0.00269613
0.00329545
0.00333774
0.00332773
0.00334214
0.00337802
0.000644107
0.000685042
0.000695443
0.000681189
0.00072937
0.00128084
0.00132447
0.00131373
0.00132824
0.00265388
0.00270011
0.00268563
0.00269695
0.00273791
0.00328975
0.00330469
0.00333725
0.000687958
0.000733873
0.000720585
0.0007331
0.000773947
0.00123588
0.00128044
0.00126874
0.00128279
0.00132138
0.00269759
0.00274515
0.0027308
0.00274251
0.00324581
0.00324833
0.00329072
0.00327921
0.00329316
0.000777188
0.000789717
0.000775003
0.000823061
0.000823362
0.000866111
0.000865992
0.00114362
0.0011442
0.00118673
0.00120089
0.00118643
0.00123268
0.00123471
0.00274523
0.00278608
0.00279949
0.0027861
0.00283429
0.00283435
0.00287734
0.00287744
0.00315543
0.00315535
0.00321119
0.00319739
0.00319787
0.00324476
0.000914684
0.000959891
0.00100572
0.00105118
0.00109478
0.002926
0.00297147
0.00301718
0.0030632
0.00310601
0.000688266
0.000688815
0.000742071
0.000728207
0.000728718
0.000775082
0.000777622
0.000822527
0.000868405
0.000870884
0.000914241
0.000914574
0.000959972
0.000959706
0.00100604
0.00100538
0.00105169
0.00105138
0.00109695
0.00109692
0.00114286
0.00113945
0.00118886
0.00123389
0.00123358
0.00126847
0.00128173
0.00128151
0.0026987
0.00269879
0.00274541
0.00274526
0.0027317
0.002786
0.00278895
0.0028347
0.00288029
0.00288106
0.00292584
0.00292575
0.00297149
0.00297118
0.00301729
0.00301727
0.0030632
0.003063
0.00310847
0.00310801
0.00315454
0.00319964
0.00324451
0.00324382
0.00325763
0.00329123
0.00329128
0.000650141
0.000639124
0.000636746
0.000683354
0.00132743
0.00132731
0.00135924
0.00137106
0.00137342
0.00260775
0.0026541
0.00265302
0.00264054
0.00333509
0.00333724
0.00334934
0.00338169
0.000605082
0.000594204
0.000591222
0.000637564
0.00137146
0.00140354
0.00141809
0.00256436
0.00261102
0.00260699
0.00259672
0.00264613
0.00338042
0.00338381
0.00339443
0.00342649
0.000549992
0.000595947
0.000581541
0.00141275
0.00141718
0.00142667
0.00145847
0.00257272
0.00255847
0.00260397
0.00338719
0.00341905
0.00342868
0.00343291
0.000560668
0.000545652
0.000591265
0.00141671
0.00144856
0.00146257
0.00256592
0.00256099
0.00255204
0.00260032
0.0034251
0.00343977
0.00347054
0.00055851
0.000543787
0.000589483
0.00141961
0.00145063
0.00146536
0.00251826
0.00256392
0.00254918
0.00342687
0.00344202
0.00347222
0.000557835
0.000543261
0.000589139
0.00141999
0.00145127
0.00146564
0.0025179
0.00256379
0.00254916
0.0034274
0.0034424
0.00347251
0.000559296
0.000544452
0.00059033
0.00141772
0.00145016
0.00146529
0.00251881
0.00256474
0.00255013
0.00342619
0.00344096
0.0034718
0.000562244
0.000547344
0.000593381
0.00141557
0.00142995
0.00145954
0.00256076
0.00256998
0.00255609
0.00260173
0.00342322
0.00343742
0.00342816
0.00346958
0.000552937
0.000598632
0.000584655
0.000594836
0.001374
0.0014171
0.00140671
0.00142127
0.00256175
0.00260762
0.00259294
0.00338419
0.00341585
0.00342968
0.00059568
0.000641758
0.000628567
0.000639339
0.00136891
0.0013825
0.00137104
0.00141396
0.00260717
0.0026179
0.00260397
0.00264998
0.00333989
0.00338391
0.0033723
0.00338636
0.00064161
0.000688291
0.000675022
0.000688475
0.000728375
0.000729085
0.00128178
0.00128181
0.00132782
0.00131524
0.00132854
0.00265265
0.00265228
0.00269843
0.00268542
0.00269841
0.00329232
0.00329143
0.00333759
0.00332501
0.00333909
0.000777701
0.000822498
0.000868456
0.000914125
0.000959898
0.00100554
0.0010515
0.00109701
0.0011427
0.00118878
0.00123349
0.00274497
0.00278908
0.00283479
0.0028803
0.00292547
0.00297116
0.00301715
0.0030632
0.00310848
0.00315444
0.00319955
0.00324366
0.000595764
0.000596473
0.000641976
0.000642963
0.000629177
0.000686048
0.000731464
0.000734028
0.000775235
0.000788496
0.00077522
0.000822926
0.000822955
0.00118839
0.0011879
0.00123638
0.0012229
0.00123545
0.00128027
0.00132844
0.00132591
0.00136022
0.00137367
0.00137384
0.00260666
0.00260671
0.00265245
0.00265286
0.00263954
0.0026966
0.00274218
0.00274457
0.00279136
0.0027772
0.00279092
0.0028325
0.00283258
0.00315627
0.00315626
0.00319769
0.0032115
0.00319797
0.00324649
0.0032458
0.0032902
0.00333878
0.00333592
0.00337082
0.00338418
0.00338406
0.000559414
0.000547832
0.00054573
0.000590915
0.000870909
0.000869021
0.000911565
0.000925669
0.000911486
0.000960616
0.000960343
0.00100564
0.00100596
0.00105067
0.00105067
0.00109921
0.00108506
0.00109902
0.00113969
0.00114217
0.00141919
0.00142
0.00145147
0.00146193
0.00146456
0.00251736
0.00256222
0.0025619
0.0025493
0.00283679
0.00288039
0.00287982
0.00292799
0.0029145
0.00292823
0.00297161
0.00297155
0.00301717
0.00301701
0.00306072
0.00307457
0.00306045
0.0031091
0.00310868
0.0031518
0.00342704
0.00342934
0.00344079
0.00347271
0.000514532
0.000504203
0.000500457
0.00054607
0.000916877
0.000960314
0.00100563
0.00105132
0.00109502
0.00146344
0.00149486
0.00150858
0.00251916
0.00251604
0.00250496
0.00292668
0.00297185
0.00301712
0.00306241
0.00347186
0.00347487
0.00348605
0.00351711
0.000460854
0.000504775
0.000490555
0.001004
0.0015038
0.00150859
0.0015177
0.00154843
0.00248243
0.002468
0.00251335
0.00301529
0.00347837
0.00351008
0.00351963
0.00352346
0.000469635
0.000454311
0.000500222
0.00150759
0.00152173
0.00155156
0.00247774
0.00246878
0.00246398
0.0025091
0.00351581
0.00353019
0.00356136
0.000467861
0.000453431
0.000498578
0.00151043
0.00154075
0.00155648
0.00242788
0.00247374
0.002459
0.00351758
0.00353262
0.00356257
0.000467203
0.000452797
0.00049752
0.00151095
0.001542
0.00155618
0.00242788
0.00247321
0.0024582
0.00351808
0.00353255
0.00356325
0.00046855
0.000453745
0.000499136
0.00150903
0.00154025
0.00155398
0.00247355
0.00245959
0.00246888
0.00351705
0.00353144
0.00356206
0.000471155
0.000457506
0.000502386
0.0015055
0.00152004
0.00155085
0.00247999
0.00246575
0.00251085
0.00351434
0.00352846
0.00351878
0.000462234
0.000507775
0.000493756
0.000503608
0.0009608
0.0010058
0.00104937
0.00146651
0.00150806
0.00149802
0.00151255
0.00247076
0.00251619
0.0025025
0.0029721
0.0030171
0.00306059
0.00347526
0.00350644
0.00352052
0.000504686
0.000550193
0.000536073
0.000547668
0.000871209
0.000914417
0.000960646
0.000960274
0.00100575
0.00100572
0.00105088
0.00105127
0.00109648
0.00145952
0.00147336
0.00146226
0.00150338
0.00251602
0.00252705
0.00251303
0.0025583
0.00288244
0.00292849
0.00292597
0.00297149
0.00297137
0.00301737
0.0030172
0.00306024
0.00306296
0.0031079
0.00343206
0.00347495
0.00346384
0.00347765
0.000549851
0.000595981
0.000582833
0.000595851
0.00082297
0.000823282
0.000870551
0.000871132
0.000856607
0.000914707
0.000911687
0.000959887
0.00100553
0.00105125
0.00109667
0.00109914
0.00113965
0.00113975
0.00115358
0.00118791
0.00118783
0.00137389
0.00137384
0.00141985
0.00140719
0.0014204
0.00256127
0.00256052
0.00260678
0.00259387
0.00260647
0.00279148
0.0027909
0.00284629
0.0028323
0.00283262
0.00288109
0.00288022
0.00292572
0.00297142
0.00301703
0.00306298
0.00310809
0.00310891
0.00314282
0.00315606
0.00315618
0.00319803
0.00319808
0.00338526
0.00338459
0.00342939
0.00341725
0.00343104
0.000642803
0.000686069
0.000731553
0.000775126
0.00123625
0.00127994
0.00132581
0.00265249
0.0026966
0.00274228
0.00324638
0.00329039
0.00333581
0.000505129
0.000505255
0.000551182
0.000551794
0.000538419
0.000594609
0.000639719
0.000642218
0.000688114
0.000674397
0.00068796
0.00128223
0.00128179
0.00132881
0.00131469
0.00132797
0.00137129
0.00141948
0.0014155
0.00145137
0.00146519
0.00146468
0.00251522
0.00251539
0.00256108
0.00256121
0.00254838
0.00260483
0.00264968
0.00265271
0.00269829
0.00268436
0.00269827
0.00329275
0.00329238
0.00333907
0.00332547
0.0033386
0.00338233
0.00343012
0.00342729
0.00346237
0.00347579
0.00347551
0.000468271
0.000456713
0.00045471
0.000499983
0.000733941
0.000733549
0.000779964
0.000765547
0.000777832
0.000821047
0.00119021
0.00123605
0.00122328
0.00123702
0.00127675
0.00151046
0.00151074
0.00154099
0.00155302
0.00155416
0.00247122
0.00247079
0.00245824
0.00274493
0.00274284
0.00279054
0.00277673
0.00278774
0.00320018
0.00324699
0.00323418
0.00324784
0.00351791
0.00351992
0.00353128
0.00356377
0.000425084
0.000410272
0.000455724
0.00077883
0.000826365
0.000812336
0.000823281
0.000868066
0.00114311
0.00118901
0.00117746
0.00119119
0.00123158
0.00155322
0.00156721
0.0015987
0.00243276
0.00242253
0.00241821
0.00246407
0.00278834
0.00283651
0.00282186
0.00283375
0.00287753
0.00311125
0.00315348
0.00319965
0.0031881
0.00320202
0.00356075
0.00356473
0.00357511
0.000411316
0.000409154
0.000822457
0.000871048
0.000856686
0.000867674
0.000914111
0.000957969
0.00105243
0.00109712
0.00113774
0.00115243
0.00114167
0.00118732
0.00159082
0.00160058
0.00160465
0.00237847
0.00242327
0.00240864
0.00284743
0.00283262
0.00288114
0.0029256
0.00296945
0.00306389
0.00310841
0.00315424
0.00314297
0.00315723
0.00319727
0.0035697
0.000410083
0.000826458
0.000879817
0.000864478
0.000915751
0.000960069
0.00100579
0.00105135
0.00109495
0.00111048
0.0011439
0.00118333
0.00159739
0.00161222
0.00164278
0.00238804
0.00237359
0.00241879
0.00283513
0.00287977
0.00288963
0.00287488
0.00292649
0.00297137
0.0030173
0.00306259
0.00310362
0.00311961
0.00315418
0.000408463
0.000828326
0.000867683
0.00091673
0.000901156
0.000960321
0.0010056
0.00105057
0.0010924
0.00110816
0.00114305
0.00160007
0.00161406
0.00164344
0.00238551
0.00237694
0.00237186
0.00283805
0.00289132
0.00287582
0.0029277
0.00297171
0.00301704
0.00306168
0.00310897
0.00309876
0.00311368
0.00315366
0.000408326
0.000867606
0.000918497
0.000902845
0.000960419
0.00100561
0.00105055
0.00109226
0.0011084
0.00114262
0.00160216
0.00163143
0.00164527
0.00238193
0.00236841
0.00237779
0.00283857
0.00289163
0.00287618
0.00292788
0.00297171
0.00301706
0.00306134
0.00309707
0.00311324
0.00315292
0.000408442
0.000827707
0.000881477
0.000866459
0.000915703
0.000960154
0.00100567
0.00105097
0.00109314
0.00110865
0.00114353
0.00159755
0.00161287
0.00164345
0.00238702
0.00237226
0.00241798
0.00283605
0.00289113
0.00287581
0.00292704
0.00297161
0.00301714
0.00306225
0.00310343
0.00310876
0.00311878
0.00315354
0.000411041
0.000824118
0.000878073
0.000867898
0.00086355
0.000914862
0.000959729
0.00100585
0.00105182
0.00109668
0.00113164
0.00114233
0.00114578
0.00118418
0.0015958
0.00160919
0.00160059
0.00164158
0.00238981
0.00237578
0.00241975
0.00283506
0.00288288
0.00287955
0.0028688
0.00292588
0.00297123
0.00301743
0.0030633
0.00310647
0.00312162
0.00315499
0.00357096
0.000409298
0.000421455
0.000408126
0.000782055
0.000834124
0.000823742
0.000820464
0.000868717
0.000912048
0.00109793
0.00114096
0.00115542
0.00118952
0.00155693
0.00158778
0.00160184
0.0023809
0.002427
0.00241246
0.00242273
0.00279043
0.0028439
0.00283339
0.00282922
0.00288063
0.00292334
0.00310926
0.00315131
0.00315438
0.00316559
0.00319911
0.00356534
0.00357931
0.000411969
0.00045962
0.00044606
0.000457157
0.000788914
0.000777873
0.000774902
0.00082324
0.00114557
0.00118602
0.00118896
0.00120095
0.00123408
0.00154965
0.001564
0.00155317
0.0024357
0.00242273
0.00246781
0.00274646
0.00279898
0.00278768
0.00278519
0.00283378
0.00315624
0.00319718
0.00319948
0.00321091
0.00324347
0.00352275
0.00356499
0.0035539
0.00356776
0.000459739
0.000504944
0.000492149
0.000505307
0.000687842
0.000688083
0.000734744
0.00073381
0.000720767
0.00077501
0.00123561
0.00123677
0.00126851
0.00128177
0.00128155
0.00146595
0.00146481
0.00151024
0.00149728
0.00151093
0.00247109
0.00246994
0.00251539
0.00250246
0.00251542
0.00269886
0.0026994
0.00274467
0.00274486
0.00273158
0.00324503
0.00324707
0.00327858
0.00329224
0.00329239
0.00347634
0.00347573
0.00351967
0.00350738
0.00352133
0.000550859
0.000594608
0.000639689
0.0013288
0.00137148
0.00141558
0.0025616
0.00260464
0.0026496
0.00333904
0.00338216
0.00342737
0.000411808
0.000458992
0.000459178
0.000446104
0.000502263
0.000548595
0.000551475
0.000596576
0.000582947
0.000596662
0.00137339
0.00137346
0.00141959
0.00140577
0.00141983
0.00146322
0.00151111
0.00150846
0.00154326
0.00155655
0.00155679
0.0024243
0.00242482
0.00246923
0.00246989
0.00245618
0.0025137
0.00255844
0.00256096
0.00260664
0.00259315
0.00260713
0.00338401
0.00338383
0.00343025
0.00341607
0.00342975
0.00347319
0.00352105
0.00351802
0.0035532
0.0035671
0.00356529
0.000409713
0.000641472
0.000641413
0.000687575
0.00067367
0.00068462
0.00132303
0.00133666
0.00132536
0.00136883
0.00159914
0.00160134
0.00161272
0.00164461
0.00238636
0.0023752
0.00237303
0.00241981
0.00265155
0.0026637
0.00264972
0.00269524
0.00329368
0.00333945
0.00332629
0.00333962
0.000698451
0.000685
0.000731578
0.00127769
0.00129184
0.00128095
0.00132369
0.00164388
0.00164683
0.00165793
0.00168926
0.00234209
0.00233125
0.00232842
0.00237371
0.00269729
0.00270794
0.00269384
0.00274065
0.00325025
0.00328618
0.00330069
0.00328985
0.00333205
0.000731171
0.000741091
0.000726984
0.000774996
0.00123493
0.00126722
0.00128116
0.0016504
0.00168125
0.00169188
0.0016957
0.00228678
0.00233286
0.0023183
0.00270111
0.00274738
0.002733
0.00274292
0.0027832
0.00324405
0.0032585
0.00329041
0.000730708
0.000777465
0.000763359
0.00123045
0.00124591
0.00127866
0.0016881
0.0017029
0.00173615
0.00229675
0.00228143
0.00232813
0.00275405
0.0027391
0.00278767
0.00320404
0.00324624
0.00323676
0.00325124
0.00328663
0.000733585
0.000781118
0.00076531
0.0011929
0.00122864
0.00124309
0.00123403
0.00127545
0.00169143
0.00170593
0.00173663
0.00224547
0.00229472
0.00228602
0.00228032
0.00232597
0.00275644
0.00274257
0.00278842
0.00320076
0.00323495
0.00324984
0.00073376
0.000781528
0.000765989
0.000816999
0.00119307
0.00122549
0.00123434
0.00123959
0.00127465
0.00169113
0.00172233
0.00173703
0.00224466
0.00229107
0.00227708
0.00228582
0.00232646
0.00274331
0.00278865
0.00277475
0.00319994
0.00323407
0.00324929
0.000731791
0.000779778
0.000764782
0.00119347
0.00122956
0.00124502
0.00127639
0.00168936
0.00170476
0.0017375
0.00224528
0.00229548
0.00228045
0.00232681
0.00275524
0.00274046
0.00278897
0.00320305
0.00323523
0.00325033
0.000743692
0.000729993
0.000776478
0.00123335
0.00124769
0.00127985
0.00168712
0.00170156
0.00169159
0.00173358
0.00229892
0.00228403
0.00233007
0.00270285
0.00275273
0.00274313
0.00273805
0.00278498
0.00320544
0.00324134
0.00324614
0.00325611
0.00328789
0.000687921
0.000734083
0.000730966
0.000720579
0.00123707
0.00127015
0.00128074
0.00128446
0.00164741
0.00167831
0.00169294
0.0022894
0.00233512
0.00232081
0.00233141
0.00269771
0.00274435
0.00272976
0.00324738
0.00327983
0.00329047
0.00329347
0.000695389
0.000684613
0.000681007
0.000729181
0.00128185
0.00131342
0.001325
0.00132789
0.0016036
0.00164689
0.00163569
0.00164939
0.00233281
0.00237827
0.00236443
0.00237559
0.00265393
0.00269982
0.00269701
0.00268598
0.00328993
0.00330462
0.00333603
0.000411379
0.000411935
0.000596526
0.000596967
0.000641808
0.000642062
0.000628726
0.00132766
0.00136041
0.00137337
0.00137363
0.00155765
0.00155646
0.00160135
0.00158908
0.00160297
0.00237836
0.00242423
0.00241132
0.00242451
0.00260648
0.00260771
0.00265295
0.00265119
0.00263901
0.00333851
0.0033392
0.00337107
0.00338403
0.00338426
0.00356695
0.00356716
0.000459312
0.00050244
0.000548383
0.00142003
0.00146322
0.00150846
0.0024703
0.00251368
0.00255842
0.00343017
0.00347327
0.00351808
0.000409442
0.000411922
0.00045551
0.000459047
0.00050491
0.000490719
0.000503916
0.00146498
0.00146436
0.00151119
0.00149797
0.00151039
0.00155396
0.00160189
0.00159926
0.00163456
0.00164777
0.00164794
0.00233317
0.00233321
0.0023787
0.00237922
0.00236609
0.0024228
0.00246783
0.00247076
0.00251581
0.00250253
0.00251651
0.00347529
0.00347536
0.00352249
0.00350929
0.00352237
0.00356699
0.000550843
0.000550907
0.000596162
0.000581847
0.00059322
0.00141375
0.00142736
0.0014157
0.00145941
0.00169065
0.00169204
0.00170489
0.00173475
0.00173772
0.00224248
0.00229559
0.00228329
0.00228222
0.00232761
0.00256055
0.00257268
0.00255893
0.0026038
0.00338535
0.0034304
0.00341813
0.00343121
0.000608172
0.000594553
0.000638938
0.00136925
0.0013827
0.00137262
0.00141487
0.00173589
0.00175089
0.00178341
0.00219672
0.00224942
0.00223829
0.00223464
0.0022829
0.00260583
0.00261648
0.00260263
0.00264809
0.00337829
0.00339201
0.00338173
0.000638998
0.000649077
0.000635305
0.000680432
0.0013287
0.00135948
0.00137515
0.00174233
0.00177852
0.00178297
0.00179307
0.00182797
0.00215338
0.00220768
0.00219249
0.00223944
0.0026087
0.0026548
0.00264014
0.0033364
0.00335137
0.00338197
0.000653307
0.000638921
0.000684456
0.00132421
0.00133884
0.00136825
0.00178246
0.00181557
0.00183036
0.00187005
0.0021489
0.00219932
0.00219392
0.00218474
0.00223577
0.00265213
0.00266142
0.00264759
0.00269275
0.00333245
0.00334637
0.00333743
0.00337861
0.000641616
0.000687034
0.000672672
0.00132176
0.00133642
0.00136744
0.00178502
0.00181737
0.0018335
0.00187321
0.00210751
0.00214736
0.00219756
0.00218274
0.00266374
0.00264877
0.00269461
0.00329608
0.00332731
0.00334207
0.000642007
0.000687864
0.000672658
0.00132121
0.00133583
0.00136676
0.00178559
0.00181844
0.00183402
0.00187271
0.00210775
0.00214745
0.00219724
0.00218232
0.00266392
0.00264929
0.00269517
0.00329556
0.00332708
0.00334166
0.000640511
0.000686028
0.000671313
0.00132253
0.00133709
0.00136781
0.00178302
0.00181679
0.00183238
0.00187191
0.00214828
0.00219819
0.00218231
0.00266289
0.00264843
0.00269386
0.00329686
0.00332871
0.00333793
0.00334286
0.000651116
0.000637105
0.000682397
0.00132634
0.00135705
0.0013715
0.00178122
0.00179601
0.00182852
0.00215053
0.0021943
0.00220433
0.00218965
0.00223823
0.00265683
0.0026521
0.00264298
0.00333382
0.00334831
0.00337912
0.0005986
0.000643031
0.000639259
0.00062899
0.00133072
0.0013626
0.00137282
0.00137641
0.00173983
0.0017827
0.00177166
0.0017855
0.00182625
0.00219434
0.00224167
0.00222788
0.00223851
0.00260638
0.00265206
0.00263741
0.00333972
0.00337129
0.00338173
0.00338501
0.00060334
0.000593055
0.000589165
0.00063597
0.00137345
0.00140506
0.00141621
0.00141865
0.00169564
0.00173279
0.00174642
0.00173481
0.00178061
0.0022532
0.00223835
0.00228596
0.00228289
0.00256362
0.00260865
0.00260647
0.00259487
0.00338174
0.00339598
0.00342725
0.000504263
0.00055082
0.000551417
0.000538454
0.00141872
0.001451
0.00146433
0.0014641
0.00164867
0.00164757
0.00169255
0.00167958
0.00169398
0.0022869
0.00233276
0.00231998
0.00233323
0.00251635
0.00251701
0.00256195
0.0025604
0.00254834
0.00342969
0.00343029
0.00346192
0.00347534
0.00347367
0.000411862
0.000455531
0.00151097
0.00155396
0.00159914
0.00237938
0.00242288
0.0024679
0.00352229
0.00356694
0.000423054
0.000409911
0.000409867
0.000455517
0.00155568
0.00155554
0.00160189
0.00158834
0.00160162
0.00164531
0.00169403
0.00169095
0.00172614
0.00173947
0.00173968
0.00178019
0.0017803
0.00223983
0.00223993
0.00228679
0.00228713
0.00227393
0.0023315
0.00237633
0.00237924
0.00242528
0.00241118
0.0024246
0.00356577
0.00357758
0.00356378
0.000459364
0.000504968
0.000491332
0.000502729
0.00150478
0.00151872
0.0015072
0.00178505
0.00181785
0.00183109
0.00183159
0.00187385
0.00210484
0.00215044
0.00214733
0.00219613
0.00219406
0.00218098
0.00246913
0.00248098
0.00246825
0.00251346
0.00347714
0.00352042
0.00350866
0.00352249
0.000504121
0.000549562
0.000535249
0.00146008
0.00147365
0.00146324
0.00150403
0.00183166
0.00187219
0.00187474
0.00188653
0.00191829
0.00192102
0.0019661
0.00201147
0.00205681
0.00211334
0.00210071
0.00209964
0.00214833
0.00251607
0.00252732
0.00251266
0.00255787
0.00343382
0.00347548
0.00346462
0.00347881
0.000548264
0.000557823
0.000543921
0.000589575
0.00141869
0.00144969
0.00146402
0.00187657
0.00191966
0.00196337
0.00196406
0.00197693
0.00202268
0.00201004
0.00200946
0.00205803
0.00205557
0.00210228
0.00251897
0.0025641
0.0025501
0.00256007
0.00342713
0.00344137
0.00347279
0.000562806
0.000548649
0.000593441
0.00141435
0.00142938
0.00145962
0.00192083
0.00196566
0.00201151
0.00205696
0.00210049
0.0025707
0.00255639
0.00260191
0.00342324
0.00343693
0.003428
0.000551445
0.000596553
0.000581831
0.00141247
0.00142722
0.00145835
0.00192232
0.00196597
0.00201136
0.0020563
0.00257294
0.0025576
0.00260376
0.00338791
0.00341768
0.00343238
0.000551631
0.00059683
0.000582238
0.00141246
0.001427
0.00192414
0.0019661
0.00201136
0.0020559
0.00257322
0.00255812
0.00260404
0.00338742
0.00341775
0.00343243
0.000551155
0.000595243
0.000580901
0.00141356
0.00142801
0.00145835
0.00192079
0.00196585
0.00201146
0.00205657
0.00209825
0.00257198
0.00255742
0.00260291
0.00338835
0.00341909
0.00342817
0.00343294
0.000560453
0.000545769
0.000591411
0.00141637
0.00143079
0.00146141
0.00187892
0.00192041
0.00196539
0.00201184
0.00200957
0.00205747
0.00210189
0.00256916
0.00255983
0.00255527
0.00260067
0.00342485
0.00343953
0.00347029
0.000507681
0.000552548
0.000548199
0.00053849
0.00142165
0.00145253
0.00146272
0.00146681
0.00187459
0.0019178
0.00193167
0.00191843
0.00196366
0.00196651
0.00201141
0.00205538
0.00206833
0.00205506
0.00210338
0.00210101
0.00214605
0.0025159
0.00256127
0.00254744
0.00343041
0.00346112
0.00347563
0.000514435
0.000503205
0.000500261
0.000544842
0.00146389
0.00149523
0.00150732
0.0015085
0.00182849
0.00183117
0.00187443
0.00186267
0.00187642
0.00192041
0.0019659
0.00201129
0.00205704
0.00210219
0.00215095
0.00213837
0.00215029
0.00219112
0.00251804
0.00251571
0.00250455
0.00347223
0.00347518
0.00348615
0.00351773
0.000468551
0.000455337
0.000455683
0.000500233
0.0015101
0.00154289
0.00155561
0.00155583
0.00173951
0.00173945
0.0017935
0.00178029
0.00178011
0.00182871
0.00215002
0.00219402
0.00220686
0.00219198
0.00223944
0.00223974
0.00242487
0.00242516
0.00247117
0.0024693
0.00245705
0.00351806
0.00352033
0.00353194
0.00356397
0.00356378
0.00040956
0.0016021
0.00164527
0.00169098
0.00228724
0.00233134
0.00237694
0.00164721
0.00164653
0.00169391
0.00168053
0.00169384
0.00173701
0.00178247
0.00182783
0.00182748
0.00186211
0.0018761
0.00187667
0.00192024
0.00191991
0.00196547
0.00196561
0.00201136
0.00201162
0.00205712
0.00205749
0.00210176
0.00210219
0.00215079
0.00215116
0.00213716
0.00219234
0.00219471
0.00223916
0.00228459
0.0022872
0.00233359
0.00231977
0.00233312
0.000411912
0.000410166
0.00155721
0.00160204
0.00158943
0.00160315
0.00164252
0.00192301
0.00196595
0.00201144
0.00205617
0.00237924
0.00237719
0.00242409
0.00241033
0.00242166
0.00356746
0.000411167
0.000459023
0.000444942
0.00155002
0.00156419
0.00155398
0.00159539
0.00243681
0.00242143
0.00246705
0.00352461
0.00356563
0.00355501
0.00356988
0.000458096
0.000467337
0.000453902
0.000499169
0.00150912
0.00152275
0.00155405
0.00246694
0.00247674
0.00246263
0.00351738
0.00353154
0.00356181
0.000458684
0.000503876
0.000489231
0.00150425
0.00151854
0.00155055
0.00248077
0.00246622
0.00251136
0.00347901
0.00352045
0.00351109
0.00352518
0.000460784
0.000506121
0.00049157
0.00150863
0.00150011
0.00151421
0.00246922
0.00251423
0.00250003
0.00347796
0.00350818
0.00352298
0.00046127
0.000506567
0.000491932
0.0014681
0.0014992
0.00151408
0.00246994
0.00251641
0.00250152
0.00347737
0.00350782
0.00352272
0.000460221
0.00050545
0.000490775
0.00150407
0.00150903
0.00151791
0.00154871
0.00248204
0.00246781
0.00251211
0.00347852
0.003509
0.0035239
0.000470554
0.000456314
0.000501445
0.00150561
0.00152088
0.00155161
0.00247972
0.00246504
0.0025104
0.00351553
0.00352001
0.00352925
0.0035603
0.00046209
0.000458169
0.000448171
0.0015128
0.00154311
0.00155358
0.00155708
0.00242541
0.00247072
0.00246716
0.00245705
0.00352083
0.0035516
0.0035657
0.000423035
0.000409588
0.000409745
0.000454734
0.00155348
0.00156748
0.00159931
0.00243243
0.00242135
0.00241812
0.00246384
0.00356314
0.00356553
0.00357682
0.000409384
0.00160143
0.0016022
0.00163345
0.00164683
0.00164649
0.00187662
0.00187674
0.00192019
0.00192003
0.00196581
0.00196556
0.00201144
0.00201147
0.00205678
0.00205728
0.00210194
0.00210222
0.00233328
0.00233386
0.0023795
0.00237957
0.00236681
0.00169366
0.00173694
0.00178252
0.00182754
0.00215022
0.00219449
0.00223919
0.00228439
0.00173928
0.00173996
0.00178003
0.00179408
0.00178075
0.001828
0.00182888
0.00187409
0.00187149
0.00191987
0.00196543
0.0020114
0.0020571
0.00210289
0.00214896
0.00214922
0.00219137
0.00220582
0.00219217
0.00223972
0.00223995
0.00168807
0.00170212
0.00169068
0.00173471
0.00228607
0.00229775
0.00228369
0.0023305
0.00164282
0.00165621
0.00164523
0.00168897
0.00233267
0.00234291
0.00232927
0.00237568
0.000409022
0.00160021
0.00163165
0.00164677
0.00233561
0.00238254
0.00236807
0.00237816
0.00241775
0.000411274
0.00159602
0.00161074
0.00164237
0.00238958
0.00237443
0.00242044
0.00356994
0.000411099
0.00155932
0.00159973
0.00159101
0.00160541
0.00163993
0.00237723
0.00242375
0.00240861
0.0035684
0.000411375
0.00155911
0.00158974
0.00160502
0.00237726
0.00242471
0.00241014
0.00356829
0.000410866
0.00159501
0.00159995
0.00160914
0.00164112
0.00239127
0.00237675
0.00242224
0.00356946
0.000410459
0.00159872
0.00161273
0.00164411
0.00238739
0.0023777
0.00237322
0.00241854
0.000407989
0.00160205
0.00163455
0.00164519
0.001649
0.00233282
0.00237977
0.00236537
0.00164596
0.00167958
0.00169052
0.00169285
0.00228822
0.00233502
0.00233216
0.00232104
0.00237299
0.00169277
0.00172615
0.0017389
0.00173987
0.00178075
0.00178049
0.00224
0.00224015
0.00228754
0.00228586
0.00227345
0.00182826
0.00187414
0.00191997
0.00196546
0.00201143
0.00205711
0.00210279
0.00214892
0.00219159
0.00192084
0.00192059
0.00196586
0.0019657
0.00201132
0.00201172
0.00205683
0.00205717
0.00210032
0.00210085
0.00178307
0.00183167
0.00181801
0.00183111
0.00187207
0.00187418
0.00191773
0.00210334
0.00214878
0.0021481
0.00219675
0.00218205
0.00219392
0.0022378
0.00173687
0.00178201
0.00177035
0.00178521
0.00182586
0.00219468
0.00224293
0.00222924
0.00224052
0.00228311
0.00169338
0.00173767
0.00172701
0.00174178
0.00178031
0.00223942
0.00228771
0.00227309
0.00169041
0.00170447
0.00173704
0.00224394
0.00228553
0.00229502
0.00228061
0.00232764
0.00168698
0.00170244
0.00173631
0.00229749
0.00228232
0.00233106
0.00165064
0.00168709
0.00170255
0.00173466
0.00229822
0.00228255
0.00233203
0.00168791
0.00170303
0.00173731
0.00224474
0.00229688
0.00228151
0.0023292
0.00169135
0.00172431
0.00173873
0.00224139
0.00229064
0.00228594
0.0022761
0.00232703
0.00169643
0.00173434
0.00173729
0.00174797
0.00178246
0.00219735
0.00225183
0.0022407
0.00223763
0.00228532
0.00173943
0.00177988
0.00178233
0.00179376
0.0018285
0.00215059
0.00220534
0.00219421
0.00219207
0.00224045
0.00182854
0.00183085
0.00187172
0.00187179
0.00188541
0.00192079
0.00192053
0.00196574
0.00196592
0.00201162
0.00201138
0.00205702
0.00205719
0.00211439
0.00210079
0.00210094
0.00214922
0.00214862
0.00219179
0.00196618
0.00201125
0.00205515
0.00187476
0.00192002
0.00196571
0.00196636
0.00201119
0.0020118
0.00205726
0.00205457
0.00210296
0.00214604
0.0018289
0.0018719
0.00188594
0.00187522
0.00191793
0.00192079
0.00196601
0.00201141
0.0020568
0.00210094
0.00211397
0.00209995
0.00214882
0.00219139
0.00178732
0.0018276
0.00186172
0.00187707
0.00192015
0.00196576
0.00201153
0.00205729
0.00210217
0.0021534
0.00213827
0.00214841
0.00219379
0.00178398
0.00182434
0.00184025
0.00187555
0.00191978
0.00196542
0.00201147
0.00205752
0.00210265
0.00215995
0.00214407
0.00219523
0.00223524
0.00178441
0.00182411
0.00184006
0.0018758
0.0019198
0.0019654
0.00201167
0.0020573
0.00210271
0.00216029
0.00214435
0.00219581
0.00223438
0.00178469
0.00182572
0.00184097
0.00187542
0.00192
0.00196552
0.00201148
0.00205722
0.00210249
0.00215872
0.00214864
0.00214367
0.00219425
0.00178909
0.00182802
0.00186382
0.00187489
0.00187901
0.0019207
0.00196576
0.00201148
0.00205704
0.00210137
0.00215085
0.00213603
0.00219304
0.0018312
0.00187439
0.00191718
0.00191834
0.00193049
0.00196592
0.0019664
0.00201166
0.00201135
0.0020687
0.00205484
0.00205495
0.00210377
0.0021009
0.00214819
0.00187739
0.00192024
0.00196585
0.0020114
0.00205729
0.00210235
0.000893883
0.000914586
0.000937182
0.00098335
0.000959827
0.000983024
0.00102808
0.00100568
0.00102841
0.00105142
0.00107411
0.00109693
0.00111721
0.00288259
0.00290313
0.00295094
0.00292589
0.00294854
0.00299447
0.00297156
0.0029943
0.00303797
0.00301707
0.00304016
0.00306271
0.00308551
0.00310674
0.000848587
0.000825518
0.000846325
0.000891294
0.000868856
0.000893664
0.000890488
0.000939439
0.000939488
0.000936758
0.000925579
0.000912596
0.000911945
0.000960616
0.000982917
0.000960626
0.000982807
0.000982884
0.00100569
0.00102836
0.00100561
0.00102865
0.00102855
0.00105051
0.00107148
0.00105068
0.00107179
0.00107439
0.00108591
0.00111963
0.0010973
0.00110025
0.00112054
0.00114256
0.00116339
0.00285983
0.00283642
0.00285726
0.00290306
0.00287953
0.00291423
0.00290292
0.00290025
0.0029283
0.00294943
0.00292814
0.00294961
0.00294872
0.0029715
0.00299442
0.0029718
0.00299387
0.00299453
0.00301701
0.0030395
0.00301732
0.00303929
0.0030399
0.00306058
0.00306037
0.00308565
0.00307401
0.00308728
0.00308758
0.00313079
0.00310622
0.00310942
0.00313126
0.00315365
0.00317392
0.000804946
0.00080233
0.000845633
0.000822905
0.000858139
0.000843394
0.000894979
0.000873513
0.000893022
0.000881049
0.000869152
0.000937383
0.000914988
0.000937236
0.000982965
0.000960016
0.000982832
0.00102844
0.00100569
0.00102853
0.00107336
0.00105126
0.00107395
0.0010962
0.00111707
0.00110857
0.00111984
0.00112314
0.00113096
0.00116548
0.00114184
0.00114546
0.00116592
0.00118811
0.00120723
0.00281385
0.00279308
0.00281212
0.00285663
0.0028338
0.00286881
0.00285745
0.00285441
0.00290578
0.00288309
0.00290373
0.00289112
0.00288011
0.00294918
0.00292621
0.00294884
0.00299431
0.00297148
0.00299425
0.00303979
0.00301717
0.00304003
0.0030847
0.00306279
0.00308499
0.00310734
0.00312641
0.00311924
0.00313067
0.00313343
0.00314141
0.00317635
0.00315655
0.00317732
0.00319783
0.00080058
0.000781176
0.000800426
0.00085083
0.000846171
0.000855808
0.000841368
0.000836116
0.000820984
0.00089259
0.000870035
0.000892031
0.000937182
0.000914311
0.000937038
0.000982756
0.000959929
0.000982837
0.00102856
0.00100567
0.00102873
0.00107418
0.00105155
0.0010744
0.00111848
0.00109686
0.00111841
0.00113819
0.00115259
0.00116801
0.00115415
0.00117002
0.00120899
0.00118952
0.00121024
0.00122932
0.00277108
0.0028113
0.00278979
0.00281066
0.00286163
0.00286135
0.00284709
0.00284576
0.00283034
0.00290343
0.0028813
0.00290307
0.00294852
0.00292564
0.00294855
0.00299435
0.00297118
0.00299417
0.0030401
0.00301741
0.00304013
0.00308541
0.00306295
0.00308565
0.00312873
0.0031081
0.0031299
0.00314371
0.00314885
0.00315416
0.00317798
0.00316418
0.00317924
0.00321796
0.00319951
0.00321884
0.000800103
0.000780534
0.000799656
0.000850237
0.000850029
0.000834267
0.000833677
0.000818183
0.000891916
0.000870236
0.000891824
0.000936825
0.000914086
0.000936767
0.000982785
0.000959699
0.000982699
0.00102864
0.00100565
0.00102865
0.00107445
0.00105152
0.0010745
0.00111905
0.00109723
0.00111965
0.00114132
0.00116028
0.0011564
0.00116611
0.00117107
0.00117512
0.00121008
0.00118983
0.00121022
0.00122969
0.00277072
0.00277049
0.00281079
0.00278957
0.00282477
0.00280994
0.00285967
0.00283969
0.00285856
0.00284445
0.00283468
0.00290293
0.00288036
0.00290283
0.00294833
0.00292553
0.00294834
0.00299429
0.00297137
0.00299442
0.00304037
0.00301734
0.00304031
0.00308568
0.0030631
0.00308578
0.00312947
0.00310821
0.0031298
0.0031497
0.00316534
0.00318108
0.00316577
0.00318158
0.00321908
0.00320049
0.00321936
0.000799442
0.000781019
0.000799588
0.000850576
0.000850431
0.00083406
0.000834289
0.000818566
0.000891829
0.000870396
0.000891881
0.000936874
0.000914334
0.000937062
0.000982596
0.000959863
0.000982712
0.00102886
0.00100573
0.00102889
0.0010744
0.00105167
0.00107438
0.00111958
0.00109707
0.0011191
0.0011599
0.00114042
0.00116569
0.00117501
0.00115624
0.00117129
0.00121012
0.00118964
0.00121003
0.0012291
0.00277073
0.00277105
0.00282498
0.00281014
0.00278978
0.00281052
0.00285858
0.00285937
0.00283479
0.00284431
0.00282948
0.0029028
0.00288078
0.00290291
0.00294853
0.00292555
0.00294851
0.00299436
0.00297139
0.00299423
0.0030403
0.0030172
0.00304033
0.00308598
0.0030633
0.00308595
0.00313007
0.00310815
0.00312987
0.00314964
0.00316553
0.00318158
0.0031651
0.00318099
0.00321933
0.00320017
0.00321914
0.000800349
0.000782446
0.000800652
0.000850865
0.000835998
0.000846231
0.000822171
0.000856695
0.000841626
0.000891903
0.000871293
0.000892344
0.000937096
0.000914658
0.000937143
0.000982703
0.000959803
0.000982833
0.00102866
0.00100571
0.00102858
0.00107441
0.00105143
0.00107417
0.00111862
0.00109652
0.00111846
0.00113753
0.00115453
0.00117019
0.00115243
0.0011422
0.00116772
0.0012105
0.00118844
0.00120926
0.00277129
0.00281026
0.00279093
0.00281133
0.00286114
0.00286233
0.00284543
0.00284707
0.00283195
0.00285782
0.00290312
0.00288153
0.00290333
0.00294844
0.00292578
0.00294858
0.00299413
0.00297133
0.00299424
0.00304016
0.00301728
0.00304023
0.00308568
0.00306286
0.00308541
0.0031299
0.0031075
0.00312852
0.00314357
0.00316374
0.00315397
0.00317886
0.0031587
0.00317769
0.00321878
0.00319935
0.00321816
0.000801935
0.000804429
0.00085888
0.000843868
0.000823661
0.000845774
0.000892984
0.000894482
0.000869226
0.00088063
0.000866275
0.000893444
0.000937302
0.000915413
0.000937375
0.000912486
0.000982803
0.000960236
0.000982887
0.00102855
0.00100573
0.00102834
0.0010738
0.00105097
0.00107359
0.00111689
0.00109473
0.00112001
0.00113083
0.00110896
0.00109721
0.00112264
0.00116608
0.00114331
0.0011655
0.00120684
0.0011859
0.00281219
0.00281403
0.0028689
0.00285427
0.00283449
0.00285642
0.00290366
0.00290578
0.0028798
0.00289138
0.00287688
0.00290267
0.0029487
0.00292655
0.00294908
0.00299428
0.00297151
0.00299427
0.00304002
0.00301709
0.00303965
0.00308493
0.00306251
0.00308454
0.00308796
0.00312608
0.00310569
0.00313073
0.00314071
0.00311955
0.00310644
0.00313358
0.00317703
0.00315415
0.00317597
0.00319482
0.000846209
0.000848201
0.000890407
0.000869286
0.00089102
0.000939593
0.000925686
0.000939442
0.000914184
0.000936747
0.000982977
0.00096071
0.000982988
0.00096015
0.000983
0.00102834
0.00100573
0.00102845
0.00100538
0.00102867
0.00107163
0.00105022
0.00107211
0.00108573
0.00105142
0.00107429
0.00112022
0.00109698
0.00111961
0.00116326
0.00114021
0.0028572
0.00285961
0.00291461
0.00290041
0.00288012
0.00290294
0.00294962
0.00292882
0.00294916
0.00292543
0.00294883
0.00299435
0.00297126
0.00299455
0.00297153
0.00299418
0.00303939
0.00301703
0.00303934
0.0030172
0.00304003
0.00307429
0.00306055
0.00308775
0.00306305
0.00308576
0.00313115
0.00310883
0.00313075
0.0031745
0.00315171
0.00089371
0.000937275
0.000982654
0.000962058
0.000983431
0.00102838
0.00100571
0.00102811
0.00107401
0.001049
0.00111725
0.00290334
0.00294853
0.00295086
0.00299425
0.00297209
0.00299425
0.00304016
0.00301647
0.00303777
0.00308535
0.000822852
0.000846999
0.00084454
0.000893504
0.000893523
0.000893692
0.0008794
0.00086625
0.000865877
0.000914402
0.000937228
0.000915018
0.000937304
0.000937485
0.000959812
0.000982845
0.000983257
0.000960174
0.000982862
0.000982688
0.00100576
0.0010285
0.0010277
0.00100546
0.00102869
0.0010285
0.00105144
0.00107377
0.00105159
0.00107363
0.00107368
0.00109526
0.00109527
0.00110914
0.00112283
0.00112262
0.00114324
0.00114374
0.00116324
0.00116572
0.00118633
0.00281337
0.00283674
0.00283419
0.0028569
0.00285636
0.00290486
0.0029046
0.00290486
0.00289073
0.00287739
0.00287717
0.00292609
0.00294864
0.00295088
0.00292663
0.00294842
0.00294885
0.0029716
0.00299422
0.00299412
0.00297156
0.00299413
0.00299417
0.00301712
0.00304028
0.00303749
0.00301706
0.00304027
0.00304002
0.00306283
0.00308532
0.00306267
0.00308498
0.00308503
0.00310659
0.00310637
0.00312017
0.00313345
0.00313363
0.00315294
0.00315522
0.00317693
0.00073371
0.000754254
0.00080229
0.000802013
0.000799434
0.000789001
0.000777213
0.000774439
0.000847418
0.000823263
0.000844555
0.000847592
0.000833882
0.000821086
0.000893344
0.000890939
0.000879982
0.0008665
0.000934498
0.000935086
0.00107651
0.00107632
0.00111788
0.00112014
0.00113091
0.00116386
0.00114526
0.00116633
0.00117668
0.00118801
0.00120851
0.00119042
0.00120872
0.00121148
0.00122162
0.00123322
0.00123601
0.00125469
0.00276812
0.00274546
0.00277847
0.00276679
0.00276401
0.00279193
0.00281195
0.00279078
0.00280983
0.0028231
0.00280947
0.00285753
0.0028338
0.00285509
0.00286916
0.00285724
0.00290287
0.00290216
0.00308575
0.00308614
0.003131
0.00312047
0.00313374
0.00313382
0.00315523
0.0031765
0.00316607
0.00317908
0.00317913
0.00319784
0.00319794
0.00322107
0.00321138
0.00322314
0.00322601
0.00324582
0.00326597
0.000713368
0.000710287
0.000757338
0.000754047
0.000765415
0.000751299
0.000743313
0.000732655
0.000729392
0.000800046
0.000777319
0.000797866
0.0008116
0.0008008
0.00116648
0.00116933
0.00117765
0.00121056
0.00119149
0.00121175
0.00123275
0.00124392
0.00125868
0.00124735
0.00125799
0.00126183
0.00128073
0.00130002
0.00272201
0.00269989
0.00271936
0.00277067
0.00276742
0.00275551
0.00275298
0.00274241
0.00273842
0.002811
0.00278834
0.0028083
0.0028221
0.00281097
0.00317676
0.00317924
0.00318773
0.00322018
0.003202
0.00322277
0.0032343
0.00324299
0.00324557
0.0032681
0.00325709
0.00326779
0.00327073
0.00328965
0.000722387
0.000707155
0.000686334
0.000719647
0.000704651
0.000755001
0.000735055
0.000754268
0.00078737
0.000772313
0.00121155
0.00121369
0.00122189
0.00125449
0.00123617
0.00125652
0.00126854
0.0012744
0.0012792
0.00130209
0.00128893
0.00130363
0.00132184
0.00267957
0.00267828
0.00272542
0.00272038
0.00273113
0.00271716
0.00271076
0.00269645
0.0027654
0.00274346
0.00276376
0.00277837
0.0032248
0.00321288
0.0032275
0.00322255
0.0032631
0.00324549
0.00326463
0.0032776
0.00327957
0.00331083
0.00329497
0.00331364
0.000667033
0.0006664
0.000713115
0.000708094
0.000717477
0.000703112
0.000698884
0.00068449
0.000752691
0.000730984
0.000750421
0.000765941
0.00125679
0.0012439
0.00125804
0.00127659
0.00129047
0.00130619
0.00129261
0.00130828
0.00132609
0.00134323
0.00267539
0.00265697
0.00267389
0.00272433
0.00272315
0.00270906
0.00270787
0.0026924
0.00276605
0.0027614
0.00275611
0.00274161
0.00323412
0.00326749
0.00324962
0.00326895
0.00328217
0.00328666
0.00329195
0.00331477
0.00330113
0.00331563
0.00333361
0.000665581
0.000665088
0.000712834
0.000713031
0.000697742
0.000697534
0.000682096
0.00074956
0.00073088
0.000749608
0.000765052
0.00125993
0.00124549
0.00126091
0.00127979
0.00129752
0.00129401
0.00130279
0.00130859
0.00131168
0.00134343
0.00132567
0.00134392
0.00267466
0.0026564
0.00268854
0.00267414
0.00272112
0.0027028
0.00272005
0.00270649
0.00269741
0.00275468
0.00273874
0.00323545
0.00326902
0.00325123
0.00326929
0.00328752
0.00330228
0.00331763
0.0033032
0.0033181
0.00333487
0.000665173
0.00066566
0.000712895
0.000712804
0.000697307
0.000697461
0.000682476
0.000749633
0.000731019
0.000749465
0.000765263
0.00126104
0.00124489
0.00126036
0.00129778
0.00127894
0.00130311
0.00131215
0.00129321
0.00130743
0.00134364
0.00132515
0.0013434
0.00268864
0.00267414
0.00265631
0.00267488
0.00272003
0.00272097
0.00269743
0.00270687
0.0026928
0.00275537
0.00273947
0.00323499
0.00326902
0.00325042
0.00326876
0.00328672
0.00330289
0.00331774
0.00330172
0.00331702
0.0033344
0.000666574
0.000667499
0.000713081
0.000698412
0.000707945
0.000685261
0.000717611
0.000703129
0.000750066
0.000732544
0.000752496
0.000767763
0.00122424
0.00125821
0.00123848
0.00125658
0.00127522
0.00129187
0.00130748
0.00129095
0.00130669
0.00134321
0.00132487
0.00267422
0.00267546
0.00272313
0.00272442
0.00270827
0.00270873
0.00269347
0.00276615
0.00274341
0.00276157
0.00277605
0.00323269
0.00322292
0.003269
0.00324747
0.00326749
0.00328251
0.0033003
0.0032916
0.00331543
0.0032969
0.00331484
0.00333228
0.000719653
0.000704446
0.000689018
0.000722425
0.00070705
0.000754577
0.000737325
0.000755313
0.000732768
0.000789932
0.000775382
0.000800594
0.00121106
0.00120057
0.00121425
0.00125639
0.00123441
0.00125459
0.00126944
0.00125784
0.0012889
0.00127937
0.00130357
0.00128319
0.00130175
0.0013198
0.0026781
0.00267963
0.0027251
0.00271051
0.00272085
0.00269806
0.0027313
0.00271733
0.00276374
0.00274537
0.00276535
0.00274194
0.00279943
0.00278559
0.00281112
0.00322744
0.00320973
0.00322472
0.0032652
0.00324491
0.00326346
0.00328085
0.00327804
0.00326739
0.00331357
0.00329289
0.00331065
0.000710194
0.000713286
0.000757142
0.000743062
0.000754018
0.000732101
0.00076497
0.000751188
0.000797402
0.000779624
0.000799974
0.00077682
0.000834613
0.000820688
0.000847615
0.00116579
0.00115435
0.0011688
0.00121165
0.00118905
0.00121078
0.00123005
0.00124702
0.00126181
0.00124469
0.00123379
0.00125922
0.00129987
0.00127825
0.00271922
0.00272192
0.00276736
0.00277091
0.0027527
0.00275605
0.00274096
0.00276723
0.00280876
0.00278956
0.00281075
0.0028455
0.00283137
0.00285689
0.00313404
0.00317701
0.00316523
0.00317932
0.00322267
0.00320004
0.0032204
0.0032347
0.0032231
0.00325693
0.00324571
0.00327082
0.00324854
0.00326842
0.00328706
0.000754169
0.000802203
0.000788549
0.000801885
0.000779215
0.000799298
0.000844761
0.000847377
0.000820484
0.000834031
0.000820606
0.000847274
0.000893511
0.00086909
0.000891061
0.000866509
0.000934653
0.000913709
0.000935184
0.000948799
0.000983517
0.00102765
0.00107673
0.00106277
0.00107629
0.00111763
0.00109791
0.00111998
0.00112275
0.00116646
0.00114223
0.00116382
0.00114278
0.00117728
0.00116321
0.00120816
0.00119021
0.00120926
0.00122154
0.00119072
0.0012113
0.00125463
0.00123144
0.00277825
0.00276401
0.00276813
0.00281219
0.00279092
0.00280978
0.00278865
0.00282291
0.00280921
0.00285485
0.002836
0.00285733
0.00283667
0.00285692
0.00290284
0.00287997
0.00290216
0.00287759
0.00293721
0.00292364
0.00295129
0.0029943
0.00305142
0.00303708
0.00308606
0.00306535
0.00308632
0.00313382
0.00310904
0.00313076
0.00313328
0.00317665
0.00315259
0.00317916
0.00316565
0.00315282
0.00317928
0.00321126
0.00319839
0.00322593
0.00320071
0.00322092
0.00326619
0.000844463
0.000893275
0.00087978
0.000893319
0.000893961
0.00093725
0.000915009
0.0009372
0.00091513
0.000937251
0.000983008
0.000959713
0.000982835
0.000959894
0.000982639
0.00102842
0.00100569
0.00102877
0.00100578
0.00102835
0.00107377
0.00105126
0.00107364
0.00105157
0.00107393
0.00110878
0.00109477
0.00112247
0.00109449
0.00116563
0.00281365
0.00285648
0.00290442
0.00289058
0.00290469
0.00290496
0.00294841
0.00292628
0.00294858
0.00292632
0.00294847
0.00299434
0.00297119
0.00299451
0.00297152
0.00299407
0.00304025
0.00301715
0.00304008
0.0030174
0.00304048
0.00308542
0.00306288
0.00308499
0.00306257
0.00308472
0.00311971
0.00310643
0.00313394
0.00310657
0.00317694
0.000823288
0.000845713
0.000893613
0.000868704
0.000891302
0.0009374
0.000914435
0.000937189
0.00098295
0.000959817
0.000982837
0.00102866
0.00100577
0.00102861
0.00107383
0.00105157
0.00107371
0.00109724
0.00111986
0.00114295
0.00116504
0.00118625
0.00281384
0.00283499
0.00285708
0.00290509
0.00288015
0.00290282
0.00294862
0.00292544
0.00294857
0.00299437
0.00297141
0.00299426
0.00304009
0.00301724
0.00304028
0.00308465
0.00306264
0.00308572
0.00310849
0.00313138
0.00315433
0.00317681
0.000688286
0.000710377
0.000707774
0.000755204
0.000755374
0.000755705
0.000742145
0.000728587
0.00072898
0.000802022
0.000802302
0.000788529
0.00077474
0.000802053
0.000787939
0.000775012
0.000801718
0.000845208
0.000845043
0.00112261
0.00112189
0.00116529
0.00116557
0.00120006
0.00121371
0.00121341
0.00120031
0.00121351
0.00121362
0.00123488
0.00125511
0.00123416
0.00125463
0.00125463
0.00126858
0.0012819
0.00128196
0.00130065
0.00130135
0.00269945
0.00269859
0.00273152
0.00271835
0.00271844
0.00274474
0.00276508
0.00276729
0.00274478
0.00276541
0.00276602
0.00281335
0.00281375
0.00279939
0.00278603
0.00280006
0.00278665
0.00285586
0.00285647
0.00313414
0.00313372
0.0031766
0.0031763
0.00321105
0.00319783
0.0032248
0.00322324
0.0032111
0.00319772
0.00322437
0.00322492
0.00324472
0.00324474
0.00325791
0.00327123
0.00327144
0.00328998
0.00329204
0.00331197
0.000664605
0.000641718
0.000674026
0.00066232
0.000659971
0.00071089
0.00068829
0.00070631
0.000720323
0.000709449
0.000697653
0.000685387
0.000751897
0.000751126
0.00125692
0.00125992
0.00126833
0.00130028
0.00128271
0.00130265
0.00131318
0.00132138
0.00132466
0.00134618
0.00133578
0.00134996
0.00136838
0.00263165
0.00267884
0.00267522
0.00268696
0.00267277
0.00266429
0.00264979
0.0027204
0.00269735
0.00271715
0.0027312
0.00271913
0.00326627
0.00326912
0.00327918
0.00329332
0.00331187
0.00330316
0.00331461
0.00331676
0.00332637
0.00333739
0.00334
0.00335799
0.000619624
0.00059859
0.000630014
0.000615829
0.000664833
0.000644627
0.000662708
0.000651336
0.00064057
0.000695609
0.000680874
0.00130265
0.00130547
0.00131405
0.00132828
0.00134602
0.00133959
0.00135006
0.00135379
0.00136056
0.00138917
0.00137096
0.00137443
0.00139213
0.00262837
0.00260744
0.0026397
0.00262917
0.00262604
0.00267559
0.00265347
0.00267195
0.00268634
0.00267514
0.00266066
0.00265002
0.00331639
0.00330467
0.00331945
0.00331491
0.00333746
0.0033549
0.00334867
0.00335916
0.00336234
0.00336931
0.00338426
0.00340129
0.000576257
0.000621526
0.000617305
0.000627178
0.000613053
0.000607496
0.000593189
0.000660653
0.000639745
0.000657997
0.000672177
0.000662317
0.0013492
0.00133694
0.00135197
0.00136861
0.00138105
0.00139541
0.00138352
0.00139816
0.00141566
0.00258714
0.00258403
0.00263306
0.00263124
0.00261876
0.002616
0.00260149
0.00266365
0.00264866
0.00332766
0.0033585
0.00334197
0.00336005
0.00337287
0.00337763
0.00338274
0.00340408
0.00339176
0.00340681
0.0034239
0.000575116
0.000573835
0.00062065
0.000619747
0.000605788
0.000605037
0.000590317
0.00065166
0.000636873
0.00134809
0.00135303
0.0013577
0.00137226
0.0013897
0.00138543
0.00139461
0.00139976
0.00140386
0.00143423
0.00141759
0.00143501
0.00258308
0.00256455
0.00259663
0.00258249
0.00262957
0.00261057
0.00262775
0.00264272
0.00261434
0.00260549
0.00336115
0.00334853
0.00336336
0.00338039
0.00339383
0.00340874
0.00339512
0.00340973
0.00342602
0.000572996
0.000572835
0.000618934
0.000618684
0.000604152
0.000603626
0.000589056
0.000650692
0.000635958
0.00135908
0.00139001
0.0013738
0.0013906
0.00140492
0.0014054
0.0014358
0.00141992
0.0014363
0.00259525
0.00258069
0.00256385
0.00259468
0.00258003
0.0026265
0.00260937
0.00262599
0.00264103
0.00336434
0.00335015
0.00336498
0.0033813
0.00339581
0.00341064
0.003396
0.00341087
0.00342738
0.000572709
0.000573018
0.000618619
0.0006188
0.000603755
0.000603978
0.000589377
0.000650371
0.000635422
0.00135851
0.00139072
0.00137337
0.00139026
0.00140551
0.00140511
0.00143656
0.00141954
0.00143619
0.00259466
0.00257989
0.00256386
0.00259531
0.00258043
0.00262583
0.00261004
0.00262639
0.00264119
0.0033647
0.00334924
0.00336411
0.00338098
0.00339558
0.00341044
0.00339586
0.00341068
0.00342698
0.000573884
0.000574791
0.000619514
0.000620829
0.000604901
0.000606309
0.000591735
0.000653077
0.000638789
0.000662551
0.00134829
0.00133912
0.00135321
0.00138938
0.00137049
0.0013943
0.00140367
0.00138522
0.00139952
0.0014351
0.00141682
0.00143465
0.00259618
0.00258219
0.00256605
0.00258307
0.00262756
0.00262945
0.00260543
0.00261508
0.00260083
0.00266075
0.00264645
0.00336358
0.0033468
0.00336143
0.00337902
0.0033957
0.0034102
0.00339397
0.00340867
0.00342484
0.0005764
0.000621928
0.00060796
0.000617087
0.000596048
0.000626696
0.000612818
0.000658128
0.00064137
0.000660591
0.000674549
0.00135204
0.00133471
0.00134951
0.00136686
0.00138335
0.00139812
0.00138082
0.0013709
0.00139558
0.00141258
0.00258411
0.00258691
0.00263147
0.00263315
0.00261661
0.00261882
0.00260423
0.0026288
0.00266531
0.00265077
0.00267506
0.00332463
0.00331502
0.00336037
0.00333915
0.00335834
0.00337282
0.0033921
0.0033829
0.00340664
0.00338723
0.00340405
0.000629865
0.00061587
0.000619329
0.000662737
0.000664932
0.000640487
0.000651404
0.000637465
0.000662619
0.000699098
0.000684061
0.000709991
0.00130288
0.00129209
0.00130551
0.00134622
0.0013245
0.0013498
0.00136031
0.00133988
0.00135388
0.00139233
0.00137143
0.00138894
0.00263979
0.00262606
0.00261074
0.00262854
0.00267126
0.00267544
0.00265082
0.0026614
0.00264695
0.00270823
0.00269444
0.00271919
0.0033189
0.00330148
0.00331603
0.0033556
0.00333475
0.00335963
0.00337005
0.00334835
0.00333727
0.00336252
0.00340179
0.00338049
0.000673763
0.000659931
0.000664437
0.000706804
0.000710615
0.00068551
0.000697038
0.00068318
0.000709809
0.000751621
0.000731117
0.000751443
0.000765
0.000728809
0.00121361
0.00125717
0.00124525
0.00125988
0.00130218
0.00127978
0.00129894
0.00128174
0.00131187
0.00130011
0.00133604
0.0013243
0.00135004
0.00132727
0.00134614
0.00263122
0.00267916
0.00266466
0.00267562
0.00265348
0.00268683
0.00267261
0.00271686
0.00270022
0.00272055
0.00269966
0.00271824
0.00275438
0.0027402
0.00276788
0.00323531
0.00322319
0.00326655
0.00324862
0.00326884
0.00327148
0.003312
0.00328916
0.00331445
0.00332602
0.00330257
0.00328974
0.00331662
0.00335797
0.00333512
0.000707701
0.000755513
0.000742016
0.000755212
0.000755463
0.0008028
0.000802661
0.000802181
0.000775286
0.00078861
0.000775155
0.000802114
0.000844837
0.00082343
0.000844788
0.000823075
0.00084562
0.000880072
0.000865933
0.000893621
0.000868676
0.000891318
0.000937296
0.000914444
0.000937132
0.000982859
0.000959757
0.0009828
0.00102867
0.00100569
0.00102863
0.00107375
0.00105151
0.00107375
0.00112262
0.00110887
0.0011229
0.00109717
0.00111975
0.00116544
0.00114351
0.00116554
0.00114277
0.00116504
0.00121417
0.00118627
0.00121301
0.00119979
0.00118625
0.0012134
0.00125529
0.00123432
0.0012546
0.0012687
0.00123374
0.00125426
0.00130146
0.00273188
0.00271853
0.00276527
0.00274505
0.00276547
0.00274517
0.00276534
0.00281345
0.00281357
0.00278596
0.0027997
0.00278619
0.00281355
0.0028563
0.00283487
0.00285624
0.00283505
0.00285714
0.00289109
0.00287737
0.00290482
0.00288008
0.00290269
0.00294864
0.00292552
0.0029486
0.00299436
0.00297139
0.00299434
0.0030399
0.00301724
0.00304016
0.00308502
0.00306267
0.00308573
0.00313364
0.00311993
0.0031342
0.0031084
0.00313135
0.00317674
0.00315483
0.0031766
0.00315447
0.00317626
0.00322503
0.00319727
0.00322536
0.00321184
0.00319771
0.0032249
0.00325834
0.00324479
0.00327149
0.00324442
0.00331176
0.00068863
0.000709658
0.000756479
0.000731757
0.000754062
0.000799845
0.000777452
0.000799597
0.000845733
0.000822325
0.000843853
0.00089157
0.000936939
0.00098247
0.00102885
0.00107415
0.00111981
0.00116516
0.0011678
0.00121119
0.00118887
0.00121146
0.00125462
0.00123379
0.00125712
0.00127952
0.0013009
0.0026992
0.00272056
0.00276639
0.00274276
0.00276608
0.00281142
0.0027886
0.00281128
0.00285722
0.00283244
0.00290287
0.00294812
0.00299422
0.00304014
0.0030855
0.0031316
0.00317715
0.00315644
0.00317701
0.00322236
0.00320009
0.0032229
0.00324615
0.00326827
0.00329033
0.00331094
0.000595715
0.00062852
0.000616327
0.00061462
0.000641813
0.000660578
0.000674723
0.000662391
0.000641302
0.000661405
0.000674997
0.000660953
0.000708116
0.000709014
0.000802187
0.000857597
0.000843698
0.000892183
0.000871286
0.000892275
0.000870527
0.000891903
0.000937115
0.000914339
0.000937122
0.000914637
0.000936806
0.000983109
0.000959805
0.00098275
0.000960103
0.000982818
0.00102865
0.00100537
0.00102874
0.00100584
0.00102847
0.00107444
0.00105179
0.00107429
0.0010512
0.00107458
0.00111939
0.00109676
0.00111871
0.00109672
0.00111913
0.00115371
0.00114041
0.0011677
0.00114011
0.00120891
0.00130115
0.00130091
0.001314
0.00131416
0.00132821
0.00134751
0.00134683
0.00132757
0.00134798
0.00134751
0.00136077
0.00137357
0.00137374
0.00139277
0.00139308
0.00260738
0.00260642
0.00263888
0.00262614
0.00262582
0.00265242
0.00267204
0.0026855
0.00267229
0.00265179
0.00267201
0.00268568
0.00267203
0.00271822
0.00271808
0.0028117
0.00285996
0.00284595
0.0028598
0.0028603
0.00290328
0.00288136
0.00290332
0.00288115
0.00290345
0.00294867
0.00292557
0.00294836
0.00292563
0.00294853
0.00299441
0.00297115
0.00299456
0.00297147
0.002994
0.00304017
0.00301697
0.00304034
0.00301728
0.00303992
0.00308536
0.003063
0.00308562
0.00306324
0.00308548
0.00312812
0.00310737
0.0031288
0.00314215
0.00310808
0.00312941
0.0031774
0.00327149
0.00327082
0.00331149
0.00331092
0.003325
0.00332496
0.00333913
0.00335839
0.00333879
0.00335871
0.0033583
0.00337156
0.00338376
0.00338536
0.00340433
0.000572754
0.000550286
0.000581864
0.000570494
0.000568425
0.000618609
0.000595626
0.00061407
0.000628169
0.000616702
0.000604759
0.000593423
0.000939621
0.000982887
0.00102836
0.00107141
0.00139209
0.0013824
0.00139617
0.00139302
0.00140569
0.00141376
0.0014167
0.00143794
0.00142764
0.00143871
0.00144149
0.00145911
0.00254048
0.00258579
0.00258313
0.00259444
0.0025807
0.0025719
0.00256107
0.00255829
0.00262923
0.00262676
0.00261799
0.00260364
0.00294927
0.00299414
0.00303944
0.00336095
0.00336314
0.00337254
0.00338651
0.00340432
0.00339589
0.00340677
0.00340907
0.00341852
0.0034295
0.00343214
0.00344998
0.000528475
0.000507924
0.000538631
0.000524833
0.000573398
0.00055247
0.000570246
0.000584486
0.000559698
0.000549152
0.00140769
0.00143513
0.00142176
0.00143812
0.00144917
0.00145243
0.00148112
0.0014627
0.00146648
0.00148385
0.00255078
0.00253674
0.00251633
0.0025474
0.00253739
0.00253337
0.00258201
0.00256176
0.00257894
0.002593
0.00258311
0.00340523
0.00340868
0.00341514
0.00342989
0.00344691
0.00344004
0.00345082
0.00345423
0.00346105
0.00347549
0.00349239
0.000485394
0.000530579
0.000525774
0.000535541
0.000521857
0.000516289
0.000502087
0.000571688
0.000567442
0.000562359
0.000547501
0.00144121
0.00142982
0.00144361
0.00143934
0.0014595
0.00147239
0.00148673
0.00147491
0.00148949
0.00150587
0.00249677
0.0024946
0.00254183
0.00254058
0.00252779
0.00252557
0.00251085
0.00256985
0.0025562
0.00344952
0.00343783
0.00345238
0.00346404
0.003469
0.00347375
0.0034955
0.00348317
0.00349802
0.00351491
0.000484268
0.000482904
0.000529147
0.000528029
0.000514616
0.000513553
0.000499089
0.000559143
0.000544215
0.0014499
0.00146517
0.00148082
0.00147695
0.00148576
0.00149102
0.00149468
0.00150927
0.00152563
0.00249243
0.00247381
0.00250481
0.00249071
0.00253741
0.00251871
0.00253478
0.00254971
0.00252313
0.00251367
0.00345446
0.00344086
0.00345571
0.00347164
0.00348542
0.00349999
0.00348649
0.00350134
0.00351694
0.000482086
0.000481648
0.000527537
0.000527182
0.000513324
0.000512414
0.000497685
0.000558269
0.000543566
0.001451
0.00148137
0.00146563
0.0014819
0.00149584
0.00149644
0.0015262
0.00151098
0.00152741
0.00250394
0.00248976
0.00247348
0.00250367
0.00248936
0.00253464
0.00251798
0.00253424
0.00254912
0.00345679
0.00344275
0.00345729
0.00347265
0.00348709
0.00350192
0.00348734
0.0035018
0.00351778
0.000481845
0.000482366
0.000527134
0.000527551
0.000511941
0.000512808
0.000498253
0.000558358
0.000543839
0.00145112
0.00148186
0.00146551
0.00148145
0.00149642
0.00149588
0.0015275
0.00151037
0.00152667
0.00250344
0.00248914
0.00247305
0.00250364
0.00248962
0.00253434
0.00251797
0.00253492
0.00254945
0.00345686
0.00344172
0.00345623
0.00347214
0.00348739
0.00350211
0.00348731
0.00350206
0.00351774
0.000483157
0.000484131
0.000528183
0.000529065
0.000513633
0.000514692
0.000500349
0.000560036
0.000545404
0.00144886
0.00143977
0.00148088
0.0014626
0.00148589
0.00149472
0.00147693
0.00149071
0.00152621
0.00150734
0.00250521
0.00249105
0.00249274
0.00253486
0.00253725
0.00255181
0.00251428
0.00252351
0.00250986
0.00345558
0.00343962
0.00345449
0.00347087
0.00348661
0.00350114
0.00348545
0.00349978
0.00351581
0.00048555
0.000530341
0.00051642
0.000526166
0.000505153
0.000535749
0.000521687
0.000571851
0.000550185
0.000567367
0.000581714
0.0014439
0.00142704
0.00144153
0.00145816
0.00147478
0.00148938
0.00147235
0.00146238
0.00148689
0.0015035
0.0024944
0.00249671
0.00254049
0.00254166
0.00252553
0.00252737
0.00251295
0.00253727
0.00257293
0.00255876
0.00258298
0.0034187
0.00345249
0.00343271
0.0034498
0.00346424
0.00348365
0.0034741
0.00349762
0.00347821
0.00349499
0.000538907
0.000524423
0.000528118
0.00057006
0.000573557
0.000549123
0.000559468
0.000545631
0.000570465
0.00060507
0.000591139
0.000616739
0.0014031
0.00139303
0.00143842
0.00141784
0.00143549
0.00145225
0.00144951
0.00143888
0.00148386
0.00146344
0.00148069
0.00254769
0.00253355
0.00251931
0.00255103
0.00253644
0.0025787
0.00256485
0.00258168
0.00259638
0.00256106
0.00340546
0.00339485
0.00340867
0.00344725
0.00342589
0.00345111
0.00346113
0.00343989
0.0034291
0.00345396
0.0034924
0.00347201
0.000581786
0.000568014
0.00057285
0.00061452
0.000618471
0.000592838
0.000604248
0.000590796
0.00061648
0.000650808
0.000637122
0.000662611
0.00093903
0.000960458
0.000983062
0.00100567
0.00102822
0.00105073
0.00107232
0.0013595
0.00134667
0.00139631
0.00137384
0.00139204
0.00137358
0.001405
0.00139256
0.00142801
0.00141706
0.00144176
0.00141922
0.00143748
0.00254075
0.00258575
0.00257157
0.00258293
0.00256244
0.00259462
0.00258061
0.0026289
0.0026081
0.00262619
0.00263963
0.00260735
0.0026262
0.00267259
0.0029281
0.00294935
0.0029716
0.00299443
0.00301692
0.00303953
0.00306056
0.00336076
0.00334958
0.00336351
0.00340451
0.0033814
0.00340689
0.00341863
0.00339534
0.00338351
0.00340917
0.00344979
0.00342715
0.000628569
0.00061472
0.000660555
0.00064187
0.000661429
0.000642244
0.000674904
0.000661308
0.000708076
0.000688856
0.000709122
0.000688623
0.000709562
0.000742312
0.000728579
0.000756098
0.000731744
0.00075403
0.000799747
0.000777345
0.000799612
0.000802202
0.000845695
0.000822171
0.000822576
0.000857142
0.00084316
0.000843602
0.000870858
0.00089203
0.000891591
0.000870693
0.000891911
0.000892293
0.000914414
0.000936963
0.000937102
0.000914565
0.000936998
0.000937128
0.000959822
0.000982851
0.000982781
0.000959993
0.000982656
0.000982924
0.00100599
0.00102841
0.0010287
0.00100588
0.00102859
0.00102852
0.0010514
0.00107424
0.00107424
0.00105148
0.0010743
0.00107437
0.00109666
0.00111917
0.00111968
0.00109676
0.00111861
0.001119
0.00114028
0.00116528
0.00114076
0.00115469
0.00116781
0.00116775
0.00121106
0.00118887
0.00118818
0.00121128
0.00120858
0.00126849
0.00125452
0.00123355
0.00125703
0.0013016
0.00128202
0.00130115
0.00127937
0.00131392
0.00130073
0.00134764
0.00132736
0.0013478
0.00136078
0.00132794
0.00134758
0.00139337
0.00263899
0.00262617
0.00267201
0.00265203
0.00267251
0.00265248
0.00268574
0.00267202
0.00271834
0.00269857
0.00271788
0.00273133
0.00269918
0.00272062
0.00276638
0.00274268
0.00276613
0.00281141
0.00278863
0.00279094
0.00281156
0.00281175
0.00286019
0.00285714
0.00285992
0.00286017
0.00284645
0.00283251
0.00283253
0.00288065
0.00290306
0.00290293
0.00288109
0.00290313
0.00290334
0.00292585
0.00294813
0.00294819
0.00292554
0.00294859
0.00294852
0.00297149
0.002994
0.00299442
0.00297135
0.00299421
0.00299432
0.0030174
0.0030403
0.00304031
0.00301732
0.00303996
0.00304
0.00306308
0.00308538
0.00308532
0.00306297
0.00308569
0.00308539
0.00310789
0.00312951
0.00313157
0.00310774
0.00312901
0.00312973
0.0031428
0.00317717
0.00315588
0.0031564
0.00317713
0.00317678
0.00322238
0.00319995
0.00319756
0.00322279
0.00327094
0.00325742
0.00327097
0.003246
0.00326812
0.00331172
0.00329108
0.00331139
0.00329037
0.00332523
0.00331109
0.00335882
0.00333843
0.00335837
0.00337189
0.0033385
0.00335728
0.00340402
0.000596809
0.000618236
0.000663984
0.000640116
0.000663344
0.000709206
0.000685483
0.000706905
0.000753976
0.00125786
0.00130373
0.00128269
0.00130429
0.00134701
0.00132658
0.00134914
0.00136999
0.00139265
0.00260729
0.00262841
0.00267436
0.00265043
0.00267371
0.00272001
0.00269579
0.00271777
0.00276365
0.00322501
0.00326851
0.00331371
0.00329267
0.00331439
0.00335757
0.00333663
0.00335986
0.00338178
0.00340319
0.000504986
0.000536832
0.000525392
0.000523508
0.000550053
0.00056892
0.000582343
0.000570857
0.000550241
0.000570384
0.00058371
0.000570064
0.000615422
0.00061544
0.000720021
0.000707294
0.000754519
0.000733914
0.00075465
0.000734538
0.000755077
0.000802153
0.000802285
0.000775013
0.000788751
0.000775234
0.00080212
0.000842969
0.0008232
0.000843567
0.000856679
0.000821093
0.000890959
0.00111973
0.00116728
0.00115345
0.00116737
0.00120911
0.00118769
0.00120892
0.00119041
0.0012223
0.00120907
0.00125532
0.00123561
0.00125561
0.00126896
0.00123575
0.00125518
0.00130154
0.00139352
0.00139273
0.0014073
0.00140603
0.00142049
0.00143931
0.0014389
0.00141995
0.00143966
0.00143857
0.00145269
0.00146498
0.00146534
0.00148364
0.0014846
0.0025164
0.00251564
0.00254733
0.00253491
0.00253435
0.00256103
0.00257957
0.00259272
0.00258028
0.00256026
0.00257976
0.0025934
0.00258022
0.002626
0.0026263
0.00273114
0.00271787
0.00276431
0.00274455
0.00276439
0.00274458
0.00277752
0.0027642
0.00281213
0.00279123
0.00281241
0.00279103
0.00280992
0.0028462
0.00283275
0.00286018
0.00290053
0.00308788
0.00314283
0.00312905
0.00317682
0.00315646
0.00317674
0.00317928
0.00322573
0.00319776
0.0032253
0.00321177
0.00319816
0.0032249
0.00326495
0.00324511
0.00326637
0.00327968
0.00324496
0.0032658
0.00331198
0.00340413
0.00340341
0.00341688
0.00341668
0.00343088
0.0034498
0.00343015
0.00344947
0.00344883
0.00346252
0.0034747
0.00347656
0.00349511
0.00048206
0.00045966
0.000490864
0.000479798
0.000477576
0.000527327
0.000504215
0.000521963
0.000535652
0.000524636
0.000513526
0.000501985
0.000799921
0.000803021
0.000848422
0.000834363
0.000845895
0.000823349
0.000857833
0.000843662
0.000891096
0.000871326
0.000891979
0.000870585
0.000889162
0.000939608
0.000914342
0.000937126
0.000982941
0.000960215
0.000982947
0.00102818
0.00100565
0.00102859
0.00107169
0.00105115
0.00107419
0.00112012
0.00109663
0.00111773
0.00113213
0.00112012
0.00116293
0.00114498
0.00116347
0.00117675
0.00114551
0.00116625
0.00120955
0.0011862
0.00148281
0.00147293
0.00148712
0.00148402
0.00149627
0.00150347
0.00150759
0.00152832
0.00151808
0.00153243
0.00154935
0.00245008
0.00249665
0.0024926
0.00250386
0.00248966
0.00248175
0.00246744
0.00253769
0.00253534
0.00252641
0.00251306
0.00282329
0.00281005
0.00281413
0.00285797
0.00283677
0.00285485
0.00283389
0.00286738
0.00285438
0.00290139
0.00288209
0.00290338
0.00287932
0.00294909
0.00292586
0.00294893
0.00299426
0.00297134
0.00299433
0.00303951
0.00301716
0.00303994
0.00308841
0.00306291
0.00308565
0.00313134
0.00310781
0.00312863
0.00311047
0.00314247
0.00312958
0.003166
0.00315428
0.00317946
0.00315663
0.00317669
0.00321987
0.0031967
0.00345243
0.00345476
0.00346367
0.00347757
0.00349545
0.00348642
0.00349796
0.00350034
0.00350897
0.00351987
0.00352259
0.00354048
0.00043918
0.000448436
0.000434702
0.000482775
0.000462428
0.000479551
0.000494031
0.000469005
0.000458695
0.000846606
0.000848983
0.000902038
0.000888713
0.000868971
0.00089114
0.000937656
0.000939601
0.000914563
0.000926103
0.000911808
0.00093899
0.000983009
0.000960655
0.00098295
0.000958488
0.00102836
0.00100573
0.00102789
0.00103105
0.00107338
0.0010492
0.00107614
0.0010628
0.00104937
0.00107643
0.00110908
0.00109532
0.00112263
0.00109785
0.00111947
0.00116354
0.00114082
0.00149882
0.00151313
0.00152913
0.00152192
0.00153247
0.00153574
0.00154273
0.00155274
0.00155678
0.00157313
0.00244684
0.00242684
0.00245715
0.00244744
0.00244366
0.00249139
0.00247091
0.00248679
0.00250172
0.00249211
0.00247765
0.0024674
0.00285676
0.00285933
0.00290536
0.00289145
0.00290499
0.00288055
0.0029021
0.0029488
0.00295087
0.0029239
0.00293698
0.00292357
0.00295018
0.00299439
0.00297225
0.00299419
0.00296926
0.00303973
0.00301711
0.00303891
0.00304156
0.00308328
0.00305992
0.00308573
0.00309783
0.00307375
0.00306094
0.00308833
0.00313187
0.00310887
0.00313104
0.00317366
0.00315135
0.00349622
0.00349956
0.00350638
0.00352059
0.00353707
0.00353094
0.00354136
0.00354432
0.00355133
0.00356552
0.000445823
0.000430348
0.00041134
0.000442877
0.000434122
0.000428708
0.000480651
0.00047683
0.000471403
0.000457421
0.000891538
0.000893417
0.00093636
0.000914967
0.000937029
0.000984638
0.000971377
0.000984502
0.000960046
0.000982755
0.00101749
0.00100421
0.00103071
0.00100606
0.00102876
0.00107442
0.0010519
0.00107404
0.00111882
0.00109655
0.00111683
0.00153189
0.00151985
0.00153407
0.00155043
0.0015625
0.00157694
0.00156512
0.0015803
0.00159617
0.00240356
0.00245148
0.00244946
0.00243756
0.0024346
0.00241964
0.00247998
0.00246558
0.0028623
0.00290296
0.00288276
0.00290334
0.00294741
0.00292585
0.00294829
0.00299568
0.00298281
0.00299607
0.00297115
0.00299393
0.00302852
0.00301523
0.00304268
0.00301792
0.00304042
0.0030859
0.0030632
0.00308522
0.00312875
0.00310655
0.0035389
0.00352866
0.00354255
0.00355411
0.00355655
0.00358891
0.00356594
0.00357039
0.00358881
0.000439091
0.00043775
0.000425456
0.000423702
0.000408829
0.000468444
0.000453935
0.00089567
0.000896244
0.000937372
0.000915507
0.000937649
0.000982944
0.000960179
0.000982885
0.00102866
0.0010057
0.00102843
0.00107358
0.00105092
0.00107289
0.00109306
0.00153065
0.00153556
0.0015396
0.00155413
0.00156699
0.00158142
0.00156829
0.00157697
0.00158209
0.00159777
0.00240288
0.00240235
0.00244859
0.00244594
0.00245991
0.0024334
0.00243167
0.00242275
0.00241825
0.00290494
0.0029067
0.00294875
0.00292726
0.00294912
0.00299427
0.00297159
0.00299428
0.00304012
0.00301706
0.0030398
0.0030845
0.00306211
0.00308429
0.00310356
0.00354541
0.00353146
0.00354617
0.0035619
0.00357493
0.00358967
0.00357599
0.00359119
0.000436825
0.000436693
0.000422763
0.000422603
0.00040832
0.00046718
0.000452907
0.000938153
0.00091839
0.000938551
0.000982885
0.000960382
0.00098293
0.00102827
0.00100559
0.00102823
0.00107233
0.00105043
0.00107223
0.00109225
0.00154195
0.00157233
0.00155636
0.00157226
0.00158582
0.00158667
0.00160217
0.00161797
0.00241417
0.00240012
0.00238198
0.0024134
0.0023981
0.00244373
0.002428
0.00244357
0.00245859
0.00290746
0.00290785
0.00294936
0.00292806
0.0029494
0.00299435
0.00297175
0.00299439
0.00303969
0.00301707
0.00303962
0.00308312
0.00306145
0.00308139
0.00354727
0.00353297
0.00354765
0.00356315
0.00357664
0.00359146
0.00357735
0.00359176
0.000436911
0.000437154
0.000422801
0.000422749
0.000408145
0.000467641
0.000452957
0.000938802
0.000916943
0.000938505
0.00098292
0.000960364
0.000982927
0.00102823
0.00100562
0.00102827
0.00107245
0.00105074
0.00107273
0.00109258
0.00154132
0.00157238
0.0015562
0.00157227
0.00158689
0.00158594
0.00157732
0.00161809
0.00160001
0.00241334
0.00239813
0.0024141
0.00240012
0.00244334
0.00242776
0.00244347
0.00245831
0.00242282
0.00290769
0.00290751
0.00294927
0.00292747
0.00294907
0.00299437
0.00297166
0.00299434
0.00303956
0.00301706
0.0030397
0.00308119
0.00306189
0.00308302
0.00354708
0.00353202
0.00354658
0.00356284
0.00357754
0.00359184
0.00357712
0.00359176
0.000437823
0.00043863
0.000423403
0.00042501
0.000410111
0.000434173
0.000469597
0.000454543
0.000896567
0.000895474
0.000937855
0.000915762
0.000937388
0.00098289
0.0009599
0.000982801
0.00102841
0.00100581
0.00102863
0.00107293
0.00105132
0.00107334
0.00109512
0.00153058
0.00152144
0.00153537
0.00155155
0.0015685
0.0015821
0.00156669
0.00158097
0.00159706
0.00240243
0.00240286
0.00244611
0.00244865
0.00243175
0.00243326
0.00241881
0.00247805
0.00246419
0.00290682
0.00290461
0.00294897
0.00292642
0.00294875
0.00299429
0.00297154
0.00299426
0.00303988
0.00301713
0.00304001
0.00308409
0.00306254
0.00308391
0.00310409
0.00354607
0.00353055
0.00354554
0.00356131
0.00357618
0.00359115
0.00357473
0.00356607
0.00358968
0.000443548
0.000429326
0.000410986
0.000445492
0.000430306
0.000480659
0.000460775
0.00047658
0.000490668
0.000893265
0.000871068
0.000891656
0.0009368
0.000914274
0.000939254
0.000936435
0.000984581
0.000985118
0.000982416
0.000971708
0.000958314
0.000957843
0.00100419
0.00100374
0.00102878
0.00101725
0.00103064
0.00103074
0.00107411
0.00104975
0.00105229
0.00107462
0.00111725
0.00109706
0.00111899
0.001138
0.00153449
0.00151772
0.00153223
0.00154855
0.00156546
0.00158031
0.00156246
0.00155301
0.00157699
0.00240368
0.0024496
0.00245087
0.00243491
0.00243688
0.00242324
0.00244652
0.00248227
0.00246781
0.00249243
0.00286149
0.00290336
0.00288121
0.00290305
0.00294838
0.00292566
0.00295031
0.00294762
0.00299553
0.00299631
0.00299403
0.0029831
0.00296954
0.00296942
0.00301573
0.00301485
0.00304038
0.00302868
0.00304198
0.00304231
0.00308509
0.00306067
0.00306417
0.00308594
0.00310857
0.00312913
0.00350932
0.00354269
0.00352322
0.00353916
0.003557
0.00355414
0.00358894
0.00356949
0.00358896
0.000448395
0.000434608
0.000438986
0.000479509
0.000482728
0.000458562
0.000468798
0.000455432
0.000479811
0.000514264
0.000500353
0.000524928
0.000848574
0.000826149
0.000846554
0.0008911
0.000870517
0.000867974
0.000902495
0.000889512
0.000889067
0.000939628
0.000916633
0.000937728
0.000926112
0.000914089
0.000982718
0.0009602
0.000982898
0.00102795
0.00100573
0.00102833
0.00105127
0.0010733
0.00106321
0.00107598
0.0010766
0.00109423
0.00109508
0.00111957
0.00110813
0.00111972
0.00112235
0.00114328
0.00116371
0.00149449
0.00148403
0.00152919
0.00150825
0.00153265
0.00154351
0.00152225
0.00153628
0.00157341
0.00155296
0.0024569
0.00244339
0.00244672
0.00248756
0.00249142
0.00250553
0.00246715
0.00247699
0.00246331
0.00285902
0.00283657
0.0028568
0.00290542
0.00290466
0.00290222
0.00289173
0.0028802
0.00287767
0.00295048
0.0029265
0.00294876
0.00293657
0.0029237
0.00299426
0.00297182
0.00299431
0.00303891
0.00301706
0.00303971
0.00306235
0.00308331
0.00307386
0.00308601
0.00308857
0.00309765
0.00313112
0.00311005
0.00311136
0.003129
0.00313189
0.00315353
0.00317382
0.0034963
0.00348593
0.00349949
0.00353725
0.00351705
0.00354113
0.00355111
0.00353096
0.00352016
0.00354436
0.00356089
0.000491021
0.000477437
0.000482088
0.000522228
0.000527353
0.000502328
0.000513728
0.00049992
0.000525099
0.000558851
0.000545146
0.000570717
0.000802701
0.000779886
0.000802186
0.000799896
0.000848267
0.000845918
0.000857499
0.00084361
0.000833605
0.000820725
0.00082047
0.000892039
0.000868706
0.000891192
0.000891348
0.000939435
0.000937162
0.000925101
0.000911879
0.000982902
0.000982788
0.00102886
0.0010286
0.00107143
0.00107413
0.00108581
0.00111751
0.00109895
0.00112038
0.00111951
0.001132
0.00114227
0.00116327
0.00114521
0.00116375
0.00116629
0.00117675
0.00118974
0.00119009
0.00120914
0.00120939
0.00145055
0.00143831
0.00148652
0.00146488
0.00148276
0.0014654
0.00149615
0.00148391
0.00151828
0.00150724
0.00153231
0.00151027
0.00152831
0.0024503
0.00249607
0.00248185
0.00249251
0.00247176
0.00250426
0.00248989
0.00253785
0.00251727
0.00253522
0.0025491
0.00251651
0.0025345
0.00258029
0.00281424
0.00279086
0.0027905
0.0028237
0.00280984
0.0028101
0.00283716
0.00285795
0.00285982
0.0028366
0.00285483
0.00286772
0.00285411
0.0029036
0.00287975
0.00290109
0.00291441
0.00290051
0.0029494
0.00294872
0.00299409
0.00299445
0.0030395
0.00303988
0.00308554
0.00307391
0.00308827
0.00308822
0.00312873
0.00310926
0.00313113
0.00312915
0.00314213
0.00315146
0.0031536
0.00317671
0.00316555
0.00317926
0.00317948
0.00319833
0.00320022
0.00321993
0.00345266
0.00344098
0.00345477
0.00349528
0.00347282
0.00349808
0.00350899
0.0034867
0.00347453
0.00350045
0.00354054
0.00351798
0.000537096
0.000523575
0.000569015
0.000550231
0.000569688
0.000550674
0.000583305
0.000569682
0.000615389
0.000596495
0.000615361
0.000629219
0.000597072
0.000618276
0.00066406
0.000640221
0.00066338
0.00070923
0.000685394
0.000688438
0.000721022
0.000707061
0.000707612
0.000734243
0.000754396
0.0007539
0.000734357
0.000754554
0.000755348
0.000802437
0.000802507
0.000789068
0.000775223
0.000788753
0.000775183
0.000843426
0.000843481
0.00116759
0.00116757
0.00120859
0.00120907
0.00122248
0.0012226
0.00123586
0.00125529
0.00125773
0.00123571
0.0012552
0.00125532
0.00126872
0.00130332
0.00128252
0.00128202
0.00130408
0.0013014
0.00136079
0.00134747
0.00132656
0.00134917
0.00139344
0.00137369
0.00139324
0.00137038
0.00140588
0.00139284
0.00143909
0.00141963
0.00143928
0.00145294
0.00141943
0.00143888
0.00148444
0.00254724
0.00253456
0.00258031
0.00256062
0.00258014
0.00256097
0.00259307
0.00257981
0.00262611
0.00260671
0.00262595
0.00263899
0.00260721
0.00262837
0.00267435
0.00265041
0.00267374
0.00271993
0.00269582
0.0026985
0.0027312
0.00271746
0.00271785
0.00274472
0.0027644
0.00277743
0.00276349
0.00274455
0.0027642
0.00277765
0.00276432
0.00281163
0.00281188
0.00317693
0.0031769
0.00321217
0.00322563
0.00322557
0.00321157
0.00322517
0.00322494
0.00324525
0.00326606
0.00326845
0.00324539
0.00326586
0.00326511
0.00327989
0.00331358
0.00329286
0.00329253
0.00331429
0.00331136
0.00337089
0.00335736
0.00333639
0.00335964
0.00340389
0.00338446
0.00340339
0.00338167
0.00341695
0.00340335
0.0034498
0.00343015
0.00344916
0.00346232
0.0034302
0.00344901
0.00349508
0.00050511
0.000527329
0.000572679
0.000549088
0.000572148
0.000617788
0.000594177
0.00061538
0.000660871
0.00134883
0.0013941
0.00137348
0.0013939
0.00143802
0.00141657
0.00144047
0.00146257
0.00148369
0.00251591
0.00253721
0.0025828
0.00255908
0.00258217
0.00262792
0.00260398
0.00262545
0.0026712
0.00336038
0.00340539
0.00338485
0.003406
0.00344872
0.00342785
0.00345092
0.00347255
0.00349386
0.0004121
0.00044697
0.000435122
0.000432854
0.000459588
0.000478101
0.000492382
0.000480066
0.00045923
0.000478425
0.000491411
0.000478196
0.000524309
0.000524273
0.00062892
0.00061598
0.000661685
0.000642232
0.000661794
0.000642328
0.000675217
0.000661544
0.000707788
0.000688503
0.000707554
0.000721112
0.000687983
0.00070679
0.000752642
0.00126825
0.00125513
0.00130115
0.00128171
0.00130071
0.00131467
0.0013024
0.00134709
0.00132805
0.00134711
0.00136023
0.00132784
0.00134649
0.00139258
0.00148461
0.00148464
0.00149848
0.00149726
0.00151164
0.00152991
0.00152891
0.00151076
0.00153051
0.00153027
0.00154334
0.00155509
0.00155747
0.00157622
0.00242428
0.00245712
0.0024452
0.0024428
0.00247009
0.00248883
0.00250216
0.0024891
0.00246976
0.00248904
0.00250194
0.00248849
0.00253524
0.0025346
0.00263901
0.00262566
0.00267135
0.00265247
0.00267209
0.00265342
0.00268467
0.00267206
0.00271782
0.00269897
0.00271802
0.00273085
0.00269717
0.00276395
0.00327925
0.00326639
0.00331196
0.00329236
0.00331149
0.003293
0.00332504
0.0033121
0.00335793
0.00333826
0.00335815
0.00337152
0.00333853
0.00335775
0.00340273
0.00349515
0.00349394
0.00350832
0.00350765
0.00352172
0.00354027
0.00352105
0.00354013
0.00353972
0.00355312
0.00356536
0.00356694
0.00358787
0.000436587
0.000412678
0.000432186
0.000445757
0.000434979
0.000423331
0.000409811
0.00071935
0.000706083
0.000710128
0.000752405
0.000756709
0.000731007
0.000742686
0.000728989
0.000753455
0.00078907
0.000775262
0.000800458
0.00121206
0.00120037
0.00121435
0.00125746
0.00123401
0.00125396
0.00126811
0.00125646
0.00129035
0.0012792
0.00130454
0.00128183
0.00130027
0.00156345
0.00157723
0.00156662
0.00157804
0.00158058
0.00159067
0.00160183
0.00160407
0.00162177
0.00240117
0.00237836
0.00241014
0.00239864
0.00239656
0.00244682
0.00244564
0.00243596
0.00242278
0.00243371
0.00242205
0.00267727
0.00272328
0.00270889
0.00272059
0.00269994
0.00273226
0.00271823
0.00276291
0.00274616
0.0027658
0.00274384
0.00279954
0.00278535
0.00281087
0.00322225
0.00321083
0.00322491
0.0032664
0.00324358
0.00326892
0.00328018
0.00325765
0.00324631
0.00327109
0.00331265
0.00329013
0.00354325
0.00354556
0.00355429
0.00356816
0.00358803
0.00357705
0.00359049
0.00358997
0.000421455
0.000408153
0.000713436
0.000763991
0.000749859
0.000734087
0.000767452
0.000752854
0.000798307
0.000782099
0.000800738
0.000778098
0.000834561
0.000820629
0.000845642
0.00116637
0.00115584
0.00117057
0.00121164
0.00118919
0.00120937
0.00122384
0.00121251
0.00124561
0.00123447
0.0012594
0.00123701
0.00125559
0.00157771
0.00158193
0.00158769
0.00160194
0.00161919
0.00161237
0.00162297
0.0016262
0.00163308
0.0016473
0.00166424
0.00235625
0.00233539
0.00236696
0.00235269
0.00240165
0.002381
0.00239797
0.00241202
0.00238756
0.00237712
0.00272258
0.00276835
0.0027546
0.00276567
0.00274454
0.0027762
0.00276287
0.00280794
0.00279049
0.00281075
0.00278741
0.0028445
0.0028299
0.00317639
0.00316549
0.00317948
0.00322101
0.00319929
0.00321823
0.00323567
0.00323237
0.00322224
0.00326827
0.00324714
0.00326602
0.00358975
0.00357809
0.00359131
0.00359068
0.000756115
0.000758269
0.000802816
0.000788912
0.00079926
0.000776383
0.000809258
0.000794649
0.000842598
0.000824044
0.000844633
0.000878379
0.000863705
0.00113096
0.0011205
0.0011672
0.00114548
0.00116518
0.00118436
0.00120213
0.00121681
0.00119971
0.00121516
0.00125288
0.00123331
0.00162189
0.00160992
0.00162442
0.00163663
0.00164139
0.00164627
0.00166714
0.00165581
0.00167015
0.00168717
0.0023131
0.0023585
0.00235404
0.00236424
0.0023498
0.0023441
0.0023301
0.00239887
0.00239473
0.00238963
0.00237559
0.00276496
0.00276655
0.00281258
0.00281554
0.00279785
0.00280026
0.00278508
0.00285811
0.00283511
0.00285482
0.00286885
0.00313214
0.003122
0.0031368
0.00317743
0.0031551
0.00317578
0.0031907
0.00321153
0.00320099
0.00322528
0.00320552
0.00322376
0.00324158
0.000811013
0.000795758
0.000779838
0.000812466
0.000797161
0.000845501
0.000827865
0.000846613
0.000881101
0.0008666
0.000891158
0.00112535
0.00110912
0.00112483
0.00116496
0.00114366
0.00116378
0.00117901
0.0011977
0.00118843
0.00121237
0.00119353
0.00121108
0.00122928
0.00162648
0.00161312
0.0016274
0.00164352
0.00165761
0.00167204
0.00165847
0.00167311
0.0016895
0.00231199
0.00231058
0.00235751
0.00235654
0.00234277
0.00234165
0.00232685
0.00238746
0.0023729
0.0027692
0.00277058
0.00281678
0.00280207
0.00281148
0.0027891
0.00282086
0.00280649
0.0028563
0.00283623
0.00285645
0.00289046
0.00287529
0.0031356
0.00311819
0.00313346
0.00317339
0.00315372
0.00317244
0.00318873
0.00318789
0.00322245
0.00320292
0.00322036
0.000813502
0.00079912
0.000781597
0.000800125
0.000846582
0.000847085
0.000822742
0.000831585
0.000817261
0.000886296
0.000867388
0.000887177
0.000902742
0.00112399
0.00110809
0.00112392
0.00116196
0.00114267
0.00116136
0.00117737
0.001177
0.00121182
0.00119288
0.00121137
0.00162272
0.00162739
0.00163143
0.00164518
0.00165913
0.00167416
0.00166053
0.00167397
0.00169122
0.00170845
0.00230908
0.00229147
0.00230893
0.00235625
0.00235475
0.00236843
0.00234049
0.00233931
0.00232609
0.00277098
0.00282206
0.00280668
0.00278874
0.00282254
0.00280712
0.00285698
0.00283825
0.00285718
0.00289192
0.0028763
0.00309725
0.00313248
0.00311339
0.00313295
0.00317219
0.0031528
0.00317669
0.00318641
0.00316742
0.00318187
0.00321931
0.00319981
0.00321846
0.00080005
0.000780896
0.000813534
0.000799143
0.000847151
0.00082811
0.000846617
0.000831468
0.000822816
0.000887547
0.000867844
0.000886788
0.000901373
0.000891366
0.00112433
0.00110837
0.0011242
0.00116166
0.001143
0.00116218
0.00117765
0.00117799
0.00121127
0.00119322
0.00121167
0.00122933
0.00162286
0.00161405
0.00162757
0.00164349
0.00166001
0.00167342
0.00165873
0.00167347
0.00170821
0.00169108
0.00230856
0.0023085
0.00235464
0.00235601
0.00233993
0.00234122
0.00232642
0.00238639
0.00237254
0.00277069
0.00282305
0.00280727
0.00278815
0.00282262
0.00280704
0.00285711
0.0028381
0.00285685
0.0028915
0.00287572
0.00309835
0.00313293
0.00311363
0.00313251
0.0031536
0.00317169
0.00316809
0.00317715
0.00318267
0.00318618
0.00321831
0.0032009
0.00321924
0.000812053
0.00079689
0.000777606
0.000810866
0.000795752
0.000846488
0.000826486
0.000845593
0.000879946
0.000864514
0.00112405
0.00111024
0.00112488
0.00112062
0.00116361
0.00114388
0.00116478
0.00117881
0.00118259
0.00118811
0.00121086
0.00119762
0.00121231
0.00123041
0.00162726
0.00161157
0.00162611
0.00164294
0.00165884
0.00167337
0.00165801
0.00167224
0.00168838
0.00231042
0.00231194
0.0023563
0.00235746
0.00234171
0.00234288
0.00232815
0.00238836
0.00237371
0.00277038
0.00276928
0.00281725
0.00281209
0.00282106
0.00280658
0.00280232
0.00278752
0.00285648
0.00283529
0.00285628
0.00288959
0.00287535
0.00313344
0.00312005
0.0031352
0.00317265
0.00315425
0.00317361
0.00318805
0.00318935
0.0032204
0.00320431
0.00322249
0.000757918
0.000755849
0.000803009
0.000799042
0.000808621
0.00079433
0.000789303
0.000778253
0.000775092
0.000844806
0.000822545
0.000843084
0.00085702
0.000845418
0.00116518
0.00115256
0.0011673
0.00118731
0.00119959
0.00121522
0.00120198
0.00121255
0.00121663
0.00123503
0.00125281
0.00159137
0.00162415
0.00160506
0.00162144
0.00163563
0.00165598
0.00164608
0.00167
0.00165016
0.00166732
0.00231273
0.0023588
0.00234456
0.00235385
0.00233257
0.00236373
0.00234966
0.00239886
0.0023784
0.0023949
0.00240863
0.00276664
0.00274744
0.00276502
0.00281572
0.00281273
0.00280035
0.00279872
0.00278783
0.0027837
0.00285756
0.00285463
0.00284655
0.00283245
0.00313218
0.0031363
0.00314328
0.0031757
0.00315724
0.00317744
0.00319067
0.00319724
0.00320087
0.00322361
0.0032113
0.00322203
0.00322526
0.00324396
0.00359116
0.000424804
0.000410417
0.000435111
0.000713372
0.000767724
0.00075278
0.000731656
0.000764733
0.000753536
0.000750009
0.000800813
0.000779123
0.000798426
0.000812766
0.000800755
0.00116652
0.00117049
0.00117777
0.00120943
0.00119187
0.0012116
0.00122346
0.00123155
0.00123435
0.00125558
0.00124566
0.00125627
0.00125939
0.00127755
0.00157773
0.00156728
0.00158195
0.00161884
0.0015986
0.00162296
0.00163276
0.00161261
0.0016015
0.00162641
0.00166452
0.00164388
0.00236682
0.00235263
0.00235603
0.00239817
0.00240173
0.00237723
0.00238836
0.00237407
0.0023986
0.00243274
0.00241853
0.00272266
0.00276849
0.0027654
0.0027765
0.00276302
0.00275461
0.00274363
0.00274057
0.00281048
0.00278826
0.00280867
0.00282283
0.00281149
0.00317634
0.00317937
0.00318787
0.0032178
0.00320159
0.00322066
0.0032327
0.00323597
0.00326628
0.00324695
0.00325078
0.00326862
0.00328719
0.00359251
0.00357559
0.00359004
0.00043203
0.000436679
0.000409692
0.000423698
0.000410423
0.000434751
0.000468529
0.000454871
0.000479795
0.000710207
0.000687872
0.000687594
0.000719978
0.000707225
0.000706745
0.000756446
0.000733429
0.000752219
0.000765556
0.000752692
0.000742455
0.000730953
0.00121183
0.00121445
0.00122333
0.00125403
0.00123669
0.00125732
0.00125536
0.00126775
0.00127634
0.00127901
0.00129966
0.00129023
0.00130248
0.00130447
0.00132291
0.00154083
0.00152876
0.00157736
0.00155425
0.0015786
0.00158989
0.00156737
0.00155527
0.00158102
0.00162187
0.00159909
0.00240941
0.00239584
0.00240105
0.00244679
0.00244575
0.00245857
0.00242163
0.00243309
0.00241908
0.002445
0.00248946
0.00267727
0.00272355
0.00272088
0.0027324
0.00271813
0.00270925
0.00269739
0.00269515
0.00276572
0.00274276
0.00276271
0.00277596
0.00276326
0.00322197
0.00322491
0.00323375
0.00324736
0.00326647
0.00326607
0.0032574
0.00326862
0.00327108
0.00327993
0.00329286
0.00329346
0.00331254
0.00331238
0.00354331
0.00353154
0.00354538
0.003588
0.00356328
0.00359036
0.00357675
0.0035649
0.00359018
0.000446707
0.000432678
0.000478228
0.000459544
0.000478614
0.000459093
0.000491954
0.000478289
0.000524502
0.000505836
0.000524517
0.000537367
0.000505793
0.000527255
0.000572697
0.000548938
0.000572105
0.000617771
0.000594079
0.000596409
0.000629408
0.000615618
0.000615932
0.00064239
0.000661489
0.000675158
0.000661055
0.000642174
0.000661648
0.000674757
0.000661447
0.000707802
0.000707514
0.00130154
0.00130072
0.00131542
0.00131462
0.00132836
0.00134693
0.00134881
0.00132774
0.00134712
0.00134641
0.00136047
0.00139417
0.00137358
0.00137332
0.00139401
0.00139212
0.00145173
0.00143818
0.00141647
0.00144046
0.0014845
0.00146505
0.00148428
0.0014626
0.00149784
0.00148383
0.00153046
0.00151084
0.00153031
0.00154391
0.00151162
0.00153011
0.00157587
0.00245659
0.00244281
0.00248941
0.00246969
0.00248928
0.00246968
0.00250249
0.00248864
0.00253454
0.0025158
0.00253422
0.00254721
0.00251619
0.00253743
0.00258281
0.00255906
0.00258211
0.00262779
0.0026039
0.00260641
0.00263875
0.00262548
0.00262542
0.00265231
0.00267149
0.00268506
0.00267113
0.00265237
0.00267172
0.00268502
0.002672
0.00271824
0.0027185
0.00331261
0.00331202
0.00332565
0.00332572
0.00333845
0.0033579
0.00336028
0.00333856
0.00335748
0.00335779
0.00337078
0.00340541
0.00338426
0.00338421
0.00340586
0.00340356
0.00346235
0.00344883
0.00342789
0.00345095
0.00349454
0.00347571
0.00349418
0.00347258
0.00350719
0.00349371
0.00354028
0.00352099
0.00354024
0.00355277
0.00352094
0.00353957
0.0035883
0.000435883
0.00047995
0.000456765
0.000479466
0.000526411
0.000501163
0.000523688
0.000569635
0.00144143
0.00148635
0.00146567
0.00148674
0.00152987
0.00150875
0.00153187
0.00155376
0.00157517
0.00242506
0.00244624
0.00249163
0.00246805
0.00249127
0.00253672
0.00251324
0.00253477
0.00257964
0.00345144
0.00349641
0.00347557
0.00349713
0.00353928
0.00351922
0.00354238
0.00356321
0.000432578
0.000434606
0.000422556
0.000409618
0.00053813
0.000524079
0.000570114
0.00055126
0.000570554
0.000550237
0.000583186
0.000570417
0.00061615
0.00059648
0.000615884
0.000628845
0.000596448
0.000615108
0.00066056
0.0013606
0.00134829
0.00139244
0.00137357
0.00139245
0.00140648
0.0013944
0.00143871
0.00141955
0.00143889
0.00145235
0.00141904
0.00143805
0.00148407
0.00157604
0.00157555
0.00158953
0.00158866
0.00160288
0.00162154
0.00160246
0.00162166
0.00162139
0.00163469
0.00164667
0.00164839
0.00166708
0.00233271
0.00236528
0.00235338
0.00235142
0.00237829
0.00239744
0.00241149
0.00239889
0.00237865
0.00239771
0.00241124
0.00239761
0.0024433
0.0024436
0.00254799
0.00253503
0.00257995
0.00256136
0.00258023
0.00256218
0.00259331
0.00258077
0.00262622
0.00260742
0.00262585
0.00263885
0.00260579
0.00337101
0.00335831
0.00340311
0.00338421
0.00340305
0.00338458
0.00341635
0.00340359
0.00344913
0.0034295
0.00344931
0.00346255
0.00342978
0.00344857
0.00349497
0.00358834
0.00357734
0.00359047
0.00359056
0.000627444
0.000614549
0.000618188
0.000659854
0.00066373
0.000639149
0.000649991
0.000635969
0.000695497
0.000680907
0.00131402
0.00130251
0.00135049
0.00132747
0.00134599
0.00136003
0.00134827
0.00138242
0.00137095
0.00139601
0.00137372
0.00139139
0.00162413
0.00162649
0.00163534
0.00164952
0.00166716
0.0016586
0.00167019
0.00167264
0.00168123
0.00169234
0.00169541
0.00171405
0.00173269
0.00226736
0.00230967
0.00228588
0.0023193
0.00230729
0.00230517
0.00235518
0.00233259
0.0023501
0.00236358
0.00235286
0.00234135
0.00233028
0.00258613
0.00263149
0.00261737
0.00262886
0.00260887
0.00264059
0.00262662
0.00267485
0.00265451
0.00267233
0.00268601
0.0026516
0.00331513
0.00330508
0.00331889
0.00335881
0.00333603
0.0033614
0.0033722
0.00335012
0.00336437
0.00340412
0.00338187
0.000621867
0.000667555
0.000653259
0.000664394
0.00064249
0.00067533
0.000660431
0.000709254
0.000689112
0.000706366
0.000720488
0.000685107
0.00127039
0.00130568
0.00128461
0.00130211
0.00131701
0.0013374
0.0013272
0.0013513
0.00133097
0.00134813
0.00166846
0.00167171
0.00167816
0.00169292
0.00171043
0.00170306
0.00171421
0.00171697
0.00172469
0.00173956
0.00175837
0.0022643
0.00224139
0.00227509
0.0022603
0.00231042
0.00228941
0.00230692
0.00232148
0.00229619
0.00228563
0.00263081
0.00267686
0.00266242
0.00267313
0.00265183
0.00268315
0.00266871
0.0027196
0.00269801
0.00271553
0.00273022
0.00327936
0.0032687
0.00331533
0.00329376
0.00331172
0.00332591
0.00331508
0.00334636
0.00333602
0.00336115
0.00333956
0.0033576
0.000663517
0.000666015
0.000709444
0.000711921
0.000694611
0.000697139
0.000682394
0.000743625
0.000729573
0.000753638
0.00125694
0.00124732
0.00126166
0.00129944
0.00127979
0.00129776
0.00131428
0.00131189
0.00130219
0.00134493
0.00132646
0.00134277
0.00171325
0.00170148
0.00171616
0.00172812
0.00173378
0.00173801
0.00176024
0.0017476
0.00176161
0.00178117
0.00222182
0.00221878
0.00226646
0.00226175
0.00227184
0.00225741
0.00225221
0.00223797
0.00230836
0.00230438
0.00229894
0.00228402
0.00268606
0.00267117
0.00265663
0.00268852
0.00267366
0.0027186
0.00270275
0.00272026
0.00269774
0.00275228
0.00273816
0.00327277
0.00325572
0.0032701
0.00328793
0.00330509
0.00331941
0.00330315
0.00331795
0.0033338
0.000667319
0.000713313
0.000699209
0.000708114
0.000686048
0.000717269
0.000703074
0.000748955
0.000731795
0.00074935
0.000764425
0.00126111
0.00124464
0.00125981
0.00127637
0.0012925
0.00130655
0.00129118
0.00130605
0.00132255
0.00171817
0.0017042
0.00171927
0.00173748
0.00175526
0.00174991
0.00175951
0.00176379
0.00176928
0.00180093
0.00178328
0.00180125
0.00221745
0.00219847
0.0022309
0.00221673
0.00226405
0.00224521
0.00226252
0.00225021
0.0022403
0.00229551
0.00228027
0.00267595
0.00267781
0.0027213
0.00272346
0.00270681
0.00270883
0.00269419
0.00275532
0.00274039
0.00323563
0.00326914
0.00325048
0.00326817
0.00328304
0.00330075
0.00329194
0.0033158
0.00329713
0.00331375
0.000718862
0.00070389
0.000687724
0.00071907
0.000704365
0.000750053
0.000733845
0.000750493
0.000765818
0.0012251
0.00125786
0.00123927
0.00125692
0.00127494
0.00129094
0.00130577
0.00129047
0.00130527
0.00132108
0.00171431
0.00172003
0.00172261
0.00175475
0.00173694
0.00175437
0.00176979
0.00176982
0.00180211
0.00178557
0.00180262
0.00223029
0.00221494
0.00219716
0.00222936
0.00221426
0.00226327
0.00224481
0.0022629
0.00227743
0.00267858
0.00267883
0.00272452
0.00272477
0.0027093
0.00270935
0.00269497
0.00276565
0.00274352
0.00276093
0.00277479
0.00323422
0.00326638
0.00324947
0.00326586
0.00328125
0.0032808
0.00331246
0.00329568
0.00331207
0.000719167
0.000704506
0.000687288
0.00071882
0.00070407
0.000750757
0.000733434
0.000750375
0.000765563
0.00125661
0.00124367
0.00125749
0.00127528
0.00128989
0.00130491
0.00129012
0.00130508
0.00132182
0.00171402
0.00170554
0.00171974
0.00175497
0.0017365
0.0017551
0.00177051
0.00177018
0.00180273
0.00178487
0.00180239
0.00222901
0.00221417
0.00219756
0.00222953
0.00221489
0.00226298
0.00224475
0.00226332
0.00229454
0.00228061
0.00267863
0.00267802
0.00272469
0.00272463
0.00270961
0.00270969
0.00269477
0.00276553
0.00276087
0.00275639
0.00274225
0.00323444
0.00326632
0.00324948
0.00326686
0.0032811
0.0032817
0.00331222
0.00329613
0.00331266
0.000667066
0.000713376
0.000708125
0.000717593
0.000703355
0.000698845
0.000684314
0.000749692
0.000731047
0.000748762
0.000763141
0.000753425
0.0012596
0.00124581
0.00126112
0.00127857
0.00129134
0.00130616
0.0012928
0.0013024
0.00130718
0.00132432
0.00171968
0.0017035
0.00171841
0.00175498
0.00173597
0.00175993
0.00176896
0.00175037
0.00176449
0.00180153
0.00178243
0.00180054
0.0022309
0.00221679
0.00219939
0.00221758
0.00226261
0.0022641
0.00224069
0.00225042
0.00223584
0.00229717
0.00228186
0.00267742
0.00267596
0.00272373
0.0027211
0.00270881
0.00270675
0.00269748
0.00269273
0.00275422
0.0027392
0.00323641
0.0032684
0.00325103
0.00326912
0.00328267
0.00328677
0.00329179
0.00331395
0.00330094
0.00331575
0.00333263
0.000665482
0.00066341
0.000712021
0.000709556
0.000697045
0.000695022
0.000684829
0.000680762
0.000741147
0.000727303
0.00125708
0.0012621
0.00126701
0.00129751
0.00128127
0.00129935
0.00131195
0.00131408
0.00134279
0.00132848
0.00134488
0.00168172
0.0017159
0.00169593
0.00171298
0.00172814
0.00174782
0.0017382
0.00176202
0.00174265
0.0017603
0.0017788
0.00221883
0.0022215
0.0022668
0.00225319
0.00226249
0.00223983
0.00227201
0.00225771
0.00230833
0.00228667
0.0023042
0.00231833
0.00268846
0.00267365
0.00265528
0.00268614
0.00267116
0.00272005
0.00270099
0.0027185
0.00273302
0.00327032
0.00325869
0.00327292
0.00326904
0.00329047
0.00330298
0.00331763
0.00330492
0.00331493
0.00331913
0.00333637
0.000621974
0.000667734
0.000663311
0.000673505
0.000660301
0.000653366
0.000639131
0.000709697
0.000706566
0.000698895
0.000684715
0.0013022
0.00129175
0.00130586
0.00130268
0.00131673
0.00132391
0.00132705
0.00134813
0.00133777
0.00134836
0.00135145
0.00136933
0.00166816
0.00165773
0.00167162
0.00171049
0.00168929
0.00171438
0.00172499
0.00170321
0.00169266
0.00171686
0.00175844
0.00173564
0.00227515
0.00226034
0.00226405
0.00230685
0.00231061
0.00228538
0.00229622
0.00228263
0.0023076
0.00234229
0.00232852
0.00235306
0.0026307
0.00267634
0.00267302
0.00268305
0.00266902
0.00266249
0.00265152
0.00264832
0.00271957
0.00271524
0.00270859
0.0026941
0.0033115
0.00330092
0.00331491
0.00332582
0.00333313
0.00333658
0.00335723
0.00334737
0.00336073
0.00337794
0.000618173
0.000596807
0.000596114
0.000627215
0.000614761
0.000614339
0.000663957
0.000641658
0.000659834
0.000672943
0.000660475
0.0006501
0.000639006
0.0013456
0.00133714
0.00135066
0.00134847
0.00135934
0.00136861
0.00137125
0.00139161
0.00138254
0.00139388
0.00139627
0.00141409
0.00162415
0.00161266
0.00162616
0.00166734
0.00164451
0.00167034
0.00168157
0.00165812
0.00164673
0.00167232
0.00171418
0.00169083
0.00226735
0.00231873
0.00230416
0.00230933
0.00235073
0.00235539
0.00233002
0.00234165
0.0023276
0.0023534
0.00238675
0.00237322
0.00239877
0.00258575
0.00263111
0.00262892
0.00263997
0.00262656
0.0026177
0.002606
0.00260392
0.00267489
0.00267248
0.00266333
0.00264941
0.00331522
0.00331873
0.00332686
0.00333999
0.00335816
0.00335798
0.00335008
0.00336107
0.00336439
0.00337238
0.00338488
0.00338554
0.00340368
0.00340384
0.000432418
0.000434499
0.000446183
0.000409519
0.000422569
0.000409462
0.000436146
0.000480113
0.000456812
0.000479384
0.00052628
0.00050126
0.000505081
0.000537989
0.00052375
0.000524206
0.000551446
0.000570145
0.000583035
0.00056945
0.000551203
0.000570724
0.00058405
0.000570159
0.000615874
0.000615834
0.00139308
0.0013924
0.00140664
0.00140592
0.00141995
0.00143869
0.00144149
0.0014191
0.00143806
0.00143757
0.00145141
0.00148625
0.0014653
0.00146499
0.00148663
0.00148379
0.00154339
0.00153002
0.00150862
0.00153181
0.00157561
0.00155628
0.00157526
0.0015536
0.00158792
0.00157469
0.0016216
0.00160204
0.00162145
0.00163483
0.00160172
0.00162064
0.00166702
0.0023658
0.0023518
0.00239688
0.00237874
0.00239832
0.00237904
0.00241152
0.00239804
0.00244396
0.00242482
0.00244393
0.00245754
0.00242479
0.00244625
0.00249149
0.00246815
0.00249114
0.00253681
0.00251309
0.00251586
0.00254776
0.00253434
0.0025347
0.00256146
0.00258015
0.00259282
0.00257962
0.00256122
0.00258091
0.00259413
0.00258096
0.00262625
0.00262645
0.00340331
0.00340329
0.00341644
0.00341651
0.00342972
0.003449
0.00345142
0.00342956
0.00344918
0.00344879
0.0034624
0.00349639
0.00347585
0.00347517
0.00349707
0.00349438
0.00355279
0.00353954
0.00351926
0.00354246
0.00358822
0.00356515
0.00358995
0.00357693
0.00356353
0.00359056
0.000433716
0.0004114
0.000431969
0.000477245
0.00153215
0.00157723
0.0015557
0.00157746
0.00162052
0.00159972
0.00162295
0.00164485
0.00166616
0.00233393
0.00235511
0.0024007
0.00237708
0.00240013
0.00244592
0.00242245
0.00244367
0.00248883
0.00354441
0.0035884
0.00356862
0.00358889
0.000446331
0.000434426
0.000477468
0.000459564
0.000479688
0.000481727
0.000524304
0.000526408
0.000537678
0.000499675
0.000513729
0.000500386
0.000525553
0.000569641
0.00145186
0.00143974
0.00148409
0.00146469
0.00148305
0.00149658
0.00148465
0.00152913
0.0015098
0.00152934
0.00154209
0.00150966
0.00152853
0.00157496
0.00166684
0.00166634
0.00167942
0.00168005
0.00169369
0.00171309
0.00169361
0.00171335
0.0017128
0.00172612
0.00173925
0.00173956
0.00175829
0.00176035
0.00224208
0.00223934
0.00227385
0.00226042
0.00226022
0.00228668
0.00230592
0.0023197
0.00230745
0.00228698
0.00230618
0.00231975
0.00230625
0.00235256
0.00235277
0.00245698
0.00244391
0.00248941
0.00247059
0.00248981
0.00247155
0.00250273
0.00248995
0.00253603
0.00251666
0.0025357
0.00254879
0.0025151
0.00346126
0.00344855
0.00349523
0.00347393
0.00350021
0.00348728
0.00347484
0.00350019
0.00354294
0.00352025
0.00354092
0.00355528
0.00351787
0.000537047
0.000523004
0.000527863
0.000568627
0.000572866
0.000547808
0.000558699
0.000545008
0.000569349
0.000603637
0.000589379
0.00140454
0.00139375
0.00144145
0.00141868
0.00143642
0.0014501
0.00143918
0.00147276
0.00146164
0.00148674
0.00146432
0.0014822
0.00171746
0.00171816
0.0017572
0.00174646
0.00176155
0.00177081
0.001781
0.00178311
0.00180379
0.00179442
0.00180588
0.00180871
0.00182858
0.00184908
0.00215105
0.00217134
0.00221939
0.0022171
0.00222887
0.00221504
0.00220546
0.00219404
0.0021914
0.00226532
0.00226266
0.0022533
0.00223874
0.0024951
0.00254059
0.00252701
0.00253837
0.00251823
0.00254893
0.00253575
0.00258419
0.00256295
0.00258142
0.0025952
0.00256028
0.00340658
0.00339571
0.00341054
0.0034494
0.00342727
0.00345166
0.00346339
0.00344038
0.00343017
0.00345434
0.00349484
0.00347256
0.000579844
0.000566132
0.000552624
0.000584344
0.000569727
0.000618668
0.00059887
0.000615113
0.000628618
0.000594004
0.00136278
0.001397
0.00137687
0.0013938
0.00140757
0.00142855
0.00141778
0.00144232
0.00142131
0.0014384
0.00176133
0.00176517
0.00177213
0.00180327
0.00178561
0.00180563
0.00181738
0.00182597
0.00182866
0.00185172
0.00184009
0.00185071
0.00185406
0.00187465
0.0018966
0.0019175
0.00208217
0.00212779
0.00210353
0.00212536
0.0021745
0.00217151
0.00218261
0.00216855
0.00216044
0.00214939
0.00214604
0.00221631
0.00219433
0.00221426
0.00222809
0.00221774
0.00254062
0.00258528
0.00257153
0.0025821
0.00256133
0.00259227
0.00257839
0.0026273
0.00260631
0.00262374
0.00263766
0.0033714
0.00336139
0.00340571
0.00338473
0.0034015
0.00341978
0.00341612
0.00340595
0.00345061
0.00343032
0.00344718
0.000572765
0.000575267
0.00061807
0.000620289
0.0006034
0.000605933
0.000591611
0.000651555
0.000636912
0.00135688
0.00134783
0.00139102
0.00137154
0.00139521
0.00140452
0.0013857
0.00139941
0.00143589
0.00141635
0.00180785
0.00179576
0.00181015
0.00180589
0.00184655
0.00182862
0.00184939
0.00186137
0.0018641
0.00189755
0.00187396
0.00187863
0.00189805
0.00194173
0.00192016
0.00194248
0.00196561
0.00198829
0.00203642
0.00201181
0.00203438
0.00208018
0.00205747
0.00207964
0.00213856
0.0021236
0.00210171
0.00213583
0.00212569
0.00212103
0.00217204
0.00215067
0.00217119
0.00220396
0.00218944
0.00259486
0.00258102
0.00258359
0.00262505
0.00262846
0.00264253
0.00260491
0.00261496
0.0026007
0.00336522
0.00334831
0.00336322
0.00337954
0.0033962
0.00341043
0.00339427
0.0034089
0.00342493
0.00057682
0.0006215
0.000607417
0.000616614
0.000595117
0.000625799
0.000611811
0.000662188
0.000640509
0.000657041
0.000671204
0.00135246
0.00133704
0.00135162
0.00136785
0.00138311
0.00139808
0.00138246
0.00139705
0.00141316
0.00181656
0.00185104
0.0018326
0.00185187
0.00187233
0.00188462
0.00189961
0.00188728
0.00189721
0.00190184
0.00194304
0.0019212
0.00194331
0.00198863
0.00196589
0.00198861
0.00203428
0.00201142
0.00203413
0.00207924
0.0020568
0.00207951
0.00213041
0.00212792
0.00211571
0.00211316
0.00210324
0.00209882
0.00216953
0.00214818
0.00216751
0.00218329
0.00258553
0.00258689
0.00263155
0.00263218
0.00261642
0.00261761
0.00260305
0.00266314
0.00264831
0.00332859
0.0033613
0.00334275
0.00335958
0.00337397
0.00339263
0.00338315
0.00340682
0.00338802
0.00340485
0.000627232
0.000612866
0.000597051
0.000627674
0.000613155
0.000658302
0.000642173
0.000658522
0.000673019
0.00135123
0.00133575
0.00135082
0.00136648
0.00138183
0.00139643
0.00138101
0.00139604
0.00141229
0.0018182
0.0018526
0.00183409
0.00185272
0.00189212
0.00187277
0.00189197
0.0019071
0.00190779
0.00194366
0.0019239
0.00194398
0.00198862
0.00196608
0.00198862
0.002034
0.00201135
0.00203398
0.00209327
0.00207805
0.00205578
0.00209204
0.00207613
0.00212647
0.00210738
0.00212689
0.00216704
0.00214737
0.00216668
0.00218217
0.00258763
0.00258772
0.00263283
0.00263285
0.00261851
0.00261837
0.00260397
0.0026638
0.00264899
0.00332693
0.00335812
0.00334157
0.00335741
0.00337303
0.0033723
0.00340361
0.00338736
0.00340324
0.000627315
0.000612852
0.000596446
0.000626527
0.000612014
0.000657882
0.000641608
0.000657489
0.000672188
0.00135069
0.00133652
0.00135107
0.0013675
0.0013813
0.00139612
0.00138207
0.0013966
0.00141281
0.00181785
0.0018526
0.00183324
0.00185238
0.00189157
0.00187312
0.00189172
0.00190767
0.0019067
0.00189667
0.00194405
0.00192231
0.00194376
0.00198863
0.00196597
0.00198862
0.00203398
0.00201139
0.00203404
0.00209216
0.00207625
0.00205622
0.00209366
0.00207767
0.00212722
0.00210854
0.00212675
0.00210332
0.00216697
0.0021476
0.0021669
0.0021823
0.00258791
0.00258753
0.00263295
0.00263284
0.00261843
0.0026186
0.00260397
0.00266322
0.00264892
0.00332746
0.00335771
0.00334209
0.0033584
0.00337273
0.00337354
0.00340306
0.00338824
0.00340341
0.000576519
0.000622051
0.000617133
0.000625666
0.00061167
0.000608202
0.000593472
0.000662479
0.000657348
0.000653344
0.000638777
0.00135155
0.00133873
0.00135245
0.0013479
0.00136836
0.00138241
0.00139713
0.00138346
0.00139812
0.00141452
0.00181503
0.00180575
0.00185166
0.00183025
0.00185108
0.00187011
0.00188686
0.00190152
0.00188489
0.00187469
0.00189961
0.0019433
0.00192083
0.00194298
0.00198858
0.00196558
0.0019886
0.00203417
0.00201147
0.0020345
0.00207873
0.00205709
0.00207914
0.00212784
0.00213003
0.00211284
0.00211517
0.00210019
0.00212539
0.00216711
0.0021488
0.00216945
0.00218446
0.00258671
0.00258563
0.00263203
0.00263143
0.00261735
0.0026162
0.00260153
0.0026616
0.00264755
0.00335959
0.00334693
0.00336133
0.00337427
0.00337796
0.0033831
0.00340477
0.00339216
0.00340673
0.00342358
0.000574938
0.000572476
0.000620516
0.000617983
0.000605899
0.000603721
0.000594072
0.000589521
0.000648932
0.000635009
0.00135978
0.00137509
0.00139083
0.0013858
0.00139515
0.00139972
0.0014048
0.00141902
0.00143575
0.00181045
0.00179323
0.00180763
0.00184893
0.00182827
0.00184649
0.00186363
0.00186074
0.00185098
0.00189841
0.00187652
0.0018978
0.00194246
0.00191998
0.00194189
0.00198815
0.00196317
0.0020346
0.00203635
0.00207978
0.00205799
0.00208002
0.002136
0.00212127
0.00210236
0.00213872
0.00212364
0.00217119
0.00215325
0.00217178
0.00214895
0.00220695
0.00219232
0.00221726
0.0025835
0.00256405
0.00259518
0.0025811
0.00262856
0.00260886
0.00262515
0.00264078
0.00261462
0.00260478
0.00336303
0.00335045
0.00336467
0.00336081
0.00338176
0.00339366
0.00340839
0.00339596
0.00340659
0.00341044
0.00342743
0.000584291
0.000569783
0.000549358
0.00058107
0.000570178
0.000566787
0.000618794
0.000614831
0.000608281
0.000594282
0.00139355
0.00138296
0.00139693
0.00139373
0.0014079
0.00141463
0.00141798
0.00143845
0.00142854
0.00143942
0.00144236
0.00145946
0.00176145
0.00175006
0.00176471
0.00180553
0.00178372
0.00180338
0.00181742
0.00180624
0.00184045
0.00182864
0.00185414
0.0018314
0.00185164
0.00189649
0.00187209
0.00208201
0.00212527
0.00212763
0.00217444
0.0021602
0.00217126
0.00214848
0.00218274
0.0021686
0.00221418
0.00219671
0.00221633
0.00219412
0.00224935
0.00223502
0.00253989
0.00258488
0.00258191
0.00259241
0.00257873
0.00257138
0.00256117
0.00255788
0.00262711
0.00262317
0.00261718
0.00260311
0.00340176
0.00339237
0.00340599
0.00341656
0.0034196
0.0034473
0.0034301
0.00343331
0.00345038
0.000527488
0.00050507
0.000537115
0.00052551
0.000522871
0.000572662
0.00055082
0.000568558
0.000582109
0.000569228
0.000558964
0.000548085
0.001437
0.00142769
0.00144166
0.00143948
0.00145038
0.00146
0.00146153
0.00148178
0.00147341
0.00148493
0.0014871
0.00150554
0.00171698
0.00170472
0.00171808
0.00176117
0.00173735
0.00175707
0.00173976
0.00177072
0.00175799
0.00179509
0.00178297
0.00180917
0.00178489
0.00180409
0.00184935
0.00217144
0.00221929
0.0022054
0.00221682
0.00219612
0.00222924
0.00221475
0.00226543
0.00224249
0.00226265
0.00224248
0.00226052
0.00229527
0.00228243
0.0023079
0.00249496
0.00254052
0.00253806
0.00255019
0.00253592
0.00252647
0.0025149
0.00251303
0.00258377
0.00258121
0.00257231
0.00255865
0.00340676
0.00341074
0.00341777
0.00343107
0.00344925
0.00344957
0.00344066
0.00345176
0.00345434
0.00346335
0.00347465
0.00347698
0.00349497
0.000433785
0.000411394
0.000445751
0.000431961
0.000434181
0.000458304
0.000477776
0.000490762
0.000477269
0.00045962
0.000479563
0.000481851
0.000524307
0.00052603
0.000512959
0.000499929
0.00148395
0.00148309
0.00149713
0.00149724
0.0015103
0.00152929
0.00153204
0.00151026
0.00152918
0.00152877
0.00154197
0.00157706
0.00155573
0.0015556
0.00157739
0.00157475
0.00163381
0.00162071
0.00159956
0.00162276
0.00166662
0.00164741
0.00166655
0.00164473
0.0016798
0.00166642
0.00171331
0.00169332
0.00171335
0.00172647
0.00169342
0.00171294
0.00176042
0.00227343
0.00226029
0.00230586
0.00228668
0.00230664
0.00228702
0.00232031
0.00230669
0.00235261
0.00233341
0.00235232
0.0023657
0.00233369
0.00235521
0.00240092
0.00237726
0.00240033
0.00244592
0.00242255
0.00242535
0.00245769
0.00244425
0.0024442
0.00247075
0.00248977
0.00250319
0.00248923
0.00247084
0.0024902
0.00250344
0.00249046
0.00253535
0.00253539
0.00349466
0.0035083
0.00348709
0.00350026
0.00350057
0.00352245
0.00354345
0.00354433
0.00352073
0.00354146
0.00355605
0.00358827
0.00356879
0.0035662
0.00358881
0.00162346
0.00166869
0.00164764
0.00166902
0.00171279
0.00169135
0.00171462
0.00173684
0.00175918
0.00223979
0.00226251
0.00230903
0.00228507
0.00230856
0.00235465
0.00233102
0.00235233
0.00239754
0.00043653
0.000436605
0.000409536
0.000422656
0.000409412
0.000433805
0.0004683
0.000455087
0.000479816
0.00154273
0.00153078
0.00157505
0.0015559
0.00157528
0.00155689
0.0015884
0.00157537
0.00162055
0.00160138
0.00162065
0.00163372
0.00160152
0.00162098
0.00166618
0.00176007
0.00175978
0.00179334
0.00178018
0.00180824
0.00180585
0.00179372
0.00177988
0.00180731
0.00180753
0.00182886
0.00184969
0.00182834
0.00184891
0.00184843
0.00186288
0.0018764
0.00187639
0.00189533
0.00189812
0.00192018
0.00194303
0.00196588
0.00198856
0.00201142
0.00203405
0.00205671
0.00207985
0.00210446
0.00210178
0.0021372
0.00212411
0.00212348
0.00215053
0.0021712
0.00215039
0.00217153
0.00217193
0.00221977
0.0022193
0.00220649
0.00219179
0.00222003
0.00220594
0.0021923
0.0022194
0.00226065
0.00226028
0.00236614
0.00235278
0.002398
0.00237933
0.00239857
0.00237926
0.00241179
0.00239846
0.00244445
0.00242539
0.00244417
0.00245771
0.00242458
0.00244308
0.00354518
0.00353222
0.00354543
0.00359059
0.00359064
0.00356372
0.00359042
0.0035774
0.00356546
0.00359056
0.000445089
0.000431754
0.000437016
0.000477553
0.000482356
0.000457237
0.000468677
0.000454713
0.000479749
0.000514334
0.000500178
0.000524771
0.00149572
0.00148462
0.00153175
0.0015086
0.0015324
0.00154423
0.00152213
0.0015361
0.00157588
0.00155337
0.00184974
0.00185266
0.00186262
0.00189535
0.00187667
0.00189782
0.00190912
0.00192048
0.00194294
0.00192264
0.00194371
0.00194358
0.00196565
0.00198875
0.00196574
0.00198835
0.00198868
0.00201129
0.00203438
0.00201161
0.00203403
0.00203407
0.00205671
0.0020796
0.0020564
0.00207681
0.00209079
0.00207687
0.0021261
0.0021021
0.00212371
0.00213843
0.0021256
0.00216825
0.00216781
0.00245583
0.00244301
0.00244659
0.00249262
0.00249157
0.00250482
0.00246738
0.00247785
0.00246355
0.00349698
0.00348634
0.00349995
0.00354055
0.00351799
0.00354267
0.00355393
0.00353161
0.0035207
0.00354518
0.00358781
0.0035629
0.000490134
0.000476091
0.000462239
0.000493456
0.000479193
0.000521243
0.000507317
0.000524462
0.000538869
0.000503478
0.00145294
0.00148728
0.00146696
0.0014835
0.00149829
0.0015189
0.00150855
0.00153275
0.00151323
0.0015292
0.00189963
0.00189993
0.00194323
0.0019314
0.00194533
0.00194466
0.00198878
0.00196671
0.00198852
0.00203391
0.00201141
0.00203349
0.00203614
0.00208182
0.00207883
0.00206848
0.00205459
0.00245072
0.00249608
0.00248117
0.00249132
0.00247072
0.00250146
0.00248664
0.00253734
0.00251628
0.00253308
0.00254713
0.00346132
0.00345113
0.00349634
0.00347571
0.0034927
0.00351084
0.00350688
0.00349652
0.00354092
0.00352089
0.00353762
0.000481916
0.000484286
0.000527681
0.00052961
0.00051341
0.000515726
0.000501598
0.000525037
0.000560671
0.00054558
0.00144021
0.00143115
0.00144493
0.00148068
0.00146147
0.00148486
0.00149476
0.0014757
0.00148969
0.00150541
0.0019899
0.00199018
0.00250505
0.00249094
0.00249444
0.00253587
0.00253849
0.00251486
0.00252398
0.00251026
0.0025691
0.0025552
0.00345567
0.00343947
0.00345461
0.00347023
0.00348689
0.00350056
0.00348405
0.0034744
0.00349846
0.00351543
0.000534182
0.000520265
0.00050532
0.000535946
0.000521163
0.000572012
0.000551412
0.000567003
0.000580667
0.00144391
0.0014279
0.00144264
0.00145874
0.00147424
0.00148852
0.00147322
0.00148791
0.00150332
0.00249525
0.00249587
0.00254064
0.00254183
0.002526
0.00252736
0.00251214
0.00257209
0.00255752
0.00341902
0.00345153
0.00343292
0.00344885
0.00346487
0.00346399
0.00349622
0.00347861
0.00349457
0.000536506
0.000521981
0.000506564
0.000536783
0.000522536
0.000567255
0.000551402
0.000567486
0.00058224
0.00144263
0.001427
0.00144194
0.00145508
0.00147175
0.00146324
0.00148566
0.00146826
0.00148384
0.00254178
0.00252801
0.00253626
0.0025163
0.00254486
0.00253173
0.0025732
0.00255815
0.00341776
0.00344863
0.00343238
0.00344821
0.00346329
0.0034627
0.00349373
0.00347732
0.00349296
0.000536807
0.000522467
0.000506184
0.000536779
0.000522122
0.00056771
0.000551559
0.000567383
0.000581868
0.00144183
0.0014273
0.00144232
0.00145465
0.00145771
0.00146282
0.00148393
0.00147133
0.00148589
0.00254174
0.00253682
0.0025451
0.00253201
0.00252819
0.0025143
0.00257275
0.00255742
0.00341787
0.00344826
0.00343265
0.00344867
0.0034628
0.00346355
0.00349322
0.00347806
0.00349387
0.000536216
0.000521642
0.000503903
0.00053486
0.000525587
0.00052106
0.000572064
0.000566858
0.000562536
0.000548509
0.00144238
0.00142914
0.00144347
0.00145924
0.00147297
0.00148818
0.00147405
0.00148879
0.00150469
0.00249588
0.00249533
0.00254146
0.00254082
0.00252716
0.00252616
0.00251131
0.00257101
0.00255647
0.00344871
0.00343746
0.00345127
0.00346411
0.00346591
0.00349429
0.00347486
0.00347983
0.00349601
0.000484468
0.000482081
0.000529954
0.000527729
0.000516058
0.000513297
0.000503412
0.000498897
0.000557961
0.000544251
0.00144009
0.0014447
0.00144976
0.00146416
0.00148099
0.00147586
0.0014849
0.00148973
0.00149467
0.00150884
0.00194495
0.0019905
0.00197639
0.00198974
0.00202331
0.0020102
0.00203591
0.00249445
0.00250464
0.00249098
0.00253863
0.00251848
0.00253583
0.00255007
0.00252438
0.002515
0.00345453
0.00344196
0.00345605
0.00345158
0.00347276
0.00348417
0.00349858
0.00348695
0.00349677
0.00350067
0.0035177
0.000493399
0.000479105
0.00045874
0.000489658
0.000479274
0.000475608
0.000524426
0.000504051
0.000521303
0.0005354
0.000524834
0.00148441
0.00147325
0.00148725
0.00148405
0.00149879
0.00150421
0.00150837
0.00152917
0.00151831
0.00153246
0.0015496
0.00189967
0.0018863
0.00189973
0.00194523
0.00192122
0.0019432
0.00198837
0.00196607
0.00198863
0.00203345
0.00201135
0.00203411
0.00208145
0.00205675
0.00207905
0.00211345
0.00209998
0.00212634
0.00245027
0.00249634
0.00249156
0.00250129
0.0024871
0.00248195
0.00246738
0.00253695
0.00253365
0.00252611
0.00251256
0.0034643
0.00349291
0.00347848
0.00349595
0.00350671
0.00351012
0.00353751
0.00352054
0.00352383
0.00354125
0.000436767
0.000411968
0.000446055
0.000434366
0.000431808
0.000482111
0.000459593
0.000477385
0.000491006
0.000479371
0.000468748
0.000457701
0.00151895
0.00153154
0.00153099
0.00152245
0.00153284
0.00153616
0.00154446
0.00155662
0.00155756
0.00157528
0.00157553
0.00181802
0.00180582
0.00184979
0.00183131
0.00185237
0.00189759
0.00187373
0.00189573
0.00187615
0.00190928
0.00189547
0.0019431
0.00192278
0.00194337
0.00192257
0.00194355
0.00198863
0.00196581
0.00198885
0.0019659
0.00198852
0.00203432
0.00201138
0.00203416
0.00201137
0.00203404
0.00207966
0.00205638
0.00207705
0.00205637
0.00209055
0.0020773
0.00212385
0.00210454
0.00212622
0.00210439
0.00212374
0.0021687
0.00214747
0.00216809
0.00218178
0.00244646
0.00242441
0.0024242
0.00245555
0.00244328
0.0024424
0.00249228
0.00249158
0.00248112
0.00246847
0.00247815
0.00246709
0.0034972
0.00350003
0.00350872
0.00352232
0.00354064
0.00353152
0.003543
0.00354525
0.0035544
0.00356584
0.0035678
0.00358799
0.00043645
0.00043645
0.000422402
0.00040961
0.000422715
0.000409568
0.00157516
0.00157487
0.00158854
0.00158851
0.00160155
0.0016204
0.00162312
0.00160139
0.00162099
0.00162061
0.00163331
0.00166864
0.00164686
0.00164672
0.00166904
0.00166625
0.00172622
0.00171254
0.00169133
0.00171457
0.00176025
0.00173966
0.00175959
0.00173677
0.00175918
0.00180798
0.00178025
0.00180693
0.00179314
0.00177987
0.0018073
0.0018494
0.00182828
0.00184921
0.0018629
0.00182798
0.00184887
0.00189809
0.00194318
0.00198854
0.00203418
0.00207984
0.00213657
0.00212335
0.00217119
0.00215088
0.00217148
0.00215091
0.00217157
0.00222004
0.00221959
0.00221906
0.00219256
0.00220598
0.00219213
0.00221946
0.00226022
0.00223983
0.00225991
0.00227352
0.0022398
0.00226245
0.00230908
0.00228502
0.00230835
0.00235464
0.00233085
0.0023334
0.00236611
0.00235243
0.00235303
0.00237982
0.00239855
0.00241148
0.00239816
0.00237897
0.00239871
0.00241165
0.00239854
0.00244461
0.002444
0.00354502
0.00354531
0.00357742
0.00359043
0.00359041
0.00357734
0.00358999
0.00359074
0.00171535
0.00175928
0.00173914
0.00176011
0.00180488
0.00178283
0.00180491
0.00184812
0.00182742
0.00185062
0.00187372
0.00189704
0.00191986
0.00194247
0.00196552
0.00198865
0.00201124
0.0020344
0.00205733
0.00207992
0.00210284
0.00212607
0.00217205
0.00214906
0.00217113
0.00221745
0.00219423
0.00221676
0.00226209
0.0022399
0.00225992
0.00230607
0.00163362
0.00162054
0.0016667
0.00164683
0.00166613
0.0016797
0.00166771
0.00171302
0.00169316
0.00171268
0.00172591
0.00169311
0.00171255
0.00176022
0.00189792
0.00189764
0.00194278
0.0019426
0.00198869
0.00198854
0.0020342
0.00203407
0.00207971
0.00207978
0.00212302
0.00212317
0.00221961
0.00227384
0.00226018
0.00230635
0.00228723
0.00230704
0.002288
0.00231997
0.00230719
0.00235322
0.00233359
0.00235307
0.00236656
0.00233172
0.00239787
0.000423445
0.000409744
0.000433976
0.00157818
0.0015674
0.00158179
0.00162273
0.0015992
0.00162559
0.00161347
0.00162719
0.00165578
0.00164292
0.00166971
0.00164585
0.00166511
0.00231186
0.00235777
0.00234457
0.00235697
0.00233548
0.00235416
0.00239642
0.00240027
0.0023742
0.00238639
0.00237273
0.00243266
0.00241795
0.00358993
0.00357663
0.00359058
0.000430179
0.000434524
0.000448606
0.000409012
0.000421245
0.000408301
0.00154323
0.00153235
0.00157832
0.00155725
0.00157447
0.00158831
0.00157807
0.00160926
0.00159896
0.00162421
0.00160207
0.00162047
0.00235686
0.00240448
0.00239069
0.00240097
0.00237938
0.00241139
0.00239764
0.00244703
0.00242528
0.00244286
0.00245701
0.00242201
0.00355172
0.00354169
0.00358865
0.00356565
0.00359158
0.00357926
0.00359215
0.00043856
0.000439987
0.000424134
0.000426036
0.000410403
0.000434829
0.00047026
0.000456445
0.000479826
0.00153689
0.00152046
0.00153542
0.00155171
0.00156863
0.00158285
0.00156634
0.00158119
0.00161772
0.0015986
0.00239965
0.00240137
0.00244576
0.00244857
0.00243222
0.00243401
0.00241883
0.00247939
0.00246457
0.00354574
0.00352975
0.00354376
0.00356063
0.00357636
0.00359112
0.00357452
0.00356517
0.00358952
0.000443819
0.000429695
0.000410981
0.000445632
0.00043057
0.000475362
0.000460225
0.000476398
0.000490864
0.00153362
0.00151711
0.00153246
0.00154921
0.00156521
0.00157969
0.00156327
0.00155409
0.00157789
0.00159502
0.00240431
0.00240556
0.00244986
0.00245031
0.00243526
0.00243638
0.0024222
0.00244571
0.00248196
0.00246759
0.0024911
0.0035092
0.00354153
0.00352385
0.00353991
0.00355612
0.0035543
0.00358839
0.00356916
0.00358901
0.000446266
0.000431093
0.000411461
0.00044689
0.000431682
0.000477011
0.000461143
0.000477357
0.000492016
0.00149931
0.00153092
0.00151424
0.00153006
0.00154557
0.00154465
0.00157627
0.00155925
0.00157516
0.00245486
0.00244076
0.0024246
0.00245539
0.00244069
0.00248594
0.00247024
0.00248634
0.00250102
0.00350754
0.00353916
0.0035228
0.00353871
0.00355334
0.00355287
0.00358872
0.00356803
0.00358844
0.000446687
0.000431476
0.000411217
0.000445987
0.000430668
0.000477346
0.00046093
0.000476905
0.000491524
0.00149986
0.00153008
0.00151395
0.00153064
0.00154459
0.00154485
0.00157514
0.00155346
0.00155898
0.00157623
0.00245513
0.00244079
0.00242378
0.00245436
0.00244572
0.00244059
0.00248667
0.00246896
0.00248611
0.00250012
0.00249099
0.00350837
0.00353855
0.003523
0.00353902
0.00355295
0.00355383
0.00358855
0.00356913
0.00358864
0.000445691
0.000430662
0.000411275
0.000444378
0.000434892
0.000430352
0.000476166
0.000458502
0.000475169
0.000489159
0.000479766
0.00153197
0.00151907
0.00153354
0.00155014
0.00156308
0.00157793
0.00156507
0.00157964
0.00159635
0.00240567
0.0024042
0.00245109
0.00244987
0.00243701
0.00243501
0.00242036
0.00248082
0.0024663
0.00351075
0.00353999
0.00352485
0.00354157
0.00355464
0.003556
0.00358882
0.00356546
0.00356981
0.0035886
0.000439575
0.00043838
0.000425689
0.000423569
0.000408497
0.000467912
0.000454206
0.0015353
0.00152287
0.00153684
0.00153265
0.00155394
0.00156648
0.00158127
0.0015684
0.00157845
0.00158285
0.00160028
0.0016174
0.00240119
0.00238218
0.00239961
0.00244819
0.00244618
0.00243318
0.0024317
0.00242204
0.0024172
0.0024772
0.00246334
0.00354351
0.00353218
0.00354572
0.0035417
0.00356149
0.00357424
0.0035895
0.00357613
0.0035912
0.000434355
0.000411189
0.000430206
0.000444929
0.000434013
0.000420971
0.00040878
0.00157461
0.00156412
0.00157808
0.00158866
0.0015953
0.00159869
0.00162021
0.00160938
0.00162414
0.00164281
0.00235765
0.00240387
0.00240056
0.00241154
0.00239769
0.00238987
0.00237598
0.00244683
0.00244297
0.0024366
0.00242176
0.00355499
0.0035692
0.0035883
0.00357939
0.00359153
0.00359228
0.00157828
0.00158151
0.00158955
0.00160339
0.00162289
0.0016204
0.00161431
0.00162618
0.0016278
0.00164275
0.00164316
0.00166544
0.00165598
0.00166809
0.00166952
0.00168804
0.002312
0.00235727
0.0023568
0.00235399
0.00234427
0.00233201
0.00233053
0.0024003
0.00237719
0.00239679
0.00241054
0.00239779
0.00238674
0.00237451
0.00359042
0.00359037
0.00166656
0.00166619
0.00167998
0.00168019
0.00169351
0.00171249
0.00171533
0.00169309
0.00171271
0.0017122
0.00172648
0.00175924
0.00173947
0.00173997
0.00176024
0.00175986
0.00180489
0.00178284
0.00178058
0.00180506
0.00186265
0.00184833
0.00182768
0.00185071
0.00189822
0.00187678
0.00189755
0.00187382
0.00189708
0.00194287
0.00192011
0.00194251
0.00191972
0.00194261
0.00198861
0.00196569
0.00198841
0.00196551
0.00198864
0.00203435
0.00201157
0.00203468
0.00201166
0.00203453
0.00207982
0.00205763
0.00207975
0.0020575
0.00207979
0.00212388
0.00210223
0.0021237
0.00213722
0.00210277
0.00212602
0.00217205
0.00214893
0.00217107
0.00221742
0.00219424
0.00221669
0.00221956
0.00226195
0.00223952
0.00223986
0.00227405
0.00225966
0.00225987
0.00228694
0.00230646
0.00231926
0.00230553
0.00228738
0.00230652
0.00231988
0.00230688
0.00235337
0.00235296
0.0018074
0.00185081
0.00189691
0.00189935
0.00194287
0.0019203
0.00194289
0.00198847
0.00196553
0.00198854
0.00203427
0.00201136
0.00203423
0.00208005
0.00205712
0.00207948
0.00212578
0.00210016
0.00217144
0.00172698
0.00171404
0.00175999
0.00174008
0.00175961
0.00176206
0.00180795
0.00178049
0.0018085
0.00179438
0.00178095
0.00180776
0.00185045
0.00182896
0.00185073
0.00182865
0.00185063
0.00188532
0.00187176
0.00189908
0.00187217
0.00194292
0.00198861
0.00203471
0.00207902
0.0021288
0.00211395
0.0021278
0.00212839
0.00217105
0.00214976
0.00217101
0.00214923
0.00217146
0.00221913
0.00221943
0.00219204
0.00220572
0.0021918
0.00221911
0.00226016
0.0022402
0.00226019
0.00227394
0.00223777
0.00167909
0.0016675
0.00171643
0.00169335
0.00171122
0.00172527
0.00171407
0.00174853
0.00173699
0.00176233
0.00173986
0.00175964
0.00180337
0.00177967
0.00221698
0.00221992
0.00226482
0.00225067
0.00226219
0.00224021
0.00227466
0.00226048
0.00230956
0.00228873
0.00230698
0.00232161
0.00228586
0.00163463
0.00167073
0.00164926
0.00166713
0.00168168
0.001703
0.00169226
0.00171704
0.00169623
0.00171485
0.00175636
0.00173416
0.00226328
0.00226566
0.00231121
0.00229701
0.00230782
0.00228526
0.00231835
0.00230346
0.00235423
0.00233307
0.00235068
0.00236472
0.00162189
0.0016123
0.00162651
0.00166424
0.00164414
0.00166838
0.00167873
0.00165879
0.00167336
0.00171257
0.0016915
0.00170984
0.00232134
0.00230695
0.00229068
0.00230856
0.0023531
0.00235584
0.00233103
0.00234094
0.00232624
0.00238755
0.00237331
0.00162546
0.00160898
0.00162299
0.00164087
0.00165712
0.00167215
0.00165605
0.00167085
0.00168824
0.00230962
0.00231182
0.00235819
0.00235958
0.00234327
0.00234458
0.00232897
0.0023915
0.0023767
0.00240001
0.00159013
0.00162263
0.00160557
0.00162304
0.00163701
0.00165432
0.00164525
0.00166877
0.001651
0.00166802
0.0016867
0.00231266
0.0023137
0.00235988
0.0023455
0.0023546
0.00233206
0.00236351
0.00234925
0.00239433
0.00237721
0.00239473
0.00240978
0.0015907
0.00162312
0.00160486
0.00162282
0.00163685
0.00164008
0.00164516
0.00166814
0.00165421
0.0016689
0.00168709
0.00231395
0.0023132
0.00235954
0.00235421
0.00236284
0.00234862
0.00234532
0.00233118
0.00239508
0.00237711
0.00239504
0.0024093
0.00240028
0.00162317
0.00161079
0.00162534
0.00164211
0.00165608
0.00167095
0.00165691
0.00167214
0.00169041
0.00231207
0.00230973
0.00235841
0.00235731
0.00234374
0.00234238
0.00232788
0.00238956
0.0023746
0.00162198
0.00162669
0.00163177
0.00164678
0.00166438
0.00165861
0.00166839
0.00167302
0.00167888
0.00170978
0.00169327
0.00171248
0.00230857
0.00228748
0.00232147
0.00230709
0.00235575
0.00233553
0.00235328
0.0023681
0.00234158
0.00233178
0.00166708
0.00165651
0.00167071
0.00166835
0.00168219
0.00168848
0.00169202
0.00171456
0.00170264
0.00171438
0.00171701
0.00173694
0.00175727
0.00226571
0.00224332
0.00226339
0.00231112
0.00230808
0.00231877
0.00230434
0.00229683
0.00228554
0.00228295
0.0023551
0.0023507
0.002344
0.00232929
0.00171169
0.00170206
0.00171597
0.00171382
0.00172571
0.00173479
0.00173718
0.00175971
0.00174904
0.00176218
0.00176227
0.00178091
0.00178307
0.00180318
0.00221984
0.00219674
0.00221934
0.00221706
0.00226482
0.00226262
0.002274
0.00226048
0.00225084
0.00223783
0.00223774
0.00230955
0.00230684
0.00229748
0.00228361
0.0017598
0.00175947
0.00179447
0.00180759
0.00180763
0.0017942
0.00180788
0.001808
0.0018292
0.0018506
0.00185112
0.00182861
0.00185044
0.00185083
0.00187174
0.00189681
0.00187214
0.00188595
0.00189934
0.00189931
0.00194279
0.00192046
0.00192075
0.00194297
0.00194277
0.00198852
0.00196546
0.00196564
0.00198853
0.00198876
0.00203435
0.00201141
0.00201128
0.00203432
0.00203434
0.00208016
0.0020571
0.00205723
0.00207948
0.00207926
0.00212825
0.00212565
0.00212849
0.00212808
0.00211451
0.00210059
0.00210063
0.00214939
0.00217098
0.00217131
0.00214935
0.00217095
0.00217128
0.00221921
0.00221915
0.00220587
0.00219204
0.00220548
0.00219164
0.00226016
0.00226014
0.00185175
0.00189923
0.001886
0.00189912
0.00194294
0.00192051
0.00194275
0.00194516
0.00198874
0.00196579
0.00198863
0.00196655
0.00198862
0.00203394
0.00201148
0.00203406
0.0020111
0.00203375
0.0020789
0.00205703
0.00207937
0.0020547
0.00211512
0.00210102
0.00212852
0.00216899
0.00180533
0.00179327
0.00180784
0.00185194
0.00182854
0.00184923
0.00186357
0.00185182
0.00189647
0.00187704
0.00189708
0.00187718
0.00189776
0.00193185
0.00191794
0.00194552
0.00192022
0.0019427
0.00198858
0.00196581
0.00198855
0.00203346
0.00201144
0.00203424
0.00208221
0.002069
0.0020824
0.00205721
0.0020796
0.00212563
0.00210284
0.00212267
0.00210209
0.00213604
0.00212291
0.0021689
0.00215075
0.00217157
0.00214869
0.00220566
0.00219186
0.00221759
0.00175921
0.00174844
0.00176264
0.0018056
0.00178259
0.00180291
0.00181692
0.00180562
0.00184004
0.00182859
0.00185455
0.00183118
0.00185198
0.0018971
0.00187412
0.00189607
0.00194246
0.00191771
0.00198867
0.00203435
0.00207985
0.00208178
0.00212529
0.00210369
0.00212594
0.00217422
0.00216004
0.0021714
0.00214831
0.00218338
0.00216886
0.00221517
0.00219734
0.00221737
0.0021947
0.00225188
0.00223759
0.0022627
0.00172424
0.00171413
0.00176057
0.00173869
0.00175865
0.00177388
0.00179412
0.00178371
0.00180858
0.00178872
0.00180701
0.00185102
0.00182789
0.00184903
0.00212844
0.00217114
0.00215093
0.00217181
0.00221928
0.00220534
0.00221622
0.00219333
0.00222662
0.00221197
0.00225832
0.00224139
0.00226108
0.00227576
0.00171907
0.00170339
0.00171866
0.00175571
0.00173747
0.00175509
0.00177137
0.00176968
0.00176005
0.00180657
0.00178489
0.00180545
0.00184633
0.00182581
0.00217234
0.00217382
0.00222831
0.002213
0.00219461
0.00222946
0.00221507
0.00226304
0.00224429
0.00226279
0.00223973
0.00229694
0.00228171
0.00171782
0.00170234
0.00171736
0.00173454
0.00175042
0.00176516
0.00174961
0.00176537
0.00180466
0.00178434
0.00180449
0.00182453
0.00217566
0.00217603
0.00221626
0.00219569
0.00221597
0.00226366
0.00226528
0.00224959
0.00224985
0.00223447
0.00229798
0.00228262
0.00171741
0.00170241
0.00171788
0.00173622
0.00174986
0.00176554
0.00175129
0.00176029
0.00176602
0.0018044
0.00178379
0.00180472
0.00182394
0.00217634
0.00217594
0.00221568
0.00219526
0.00221609
0.00226534
0.00226363
0.00225004
0.00224893
0.00223973
0.00223428
0.00229765
0.00228196
0.00171875
0.00170484
0.00171945
0.00171433
0.00175491
0.001737
0.00175572
0.00176956
0.00177129
0.00180556
0.00178716
0.00180642
0.00182743
0.00184649
0.00217372
0.0021533
0.00217227
0.00223013
0.00221507
0.00219354
0.0022282
0.00221295
0.00226271
0.00224382
0.00226305
0.00229533
0.00228088
0.00172689
0.00175855
0.00174142
0.00176039
0.00177413
0.00178055
0.00178413
0.00180694
0.001795
0.00180562
0.00180904
0.00184901
0.00182898
0.00185107
0.00187198
0.00212801
0.00217191
0.00214892
0.00217113
0.00221975
0.00221622
0.00222657
0.00221161
0.00220547
0.00219445
0.00219127
0.00226123
0.00223956
0.00225792
0.00227254
0.00226216
0.0017592
0.00176224
0.00177074
0.00180263
0.00178464
0.00180532
0.00181654
0.00182572
0.00182856
0.0018518
0.00184019
0.00185151
0.00185443
0.00189662
0.00187481
0.00189714
0.00191975
0.00194235
0.00196594
0.00198854
0.00201151
0.00203418
0.00208256
0.00205735
0.00208016
0.00212553
0.00210283
0.00212517
0.00217437
0.00217137
0.00218315
0.00216883
0.00216048
0.00214855
0.00214586
0.00221758
0.00219455
0.00221494
0.00222905
0.00221726
0.00180551
0.0018082
0.00181746
0.00184926
0.00183143
0.00185193
0.0018513
0.00186406
0.00187434
0.00189657
0.00187702
0.0018973
0.00189752
0.00191792
0.00191769
0.0019429
0.00193176
0.0019451
0.00194551
0.00198867
0.00196648
0.00196615
0.00198862
0.00198876
0.00203413
0.00201145
0.00201128
0.0020338
0.00203397
0.00208206
0.00208207
0.00207954
0.00206794
0.00205479
0.0020549
0.00210352
0.00212569
0.00212808
0.00210278
0.00212288
0.0021361
0.00212267
0.00217177
0.00214809
0.00216893
0.00218227
0.00216895
0.00189923
0.00189916
0.00194293
0.00194282
0.00198842
0.00198858
0.00203427
0.00203409
0.00207947
0.00207944
0.00189892
0.00194532
0.0019314
0.00194513
0.00198859
0.00196641
0.00198903
0.00203342
0.00201135
0.00203375
0.00206812
0.00205476
0.00208118
0.0018644
0.00189966
0.0018795
0.00189847
0.00194291
0.00192048
0.00194297
0.00198864
0.00196569
0.0019886
0.00203396
0.00201142
0.00203437
0.00207889
0.00205711
0.0020795
0.00212513
0.0021017
0.00212081
0.00213545
0.00185117
0.00184088
0.00185633
0.00189812
0.00187571
0.00189758
0.00194291
0.00192
0.00194273
0.00198851
0.00196557
0.0019885
0.00203441
0.00201146
0.00203454
0.00207983
0.0020575
0.00208006
0.00212321
0.0021026
0.00212456
0.00215836
0.00214352
0.00185588
0.00184046
0.00185563
0.00189735
0.00187532
0.00189727
0.00194252
0.0019197
0.00194241
0.00198848
0.00196534
0.00198848
0.00203461
0.00201163
0.00203444
0.00208027
0.00205742
0.00208028
0.00212422
0.00210266
0.00212427
0.00216032
0.00214436
0.001856
0.00183962
0.00185608
0.00189734
0.00187586
0.00189743
0.00194251
0.00191984
0.00194263
0.00198841
0.00196552
0.00198861
0.00203449
0.00201154
0.00203436
0.0020802
0.00205725
0.0020802
0.00212447
0.00210272
0.00212436
0.00216008
0.00214399
0.00185124
0.00185642
0.00186122
0.0018975
0.00187648
0.00189793
0.0019427
0.00192028
0.00194286
0.00198849
0.00196557
0.00198847
0.0020343
0.00201146
0.0020344
0.00208011
0.00205718
0.00207971
0.00212454
0.00210193
0.00212337
0.00213837
0.0018985
0.00188611
0.00189985
0.00189939
0.00194318
0.00192126
0.00194325
0.00198852
0.00196602
0.00198858
0.00203429
0.00201136
0.00203412
0.00207945
0.00205695
0.00207898
0.00208186
0.00212516
0.00212113
0.00211366
0.00210012
0.00194483
0.00194533
0.00198893
0.00198869
0.00203399
0.00203368
)
;
    }
}


// ************************************************************************* //
