/*--------------------------------*- C++ -*----------------------------------*\
  =========                 |
  \\      /  F ield         | OpenFOAM: The Open Source CFD Toolbox
   \\    /   O peration     | Website:  https://openfoam.org
    \\  /    A nd           | Version:  9
     \\/     M anipulation  |
\*---------------------------------------------------------------------------*/
FoamFile
{
    format      ascii;
    class       volScalarField;
    location    "0";
    object      Cy;
}
// * * * * * * * * * * * * * * * * * * * * * * * * * * * * * * * * * * * * * //

dimensions      [0 1 0 0 0 0 0];

internalField   nonuniform List<scalar> 
15188
(
-0.000215722
-0.000215303
-0.000215382
-0.00021497
-0.000215295
-0.000170515
-0.000171802
-0.000174194
-0.000174149
-0.000173938
-0.000171335
-0.000170768
-0.000171619
-0.000172378
-0.000174471
-0.000174323
-0.000172823
-0.000171983
-0.000169766
-0.000125859
-0.000126917
-0.000128303
-0.000114895
-0.000114878
-0.000126523
-0.00012816
-0.000126241
-0.000124938
-0.000126383
-0.000127575
-0.00012781
-0.000114899
-0.000114899
-0.000128118
-0.000127597
-0.000125798
-0.000124028
-7.82355e-05
-7.99805e-05
-8.0899e-05
-6.8721e-05
-6.87567e-05
-6.87845e-05
-6.88472e-05
-8.05314e-05
-8.10633e-05
-8.01368e-05
-8.06152e-05
-8.04878e-05
-8.18561e-05
-6.87613e-05
-6.87891e-05
-6.88084e-05
-6.8719e-05
-8.01591e-05
-8.10462e-05
-8.06846e-05
-3.42838e-05
-3.43378e-05
-3.43042e-05
-2.28778e-05
-2.29105e-05
-2.29211e-05
-2.2943e-05
-2.29769e-05
-3.54439e-05
-3.44795e-05
-3.38782e-05
-3.41786e-05
-3.56551e-05
-2.30101e-05
-2.28809e-05
-2.29315e-05
-2.2957e-05
-2.28898e-05
-3.43438e-05
-3.4226e-05
-3.44103e-05
1.14671e-05
1.15131e-05
1.14937e-05
2.29307e-05
2.29729e-05
2.29784e-05
2.29381e-05
2.29347e-05
1.29946e-05
1.14827e-05
1.13343e-05
1.14041e-05
1.20574e-05
2.28866e-05
2.29261e-05
2.29643e-05
2.29805e-05
2.29215e-05
1.14555e-05
1.13034e-05
1.13559e-05
5.67592e-05
5.72062e-05
5.87717e-05
6.87714e-05
6.88114e-05
6.88143e-05
6.87613e-05
5.73371e-05
5.73683e-05
5.7412e-05
5.53277e-05
5.7552e-05
5.74277e-05
5.73179e-05
6.87483e-05
6.88137e-05
6.87973e-05
6.87208e-05
5.73474e-05
5.79536e-05
5.71268e-05
0.000102824
0.000103813
0.000103325
0.000114845
0.00011482
0.000103175
0.000104688
0.000104457
0.000103266
0.000101015
0.000103128
0.000104911
0.000103215
0.00011487
0.000114829
0.000103144
0.000104341
0.000103436
0.000103426
0.000147241
0.000148494
0.000151361
0.000151459
0.000151793
0.000151211
0.000150092
0.000149498
0.000147886
0.000149093
0.000150808
0.00015189
0.000152046
0.000150803
0.000150055
0.000148822
0.000193684
0.000195106
0.000194954
0.000195185
0.000193174
0.000192591
0.000193905
0.000194604
0.000194762
0.000194348
0.000193261
-0.000261238
-0.00026299
-0.000262878
-0.00026305
-0.000263309
-0.000261785
-0.00026257
-0.000262708
-0.000263227
-0.000261493
-0.000217954
-0.000220437
-0.000208945
-0.000207257
-0.000207002
-0.000206989
-0.000207619
-0.000209935
-0.00022207
-0.000221185
-0.000216458
-0.000218027
-0.000220471
-0.000209633
-0.000207392
-0.000206939
-0.000207121
-0.000207452
-0.000208927
-0.000220941
-0.000219082
-0.000172233
-0.000162172
-0.000161508
-0.0001613
-0.000161055
-0.000160906
-0.000160905
-0.000161278
-0.00016166
-0.000161626
-0.000161803
-0.000172929
-0.000171294
-0.000172534
-0.000161684
-0.000161519
-0.000161526
-0.000161215
-0.000160967
-0.000161043
-0.000161206
-0.000161336
-0.00016153
-0.000162309
-0.000173253
-0.000169815
-0.000124741
-0.000126795
-0.000114908
-0.000114963
-0.000114935
-0.000114953
-0.000114923
-0.000114958
-0.000115112
-0.000115216
-0.000115218
-0.000115181
-0.000116267
-0.000127254
-0.00012381
-0.000126038
-0.000115953
-0.000115048
-0.000115218
-0.000115147
-0.000115087
-0.000115026
-0.000115039
-0.000115064
-0.000115005
-0.000115045
-0.000115066
-0.000127758
-0.000126826
-8.04936e-05
-6.92928e-05
-6.89032e-05
-6.88733e-05
-6.88512e-05
-6.88133e-05
-6.87998e-05
-6.88262e-05
-6.89117e-05
-6.90435e-05
-6.90663e-05
-6.90851e-05
-6.88967e-05
-8.01441e-05
-8.1148e-05
-7.99892e-05
-6.88747e-05
-6.90395e-05
-6.90758e-05
-6.90157e-05
-6.88875e-05
-6.88639e-05
-6.88782e-05
-6.88696e-05
-6.89039e-05
-6.89326e-05
-6.89488e-05
-6.92748e-05
-8.14705e-05
-7.81107e-05
-3.43127e-05
-2.29332e-05
-2.2944e-05
-2.29294e-05
-2.2911e-05
-2.28978e-05
-2.28941e-05
-2.29032e-05
-2.29307e-05
-2.29859e-05
-2.3054e-05
-2.30489e-05
-2.30494e-05
-3.53328e-05
-3.40979e-05
-3.40494e-05
-3.53828e-05
-2.29554e-05
-2.30271e-05
-2.30592e-05
-2.29951e-05
-2.29259e-05
-2.29227e-05
-2.29354e-05
-2.29331e-05
-2.29524e-05
-2.29643e-05
-2.29638e-05
-2.30281e-05
-3.42771e-05
-3.43124e-05
1.15295e-05
2.29166e-05
2.294e-05
2.29773e-05
2.29854e-05
2.29654e-05
2.2952e-05
2.29426e-05
2.29271e-05
2.2941e-05
2.29873e-05
2.29927e-05
2.29527e-05
1.27824e-05
1.1581e-05
1.12941e-05
1.23162e-05
2.29506e-05
2.29553e-05
2.29432e-05
2.29092e-05
2.29079e-05
2.29255e-05
2.2939e-05
2.29447e-05
2.29673e-05
2.29539e-05
2.29403e-05
2.29659e-05
1.13597e-05
1.12939e-05
5.72659e-05
6.92665e-05
6.88434e-05
6.8867e-05
6.89095e-05
6.88903e-05
6.88729e-05
6.88514e-05
6.88562e-05
6.89653e-05
6.90235e-05
6.90109e-05
6.89813e-05
5.75629e-05
5.76629e-05
5.52591e-05
5.73318e-05
6.8877e-05
6.89273e-05
6.89487e-05
6.89259e-05
6.88314e-05
6.88382e-05
6.88558e-05
6.88575e-05
6.89037e-05
6.89393e-05
6.89688e-05
6.9302e-05
5.80487e-05
5.69476e-05
0.000103828
0.000103298
0.000114769
0.000114893
0.000114988
0.000115067
0.000114996
0.000114949
0.000114979
0.000115109
0.00011524
0.000115063
0.000116007
0.00010375
0.000102955
0.000103065
0.000115913
0.000114998
0.000115054
0.000115001
0.000114963
0.000114963
0.000114976
0.000115001
0.000114981
0.000115059
0.000114931
0.000103292
0.000103332
0.000149987
0.000162028
0.00016122
0.000161354
0.000161174
0.000160924
0.000160913
0.000161206
0.0001616
0.000161673
0.000161729
0.000150412
0.000149429
0.00014764
0.000150198
0.000161478
0.000161404
0.000161396
0.000161143
0.00016093
0.000160981
0.000161129
0.000161263
0.00016142
0.000162262
0.000150638
0.000149284
0.000193051
0.000197014
0.000197518
0.000209238
0.000207308
0.000206997
0.000207036
0.000207632
0.000209986
0.000196855
0.000197848
0.000196268
0.000193617
0.000196417
0.000197507
0.000209756
0.000207454
0.000207015
0.000207048
0.000207409
0.000209069
0.000197694
0.000197561
0.000193963
0.000239454
0.00024447
0.000242953
0.000243835
0.000244011
0.000243888
0.000245532
0.000244261
0.00024057
0.000240903
0.000245796
0.000243463
0.000243802
0.000244058
0.000243359
0.000244306
0.000241431
0.000238828
-0.000264012
-0.000263465
-0.000265047
-0.000262266
-0.000260257
-0.000259764
-0.000260705
-0.000263852
-0.000265915
-0.000266008
-0.000264777
-0.000262169
-0.000265319
-0.000265046
-0.000264679
-0.000262086
-0.000260135
-0.000259926
-0.000261935
-0.000263597
-0.000264872
-0.000264754
-0.000263909
-0.000220243
-0.000209758
-0.000208552
-0.000208561
-0.000208625
-0.000218696
-0.000217579
-0.000217279
-0.00021836
-0.000220185
-0.000209902
-0.000209233
-0.000209495
-0.00022154
-0.000219111
-0.000216551
-0.000220914
-0.000209084
-0.00020908
-0.00021023
-0.000220803
-0.000219014
-0.000217552
-0.000217451
-0.000218391
-0.000208755
-0.00020882
-0.000208704
-0.000210041
-0.000220732
-0.000217757
-0.000173875
-0.000162107
-0.000161753
-0.000161738
-0.000161558
-0.000161112
-0.00016055
-0.0001602
-0.000160307
-0.000160965
-0.000161443
-0.000161562
-0.000161664
-0.000161825
-0.000161559
-0.000173029
-0.000172193
-0.000169757
-0.000173407
-0.000161494
-0.000161639
-0.000161619
-0.000161593
-0.000161391
-0.000161003
-0.000160427
-0.000160521
-0.000160861
-0.000161202
-0.000161553
-0.000161703
-0.000161649
-0.000162023
-0.000173756
-0.000171329
-0.000126234
-0.000115316
-0.00011526
-0.000115247
-0.00011522
-0.000115118
-0.00011486
-0.000114728
-0.000114665
-0.000114789
-0.00011493
-0.000115008
-0.000115106
-0.000115212
-0.000115289
-0.000115228
-0.000115597
-0.000126889
-0.000124085
-0.000126889
-0.000115551
-0.00011513
-0.000115145
-0.000115151
-0.000115112
-0.000115026
-0.000115026
-0.000114942
-0.000114964
-0.000115029
-0.00011494
-0.000115094
-0.000115209
-0.000115191
-0.000115104
-0.000115202
-0.000126877
-7.99977e-05
-6.88018e-05
-6.90374e-05
-6.90584e-05
-6.89938e-05
-6.89604e-05
-6.8812e-05
-6.87025e-05
-6.87257e-05
-6.87685e-05
-6.8761e-05
-6.88856e-05
-6.90321e-05
-6.90539e-05
-6.90311e-05
-6.90072e-05
-6.90341e-05
-8.13806e-05
-8.05057e-05
-7.79167e-05
-8.10714e-05
-6.89443e-05
-6.89017e-05
-6.89631e-05
-6.90134e-05
-6.90063e-05
-6.88697e-05
-6.87877e-05
-6.88579e-05
-6.88787e-05
-6.88223e-05
-6.8843e-05
-6.89408e-05
-6.89703e-05
-6.90369e-05
-6.90234e-05
-6.8822e-05
-8.00402e-05
-7.97008e-05
-3.45348e-05
-2.28856e-05
-2.2984e-05
-2.30099e-05
-2.30148e-05
-2.29805e-05
-2.29401e-05
-2.28827e-05
-2.28474e-05
-2.28445e-05
-2.2871e-05
-2.29304e-05
-2.2985e-05
-2.30089e-05
-2.3015e-05
-2.2999e-05
-2.30154e-05
-3.45252e-05
-3.42449e-05
-3.42994e-05
-3.41009e-05
-2.29286e-05
-2.29649e-05
-2.29835e-05
-2.30025e-05
-2.2982e-05
-2.29347e-05
-2.28997e-05
-2.28791e-05
-2.28906e-05
-2.29242e-05
-2.29469e-05
-2.29708e-05
-2.29843e-05
-2.29989e-05
-2.29543e-05
-2.29064e-05
-3.44032e-05
-3.42803e-05
1.15241e-05
2.2884e-05
2.29781e-05
2.29652e-05
2.29674e-05
2.30129e-05
2.30412e-05
2.29441e-05
2.2889e-05
2.28799e-05
2.28897e-05
2.29339e-05
2.29791e-05
2.30188e-05
2.30316e-05
2.30371e-05
2.30091e-05
1.14704e-05
1.13917e-05
1.13302e-05
1.14981e-05
2.30046e-05
2.30543e-05
2.30171e-05
2.2987e-05
2.29571e-05
2.29014e-05
2.28638e-05
2.2864e-05
2.28845e-05
2.29147e-05
2.29989e-05
2.30034e-05
2.29986e-05
2.30157e-05
2.30032e-05
2.29534e-05
1.13973e-05
1.13611e-05
5.73792e-05
6.88608e-05
6.9006e-05
6.8991e-05
6.89217e-05
6.89622e-05
6.89401e-05
6.88258e-05
6.88198e-05
6.88082e-05
6.87467e-05
6.88703e-05
6.90025e-05
6.90425e-05
6.90575e-05
6.90011e-05
6.90052e-05
5.88378e-05
5.7154e-05
5.68593e-05
5.767e-05
6.8966e-05
6.89744e-05
6.89959e-05
6.89988e-05
6.89779e-05
6.88159e-05
6.86998e-05
6.87976e-05
6.88443e-05
6.87882e-05
6.88533e-05
6.8938e-05
6.89754e-05
6.90717e-05
6.91299e-05
6.89109e-05
5.72449e-05
5.72493e-05
0.000103747
0.000115306
0.00011512
0.000115095
0.000115064
0.000115035
0.000114951
0.000114973
0.000114881
0.000114822
0.000114892
0.000115028
0.000115126
0.00011518
0.000115224
0.000115262
0.000115563
0.000103189
0.00010341
0.000103258
0.000115586
0.000115174
0.000115164
0.000115136
0.000115035
0.00011486
0.000114803
0.000114822
0.000114874
0.000114932
0.000114847
0.000115011
0.000115168
0.000115192
0.000115226
0.000115458
0.000103902
0.000100848
0.000147521
0.000150018
0.000161921
0.000161475
0.000161472
0.000161423
0.000161171
0.000160754
0.00016039
0.000160369
0.000161009
0.000161405
0.000161662
0.000161693
0.000161765
0.000161615
0.000151568
0.000150147
0.000149285
0.000151401
0.000161507
0.000161654
0.000161588
0.000161491
0.000161184
0.000160822
0.000160387
0.000160416
0.000160755
0.000160963
0.000161268
0.00016158
0.000161575
0.000162065
0.000151203
0.000149832
0.000194733
0.000197405
0.000209858
0.000208407
0.000208557
0.000208937
0.000195396
0.000194832
0.000194658
0.000195739
0.000196416
0.000210117
0.000209204
0.00020944
0.000196513
0.000195861
0.000193675
0.000195608
0.000197093
0.000209028
0.000209008
0.000210096
0.000196693
0.00019588
0.000195109
0.000194802
0.000195341
0.000208766
0.000208396
0.000208387
0.000209945
0.000197614
0.000197566
0.000239724
0.00024481
0.000245169
0.000243124
0.000245929
0.000243444
0.000241485
0.000240884
0.000242095
0.000245022
0.000247076
0.000246635
0.000245349
0.000243925
0.000241363
0.000244582
0.00024653
0.000246272
0.000246272
0.000243353
0.000241417
0.000241154
0.000242647
0.000245241
0.000245037
0.000244622
0.000245958
0.000241881
-0.000262422
-0.000264499
-0.000265123
-0.00026193
-0.000263407
-0.000265264
-0.00026554
-0.00026356
-0.00026467
-0.000264422
-0.000263508
-0.000265952
-0.00026446
-0.000220818
-0.000209416
-0.000209757
-0.000209292
-0.000221289
-0.000219897
-0.000216932
-0.000215082
-0.0002164
-0.000218351
-0.000221092
-0.000222146
-0.000209403
-0.000209616
-0.000210126
-0.000219154
-0.000216646
-0.000210239
-0.000209755
-0.00020922
-0.000220605
-0.000221968
-0.000221956
-0.000217013
-0.000216239
-0.000219631
-0.000221277
-0.000209363
-0.000209937
-0.000209298
-0.000221097
-0.000218241
-0.000174192
-0.000162263
-0.000161915
-0.000161774
-0.000161536
-0.000162447
-0.000172899
-0.000174284
-0.000172921
-0.000171298
-0.00017061
-0.00017142
-0.00017384
-0.000173741
-0.000172754
-0.000161578
-0.000161794
-0.00016163
-0.000161269
-0.000173528
-0.000172303
-0.000169538
-0.000172163
-0.000161376
-0.000161681
-0.000161726
-0.000161411
-0.000173038
-0.000172791
-0.000173855
-0.000172621
-0.000171013
-0.000170754
-0.000171703
-0.000173443
-0.000174541
-0.000162337
-0.000161574
-0.000161757
-0.000161941
-0.000162591
-0.000174813
-0.000171048
-0.000126111
-0.000115247
-0.00011513
-0.000115272
-0.000115295
-0.000115257
-0.000115184
-0.000126774
-0.000126366
-0.000127489
-0.000127649
-0.000128212
-0.000128096
-0.000126161
-0.000126304
-0.000114941
-0.00011518
-0.000115206
-0.000115158
-0.000115035
-0.00011525
-0.000126572
-0.000123856
-0.000126871
-0.00011532
-0.000115094
-0.000115159
-0.00011511
-0.000115003
-0.000114838
-0.000126491
-0.000126303
-0.000127988
-0.000128172
-0.000128576
-0.000128541
-0.000126244
-0.000126465
-0.000115134
-0.000115182
-0.000115204
-0.000115254
-0.000115256
-0.000115428
-0.000126921
-7.98842e-05
-6.87679e-05
-6.8896e-05
-6.90011e-05
-6.9068e-05
-6.90585e-05
-6.89596e-05
-6.89086e-05
-8.02333e-05
-8.0072e-05
-8.00391e-05
-8.00874e-05
-8.01219e-05
-8.02487e-05
-6.94628e-05
-6.89513e-05
-6.89965e-05
-6.90135e-05
-6.90409e-05
-6.9017e-05
-6.89261e-05
-8.10504e-05
-8.07682e-05
-8.12006e-05
-6.89189e-05
-6.89588e-05
-6.89829e-05
-6.89263e-05
-6.88914e-05
-6.89223e-05
-6.935e-05
-8.03116e-05
-8.01986e-05
-8.01689e-05
-8.02651e-05
-8.02255e-05
-8.02239e-05
-6.87769e-05
-6.88749e-05
-6.89591e-05
-6.8992e-05
-6.89696e-05
-6.88931e-05
-6.87748e-05
-8.0102e-05
-7.96513e-05
-3.42934e-05
-2.28936e-05
-2.29468e-05
-2.29773e-05
-2.301e-05
-2.30156e-05
-2.30995e-05
-2.30423e-05
-3.44895e-05
-3.44179e-05
-3.43167e-05
-3.42471e-05
-3.42995e-05
-3.44044e-05
-2.29185e-05
-2.29587e-05
-2.29868e-05
-2.29778e-05
-2.29938e-05
-2.2987e-05
-2.292e-05
-3.43777e-05
-3.41549e-05
-3.39611e-05
-3.42594e-05
-2.29408e-05
-2.29392e-05
-2.29633e-05
-2.29737e-05
-2.30051e-05
-2.29928e-05
-2.28905e-05
-3.4424e-05
-3.43903e-05
-3.43067e-05
-3.42994e-05
-3.44114e-05
-3.44344e-05
-2.29549e-05
-2.29709e-05
-2.29284e-05
-2.29473e-05
-2.29477e-05
-2.29207e-05
-2.2927e-05
-3.44083e-05
-3.41642e-05
1.15726e-05
2.28985e-05
2.29649e-05
2.29745e-05
2.29741e-05
2.29395e-05
2.29666e-05
2.30468e-05
1.15599e-05
1.14671e-05
1.14182e-05
1.14161e-05
1.14363e-05
1.14767e-05
2.29404e-05
2.30659e-05
2.31372e-05
2.30878e-05
2.30621e-05
2.3014e-05
2.2949e-05
1.14399e-05
1.138e-05
1.13353e-05
1.14048e-05
2.29539e-05
2.29872e-05
2.3017e-05
2.30204e-05
2.30336e-05
2.29891e-05
2.29326e-05
1.1467e-05
1.14118e-05
1.13963e-05
1.14123e-05
1.14221e-05
1.15089e-05
2.30432e-05
2.30182e-05
2.30085e-05
2.30212e-05
2.29906e-05
2.29231e-05
2.29348e-05
1.14227e-05
1.13425e-05
5.72379e-05
6.8844e-05
6.8999e-05
6.90377e-05
6.90318e-05
6.89725e-05
6.88671e-05
6.88977e-05
5.75616e-05
5.7417e-05
5.7153e-05
5.71335e-05
5.71595e-05
5.73291e-05
6.94156e-05
6.90401e-05
6.90756e-05
6.91209e-05
6.91327e-05
6.90402e-05
6.89328e-05
5.89181e-05
5.79466e-05
5.54184e-05
5.80135e-05
6.89638e-05
6.89905e-05
6.90438e-05
6.90412e-05
6.89744e-05
6.8993e-05
6.94358e-05
5.73194e-05
5.72012e-05
5.71274e-05
5.7198e-05
5.72288e-05
5.73903e-05
6.88072e-05
6.89052e-05
6.91043e-05
6.914e-05
6.90497e-05
6.8915e-05
6.87996e-05
5.72211e-05
5.71517e-05
0.000103565
0.00011551
0.000115376
0.000115333
0.000115245
0.000115093
0.000115016
0.000103457
0.000103388
0.000103205
0.000104627
0.00010538
0.000103065
0.000103243
0.000103303
0.000114895
0.000115115
0.000115293
0.000115299
0.000115157
0.000115589
0.000103392
0.000102816
0.000103247
0.000115307
0.000115042
0.000115244
0.000115276
0.000115141
0.000114885
0.000103406
0.000103268
0.000102966
0.000104667
0.000105585
0.000103168
0.000103122
0.000103181
0.000115204
0.000115416
0.000115399
0.000115356
0.000115165
0.000115301
0.000103743
0.000100694
0.000147334
0.000150368
0.000162579
0.000161941
0.000161732
0.000161344
0.000162012
0.00014953
0.000149358
0.000150971
0.000149976
0.000149115
0.000150832
0.000151645
0.000149548
0.000149643
0.000161407
0.000161788
0.000161807
0.000161493
0.000149482
0.00014966
0.000149346
0.00014967
0.000161328
0.000161764
0.000161875
0.000161526
0.00014984
0.000149538
0.000150632
0.000150414
0.000149736
0.000149048
0.000151134
0.000150697
0.000149182
0.000162356
0.000161673
0.000161883
0.00016199
0.000162386
0.000151007
0.000149731
0.000194857
0.000198039
0.000209367
0.00020982
0.000209318
0.00019617
0.000197228
0.000197143
0.000194252
0.000192336
0.000191714
0.000193704
0.000195309
0.000197018
0.000197988
0.000196756
0.000209322
0.000209898
0.000210452
0.000196722
0.000192913
0.000195951
0.000209972
0.000209524
0.00020913
0.000196794
0.000196515
0.000197885
0.000195784
0.000193978
0.000192504
0.000192005
0.000193226
0.000194995
0.000196484
0.000196022
0.000209396
0.000209982
0.000209424
0.000198543
0.000197739
0.000240228
0.000244974
0.000245748
0.00024637
0.00024455
0.00024052
0.000241943
0.00024533
0.000245859
0.000246768
0.000245318
0.000242863
0.000245746
0.000245714
0.000245465
0.000244388
0.000241174
0.000239324
0.000243254
0.000245243
0.000246534
0.000244948
0.000242656
-0.000262612
-0.000264754
-0.000264625
-0.000261625
-0.000264337
-0.000265441
-0.000263527
-0.00026445
-0.000264197
-0.000262949
-0.000264636
-0.000264385
-0.000220403
-0.000209328
-0.000209598
-0.000209819
-0.000222111
-0.000219161
-0.000216301
-0.000220398
-0.000221003
-0.000208934
-0.000209542
-0.000209972
-0.000218334
-0.000216047
-0.000209925
-0.000209717
-0.000209235
-0.000220396
-0.000221229
-0.000217326
-0.000216828
-0.000222003
-0.000209848
-0.000209608
-0.000209496
-0.000220891
-0.000217285
-0.000172835
-0.00016191
-0.000161777
-0.000161705
-0.000161456
-0.000173217
-0.00017393
-0.000172688
-0.000170407
-0.000173268
-0.000174453
-0.000162059
-0.000161546
-0.000161539
-0.000161374
-0.000173507
-0.00017262
-0.000172996
-0.000161395
-0.000161702
-0.000161711
-0.000161812
-0.000173003
-0.000173923
-0.000172137
-0.000171271
-0.000173121
-0.000173078
-0.00016155
-0.000161895
-0.000161961
-0.00016212
-0.000174017
-0.000170194
-0.000124451
-0.000115191
-0.000114943
-0.000115164
-0.000115205
-0.000115205
-0.000115595
-0.000126493
-0.000128102
-0.000126192
-0.000125903
-0.000127973
-0.000115165
-0.000114982
-0.000115052
-0.000115049
-0.000115053
-0.000115454
-0.000126762
-0.000126601
-0.000115155
-0.000115066
-0.000115124
-0.000115106
-0.000114927
-0.000115057
-0.000126297
-0.000126646
-0.00012648
-0.000124687
-0.000127234
-0.000128142
-0.000115439
-0.000115254
-0.000115319
-0.000115283
-0.000115017
-0.000114909
-0.000126696
-8.02708e-05
-6.99945e-05
-6.88997e-05
-6.89559e-05
-6.90067e-05
-6.90225e-05
-6.90127e-05
-8.05375e-05
-8.03546e-05
-8.00928e-05
-7.98149e-05
-8.03401e-05
-8.0998e-05
-8.0405e-05
-6.88284e-05
-6.89793e-05
-6.9022e-05
-6.89756e-05
-6.89627e-05
-6.89402e-05
-8.03774e-05
-8.00002e-05
-8.04707e-05
-6.88875e-05
-6.89726e-05
-6.90044e-05
-6.90102e-05
-6.89601e-05
-6.87437e-05
-8.0202e-05
-8.11202e-05
-7.97933e-05
-7.79313e-05
-7.99973e-05
-8.00491e-05
-8.03008e-05
-6.88486e-05
-6.89335e-05
-6.89966e-05
-6.89619e-05
-6.88397e-05
-6.95382e-05
-8.05e-05
-3.42356e-05
-2.29246e-05
-2.29511e-05
-2.29782e-05
-2.30111e-05
-2.3028e-05
-2.30274e-05
-3.4514e-05
-3.45894e-05
-3.56175e-05
-3.47437e-05
-3.43771e-05
-3.4207e-05
-3.45463e-05
-2.29196e-05
-2.29235e-05
-2.29603e-05
-2.29714e-05
-2.29856e-05
-2.3018e-05
-3.59325e-05
-3.53213e-05
-3.48482e-05
-2.30105e-05
-2.3001e-05
-2.29953e-05
-2.29733e-05
-2.29462e-05
-2.294e-05
-3.45537e-05
-3.44713e-05
-3.4279e-05
-3.41771e-05
-3.23461e-05
-3.42766e-05
-3.53235e-05
-3.43628e-05
-2.29004e-05
-2.29514e-05
-2.29681e-05
-2.29523e-05
-2.28903e-05
-2.28401e-05
-3.43028e-05
1.13868e-05
2.29074e-05
2.29321e-05
2.29602e-05
2.299e-05
2.29967e-05
2.29562e-05
1.14084e-05
1.14073e-05
1.22307e-05
1.13739e-05
1.14477e-05
1.14307e-05
1.17186e-05
2.30605e-05
2.307e-05
2.30536e-05
2.3024e-05
2.30282e-05
2.30755e-05
1.1499e-05
1.21553e-05
9.76055e-06
1.13326e-05
2.31391e-05
2.3061e-05
2.29969e-05
2.29728e-05
2.29836e-05
2.29472e-05
1.15027e-05
1.14484e-05
1.1309e-05
1.15165e-05
1.10986e-05
1.16849e-05
1.28402e-05
1.15196e-05
2.29464e-05
2.30044e-05
2.30043e-05
2.29786e-05
2.2923e-05
2.2888e-05
1.14275e-05
5.71012e-05
6.97929e-05
6.89083e-05
6.9006e-05
6.90537e-05
6.90442e-05
6.89438e-05
5.73421e-05
5.72877e-05
5.7521e-05
5.80585e-05
5.71179e-05
5.82829e-05
5.76328e-05
6.9063e-05
6.92419e-05
6.91704e-05
6.90734e-05
6.90379e-05
6.89373e-05
5.8097e-05
5.73916e-05
5.84516e-05
6.90926e-05
6.90688e-05
6.90061e-05
6.89955e-05
6.90372e-05
6.89344e-05
5.74522e-05
5.91648e-05
5.72884e-05
5.66844e-05
5.72932e-05
5.73848e-05
5.74402e-05
6.90806e-05
6.90363e-05
6.90435e-05
6.89847e-05
6.8863e-05
6.95747e-05
5.69418e-05
0.000102234
0.000115206
0.000115112
0.000115348
0.000115391
0.000115253
0.000115573
0.000103313
0.000104979
0.000102994
0.000100974
0.000102062
0.000103292
0.000103282
0.000115359
0.000115238
0.000115255
0.000115211
0.000115119
0.000115481
0.000103143
0.000101325
0.000103853
0.000115394
0.000115143
0.000115079
0.000115089
0.000115099
0.000115339
0.000103363
0.000103213
0.000103479
0.000102735
0.000103767
0.000103789
0.000115748
0.000115277
0.000115334
0.000115282
0.000115039
0.000114854
0.000103929
0.000149606
0.00016223
0.000161974
0.0001619
0.000161537
0.000149893
0.000149535
0.000150049
0.000147912
0.000148707
0.000150999
0.00014975
0.000162136
0.000161799
0.000161691
0.000161265
0.000151044
0.000151063
0.000147187
0.00015046
0.000161208
0.000161478
0.000161678
0.000162254
0.000149949
0.000151449
0.000150025
0.000147025
0.00014966
0.000150815
0.000149887
0.000161493
0.000161852
0.000161969
0.000162303
0.000150594
0.00014958
0.000194046
0.000197944
0.000209381
0.000209489
0.000209613
0.00019645
0.000197012
0.00019362
0.000194923
0.000197116
0.000196694
0.000209173
0.000209832
0.000209975
0.000195714
0.000192939
0.000195019
0.000209324
0.000209398
0.000209159
0.000197059
0.00019792
0.000196466
0.000193613
0.000196521
0.000197668
0.000209885
0.000209559
0.000209504
0.000198504
0.000197334
0.000239588
0.000244866
0.00024569
0.000245642
0.000244304
0.000240213
0.000244474
0.000245499
0.000246627
0.000245346
0.000241918
0.000245852
0.000245872
0.000244918
0.000242224
0.00024236
0.000246392
0.000245631
0.000245316
0.000242515
-0.000260924
-0.000264418
-0.000264968
-0.000261719
-0.000264541
-0.000264762
-0.000262843
-0.000264711
-0.000264217
-0.000263144
-0.000264956
-0.000264234
-0.000218171
-0.000208448
-0.000209343
-0.000209737
-0.000222013
-0.00021879
-0.000219479
-0.000220928
-0.00020947
-0.000209722
-0.000222159
-0.000218817
-0.000220856
-0.000209211
-0.00020928
-0.000220604
-0.000221075
-0.000217268
-0.000216002
-0.000221607
-0.000210143
-0.000209701
-0.000208702
-0.000219376
-0.000160494
-0.000161168
-0.00016139
-0.00016117
-0.000172823
-0.000173007
-0.000172932
-0.000173548
-0.000174095
-0.000161974
-0.000161964
-0.000162123
-0.000162689
-0.000174467
-0.000171417
-0.000174715
-0.000162469
-0.000161842
-0.000161837
-0.000162341
-0.000173365
-0.000173831
-0.000170356
-0.000173332
-0.000172902
-0.000161349
-0.000161606
-0.000161391
-0.000160409
-0.000114979
-0.000115091
-0.000115022
-0.00011501
-0.000115432
-0.000126464
-0.000126614
-0.000123715
-0.000126282
-0.000126322
-0.000115152
-0.000115015
-0.000115268
-0.000115353
-0.00011535
-0.000115481
-0.000127222
-0.00012651
-0.000115539
-0.000115313
-0.000115239
-0.000115245
-0.000115165
-0.00011519
-0.000126434
-0.000126093
-0.000126169
-0.000127961
-0.000115427
-0.000115073
-0.000115114
-0.000115067
-0.000114788
-6.89075e-05
-6.90581e-05
-6.90261e-05
-6.90229e-05
-6.89933e-05
-8.03854e-05
-8.13619e-05
-8.0455e-05
-8.01502e-05
-8.18268e-05
-6.98893e-05
-6.89261e-05
-6.89888e-05
-6.90483e-05
-6.90463e-05
-6.89679e-05
-8.02894e-05
-7.99437e-05
-8.00031e-05
-6.89184e-05
-6.90402e-05
-6.90312e-05
-6.89989e-05
-6.89545e-05
-6.97791e-05
-8.04361e-05
-8.07027e-05
-7.9571e-05
-7.78784e-05
-8.08413e-05
-8.01409e-05
-6.89753e-05
-6.89872e-05
-6.89859e-05
-6.89491e-05
-6.87187e-05
-2.29259e-05
-2.29838e-05
-2.30208e-05
-2.30409e-05
-2.30277e-05
-3.44869e-05
-3.45002e-05
-3.42764e-05
-3.43318e-05
-3.43935e-05
-2.29436e-05
-2.29531e-05
-2.29843e-05
-2.30151e-05
-2.30421e-05
-2.30343e-05
-3.45238e-05
-3.5154e-05
-3.45518e-05
-2.30701e-05
-2.30409e-05
-2.30241e-05
-2.29964e-05
-2.29708e-05
-2.29318e-05
-3.4456e-05
-3.44184e-05
-3.53935e-05
-3.42125e-05
-3.41799e-05
-3.4347e-05
-2.29667e-05
-2.29811e-05
-2.29732e-05
-2.2946e-05
-2.28919e-05
2.28891e-05
2.29641e-05
2.2984e-05
2.2974e-05
2.29276e-05
1.14344e-05
1.14166e-05
1.1348e-05
1.02764e-05
1.14924e-05
1.1587e-05
2.29846e-05
2.29485e-05
2.30163e-05
2.30742e-05
2.309e-05
2.30965e-05
1.1518e-05
1.18238e-05
9.79627e-06
1.1808e-05
2.30679e-05
2.31188e-05
2.30801e-05
2.29992e-05
2.29211e-05
2.28481e-05
1.14539e-05
1.14056e-05
1.20111e-05
1.14626e-05
1.12769e-05
1.14289e-05
2.30162e-05
2.30338e-05
2.29867e-05
2.29314e-05
2.28531e-05
6.88202e-05
6.90214e-05
6.90346e-05
6.9005e-05
6.89218e-05
5.74482e-05
5.90592e-05
5.70675e-05
5.71456e-05
5.76085e-05
7.012e-05
6.90169e-05
6.90665e-05
6.9108e-05
6.91026e-05
6.89927e-05
5.73985e-05
5.73703e-05
5.73521e-05
6.89935e-05
6.91231e-05
6.91098e-05
6.90304e-05
6.89058e-05
6.95934e-05
5.73376e-05
5.72056e-05
5.75045e-05
5.68298e-05
5.76197e-05
5.73506e-05
6.90384e-05
6.90414e-05
6.89747e-05
6.88934e-05
6.86719e-05
0.000114818
0.000115136
0.000115194
0.000115166
0.000115551
0.000103476
0.000103122
0.000103368
0.000103542
0.000104666
0.000115486
0.000115172
0.000115336
0.000115372
0.000115376
0.000115524
0.000104064
0.000101404
0.000103717
0.000115636
0.000115366
0.000115329
0.000115283
0.00011508
0.000115061
0.000103279
0.000104218
0.000100979
0.00010328
0.000103401
0.000115715
0.000115206
0.000115094
0.000114955
0.000114674
0.000160426
0.000161285
0.000161587
0.000161369
0.000149876
0.000151841
0.000150579
0.000147013
0.000149407
0.000149701
0.000162173
0.000161831
0.000162005
0.000162439
0.000151492
0.000149975
0.000147517
0.000150779
0.000162684
0.000162047
0.000161828
0.000161889
0.000149819
0.000150864
0.000149425
0.000147904
0.000151143
0.000149953
0.000161588
0.00016162
0.000161167
0.000160339
0.000196514
0.000208306
0.000209301
0.000209563
0.000196249
0.000195417
0.000192772
0.00019433
0.000197714
0.000196626
0.000209334
0.000209571
0.000198315
0.000197584
0.000195206
0.000198389
0.000209611
0.000209278
0.000196567
0.000197436
0.000197388
0.00019509
0.000197099
0.000209991
0.000209619
0.000208629
0.000196599
0.000237267
0.000243047
0.000245118
0.000245453
0.000244617
0.000238997
0.00024418
0.000245457
0.000245883
0.000243192
0.000241046
0.000245519
0.000245758
0.000245021
0.000242125
0.000242049
0.000245747
0.000245986
0.000244781
0.000241443
-0.000265137
-0.000266342
-0.000262909
-0.000264665
-0.000264099
-0.000262774
-0.000264447
-0.000264692
-0.00026526
-0.00026676
-0.000208335
-0.000208794
-0.000221154
-0.000218893
-0.00022088
-0.000222152
-0.000209519
-0.000209465
-0.000221346
-0.000218907
-0.000220879
-0.000209596
-0.000209494
-0.000220856
-0.000221161
-0.000218089
-0.000216526
-0.000221368
-0.00020912
-0.000208435
-0.000161182
-0.000161122
-0.000161519
-0.000173357
-0.000172519
-0.00017348
-0.000174963
-0.000162596
-0.000162135
-0.000162151
-0.000162586
-0.000174639
-0.000172387
-0.000173143
-0.000162297
-0.000162056
-0.00016202
-0.000162412
-0.000173353
-0.000174385
-0.000170844
-0.000172524
-0.000161801
-0.000161343
-0.000161257
-0.0001151
-0.000115085
-0.000115561
-0.000126188
-0.00012651
-0.000123869
-0.000125449
-0.000126834
-0.000115369
-0.000115309
-0.000115398
-0.000115397
-0.000115292
-0.000115415
-0.000127023
-0.000123714
-0.000126233
-0.000115425
-0.000115234
-0.000115383
-0.00011532
-0.000115243
-0.000115312
-0.000126659
-0.000126917
-0.000126331
-0.000127645
-0.000115811
-0.000115315
-0.000115142
-6.90608e-05
-6.90808e-05
-6.9064e-05
-8.0568e-05
-8.13776e-05
-8.07684e-05
-8.09506e-05
-8.02973e-05
-6.88276e-05
-6.90031e-05
-6.90767e-05
-6.90801e-05
-6.90092e-05
-6.89165e-05
-8.09009e-05
-8.02896e-05
-7.79907e-05
-8.11516e-05
-6.89256e-05
-6.90184e-05
-6.90673e-05
-6.90739e-05
-6.9031e-05
-6.8868e-05
-8.04039e-05
-8.00961e-05
-7.82094e-05
-8.11224e-05
-8.04378e-05
-6.90386e-05
-6.91503e-05
-6.90359e-05
-2.29991e-05
-2.2988e-05
-2.3011e-05
-3.45879e-05
-3.45085e-05
-3.41127e-05
-3.45919e-05
-3.44699e-05
-2.30417e-05
-2.3e-05
-2.30304e-05
-2.30342e-05
-2.30256e-05
-2.30236e-05
-3.44023e-05
-3.42026e-05
-3.43049e-05
-3.42641e-05
-2.30351e-05
-2.30058e-05
-2.30237e-05
-2.3057e-05
-2.30867e-05
-2.30618e-05
-3.44635e-05
-3.43931e-05
-3.43492e-05
-3.39131e-05
-3.4204e-05
-3.4442e-05
-2.29745e-05
-2.2996e-05
-2.29679e-05
2.29545e-05
2.29859e-05
2.29773e-05
1.1435e-05
1.14055e-05
1.13521e-05
1.15169e-05
1.13344e-05
2.30388e-05
2.31294e-05
2.31183e-05
2.30797e-05
2.30184e-05
2.3005e-05
1.14426e-05
1.14177e-05
1.13476e-05
1.14194e-05
2.31114e-05
2.30891e-05
2.30883e-05
2.30789e-05
2.30449e-05
2.29883e-05
1.13855e-05
1.13346e-05
1.14207e-05
1.12721e-05
1.14612e-05
1.14905e-05
2.29558e-05
2.2949e-05
2.29578e-05
6.90026e-05
6.90961e-05
6.90728e-05
5.74654e-05
5.8591e-05
5.78695e-05
5.72331e-05
5.7388e-05
6.89535e-05
6.91415e-05
6.91714e-05
6.91482e-05
6.90805e-05
6.89391e-05
5.85947e-05
5.7056e-05
5.68137e-05
5.81019e-05
6.90751e-05
6.91036e-05
6.91437e-05
6.91213e-05
6.90359e-05
6.88728e-05
5.73254e-05
5.71799e-05
5.6907e-05
5.53529e-05
5.79895e-05
5.75283e-05
6.89727e-05
6.89834e-05
6.89657e-05
0.000115076
0.000115246
0.000115942
0.000103472
0.000103115
0.000102939
0.000104264
0.000104962
0.000115505
0.000115327
0.000115427
0.000115482
0.00011538
0.000115454
0.000103933
0.000103566
0.00010339
0.000115469
0.000115454
0.000115514
0.000115414
0.000115321
0.000115423
0.000103485
0.000103895
0.000103164
0.000103447
0.00011566
0.000115086
0.000115065
0.000161135
0.000161136
0.000161821
0.000149384
0.000150581
0.000146804
0.000149916
0.000149985
0.000162546
0.000162048
0.00016213
0.000162503
0.000150854
0.000150245
0.000148304
0.000149922
0.000162893
0.000162259
0.000162177
0.000162711
0.000150244
0.000150647
0.0001497
0.000148635
0.000150394
0.00016176
0.00016119
0.000161214
0.000208153
0.000208659
0.000196099
0.00019654
0.000192643
0.000194581
0.000197321
0.00019715
0.00020945
0.000209525
0.000198415
0.000197963
0.000192601
0.000194406
0.000199024
0.000209735
0.000209661
0.000197699
0.000198864
0.000197206
0.000196101
0.000197643
0.000209014
0.000208438
0.000245737
0.000246816
0.000244526
0.000240563
0.000245459
0.000245635
0.000245576
0.000242935
0.000240797
0.000245158
0.000245896
0.000245618
0.000242609
0.000242997
0.000246965
0.000248459
-0.000261025
-0.000262943
-0.000264745
-0.000264659
-0.000263218
-0.00026513
-0.000264581
-0.000221052
-0.00021938
-0.000220852
-0.000209369
-0.000209418
-0.000209552
-0.000208711
-0.000219501
-0.000217345
-0.00020857
-0.000209518
-0.000209678
-0.000209788
-0.000221752
-0.000219246
-0.000217023
-0.000220477
-0.000162284
-0.000174046
-0.000172411
-0.00017394
-0.000172954
-0.000161384
-0.000161943
-0.000161901
-0.000161303
-0.000162043
-0.000173132
-0.00017049
-0.00017203
-0.000161922
-0.000161355
-0.000161893
-0.000161895
-0.000161346
-0.00017285
-0.000173543
-0.000170792
-0.000169703
-0.000172776
-0.000162356
-0.000116044
-0.000126573
-0.000126867
-0.000123696
-0.00012673
-0.000127203
-0.000115587
-0.000115166
-0.000115305
-0.00011529
-0.000115006
-0.000114797
-0.000127625
-0.000126254
-0.000125927
-0.000124518
-0.000124135
-0.000125645
-0.00012662
-0.000114953
-0.000115097
-0.000115306
-0.000115324
-0.000115197
-0.000115365
-0.000126528
-0.000127071
-0.000126863
-0.000128619
-0.000116185
-6.91862e-05
-8.07204e-05
-8.19228e-05
-8.11734e-05
-7.99101e-05
-8.03522e-05
-6.89569e-05
-6.90557e-05
-6.90725e-05
-6.90397e-05
-6.89452e-05
-6.88417e-05
-6.93663e-05
-8.09883e-05
-8.02454e-05
-7.9691e-05
-7.94267e-05
-7.99337e-05
-8.07459e-05
-6.93221e-05
-6.88832e-05
-6.9034e-05
-6.90811e-05
-6.90915e-05
-6.90435e-05
-6.89219e-05
-8.04606e-05
-8.01616e-05
-7.97414e-05
-8.09464e-05
-8.08565e-05
-6.91934e-05
-2.30234e-05
-2.28719e-05
-3.4442e-05
-3.42673e-05
-3.55491e-05
-3.43921e-05
-2.31642e-05
-2.31158e-05
-2.30489e-05
-2.30102e-05
-2.29734e-05
-2.28978e-05
-2.29748e-05
-3.59002e-05
-3.45023e-05
-3.42919e-05
-3.42322e-05
-3.44223e-05
-3.4882e-05
-2.29287e-05
-2.29057e-05
-2.29876e-05
-2.30187e-05
-2.30236e-05
-2.30326e-05
-2.31317e-05
-3.46336e-05
-3.56827e-05
-3.42828e-05
-3.39694e-05
-3.42892e-05
-2.29036e-05
-2.29669e-05
2.29655e-05
2.29448e-05
1.14925e-05
1.13585e-05
1.21779e-05
1.16264e-05
2.32212e-05
2.31443e-05
2.3086e-05
2.30328e-05
2.29663e-05
2.28914e-05
2.29613e-05
1.14734e-05
1.13277e-05
1.14296e-05
1.13961e-05
1.14849e-05
1.13456e-05
2.29394e-05
2.29736e-05
2.30498e-05
2.31014e-05
2.31582e-05
2.32038e-05
2.31573e-05
1.14524e-05
1.32304e-05
1.16266e-05
1.13777e-05
1.14466e-05
2.28692e-05
2.30232e-05
6.9087e-05
5.75423e-05
5.74659e-05
5.7758e-05
5.75939e-05
5.75658e-05
6.90753e-05
6.91211e-05
6.91512e-05
6.91071e-05
6.90175e-05
6.89095e-05
6.94576e-05
5.81103e-05
5.71749e-05
5.70543e-05
5.69703e-05
5.71488e-05
5.82905e-05
6.9427e-05
6.88979e-05
6.91145e-05
6.92044e-05
6.92243e-05
6.91522e-05
6.89837e-05
5.73581e-05
5.75494e-05
5.72663e-05
5.50652e-05
5.71586e-05
5.73874e-05
6.9134e-05
0.000116021
0.000103611
0.000104486
0.000102941
0.00010379
0.000105219
0.000115607
0.000115341
0.000115419
0.000115359
0.000115137
0.00011496
0.000103337
0.000104195
0.000102839
0.000102495
0.000101647
0.00010228
0.000103027
0.000103948
0.000114875
0.000115264
0.000115466
0.000115504
0.000115281
0.000115424
0.000103433
0.000103835
0.000101256
0.000103801
0.000103466
0.000116214
0.000162292
0.000149514
0.00015021
0.000147396
0.000149954
0.000149908
0.000161581
0.000162005
0.000161901
0.000161405
0.000161934
0.000150758
0.000148991
0.000147338
0.000147806
0.000149837
0.000162057
0.000161514
0.000162046
0.000162181
0.000161513
0.00014971
0.000151491
0.000149891
0.000149289
0.000150422
0.000162492
0.000196674
0.000196158
0.000193369
0.000194986
0.00019718
0.000209656
0.000209473
0.000209422
0.000208583
0.000196769
0.000194082
0.000193636
0.000197382
0.000208594
0.000209632
0.000209955
0.000209799
0.000196262
0.000196878
0.000196216
0.000197255
0.00024377
0.000239243
0.000241604
0.000245807
0.000245876
0.000245395
0.000243816
0.000239015
0.000240443
0.000245524
0.000246183
0.000246162
0.000244256
0.000242156
-0.000262833
-0.000263757
-0.000264257
-0.00026288
-0.000261221
-0.000264466
-0.000264742
-0.000265093
-0.000215832
-0.000221712
-0.000221946
-0.000208467
-0.000208295
-0.000208653
-0.000208649
-0.000220217
-0.000218195
-0.000217514
-0.000219228
-0.000208593
-0.000208749
-0.000208285
-0.000208782
-0.000220904
-0.000221907
-0.000218377
-0.000172755
-0.000172461
-0.00017299
-0.000162195
-0.00016163
-0.000161589
-0.000161354
-0.000161188
-0.000160969
-0.000160408
-0.000160375
-0.000160988
-0.000161407
-0.000161478
-0.000161569
-0.000161696
-0.000162337
-0.000173315
-0.000173003
-0.000172182
-0.000169727
-0.000126486
-0.000124606
-0.000126601
-0.000127592
-0.000115363
-0.000115164
-0.000115164
-0.000115167
-0.000115065
-0.000114958
-0.000115001
-0.000114894
-0.000114901
-0.00011503
-0.000115087
-0.000115102
-0.000115176
-0.00011522
-0.000115218
-0.000115398
-0.000126588
-0.000126446
-0.000123548
-0.000127061
-8.23971e-05
-8.10685e-05
-8.02797e-05
-8.04136e-05
-6.89389e-05
-6.89665e-05
-6.90343e-05
-6.89941e-05
-6.89925e-05
-6.89328e-05
-6.88477e-05
-6.88276e-05
-6.88418e-05
-6.88364e-05
-6.89335e-05
-6.89869e-05
-6.89991e-05
-6.90771e-05
-6.90374e-05
-6.89846e-05
-8.05735e-05
-8.057e-05
-8.0504e-05
-7.85162e-05
-8.10599e-05
-3.46471e-05
-3.43837e-05
-3.21384e-05
-3.5282e-05
-3.47165e-05
-2.31008e-05
-2.29742e-05
-2.30001e-05
-2.30041e-05
-2.30104e-05
-2.30166e-05
-2.29415e-05
-2.28871e-05
-2.28869e-05
-2.29319e-05
-2.2989e-05
-2.29877e-05
-2.29857e-05
-2.30162e-05
-2.30317e-05
-2.30838e-05
-3.45144e-05
-3.60037e-05
-3.50417e-05
-3.42095e-05
-3.44921e-05
1.1393e-05
1.14421e-05
1.11097e-05
1.13119e-05
1.15187e-05
2.31673e-05
2.30235e-05
2.30166e-05
2.29988e-05
2.29972e-05
2.29724e-05
2.28984e-05
2.28629e-05
2.28599e-05
2.28899e-05
2.2992e-05
2.30065e-05
2.30284e-05
2.30384e-05
2.30451e-05
2.32261e-05
1.16711e-05
1.16021e-05
1.12372e-05
1.12977e-05
1.15273e-05
5.77051e-05
5.71909e-05
5.85588e-05
5.75697e-05
6.90333e-05
6.90824e-05
6.91175e-05
6.90394e-05
6.90373e-05
6.89298e-05
6.87722e-05
6.87945e-05
6.87863e-05
6.87576e-05
6.89181e-05
6.9018e-05
6.9034e-05
6.91629e-05
6.91432e-05
6.9123e-05
5.77227e-05
5.86156e-05
5.79493e-05
5.68303e-05
5.72814e-05
0.000104508
0.000103473
0.000102821
0.000103451
0.000115555
0.000115301
0.000115287
0.000115213
0.000115129
0.000114989
0.000114905
0.000114815
0.000114779
0.000114877
0.000115013
0.00011509
0.000115201
0.00011533
0.00011542
0.000115605
0.00010362
0.000102988
0.000102774
0.000104209
0.00015009
0.000148258
0.000151014
0.000149914
0.000162326
0.000161587
0.000161546
0.000161469
0.000161251
0.00016086
0.000160355
0.000160313
0.000160789
0.000161337
0.000161467
0.000161616
0.00016176
0.000162515
0.000150221
0.000151121
0.000150468
0.000149744
0.000194888
0.000195025
0.000198109
0.000197045
0.000208405
0.000208271
0.000208746
0.000208642
0.000197712
0.000196524
0.000196468
0.000197239
0.000208486
0.000208694
0.000208333
0.000208739
0.000197321
0.000198585
0.00019623
0.000192357
0.00024098
0.000244918
0.00024466
0.000245005
0.000243879
0.000243595
0.000239403
0.000237421
0.000236925
0.000238381
0.000241207
0.000243863
0.000244828
0.000243537
0.000245084
0.000243278
-0.000262342
-0.000265487
-0.000263195
-0.000263354
-0.000262749
-0.000264085
-0.000264634
-0.00026429
-0.000262816
-0.000219326
-0.000221071
-0.000219829
-0.000209534
-0.000207395
-0.000207025
-0.000206994
-0.000207469
-0.000209359
-0.000220407
-0.000221303
-0.000219965
-0.00021772
-0.000173678
-0.000174506
-0.000162361
-0.000161406
-0.000161306
-0.000161192
-0.000160957
-0.000160942
-0.000161156
-0.000161328
-0.000161349
-0.000162211
-0.000173104
-0.000174344
-0.000170832
-0.000126644
-0.000126987
-0.000126612
-0.00011525
-0.0001152
-0.000115047
-0.000115092
-0.000115028
-0.000115022
-0.000115096
-0.000115074
-0.000115104
-0.000115055
-0.000126679
-0.000126588
-0.000127029
-8.01641e-05
-8.03646e-05
-6.95496e-05
-6.90398e-05
-6.90036e-05
-6.89749e-05
-6.89231e-05
-6.88898e-05
-6.88891e-05
-6.89296e-05
-6.89926e-05
-6.89903e-05
-6.8987e-05
-6.95928e-05
-8.05671e-05
-8.02016e-05
-8.01893e-05
-3.21398e-05
-3.5471e-05
-3.43877e-05
-2.30371e-05
-2.30765e-05
-2.30051e-05
-2.30082e-05
-2.29744e-05
-2.29546e-05
-2.29553e-05
-2.29651e-05
-2.29934e-05
-2.29749e-05
-2.29975e-05
-2.30354e-05
-3.45695e-05
-3.56352e-05
-3.48119e-05
1.10028e-05
1.21421e-05
1.15232e-05
2.30024e-05
2.30321e-05
2.2976e-05
2.29761e-05
2.29354e-05
2.29221e-05
2.29281e-05
2.29381e-05
2.29769e-05
2.29937e-05
2.30598e-05
2.2999e-05
1.14473e-05
1.30758e-05
1.15522e-05
5.76032e-05
5.74803e-05
6.96706e-05
6.90438e-05
6.90328e-05
6.90027e-05
6.89032e-05
6.8872e-05
6.88765e-05
6.88921e-05
6.89552e-05
6.89976e-05
6.89962e-05
6.97679e-05
5.75384e-05
5.75033e-05
5.83726e-05
0.000104015
0.000104881
0.000103761
0.00011515
0.000115195
0.000115077
0.000115047
0.000114959
0.000114965
0.000115059
0.000115053
0.00011518
0.000115171
0.000103658
0.000103722
0.000104091
0.000101357
0.000147593
0.00015021
0.000149957
0.00016233
0.000161333
0.000161214
0.000161078
0.000160794
0.000160823
0.000161107
0.000161244
0.000161361
0.000162304
0.000149747
0.000151467
0.000149938
0.000195204
0.000197176
0.000196264
0.000196362
0.000209035
0.000207223
0.00020689
0.000206921
0.000207347
0.000209211
0.000196418
0.000196272
0.000197129
0.000197588
0.000238627
0.000243447
0.000243859
0.000245727
0.000242327
0.000241675
0.000241348
0.0002422
0.000245117
0.000245279
0.00024461
0.000240581
-0.000215532
-0.000218542
-0.000219963
-0.000219782
-0.000219859
-0.000219409
-0.00022017
-0.000216297
-0.000171287
-0.000173293
-0.000173789
-0.000172774
-0.000172784
-0.000172839
-0.00017266
-0.000172571
-0.000173975
-0.000172501
-0.000124229
-0.000127113
-0.000128312
-0.000126419
-0.000126679
-0.000114943
-0.000114929
-0.000126673
-0.00012645
-0.000126378
-0.000127629
-0.000126043
-8.07997e-05
-8.05176e-05
-8.05084e-05
-8.03655e-05
-6.88014e-05
-6.88395e-05
-6.88358e-05
-6.88117e-05
-8.04437e-05
-8.05346e-05
-8.04132e-05
-8.01729e-05
-7.84628e-05
-3.45011e-05
-3.61364e-05
-3.44641e-05
-3.45092e-05
-2.29543e-05
-2.29845e-05
-2.29915e-05
-2.2923e-05
-3.44824e-05
-3.44988e-05
-3.44227e-05
-3.51332e-05
-3.44741e-05
1.13438e-05
1.14567e-05
1.1417e-05
1.14467e-05
2.29054e-05
2.29287e-05
2.29612e-05
2.29289e-05
1.14826e-05
1.15408e-05
1.15078e-05
1.13708e-05
1.13564e-05
5.6973e-05
5.83381e-05
5.75557e-05
5.74785e-05
6.88067e-05
6.88421e-05
6.88817e-05
6.87959e-05
5.73895e-05
5.736e-05
5.73809e-05
5.84746e-05
5.684e-05
0.000103789
0.000103932
0.000103507
0.000103536
0.000103537
0.000114862
0.000114918
0.000103589
0.000103478
0.000103493
0.000104805
0.000103255
0.000149321
0.000151155
0.000149443
0.000149635
0.000149514
0.0001496
0.000149827
0.000149502
0.000150969
0.000150418
0.000147964
0.00019495
0.00019628
0.000197577
0.000195397
0.000195305
0.000197178
0.000197155
0.00019547
0.000194083
0.000238987
0.000241125
0.000241357
0.000239815
0.00023983
-0.000124348
-0.000125165
-0.000125197
-0.000125731
-0.000124095
-8.02844e-05
-8.00304e-05
-8.04784e-05
-8.05569e-05
-8.03086e-05
-7.9752e-05
-3.42254e-05
-3.44918e-05
-3.46271e-05
-3.46634e-05
-3.44636e-05
-3.43715e-05
-3.40077e-05
1.13151e-05
1.13968e-05
1.14519e-05
1.15097e-05
1.14273e-05
1.1449e-05
1.15716e-05
5.73612e-05
5.73024e-05
5.74235e-05
5.76425e-05
5.73875e-05
5.70977e-05
5.49612e-05
0.000101156
0.000102419
0.000103075
0.000103204
0.000102939
0.00010258
0.000146621
0.000146807
0.000147657
-0.000147258
-0.000146928
-0.000147303
-0.000147271
-0.000147124
-0.000146914
-0.000146911
-0.000146401
-0.000146725
-0.000147416
-0.000147237
-0.000147054
-0.000146784
-0.000147209
-0.000123933
-0.000100994
-0.000102726
-0.000124384
-0.00012571
-0.000102373
-0.000102806
-0.000125002
-0.000125273
-0.000102956
-0.000103043
-0.000125333
-0.000125241
-0.000103033
-0.000102981
-0.000125118
-0.000125809
-0.000102876
-0.000102753
-0.000124915
-0.00010303
-0.000102139
-0.000124823
-0.000101772
-0.000103047
-0.00012536
-0.000124903
-0.000102671
-0.000102843
-0.000125219
-0.000125273
-0.000102973
-0.000103055
-0.000125208
-0.000125041
-0.000103116
-0.000102994
-0.000125709
-0.000124317
-0.000102821
-0.000102269
-0.000123801
-0.00010242
-0.000100718
-5.49871e-05
-8.03784e-05
-7.97055e-05
-5.72853e-05
-5.69758e-05
-7.99617e-05
-8.01546e-05
-5.72139e-05
-5.7309e-05
-8.02746e-05
-8.03384e-05
-5.73874e-05
-5.74337e-05
-8.03524e-05
-8.03444e-05
-5.74751e-05
-5.74895e-05
-8.0291e-05
-8.01391e-05
-5.74852e-05
-5.73512e-05
-7.99688e-05
-8.0317e-05
-5.72093e-05
-5.70987e-05
-7.81566e-05
-5.70562e-05
-7.82408e-05
-5.70011e-05
-8.01952e-05
-7.99052e-05
-5.71082e-05
-5.72212e-05
-8.01815e-05
-8.03678e-05
-5.73536e-05
-5.73238e-05
-8.03684e-05
-8.03823e-05
-5.74555e-05
-5.76159e-05
-8.04796e-05
-8.04041e-05
-5.75492e-05
-5.74511e-05
-8.01469e-05
-7.99013e-05
-5.73132e-05
-5.72246e-05
-7.96532e-05
-8.05097e-05
-5.70419e-05
-5.74059e-05
-5.52143e-05
-3.37574e-05
-1.13174e-05
-3.4059e-05
-3.42424e-05
-1.13398e-05
-1.13811e-05
-3.43714e-05
-3.45091e-05
-1.14196e-05
-1.14783e-05
-3.45559e-05
-3.45617e-05
-1.14548e-05
-1.15021e-05
-3.4611e-05
-3.45714e-05
-1.14054e-05
-1.14341e-05
-3.45486e-05
-3.44943e-05
-1.15202e-05
-1.14883e-05
-3.43865e-05
-3.42376e-05
-1.14138e-05
-1.14031e-05
-3.49779e-05
-1.22556e-05
-9.99084e-06
-3.52898e-05
-1.01395e-05
-1.21451e-05
-3.42935e-05
-3.43292e-05
-1.14606e-05
-1.14067e-05
-3.44288e-05
-3.43554e-05
-1.1398e-05
-1.13746e-05
-3.44087e-05
-3.47822e-05
-1.14777e-05
-1.15511e-05
-3.46811e-05
-3.44375e-05
-1.15511e-05
-1.14887e-05
-3.44751e-05
-3.43654e-05
-1.14081e-05
-1.14699e-05
-3.42728e-05
-3.40534e-05
-1.13796e-05
-1.13159e-05
-3.37508e-05
-1.14124e-05
1.14807e-05
3.39873e-05
1.14269e-05
1.14565e-05
3.421e-05
3.43347e-05
1.14606e-05
1.152e-05
3.4484e-05
3.45301e-05
1.15082e-05
1.15861e-05
3.4596e-05
3.46078e-05
1.15602e-05
1.15524e-05
3.45629e-05
3.46044e-05
1.14428e-05
1.14433e-05
3.46456e-05
3.44507e-05
1.14651e-05
1.13574e-05
3.43642e-05
3.42562e-05
1.20937e-05
9.99232e-06
3.51287e-05
9.77978e-06
1.19176e-05
3.49162e-05
1.13503e-05
1.14719e-05
3.42196e-05
3.43947e-05
1.15187e-05
1.15137e-05
3.44588e-05
3.45258e-05
1.14789e-05
1.15108e-05
3.45433e-05
3.46834e-05
1.15278e-05
1.15292e-05
3.46829e-05
3.46403e-05
1.14611e-05
1.1429e-05
3.45572e-05
3.44641e-05
1.14195e-05
1.14082e-05
3.43184e-05
3.42122e-05
1.13174e-05
3.38284e-05
5.51824e-05
5.74428e-05
5.70544e-05
8.02209e-05
7.96583e-05
5.72707e-05
5.73923e-05
7.99774e-05
8.02504e-05
5.75068e-05
5.75466e-05
8.03509e-05
8.05039e-05
5.74542e-05
5.74525e-05
8.04869e-05
8.03787e-05
5.74992e-05
5.73114e-05
8.02619e-05
8.01069e-05
5.71768e-05
5.69423e-05
7.98121e-05
8.00967e-05
5.68177e-05
7.83874e-05
5.69686e-05
7.83371e-05
5.68659e-05
5.71661e-05
8.00725e-05
7.98492e-05
5.73647e-05
5.74002e-05
8.01507e-05
8.03241e-05
5.74841e-05
5.7629e-05
8.04611e-05
8.04519e-05
5.76339e-05
5.74706e-05
8.045e-05
8.03222e-05
5.73591e-05
5.72375e-05
8.01318e-05
7.99436e-05
5.70716e-05
5.76994e-05
7.96566e-05
8.02937e-05
5.54511e-05
0.00010099
0.000102596
0.000123877
0.000102354
0.000102766
0.000124362
0.00012575
0.000102949
0.000103077
0.000125125
0.000125122
0.000103162
0.000103028
0.000125246
0.00012514
0.000102822
0.000102602
0.000124852
0.000125277
0.000102872
0.000101879
0.000124442
0.00010174
0.000102757
0.000124326
0.000102542
0.000102872
0.000125148
0.000125006
0.000103073
0.000103073
0.000125253
0.000125282
0.000103056
0.000102954
0.000125287
0.000125044
0.000102667
0.000102319
0.000125419
0.000124106
0.000102493
0.000100942
0.0001239
0.000147567
0.000146792
0.000146713
0.000147113
0.000147044
0.000146448
0.000146431
0.000146849
0.000147132
0.000147214
0.000147175
0.000147318
0.000146735
0.00014692
-0.000239047
-0.0002389
-0.000239338
-0.000240313
-0.000241642
-0.000241546
-0.00024096
-0.000240229
-0.000239569
-0.000240342
-0.000240284
-0.000239301
-0.00023996
-0.000240946
-0.000241432
-0.000241269
-0.000240321
-0.0002397
-0.00023913
-0.000239251
-0.000193424
-0.000217456
-0.000194153
-0.000196795
-0.00019304
-0.000217586
-0.000219149
-0.000197144
-0.000196808
-0.000193657
-0.000194435
-0.000219446
-0.00022016
-0.000197669
-0.000197959
-0.000215264
-0.000195358
-0.000194638
-0.000219572
-0.000219888
-0.000197275
-0.000195551
-0.000215001
-0.000194605
-0.000194574
-0.000219953
-0.000219658
-0.000195449
-0.000195451
-0.000195223
-0.000193963
-0.000219554
-0.00021989
-0.000197103
-0.000197652
-0.000193038
-0.000192931
-0.00022052
-0.000218801
-0.000197488
-0.000196972
-0.000217068
-0.000216295
-0.000196104
-0.000195225
-0.000193724
-0.000192851
-0.000192746
-0.000193687
-0.000216363
-0.000216927
-0.000195253
-0.000196014
-0.000192737
-0.000193297
-0.000218603
-0.000220738
-0.000196839
-0.000197666
-0.000215342
-0.000194012
-0.000195171
-0.000219969
-0.000219349
-0.000197612
-0.00019702
-0.000215149
-0.000194519
-0.000194619
-0.000219585
-0.000219866
-0.000195441
-0.00019546
-0.000215866
-0.000194866
-0.000195505
-0.000219908
-0.000219791
-0.000195676
-0.000197455
-0.000194285
-0.000193579
-0.000220262
-0.000219656
-0.000198058
-0.00019775
-0.000193365
-0.000219184
-0.000217456
-0.000196966
-0.000196859
-0.000217262
-0.000196363
-0.000194115
-0.000193867
-0.000147755
-0.000170911
-0.000172096
-0.000149215
-0.000149994
-0.000170068
-0.000147766
-0.000148764
-0.000172947
-0.000173926
-0.000150587
-0.000150663
-0.000171888
-0.000148548
-0.000149552
-0.000174385
-0.000173856
-0.000149396
-0.000149345
-0.000173054
-0.00015105
-0.00015134
-0.000172653
-0.000172911
-0.000149521
-0.000149774
-0.000174304
-0.000151879
-0.000152083
-0.000172915
-0.00017278
-0.000149904
-0.000149906
-0.000174074
-0.000151961
-0.000151849
-0.000172665
-0.000172659
-0.00014983
-0.0001498
-0.000172543
-0.000151685
-0.000151096
-0.000172764
-0.000172734
-0.000149808
-0.000149786
-0.000171762
-0.000150467
-0.000149231
-0.000172681
-0.000174144
-0.000149722
-0.000149754
-0.000149545
-0.000148303
-0.000174179
-0.000173756
-0.000151331
-0.000151225
-0.000172056
-0.000171651
-0.000150565
-0.00014914
-0.000169721
-0.000149598
-0.000169687
-0.00014963
-0.000171801
-0.000171861
-0.000148998
-0.000150381
-0.000170644
-0.00014809
-0.000149268
-0.000173521
-0.00017408
-0.000151049
-0.000151117
-0.000171492
-0.000149151
-0.000150469
-0.000173944
-0.000172693
-0.000149635
-0.000149648
-0.000173744
-0.000150675
-0.000151619
-0.000172634
-0.000172685
-0.000149592
-0.00014975
-0.000174243
-0.000152246
-0.000151988
-0.000172801
-0.000172732
-0.000149945
-0.000149881
-0.000174063
-0.000151892
-0.000151671
-0.000172811
-0.000172918
-0.000149863
-0.000149854
-0.000171823
-0.000151173
-0.000151401
-0.000172881
-0.000172693
-0.000149762
-0.000149668
-0.000170235
-0.000149886
-0.000148616
-0.000173884
-0.000174142
-0.000149487
-0.000149425
-0.000148789
-0.000147685
-0.000173719
-0.000173045
-0.00015088
-0.000150872
-0.000172288
-0.000171203
-0.000149974
-0.000149314
-0.000147936
-0.000123919
-0.000126015
-0.000102783
-0.000102769
-0.000123952
-0.000103353
-0.000126072
-0.000126691
-0.000103799
-0.000103916
-0.000125762
-0.000102954
-0.000103416
-0.000127567
-0.000126298
-0.000103207
-0.000103243
-0.000127574
-0.000103836
-0.000104632
-0.0001263
-0.000126357
-0.000103304
-0.000103377
-0.000128091
-0.000103292
-0.000103312
-0.000126538
-0.00012664
-0.000103412
-0.000103454
-0.000128224
-0.000103339
-0.000103505
-0.000126678
-0.000126805
-0.000103541
-0.000103633
-0.000127451
-0.000105037
-0.000105209
-0.00012675
-0.000126644
-0.00010372
-0.000103705
-0.000126157
-0.000104248
-0.000102824
-0.000126645
-0.000127897
-0.000103513
-0.000103411
-0.000103071
-0.000101149
-0.000127915
-0.000127345
-0.000104694
-0.000104091
-0.000126891
-0.000125599
-0.000103527
-0.000103487
-0.000101051
-0.000100798
-0.000125111
-0.000126525
-0.000103201
-0.000103312
-0.00012511
-0.000101701
-0.000103543
-0.00012744
-0.000128137
-0.000104317
-0.000105277
-0.000126108
-0.000103211
-0.00010446
-0.000128079
-0.000126598
-0.000103699
-0.000103593
-0.000127964
-0.000104866
-0.000105015
-0.000126624
-0.000126648
-0.000103568
-0.000103624
-0.000126385
-0.000103383
-0.000103278
-0.000126614
-0.000126591
-0.000103524
-0.000103477
-0.000128449
-0.000103317
-0.000103211
-0.000126669
-0.000126614
-0.00010347
-0.000103391
-0.000126929
-0.000104287
-0.000103662
-0.000126383
-0.000126324
-0.000103275
-0.000103279
-0.000125937
-0.000103556
-0.000103015
-0.000126412
-0.000127775
-0.00010336
-0.000103367
-0.00010341
-0.000127088
-0.00012628
-0.000104235
-0.000104264
-0.000126259
-0.000123776
-0.000102798
-0.000103003
-5.5438e-05
-8.10117e-05
-8.01243e-05
-5.79206e-05
-5.72007e-05
-8.0515e-05
-5.6784e-05
-5.71514e-05
-8.08297e-05
-8.17887e-05
-5.71067e-05
-5.73223e-05
-8.08994e-05
-5.74067e-05
-5.75887e-05
-8.02794e-05
-8.02204e-05
-5.7337e-05
-5.72521e-05
-8.01937e-05
-5.85949e-05
-5.72087e-05
-8.02349e-05
-8.03047e-05
-5.72745e-05
-5.72972e-05
-8.21057e-05
-5.7437e-05
-5.75164e-05
-8.06272e-05
-8.06936e-05
-5.75441e-05
-5.75662e-05
-8.04089e-05
-5.75695e-05
-5.75003e-05
-8.05845e-05
-8.04671e-05
-5.75394e-05
-5.74813e-05
-8.0658e-05
-5.74319e-05
-5.76985e-05
-8.04729e-05
-8.13634e-05
-5.7512e-05
-5.90746e-05
-5.5507e-05
-8.11473e-05
-7.99979e-05
-5.81734e-05
-5.71256e-05
-7.96708e-05
-5.72568e-05
-7.96147e-05
-5.73625e-05
-5.51394e-05
-7.99598e-05
-8.11468e-05
-5.73183e-05
-5.79338e-05
-8.01313e-05
-5.75244e-05
-5.73229e-05
-8.1255e-05
-8.05642e-05
-5.88645e-05
-5.74718e-05
-8.10778e-05
-5.77074e-05
-5.75095e-05
-8.05731e-05
-8.06184e-05
-5.75565e-05
-5.75561e-05
-8.04462e-05
-5.74753e-05
-5.74055e-05
-8.05955e-05
-8.05494e-05
-5.75417e-05
-5.7502e-05
-8.10965e-05
-5.72694e-05
-5.87383e-05
-8.03092e-05
-8.03455e-05
-5.73527e-05
-5.73981e-05
-8.01678e-05
-5.79147e-05
-5.72682e-05
-8.03543e-05
-8.04257e-05
-5.7413e-05
-5.73563e-05
-7.82396e-05
-5.71533e-05
-5.66646e-05
-8.20158e-05
-8.08519e-05
-5.73851e-05
-5.71592e-05
-8.00971e-05
-8.09716e-05
-5.73775e-05
-5.80629e-05
-5.54279e-05
-3.39902e-05
-1.12718e-05
-3.42227e-05
-3.42821e-05
-1.13284e-05
-1.13533e-05
-3.43908e-05
-1.14318e-05
-1.14284e-05
-3.43362e-05
-3.44056e-05
-1.13943e-05
-1.14286e-05
-3.423e-05
-1.14536e-05
-1.1426e-05
-3.44138e-05
-3.43771e-05
-1.14446e-05
-1.14289e-05
-3.43067e-05
-1.14036e-05
-1.14048e-05
-3.43559e-05
-3.435e-05
-1.14166e-05
-1.1423e-05
-3.58811e-05
-1.31315e-05
-1.21131e-05
-3.45608e-05
-3.46675e-05
-1.16167e-05
-1.15697e-05
-3.42498e-05
-1.17039e-05
-1.14156e-05
-3.45754e-05
-3.45247e-05
-1.15558e-05
-1.15079e-05
-1.12895e-05
-3.43505e-05
-3.43436e-05
-1.14602e-05
-1.14432e-05
-3.53258e-05
-1.20062e-05
-9.75396e-06
-3.53678e-05
-9.76582e-06
-1.19782e-05
-3.38491e-05
-1.13178e-05
-3.42986e-05
-3.42583e-05
-1.12432e-05
-1.14076e-05
-3.43756e-05
-1.14153e-05
-1.16074e-05
-3.44486e-05
-3.45191e-05
-1.14728e-05
-1.15123e-05
-3.57352e-05
-1.23736e-05
-1.33127e-05
-3.46467e-05
-3.46847e-05
-1.1639e-05
-1.17163e-05
-3.43502e-05
-1.14249e-05
-1.14176e-05
-3.43933e-05
-3.44167e-05
-1.14554e-05
-1.1453e-05
-3.42469e-05
-1.14116e-05
-1.14513e-05
-3.44244e-05
-3.44154e-05
-1.14645e-05
-1.14705e-05
-3.43253e-05
-1.13879e-05
-1.15335e-05
-3.4452e-05
-3.44571e-05
-1.14682e-05
-1.15432e-05
-3.44955e-05
-3.43441e-05
-1.14825e-05
-1.14437e-05
-3.39321e-05
-1.1448e-05
1.13954e-05
3.40346e-05
1.13925e-05
1.14284e-05
3.42708e-05
3.42922e-05
1.14418e-05
3.43885e-05
3.44139e-05
1.14605e-05
1.14661e-05
3.44311e-05
3.44399e-05
1.1511e-05
3.45117e-05
3.43436e-05
1.15023e-05
1.15089e-05
3.44852e-05
3.44638e-05
1.14862e-05
3.44209e-05
3.43995e-05
1.15038e-05
1.15059e-05
3.44524e-05
3.44361e-05
1.21291e-05
3.53688e-05
3.53613e-05
1.14784e-05
1.14526e-05
3.44637e-05
3.44579e-05
1.13411e-05
3.43666e-05
3.42354e-05
1.14064e-05
1.14092e-05
3.44709e-05
3.44563e-05
3.38768e-05
1.13337e-05
1.13324e-05
3.42265e-05
3.41499e-05
1.19383e-05
9.76176e-06
3.50595e-05
1.0092e-05
1.22489e-05
3.51874e-05
1.13738e-05
3.39344e-05
1.14336e-05
1.14732e-05
3.42407e-05
3.42407e-05
1.16882e-05
3.42392e-05
3.42865e-05
1.14633e-05
1.14777e-05
3.43911e-05
3.44129e-05
1.28879e-05
3.542e-05
3.51749e-05
1.14343e-05
1.14106e-05
3.44196e-05
3.43606e-05
1.14408e-05
3.43942e-05
3.44078e-05
1.1477e-05
1.1455e-05
3.44282e-05
3.4438e-05
1.1398e-05
3.40536e-05
3.40803e-05
1.14024e-05
1.14156e-05
3.43593e-05
3.43485e-05
1.14629e-05
3.44113e-05
3.42947e-05
1.14167e-05
1.14351e-05
3.4441e-05
3.44934e-05
1.13565e-05
1.14241e-05
3.45876e-05
3.42079e-05
1.13033e-05
3.40037e-05
5.53802e-05
5.78016e-05
5.71852e-05
8.09801e-05
8.01979e-05
5.7113e-05
7.79696e-05
8.03322e-05
5.71364e-05
5.72756e-05
8.0681e-05
8.15495e-05
5.7825e-05
7.99639e-05
8.11079e-05
5.72793e-05
5.73473e-05
8.02031e-05
8.02623e-05
5.72938e-05
8.10203e-05
8.02067e-05
5.73773e-05
5.73729e-05
8.02925e-05
8.03418e-05
5.73636e-05
8.0328e-05
8.18901e-05
5.74283e-05
5.74437e-05
8.04396e-05
8.05461e-05
5.76292e-05
8.11527e-05
8.04e-05
5.74344e-05
5.74692e-05
8.0578e-05
8.04739e-05
5.77369e-05
8.00567e-05
8.07323e-05
5.74847e-05
5.90571e-05
8.0428e-05
8.11891e-05
5.8021e-05
5.7381e-05
8.12114e-05
7.99809e-05
5.75656e-05
7.963e-05
5.74768e-05
7.97015e-05
5.50445e-05
5.73405e-05
5.76474e-05
7.99966e-05
8.10176e-05
5.73492e-05
8.05564e-05
8.01812e-05
5.86431e-05
5.73483e-05
8.09494e-05
8.03595e-05
5.74147e-05
8.053e-05
8.1015e-05
5.73668e-05
5.74023e-05
8.04512e-05
8.05138e-05
5.73241e-05
8.16313e-05
8.02973e-05
5.74033e-05
5.7407e-05
8.0483e-05
8.04286e-05
5.90849e-05
8.01863e-05
8.11844e-05
5.74047e-05
5.74984e-05
8.03335e-05
8.03848e-05
5.72824e-05
8.14124e-05
8.01276e-05
5.743e-05
5.73569e-05
8.04695e-05
8.04268e-05
5.69126e-05
8.06638e-05
7.82944e-05
5.73947e-05
5.73206e-05
8.19737e-05
8.09086e-05
5.72695e-05
5.78097e-05
8.0199e-05
8.09596e-05
5.52799e-05
0.000102822
0.000102787
0.000123904
0.000126138
0.00010332
0.000123842
0.000103773
0.000103835
0.000126078
0.000126543
0.00010323
0.000125884
0.000125638
0.000103121
0.000103152
0.000127512
0.0001262
0.000104622
0.000126904
0.00012758
0.000103282
0.000103389
0.0001263
0.000126439
0.000103343
0.00012847
0.000128198
0.000103463
0.000103501
0.000126657
0.000126692
0.000103184
0.000126186
0.000127434
0.000103351
0.000103348
0.0001264
0.000126374
0.000104938
0.000127461
0.000127357
0.000103421
0.000103527
0.000126372
0.000126521
0.000103082
0.000126297
0.000126314
0.000103574
0.000103555
0.000126699
0.000128034
0.000100979
0.000124923
0.000104807
0.000103893
0.000127783
0.000127314
0.000103369
0.000103577
0.000126546
0.000125371
0.000101041
0.000100921
0.000103308
0.000103334
0.000125084
0.000126544
0.000103218
0.000124676
0.000103745
0.000104663
0.000127386
0.000127659
0.000104235
0.000126118
0.000126283
0.000103443
0.000103435
0.000127688
0.000126462
0.000104755
0.000127457
0.00012758
0.00010349
0.000103447
0.000126469
0.000126395
0.000103248
0.000127438
0.000126374
0.000103383
0.000103415
0.000126422
0.000126532
0.000103159
0.000127628
0.000128186
0.000103331
0.000103321
0.000126423
0.000126466
0.000103577
0.000127671
0.000126945
0.000103289
0.000103265
0.000126403
0.000126354
0.000103043
0.000125828
0.000126138
0.00010335
0.000103407
0.00012647
0.000127946
0.000124136
0.000104221
0.000104225
0.000127006
0.000126165
0.00010279
0.000102799
0.000126144
0.000123605
0.0001477
0.000149131
0.000149873
0.000171132
0.000172186
0.000148532
0.00016987
0.000150308
0.000150444
0.000172679
0.000173569
0.000149888
0.000170629
0.000172605
0.000149434
0.00014964
0.000174533
0.00017453
0.00015126
0.000171996
0.000172788
0.000149718
0.000149741
0.000172889
0.000172828
0.000151478
0.000173587
0.000174069
0.000149671
0.000149627
0.000172633
0.000172623
0.000151795
0.000174379
0.000174172
0.000149711
0.000149693
0.000172706
0.000172672
0.000150464
0.000173601
0.000172363
0.000149524
0.000149424
0.000172618
0.000172654
0.000149043
0.000171457
0.000171847
0.00014948
0.000149683
0.000172737
0.000174269
0.000148408
0.000171117
0.000151464
0.000151477
0.000174597
0.000173836
0.000150565
0.00014912
0.000172025
0.000171692
0.000149577
0.000169694
0.000149594
0.000169625
0.00014905
0.000150506
0.000171726
0.000171991
0.000149132
0.000170404
0.000150822
0.000150714
0.000173437
0.000173822
0.000150073
0.000171557
0.000171416
0.000149462
0.00014943
0.000173831
0.000172624
0.000151872
0.000172663
0.000174149
0.000149569
0.000149797
0.000172716
0.000172791
0.000151933
0.000174146
0.000174188
0.000149798
0.000149816
0.000172688
0.000172689
0.000151494
0.000174382
0.000173939
0.000149858
0.00014972
0.000172801
0.000172831
0.000151112
0.000172777
0.000171864
0.000149538
0.000149536
0.000172782
0.000172704
0.000148664
0.000172216
0.000170372
0.000149576
0.000149477
0.000174078
0.000174187
0.000147733
0.000170092
0.000150902
0.000150983
0.000173931
0.000173072
0.00015015
0.000149082
0.000172518
0.000171305
0.000147599
0.000193563
0.000193675
0.000196002
0.000216836
0.000193415
0.000197165
0.000197251
0.000217476
0.000219213
0.00019435
0.000197896
0.000198062
0.000219648
0.000220149
0.000194832
0.000215793
0.000215131
0.00019718
0.000195587
0.000219685
0.000219877
0.000194649
0.000215256
0.000215141
0.000195578
0.00019556
0.000219962
0.000219842
0.000194001
0.000215344
0.000197179
0.000197889
0.00021958
0.000220207
0.000192719
0.000197797
0.00019692
0.000220841
0.000218762
0.000196328
0.000195584
0.000217101
0.000216602
0.000193663
0.000192512
0.000192704
0.000193394
0.00019525
0.000196057
0.000216294
0.00021698
0.00019313
0.000196806
0.000197643
0.000218881
0.00022092
0.000195068
0.00021525
0.000197603
0.000196928
0.000219946
0.000219374
0.000194655
0.00021509
0.000215261
0.000195478
0.000195492
0.000219758
0.000219988
0.000195603
0.000215143
0.000215761
0.000195654
0.000197485
0.000219956
0.000219738
0.000193495
0.000197937
0.00019776
0.000220278
0.000219575
0.000196858
0.000197155
0.000219362
0.000217512
0.000196275
0.000194049
0.000217083
0.000193766
0.000239451
0.000239018
0.000239489
0.000240422
0.000241391
0.000241529
0.00024141
0.000240328
0.000239507
0.000240559
0.000240431
0.000239304
0.00024017
0.000241201
0.000241597
0.000241542
0.000240174
0.000239361
0.000239102
0.00023926
-0.00024156
-0.000238922
-0.000260838
-0.000242594
-0.000243794
-0.00023969
-0.000242069
-0.000261941
-0.00026371
-0.000243637
-0.000245123
-0.000261243
-0.000244288
-0.00024394
-0.000264992
-0.000264104
-0.000245829
-0.000244896
-0.00026229
-0.000242787
-0.000243235
-0.000263148
-0.000263373
-0.000242297
-0.000241847
-0.000262996
-0.000243771
-0.000244171
-0.000263324
-0.000262747
-0.000241659
-0.000241438
-0.000262582
-0.000243997
-0.000243724
-0.000262695
-0.000262736
-0.000241372
-0.000241505
-0.000263431
-0.000243929
-0.000244077
-0.000263566
-0.000264994
-0.000242161
-0.000243265
-0.000245238
-0.000245927
-0.000265571
-0.000265964
-0.00024579
-0.000247027
-0.000244653
-0.00024173
-0.000265553
-0.000264748
-0.000247039
-0.000245837
-0.00024059
-0.000263877
-0.000245961
-0.000244886
-0.000241881
-0.000240269
-0.000239784
-0.000241292
-0.000240194
-0.000263144
-0.000244434
-0.000245354
-0.000241401
-0.000243882
-0.000263965
-0.00026511
-0.000245352
-0.000246564
-0.000261979
-0.000245396
-0.000244751
-0.000265607
-0.000264332
-0.000246538
-0.000245128
-0.000262146
-0.000243375
-0.000243439
-0.000263335
-0.000262961
-0.00024251
-0.000241791
-0.000262865
-0.000243639
-0.00024393
-0.00026273
-0.000262695
-0.000241427
-0.000241352
-0.000262969
-0.000243879
-0.00024385
-0.000262717
-0.000263426
-0.000241433
-0.000241854
-0.000262189
-0.000243789
-0.000243262
-0.000264652
-0.000264392
-0.000242513
-0.000242863
-0.000243885
-0.000244003
-0.000264097
-0.000265052
-0.000244776
-0.00024579
-0.000241875
-0.000239546
-0.000264301
-0.000262517
-0.000245309
-0.00024381
-0.000238866
-0.000261151
-0.000243757
-0.000242344
-0.000241432
-0.000216844
-0.000193846
-0.000196593
-0.000193544
-0.000194735
-0.000218841
-0.000222073
-0.000197401
-0.000198565
-0.000219198
-0.00019743
-0.000197267
-0.000221412
-0.000221082
-0.00019844
-0.000196564
-0.000221202
-0.000198213
-0.000198311
-0.000219827
-0.000220335
-0.00019665
-0.0001968
-0.000220621
-0.000196679
-0.000197628
-0.000221326
-0.000220896
-0.000197211
-0.000196976
-0.000218525
-0.000197791
-0.000196858
-0.00022226
-0.000222228
-0.000196898
-0.000196748
-0.000196357
-0.000194058
-0.000220928
-0.000220503
-0.00019784
-0.000197428
-0.000217319
-0.000216043
-0.000196208
-0.000195092
-0.000192783
-0.000192698
-0.000215993
-0.000216982
-0.00019491
-0.000196004
-0.000216266
-0.000193661
-0.000196154
-0.000219869
-0.000220293
-0.000196844
-0.000197333
-0.000220838
-0.000196659
-0.000197604
-0.000221584
-0.000221791
-0.000196394
-0.000196646
-0.000221725
-0.000197583
-0.000196488
-0.000220628
-0.000221058
-0.000196824
-0.000197025
-0.000220499
-0.000197945
-0.000198225
-0.00022032
-0.000219877
-0.0001967
-0.00019667
-0.000217402
-0.000197616
-0.000197497
-0.000220907
-0.000221091
-0.00019661
-0.00019824
-0.000194512
-0.000193382
-0.000222039
-0.000218883
-0.000198155
-0.000197028
-0.000216736
-0.000196421
-0.000193975
-0.000170893
-0.000147031
-0.00014938
-0.000169919
-0.000149601
-0.000172595
-0.00017293
-0.000150426
-0.000150655
-0.00017334
-0.000149965
-0.000150737
-0.000174233
-0.000173153
-0.000149715
-0.000149692
-0.000172632
-0.000150608
-0.000150772
-0.000173107
-0.000174327
-0.000149916
-0.000150019
-0.000149823
-0.000148091
-0.0001745
-0.000173278
-0.000151445
-0.000151013
-0.000172109
-0.000150468
-0.000147782
-0.000172537
-0.000148224
-0.000150773
-0.000170976
-0.00014823
-0.000149757
-0.000173552
-0.000174225
-0.000151146
-0.000151421
-0.0001727
-0.000149968
-0.000150334
-0.000174042
-0.000172822
-0.000149628
-0.000149628
-0.000171983
-0.000150927
-0.000149948
-0.000173014
-0.000173984
-0.000149711
-0.000149569
-0.000149426
-0.000172843
-0.000172751
-0.000150301
-0.000150043
-0.000170623
-0.000149054
-0.000146797
-0.000100992
-0.000126513
-0.000126382
-0.0001036
-0.000103892
-0.000127082
-0.000103741
-0.0001034
-0.000127491
-0.000128468
-0.000104124
-0.000103548
-0.00012759
-0.00010336
-0.000103278
-0.000126666
-0.000126579
-0.000103507
-0.000103451
-0.000126066
-0.000103958
-0.000103011
-0.000126737
-0.000127834
-0.000103531
-0.000103404
-0.00010275
-0.000126657
-0.000126718
-0.000103317
-0.000103381
-0.000124192
-0.00010292
-0.000123994
-0.000103058
-0.000123732
-0.000102791
-0.000126444
-0.00012673
-0.000103106
-0.000103253
-0.000126937
-0.000102908
-0.000103484
-0.000127756
-0.000126525
-0.000103276
-0.000103262
-0.000126757
-0.000103353
-0.000103369
-0.000126624
-0.000126546
-0.00010348
-0.000103466
-0.000124491
-0.000103199
-0.000103765
-0.000128027
-0.000127146
-0.000103419
-0.000104174
-0.000126411
-0.000126588
-0.000104004
-0.000103536
-0.000101006
-7.97712e-05
-5.7235e-05
-7.8035e-05
-5.69894e-05
-8.02408e-05
-8.08243e-05
-5.70654e-05
-5.72295e-05
-8.13515e-05
-5.72875e-05
-5.80437e-05
-8.17735e-05
-8.05097e-05
-5.74111e-05
-5.74886e-05
-8.01937e-05
-5.74296e-05
-5.76059e-05
-8.04218e-05
-8.04369e-05
-5.73737e-05
-5.74256e-05
-5.78474e-05
-5.52012e-05
-8.14276e-05
-8.11556e-05
-5.88674e-05
-5.7964e-05
-8.10078e-05
-5.81308e-05
-5.5429e-05
-8.06078e-05
-5.50822e-05
-5.77499e-05
-8.06787e-05
-5.50154e-05
-5.77819e-05
-8.11992e-05
-8.09889e-05
-5.75048e-05
-5.86747e-05
-8.00405e-05
-5.7644e-05
-5.7634e-05
-8.02166e-05
-8.0288e-05
-5.73825e-05
-5.7399e-05
-8.04381e-05
-5.796e-05
-5.71882e-05
-8.05575e-05
-8.18485e-05
-5.74756e-05
-5.73602e-05
-5.69025e-05
-8.08507e-05
-8.00962e-05
-5.71468e-05
-5.71844e-05
-7.97619e-05
-5.73091e-05
-3.42905e-05
-1.14465e-05
-3.42193e-05
-1.16059e-05
-3.44452e-05
-3.43235e-05
-1.13166e-05
-1.14983e-05
-3.43526e-05
-1.14884e-05
-1.1381e-05
-3.44365e-05
-3.44958e-05
-1.14843e-05
-1.14562e-05
-3.52177e-05
-1.29462e-05
-1.20363e-05
-3.44349e-05
-3.43937e-05
-1.14825e-05
-1.14373e-05
-3.39123e-05
-1.14726e-05
-1.13146e-05
-3.44256e-05
-3.4288e-05
-1.14203e-05
-1.13753e-05
-3.41631e-05
-3.39578e-05
-1.13515e-05
-1.13781e-05
-3.38542e-05
-3.40748e-05
-1.12926e-05
-1.14933e-05
-3.41326e-05
-1.12826e-05
-1.14954e-05
-3.42596e-05
-3.44073e-05
-1.14032e-05
-1.14087e-05
-3.54286e-05
-1.19982e-05
-1.28551e-05
-3.44349e-05
-3.4461e-05
-1.13893e-05
-1.14059e-05
-3.4301e-05
-1.14941e-05
-1.13765e-05
-3.44741e-05
-3.44131e-05
-1.14861e-05
-1.14392e-05
-1.13337e-05
-3.43268e-05
-3.42944e-05
-1.14169e-05
-1.15587e-05
-3.43165e-05
-1.15554e-05
1.13968e-05
3.4452e-05
1.16001e-05
3.43805e-05
1.12343e-05
1.14553e-05
3.43822e-05
3.4419e-05
1.14886e-05
3.42964e-05
3.43053e-05
1.14939e-05
1.14851e-05
3.44415e-05
3.44644e-05
1.21073e-05
3.52605e-05
3.54008e-05
1.14138e-05
1.14644e-05
3.43947e-05
3.44296e-05
1.14068e-05
3.42362e-05
3.39119e-05
1.14804e-05
1.14375e-05
3.44518e-05
3.42466e-05
1.14099e-05
1.1374e-05
3.41331e-05
3.39193e-05
1.14418e-05
1.14626e-05
3.38709e-05
3.41519e-05
1.16292e-05
3.39704e-05
3.42576e-05
1.14339e-05
1.15271e-05
3.42901e-05
3.4504e-05
1.32326e-05
3.55979e-05
3.54691e-05
1.1611e-05
1.16436e-05
3.45625e-05
3.45377e-05
1.13962e-05
3.42958e-05
3.43605e-05
1.14409e-05
1.14433e-05
3.44886e-05
3.44905e-05
3.44241e-05
1.13787e-05
1.15791e-05
3.44522e-05
3.43669e-05
1.143e-05
3.44832e-05
5.71462e-05
7.98694e-05
5.69504e-05
7.80437e-05
5.72379e-05
5.72317e-05
8.02038e-05
8.07543e-05
5.79267e-05
8.04663e-05
8.12204e-05
5.73747e-05
5.74033e-05
8.16927e-05
8.04181e-05
5.74198e-05
8.01156e-05
8.00918e-05
5.73892e-05
5.73517e-05
8.03856e-05
8.03474e-05
5.51373e-05
8.10386e-05
5.87672e-05
5.77849e-05
8.12687e-05
8.11636e-05
5.77947e-05
5.52679e-05
8.08126e-05
5.5042e-05
5.76064e-05
8.07869e-05
5.78659e-05
8.08751e-05
5.77704e-05
5.88616e-05
8.11281e-05
8.12151e-05
5.74512e-05
8.00624e-05
8.01099e-05
5.73607e-05
5.73788e-05
8.03102e-05
8.03505e-05
5.7324e-05
8.12925e-05
8.08423e-05
5.75066e-05
5.75051e-05
8.05417e-05
8.20712e-05
7.84421e-05
5.73209e-05
5.72377e-05
8.10809e-05
8.03288e-05
5.71516e-05
7.98205e-05
0.000101073
0.000103497
0.000103941
0.000126474
0.000126462
0.000103316
0.000124511
0.000126804
0.000104156
0.000103437
0.000127242
0.000128131
0.000103259
0.000126638
0.000127565
0.000103412
0.000103381
0.000126491
0.000126472
0.000102951
0.000127306
0.000126188
0.000103453
0.00010341
0.000126672
0.0001279
0.000123746
0.000103431
0.000103224
0.000126789
0.000126567
0.000102817
0.000124127
0.000102998
0.000124198
0.000102676
0.000123939
0.000103205
0.00010318
0.000126429
0.000126569
0.00010376
0.000126119
0.000126925
0.000103334
0.00010337
0.0001277
0.000126441
0.000103334
0.000127555
0.000126609
0.000103412
0.00010343
0.000126479
0.000126433
0.000103694
0.000126657
0.000124483
0.000103458
0.000104359
0.000127852
0.000127158
0.000104542
0.000103886
0.00012639
0.000126645
0.000101257
0.000147011
0.000149263
0.000170725
0.000149432
0.000169712
0.00015021
0.000150338
0.000172561
0.000172858
0.000150679
0.00017182
0.000173152
0.000149505
0.000149514
0.000173755
0.00017276
0.000150207
0.00017281
0.000172695
0.00014972
0.000149711
0.000173013
0.000174329
0.00014785
0.000170937
0.000151056
0.000150897
0.000174065
0.000173294
0.000151064
0.000148056
0.000172582
0.000148249
0.0001511
0.000172978
0.000149333
0.000171261
0.000150725
0.000150818
0.000173183
0.00017417
0.000150265
0.000172916
0.000172677
0.000149623
0.000149565
0.000174368
0.00017277
0.000149983
0.000173014
0.000171993
0.0001495
0.000149486
0.00017276
0.000173921
0.000169718
0.000150153
0.000149977
0.000172941
0.000172792
0.000149465
0.000147361
0.000171085
0.000193938
0.000196392
0.00021693
0.00019393
0.000196859
0.000197649
0.000218897
0.000221688
0.000197171
0.000217381
0.000219091
0.000197682
0.000196226
0.000220742
0.000220818
0.00019739
0.000219876
0.000220404
0.000196201
0.000196322
0.000219483
0.000219968
0.000198058
0.000222167
0.000220949
0.000197264
0.000197131
0.000221289
0.000220978
0.000196607
0.000221371
0.000218125
0.00019693
0.00019656
0.000222318
0.000221764
0.000194134
0.000216224
0.000197734
0.000197572
0.000220531
0.000220639
0.000196349
0.000194907
0.000217481
0.000216022
0.000192697
0.000192734
0.00019508
0.000196489
0.000216288
0.000217002
0.000195807
0.000215999
0.000196897
0.000196963
0.00021957
0.000220033
0.000197402
0.000217772
0.000220723
0.000196221
0.000196495
0.000221545
0.000221686
0.000196458
0.000220216
0.00022163
0.000196685
0.00019691
0.000220379
0.000220863
0.000198052
0.000220543
0.000219941
0.000196405
0.000196402
0.000220023
0.00021953
0.000197203
0.000219164
0.000217418
0.000196346
0.000197648
0.000220568
0.000220368
0.000193097
0.000197664
0.000197006
0.000221584
0.000218904
0.00019637
0.000193917
0.000216866
0.000241319
0.000239061
0.000242491
0.000243723
0.000260867
0.000241835
0.000243586
0.00024509
0.000261893
0.000263755
0.00024438
0.000261428
0.000246031
0.000245152
0.000265203
0.000264252
0.000243425
0.000261282
0.000262478
0.000242398
0.000241952
0.000263199
0.000263469
0.000243961
0.00026298
0.000262763
0.000241689
0.000241385
0.00026334
0.000262699
0.000244055
0.000262853
0.000262809
0.000241353
0.000241542
0.000262677
0.000262771
0.00024393
0.000262552
0.000263122
0.000241993
0.000243096
0.000263042
0.000264461
0.000245781
0.0002637
0.000245987
0.000246791
0.000265638
0.000265878
0.000241629
0.000246661
0.00024562
0.000265164
0.000264613
0.00024582
0.000244571
0.000263943
0.000241368
0.000240269
0.000239651
0.000241691
0.00024021
0.00024477
0.000245188
0.000262823
0.000243444
0.000244853
0.000246046
0.000263358
0.00026467
0.000245277
0.000262248
0.000246725
0.000245588
0.000265733
0.000264542
0.000243615
0.000261822
0.000262334
0.000242647
0.000241893
0.0002634
0.000263055
0.000244015
0.000262596
0.000262863
0.00024151
0.000241409
0.00026276
0.000262718
0.000243521
0.000262881
0.000262374
0.000241448
0.000241595
0.000262744
0.00026285
0.000243283
0.000262539
0.000262207
0.000242253
0.000242919
0.000264119
0.000264468
0.0002441
0.000261589
0.000245137
0.000245764
0.000264374
0.000264959
0.000239449
0.000245003
0.000243657
0.000264058
0.000262484
0.000243297
0.000241871
0.000260978
0.000241303
-0.00023998
-0.000242486
-0.000239843
-0.000241532
-0.000262352
-0.000263737
-0.000244738
-0.000245051
-0.00026296
-0.000244141
-0.00024537
-0.00026477
-0.000264247
-0.000245629
-0.000245358
-0.000263781
-0.000245053
-0.00024477
-0.000264272
-0.000264144
-0.000245224
-0.000245068
-0.000264174
-0.000243019
-0.000245007
-0.000262492
-0.000261891
-0.000243817
-0.00024396
-0.000263893
-0.000245773
-0.000245017
-0.000243653
-0.000242177
-0.000261033
-0.000243363
-0.000242161
-0.000239731
-0.000238057
-0.000259835
-0.000241441
-0.000240994
-0.000237406
-0.000236775
-0.000260047
-0.000240953
-0.000241319
-0.000236735
-0.000237241
-0.000262369
-0.000242128
-0.000243451
-0.000238144
-0.000239111
-0.000264688
-0.000244907
-0.000245993
-0.000240897
-0.000243105
-0.000266234
-0.000246785
-0.000246814
-0.000264051
-0.000245221
-0.000245965
-0.000265638
-0.00024661
-0.000246562
-0.000264567
-0.000265482
-0.000245708
-0.000246698
-0.000263432
-0.000245805
-0.000245314
-0.000265558
-0.000265117
-0.000246317
-0.000245925
-0.000243807
-0.000241998
-0.000265095
-0.000263888
-0.000245918
-0.000246633
-0.000244991
-0.000242128
-0.00024283
-0.000244751
-0.000241529
-0.000243166
-0.00026297
-0.000264397
-0.000245496
-0.000245294
-0.000263485
-0.000244608
-0.000245079
-0.000264575
-0.000265142
-0.000245533
-0.000246273
-0.000265018
-0.000246355
-0.000246228
-0.000265532
-0.000263946
-0.000246712
-0.000245649
-0.000265728
-0.000246363
-0.000246888
-0.000263311
-0.000246227
-0.000245954
-0.000263298
-0.000246126
-0.000244686
-0.000243744
-0.000241092
-0.000261089
-0.000243271
-0.000242181
-0.000239127
-0.000238156
-0.000259798
-0.000241348
-0.000240999
-0.000237269
-0.000236746
-0.000260437
-0.000241142
-0.000241692
-0.000236904
-0.000237566
-0.000262999
-0.000242733
-0.000243826
-0.000238315
-0.00024004
-0.00026495
-0.00024478
-0.000245485
-0.000242104
-0.000243865
-0.000264674
-0.000245361
-0.000243575
-0.000261826
-0.000263016
-0.00024449
-0.000244221
-0.000264807
-0.000245169
-0.00024545
-0.00026492
-0.000265119
-0.000245447
-0.000245769
-0.000246139
-0.000245259
-0.000265416
-0.00026583
-0.000246239
-0.000246833
-0.00024208
-0.000239885
-0.000264936
-0.000263017
-0.000245922
-0.000244979
-0.000242546
-0.000240383
-0.000218268
-0.00019481
-0.000197805
-0.00021789
-0.000194748
-0.000197253
-0.000220858
-0.000221149
-0.000197985
-0.000198182
-0.000220726
-0.000197343
-0.000197745
-0.000221648
-0.000220571
-0.000196805
-0.000196845
-0.000218131
-0.00019548
-0.000195216
-0.00021901
-0.000219096
-0.000196673
-0.000196843
-0.000217246
-0.000194851
-0.000194616
-0.000218152
-0.000217615
-0.000196665
-0.00019627
-0.000217635
-0.000194671
-0.000194989
-0.000217685
-0.00021812
-0.000196356
-0.000196759
-0.000219337
-0.000195588
-0.000196262
-0.000219055
-0.000220363
-0.000197512
-0.000198189
-0.000220799
-0.000196749
-0.00019696
-0.00022048
-0.000221344
-0.000198077
-0.000196379
-0.000221458
-0.000196487
-0.000197377
-0.000221029
-0.000222849
-0.000197104
-0.000197058
-0.000216203
-0.000195952
-0.000195357
-0.000222417
-0.000221175
-0.000196597
-0.000197265
-0.000193488
-0.000218656
-0.000216675
-0.000196642
-0.000196108
-0.000193121
-0.00019303
-0.000193649
-0.000216962
-0.000219297
-0.000196189
-0.000196881
-0.000218661
-0.000195409
-0.000195694
-0.000221968
-0.000222207
-0.000197516
-0.000196556
-0.000221075
-0.000197025
-0.000196197
-0.000222182
-0.000220571
-0.000196784
-0.000196816
-0.000219949
-0.000196849
-0.000196437
-0.000221681
-0.000220389
-0.000196369
-0.00019758
-0.000218224
-0.000195957
-0.000195399
-0.000219917
-0.000218918
-0.000197818
-0.000197285
-0.00021729
-0.000194876
-0.000194695
-0.000217974
-0.000217642
-0.000196546
-0.000196354
-0.000217862
-0.000194838
-0.000195109
-0.00021794
-0.00021853
-0.000196651
-0.000197008
-0.000218931
-0.000195417
-0.000195609
-0.000219153
-0.000219173
-0.000197096
-0.000196702
-0.000220143
-0.000197702
-0.000197314
-0.000220828
-0.000221508
-0.00019691
-0.000196726
-0.000197123
-0.000194457
-0.000220873
-0.000220472
-0.000197836
-0.000197721
-0.00021804
-0.000197828
-0.00019501
-0.000171204
-0.000147276
-0.000149847
-0.000171216
-0.000147229
-0.000149882
-0.000173919
-0.000174452
-0.000149929
-0.000151123
-0.000174097
-0.000150046
-0.000151085
-0.000174784
-0.0001734
-0.000149991
-0.000150009
-0.000172976
-0.000150822
-0.000150813
-0.000172878
-0.000172688
-0.00014963
-0.000149583
-0.00016981
-0.000150182
-0.000149025
-0.000173797
-0.000172511
-0.000149471
-0.000149982
-0.000172127
-0.000169502
-0.00014982
-0.000148874
-0.000169142
-0.000172027
-0.000148776
-0.000149761
-0.000172412
-0.000149354
-0.000150202
-0.000172677
-0.000174048
-0.000150262
-0.000149651
-0.00017351
-0.000151399
-0.000151429
-0.000173015
-0.000173147
-0.000149917
-0.000149965
-0.000173774
-0.000150598
-0.000149681
-0.000173194
-0.000174735
-0.000149772
-0.000149905
-0.00014997
-0.000147461
-0.00017471
-0.000174458
-0.000151443
-0.000150551
-0.000171645
-0.000150099
-0.000147451
-0.000100872
-0.000100992
-0.000126279
-0.000126885
-0.000103595
-0.000103575
-0.000126871
-0.000103609
-0.000103756
-0.000126966
-0.000126461
-0.000104643
-0.000103353
-0.000126674
-0.000103187
-0.000103181
-0.00012652
-0.000127769
-0.00010337
-0.000103357
-0.000103631
-0.000126499
-0.000126563
-0.000104058
-0.000103889
-0.000123857
-0.000102578
-0.000124012
-0.000102624
-0.00012417
-0.000103634
-0.000126674
-0.000126752
-0.000103565
-0.000103892
-0.000127063
-0.000103244
-0.000103405
-0.000128029
-0.000126679
-0.000103367
-0.000103431
-0.00012614
-0.000103673
-0.000103532
-0.000126558
-0.000127111
-0.000103338
-0.000104621
-0.000100783
-0.000127068
-0.000126363
-0.000103396
-0.000103759
-0.000101037
-7.97425e-05
-5.72023e-05
-7.97981e-05
-5.72064e-05
-7.99595e-05
-8.0095e-05
-5.73989e-05
-5.73212e-05
-8.0129e-05
-5.71773e-05
-5.72555e-05
-8.02983e-05
-8.03519e-05
-5.73251e-05
-5.73283e-05
-8.12685e-05
-5.92332e-05
-5.7986e-05
-8.05209e-05
-8.04748e-05
-5.76015e-05
-5.74884e-05
-7.80672e-05
-5.7202e-05
-5.67878e-05
-8.1854e-05
-8.07274e-05
-5.73752e-05
-5.70958e-05
-8.0887e-05
-5.7602e-05
-5.51482e-05
-8.10298e-05
-5.5479e-05
-5.7854e-05
-8.04339e-05
-5.66939e-05
-5.71141e-05
-8.06903e-05
-8.16808e-05
-5.71103e-05
-5.72783e-05
-8.10098e-05
-5.7576e-05
-5.86375e-05
-8.0307e-05
-8.03041e-05
-5.72478e-05
-5.72918e-05
-7.99758e-05
-5.7239e-05
-5.71235e-05
-8.0313e-05
-8.02865e-05
-5.73076e-05
-5.72986e-05
-5.72181e-05
-8.01379e-05
-8.00647e-05
-5.7331e-05
-5.72583e-05
-7.97518e-05
-5.71327e-05
-3.44771e-05
-1.12637e-05
-3.4611e-05
-1.1268e-05
-3.4309e-05
-3.45716e-05
-1.1612e-05
-1.13938e-05
-3.43402e-05
-1.13697e-05
-1.14293e-05
-3.44817e-05
-3.44252e-05
-1.14151e-05
-1.14178e-05
-3.43212e-05
-1.14579e-05
-1.14021e-05
-3.45422e-05
-3.44671e-05
-1.14722e-05
-1.14562e-05
-3.42113e-05
-1.13663e-05
-1.1406e-05
-3.43922e-05
-3.42748e-05
-1.1415e-05
-1.13645e-05
-3.41694e-05
-3.39519e-05
-1.13231e-05
-1.13026e-05
-3.39493e-05
-3.42118e-05
-1.12727e-05
-1.14718e-05
-3.42014e-05
-1.13441e-05
-1.1326e-05
-3.43226e-05
-3.43516e-05
-1.14101e-05
-1.13969e-05
-3.43295e-05
-1.13065e-05
-1.14361e-05
-3.43197e-05
-3.43772e-05
-1.13855e-05
-1.14116e-05
-3.44988e-05
-1.1493e-05
-1.13195e-05
-3.44329e-05
-3.44249e-05
-1.14543e-05
-1.14259e-05
-1.14633e-05
-3.43671e-05
-3.45685e-05
-1.14528e-05
-1.14384e-05
-3.445e-05
-1.14982e-05
1.12651e-05
3.43668e-05
1.14049e-05
3.44259e-05
1.14117e-05
1.1431e-05
3.44241e-05
3.4457e-05
1.14565e-05
3.44586e-05
3.44834e-05
1.1484e-05
1.14618e-05
3.44726e-05
3.44902e-05
1.14499e-05
3.44254e-05
3.4234e-05
1.14621e-05
1.14642e-05
3.44664e-05
3.44048e-05
1.14333e-05
3.42237e-05
3.42471e-05
1.14417e-05
1.14418e-05
3.43645e-05
3.42499e-05
1.13722e-05
1.13018e-05
3.41407e-05
3.40245e-05
1.13148e-05
1.14813e-05
3.4035e-05
3.41741e-05
1.14235e-05
3.42605e-05
3.42715e-05
1.13878e-05
1.14484e-05
3.43062e-05
3.43976e-05
1.14927e-05
3.42002e-05
3.4373e-05
1.14876e-05
1.14751e-05
3.43893e-05
3.44252e-05
1.13854e-05
3.42818e-05
3.40645e-05
1.13993e-05
1.14056e-05
3.43799e-05
3.43242e-05
3.44686e-05
1.1399e-05
1.15362e-05
3.44713e-05
3.44353e-05
1.14983e-05
3.43233e-05
5.70475e-05
7.98725e-05
5.72786e-05
7.98037e-05
5.7307e-05
5.74094e-05
8.001e-05
8.02333e-05
5.72449e-05
7.99753e-05
8.01339e-05
5.7432e-05
5.73782e-05
8.04218e-05
8.0434e-05
5.78348e-05
8.1216e-05
8.10665e-05
5.74233e-05
5.73581e-05
8.03972e-05
8.03225e-05
5.67426e-05
8.05662e-05
7.81756e-05
5.72721e-05
5.70039e-05
8.16299e-05
8.05417e-05
5.77018e-05
5.51065e-05
8.10616e-05
5.50205e-05
5.75988e-05
8.10199e-05
5.70788e-05
7.82403e-05
8.06529e-05
5.71443e-05
5.73322e-05
8.08163e-05
8.1913e-05
5.8576e-05
8.09473e-05
8.10951e-05
5.72937e-05
5.73004e-05
8.03169e-05
8.03249e-05
5.73301e-05
8.01888e-05
8.00435e-05
5.7331e-05
5.73533e-05
8.03922e-05
8.03049e-05
7.97704e-05
5.7351e-05
5.73201e-05
8.01285e-05
8.00296e-05
5.71486e-05
7.97548e-05
0.000101301
0.000101074
0.000103888
0.000103943
0.000126576
0.000127161
0.000103842
0.000126535
0.000127053
0.000105056
0.00010355
0.000127485
0.000126779
0.00010322
0.00012675
0.000126723
0.000103358
0.000103337
0.00012655
0.000128027
0.000124377
0.000103849
0.000103775
0.000126982
0.000126827
0.00010282
0.000124252
0.000102801
0.000123742
0.000103612
0.000124026
0.000103893
0.000103997
0.000126442
0.000126687
0.000103382
0.000126695
0.000126731
0.000103331
0.000103384
0.000127816
0.000126501
0.000103541
0.000127015
0.000126022
0.000103415
0.000104533
0.000126527
0.000126832
0.000103492
0.000103791
0.000126713
0.000126337
0.00010117
0.000147343
0.000150057
0.000171305
0.000150099
0.000171217
0.00015046
0.000151637
0.00017437
0.000174854
0.00015098
0.000173763
0.000173884
0.000150083
0.00014997
0.000174722
0.000173253
0.000151098
0.000173633
0.000173569
0.000150041
0.000149852
0.000173251
0.000173084
0.000149306
0.000172247
0.000169691
0.000149588
0.000150225
0.000173921
0.000172551
0.000149845
0.000149377
0.000172169
0.000169382
0.00014898
0.000149565
0.000169506
0.00017221
0.000150019
0.000169692
0.000172159
0.000149997
0.000149493
0.000172571
0.000173861
0.000151828
0.000173619
0.000173994
0.000149915
0.000150133
0.000173037
0.000173295
0.000150075
0.000174355
0.000173979
0.000150122
0.000150046
0.000173582
0.000174779
0.000147144
0.000171073
0.000151119
0.000149827
0.00017439
0.000174026
0.000149575
0.000147228
0.000170957
0.00019486
0.000197512
0.000218187
0.000196941
0.000217617
0.000197885
0.000197855
0.000220641
0.000220925
0.00019785
0.000220207
0.000220916
0.000196756
0.000196884
0.000221594
0.00022067
0.000195106
0.000218716
0.000218025
0.000196501
0.000196764
0.000219083
0.000218731
0.000194643
0.000217583
0.000217278
0.000196642
0.000196341
0.000218185
0.000217749
0.000195094
0.000217238
0.000217688
0.000196229
0.000196975
0.000217571
0.000218229
0.000196118
0.000218463
0.00021915
0.000197971
0.000197999
0.000219403
0.000219959
0.000196844
0.000219983
0.000220797
0.00019735
0.00019625
0.000220007
0.000221348
0.000197206
0.000221631
0.000221317
0.000197061
0.000197013
0.000220959
0.000222601
0.000195627
0.00021859
0.000216234
0.000196694
0.000197697
0.000222181
0.00022194
0.000196891
0.000196127
0.000219474
0.000216667
0.000193223
0.000193061
0.000193706
0.000196089
0.000196792
0.000216674
0.000218914
0.000195933
0.000216272
0.000218328
0.000197402
0.000196408
0.000221106
0.000221321
0.000196326
0.000220738
0.000221036
0.000196653
0.000196772
0.000221619
0.000220384
0.000196272
0.000220704
0.00021987
0.000196126
0.000197194
0.000221276
0.00021989
0.000195522
0.000218983
0.000218343
0.000197603
0.0001975
0.000219703
0.000219109
0.000194794
0.000217754
0.000217395
0.000197033
0.000196468
0.000218349
0.000217781
0.000195064
0.00021743
0.000217801
0.000196506
0.000196982
0.000217862
0.000218463
0.000195586
0.000218326
0.000218954
0.000196948
0.000196715
0.000219096
0.000219218
0.000197367
0.000220692
0.000219852
0.00019689
0.000196865
0.000220723
0.000221408
0.000194847
0.000217698
0.000198477
0.000198044
0.000221205
0.00022096
0.000197737
0.000194975
0.000218264
0.00024025
0.00024247
0.000241392
0.000244745
0.000245007
0.00026243
0.000263624
0.00024599
0.000263264
0.000246182
0.000246005
0.000265106
0.00026482
0.000244747
0.000264028
0.000263895
0.00024523
0.000244953
0.000264183
0.000264107
0.000245296
0.000263581
0.000264469
0.000244108
0.000244532
0.000262618
0.000262107
0.000245117
0.000265305
0.000263791
0.000244205
0.00024261
0.00024234
0.000262268
0.00026116
0.000239899
0.000238256
0.000240978
0.000260297
0.000259785
0.000237461
0.000236844
0.000241268
0.000259675
0.000260007
0.000236689
0.000237079
0.000243394
0.000260708
0.000262345
0.000238078
0.000239097
0.000246264
0.000263958
0.000264894
0.000241059
0.000243471
0.000246755
0.000265927
0.000266268
0.000245797
0.000246153
0.000264097
0.000246397
0.000266106
0.000265446
0.000245814
0.000246275
0.000264649
0.000265272
0.000245348
0.000264433
0.000263276
0.000245854
0.000245805
0.000265122
0.000265105
0.000241859
0.000245798
0.0002463
0.000265086
0.000263902
0.000245197
0.000242618
0.000241833
0.000243992
0.00024314
0.000245255
0.000245181
0.000262836
0.000264266
0.000245188
0.00026219
0.000263706
0.00024549
0.000245637
0.000264587
0.000264716
0.000246099
0.000265411
0.000264855
0.000246199
0.000245576
0.000265348
0.00026383
0.000246735
0.000264925
0.000265794
0.000246192
0.000245796
0.000263025
0.000244927
0.000264882
0.00026349
0.000243475
0.000241007
0.000242218
0.000262204
0.00026113
0.000239164
0.000238204
0.000241079
0.000260187
0.000259855
0.000237272
0.000236848
0.000241639
0.000259941
0.000260418
0.00023695
0.000237526
0.000243824
0.000261886
0.000263005
0.00023834
0.000240081
0.000245795
0.000263942
0.000264929
0.000242694
0.000243983
0.000243356
0.000264701
0.000264589
0.000244049
0.000244076
0.000261731
0.000262932
0.00024487
0.000264209
0.00026438
0.000245204
0.000245453
0.000264741
0.000265043
0.000245285
0.000263696
0.000246158
0.000246583
0.000265455
0.000265596
0.000239507
0.000245569
0.000244493
0.000264477
0.000262859
0.000242008
0.00024016
-0.000240208
-0.000242921
-0.0002402
-0.00024258
-0.000262725
-0.00026443
-0.000245036
-0.000245323
-0.000264187
-0.000244644
-0.000245106
-0.000264536
-0.000264867
-0.000245597
-0.000245982
-0.000264834
-0.000245624
-0.000245994
-0.00026476
-0.000263385
-0.000246155
-0.000246181
-0.000263281
-0.000246312
-0.00024499
-0.000245231
-0.000241526
-0.000244471
-0.000243353
-0.000239641
-0.000240334
-0.000239132
-0.000240868
-0.000242002
-0.000245013
-0.000264486
-0.000245718
-0.000245697
-0.000241653
-0.000243768
-0.000265548
-0.000246048
-0.000246414
-0.000262952
-0.000264252
-0.000245128
-0.000245077
-0.000264379
-0.000246456
-0.000246341
-0.000264868
-0.00026589
-0.000245533
-0.000246271
-0.000244894
-0.000242762
-0.000265672
-0.000263668
-0.000246341
-0.000246219
-0.000245049
-0.000242735
-0.000242314
-0.000244203
-0.000243287
-0.000245407
-0.000263462
-0.000265117
-0.000246148
-0.000246416
-0.000264786
-0.000246476
-0.000246142
-0.000264942
-0.00026447
-0.000246049
-0.000245531
-0.000264552
-0.000245705
-0.000245403
-0.000264226
-0.000262631
-0.00024522
-0.000244776
-0.000263616
-0.000245459
-0.000245891
-0.000243513
-0.000241649
-0.000245091
-0.000242055
-0.000241152
-0.000239298
-0.000240534
-0.000262454
-0.00024365
-0.000244834
-0.000239911
-0.000265393
-0.000244706
-0.00024658
-0.000241023
-0.000245372
-0.000265179
-0.000246935
-0.000246005
-0.000264081
-0.000265112
-0.000247084
-0.000246423
-0.000262566
-0.00024521
-0.00024457
-0.000264896
-0.000264481
-0.000245935
-0.000245328
-0.000242457
-0.000240348
-0.000264266
-0.000262707
-0.000245152
-0.000244907
-0.000242557
-0.000240389
-0.000217859
-0.000194566
-0.000197696
-0.000217949
-0.000194594
-0.000197181
-0.000220484
-0.000221124
-0.000197725
-0.00019796
-0.000221453
-0.000197848
-0.000198553
-0.000221826
-0.000220888
-0.000196995
-0.00019722
-0.000220981
-0.00019646
-0.000196213
-0.000219952
-0.000216958
-0.000197512
-0.000196394
-0.000219528
-0.000197394
-0.000197407
-0.000216003
-0.000195373
-0.000194342
-0.000215724
-0.000196951
-0.000194913
-0.000194498
-0.000193205
-0.000192505
-0.000191953
-0.000191842
-0.000192174
-0.000193128
-0.000194445
-0.000216627
-0.000195835
-0.000195963
-0.000221135
-0.000196598
-0.000197439
-0.000192891
-0.000193688
-0.000222194
-0.000197708
-0.00019655
-0.000217237
-0.000218941
-0.000196576
-0.000196715
-0.000220827
-0.000196878
-0.000197032
-0.000221066
-0.000221375
-0.000197387
-0.000196515
-0.000216826
-0.00019658
-0.000195959
-0.000222178
-0.000221802
-0.000196437
-0.00019743
-0.00019324
-0.000219009
-0.000216413
-0.000196896
-0.000196209
-0.000192616
-0.000192364
-0.00019337
-0.000216356
-0.000219006
-0.000195987
-0.000196907
-0.000218973
-0.000195962
-0.000196402
-0.000221816
-0.000221909
-0.000197507
-0.000196344
-0.000222047
-0.00019686
-0.000196797
-0.000221224
-0.000220949
-0.000196362
-0.000197297
-0.000220935
-0.0001965
-0.000197663
-0.000218662
-0.000216996
-0.00019675
-0.000196487
-0.000219691
-0.000198006
-0.000197353
-0.000193751
-0.000193205
-0.00021642
-0.000195864
-0.000195176
-0.000193948
-0.000192941
-0.000192111
-0.000191966
-0.000192277
-0.000192759
-0.000215408
-0.000193306
-0.000194434
-0.000217352
-0.000194986
-0.000197127
-0.00021972
-0.0001973
-0.000197079
-0.000215994
-0.000194111
-0.000195086
-0.000221643
-0.000196165
-0.000196504
-0.000217279
-0.000220215
-0.000196245
-0.00019747
-0.00022088
-0.000198485
-0.000198201
-0.00022071
-0.000221806
-0.000197238
-0.000197264
-0.000198058
-0.000194967
-0.000221384
-0.000220572
-0.000198495
-0.000198093
-0.000217886
-0.00019741
-0.000194546
-0.000170629
-0.000146277
-0.000149181
-0.000171135
-0.000147108
-0.000149677
-0.000173559
-0.000174218
-0.000149773
-0.000150934
-0.000174208
-0.000150185
-0.000151236
-0.000174784
-0.0001734
-0.000149982
-0.000150032
-0.000174367
-0.000149777
-0.000149623
-0.000173426
-0.00017262
-0.000151236
-0.000150405
-0.000173654
-0.00014937
-0.000150672
-0.00017053
-0.000169939
-0.000148694
-0.0001488
-0.000171781
-0.000150625
-0.000150644
-0.000147963
-0.00017075
-0.000149734
-0.000149066
-0.000171015
-0.000149022
-0.000149835
-0.000172553
-0.000150799
-0.000150633
-0.000146826
-0.000173725
-0.000151072
-0.000150692
-0.000170478
-0.000147169
-0.000148992
-0.000172571
-0.000149314
-0.000149419
-0.000171534
-0.000172628
-0.000149095
-0.000149808
-0.000172973
-0.000149582
-0.000149706
-0.00017345
-0.000173715
-0.000150692
-0.000149529
-0.000172387
-0.000149244
-0.000149682
-0.000172843
-0.000172678
-0.000149472
-0.000149331
-0.000169819
-0.000149526
-0.000149105
-0.000173972
-0.000172888
-0.000149279
-0.000150002
-0.000172768
-0.000150538
-0.000147868
-0.000172534
-0.000147272
-0.000150382
-0.000172133
-0.00014921
-0.000149696
-0.00017255
-0.000173887
-0.00015021
-0.000149404
-0.000173414
-0.000149761
-0.000149292
-0.000172621
-0.000172821
-0.000149397
-0.000149526
-0.00017286
-0.000149704
-0.000149667
-0.000173891
-0.000173581
-0.000149469
-0.000150719
-0.00017391
-0.000149567
-0.000149451
-0.000172683
-0.000171521
-0.00014992
-0.000149236
-0.000173794
-0.000150919
-0.000151295
-0.000170582
-0.000149187
-0.00014739
-0.0001715
-0.000151031
-0.000151262
-0.000147117
-0.000170603
-0.000149877
-0.000149031
-0.00017129
-0.000149157
-0.000150062
-0.000172712
-0.000151374
-0.000150842
-0.000147721
-0.000174523
-0.000150501
-0.000149411
-0.000169727
-0.000170892
-0.00014851
-0.000148822
-0.000172799
-0.000149613
-0.000149655
-0.000172899
-0.00017334
-0.000150433
-0.000151051
-0.000174238
-0.000151637
-0.000150339
-0.00017381
-0.000174947
-0.000150359
-0.000150141
-0.000149683
-0.000146945
-0.000174318
-0.000173614
-0.000150939
-0.000149661
-0.000170756
-0.000149414
-0.000146594
-0.00010077
-0.000125528
-0.000126622
-0.0001041
-0.000103516
-0.000126756
-0.000103504
-0.000103518
-0.000126838
-0.000126326
-0.000104588
-0.000103217
-0.000126634
-0.000103567
-0.000103522
-0.000128176
-0.000128121
-0.000103497
-0.000104884
-0.000126166
-0.000103332
-0.00010312
-0.000127156
-0.000125591
-0.000103878
-0.000103099
-0.000127606
-0.000103005
-0.000102936
-0.000125729
-0.000123805
-0.000102764
-0.000102237
-0.000128022
-0.000104646
-0.000105122
-0.000123965
-0.000102656
-0.000101406
-0.000128125
-0.00010536
-0.000105039
-0.000124731
-0.000101502
-0.00010288
-0.000127683
-0.000103206
-0.000103155
-0.000124597
-0.0001257
-0.000102372
-0.000102755
-0.000126224
-0.000103164
-0.000103264
-0.000125383
-0.000125965
-0.00010284
-0.000104143
-0.000126359
-0.000103367
-0.000103402
-0.000127115
-0.000127004
-0.000104804
-0.000104833
-0.000126635
-0.000103076
-0.00010314
-0.000126292
-0.000127692
-0.000103204
-0.000103243
-0.000102896
-0.00012634
-0.000126106
-0.000103099
-0.000103029
-0.000123708
-0.000102617
-0.000123314
-0.000102587
-0.000124251
-0.000102861
-0.000125912
-0.000126709
-0.000102856
-0.000103021
-0.000126576
-0.000103056
-0.000103087
-0.000128081
-0.000126419
-0.000103279
-0.000103278
-0.000126406
-0.000103435
-0.000103324
-0.000127213
-0.000127275
-0.0001049
-0.000104622
-0.000126292
-0.000103258
-0.000103242
-0.000125982
-0.000125479
-0.000104067
-0.000102974
-0.000128483
-0.000103218
-0.000103257
-0.000125722
-0.000124607
-0.000102684
-0.000102249
-0.000128532
-0.000105016
-0.000105713
-0.000124613
-0.000102664
-0.000101698
-0.000128197
-0.000105672
-0.000105066
-0.000124625
-0.000101913
-0.00010294
-0.000128164
-0.0001033
-0.00010324
-0.000124682
-0.000126169
-0.000102341
-0.000102812
-0.000126302
-0.000103136
-0.000103167
-0.000125567
-0.000127038
-0.000102979
-0.000103397
-0.000126577
-0.000103343
-0.000103413
-0.000127788
-0.000127849
-0.000104556
-0.000103327
-0.000126223
-0.000103758
-0.00010359
-0.000126452
-0.000126864
-0.000103363
-0.000104689
-0.000100845
-0.000126693
-0.000125527
-0.000103524
-0.000103864
-7.86572e-05
-5.6793e-05
-7.95735e-05
-5.71834e-05
-8.11896e-05
-8.00794e-05
-5.70555e-05
-5.7251e-05
-8.00367e-05
-5.71911e-05
-5.72446e-05
-8.02443e-05
-8.02765e-05
-5.72931e-05
-5.73016e-05
-8.01103e-05
-5.72639e-05
-5.71852e-05
-8.01307e-05
-8.01194e-05
-5.81298e-05
-5.79721e-05
-8.00336e-05
-5.71566e-05
-5.71812e-05
-8.00533e-05
-7.9831e-05
-5.69535e-05
-5.71828e-05
-8.00166e-05
-5.71238e-05
-5.70596e-05
-7.96437e-05
-7.93806e-05
-5.70442e-05
-5.68616e-05
-8.01564e-05
-5.70609e-05
-5.71158e-05
-7.94074e-05
-7.96649e-05
-5.68279e-05
-5.69612e-05
-8.0147e-05
-5.71541e-05
-5.7205e-05
-7.98579e-05
-7.99818e-05
-5.70671e-05
-5.71796e-05
-8.03947e-05
-5.72992e-05
-5.73838e-05
-8.02432e-05
-8.08417e-05
-5.72244e-05
-5.7302e-05
-8.09607e-05
-5.87339e-05
-5.77449e-05
-8.02793e-05
-8.02887e-05
-5.73473e-05
-5.73838e-05
-5.79422e-05
-5.52643e-05
-8.13241e-05
-8.11922e-05
-5.89537e-05
-5.78881e-05
-8.00778e-05
-5.80986e-05
-8.02709e-05
-5.81693e-05
-8.06047e-05
-5.50987e-05
-5.78817e-05
-8.10273e-05
-8.09534e-05
-5.77105e-05
-5.88033e-05
-8.13078e-05
-5.8035e-05
-5.91463e-05
-8.03214e-05
-8.04195e-05
-5.74713e-05
-5.75275e-05
-8.0277e-05
-5.73207e-05
-5.72893e-05
-8.06712e-05
-8.03081e-05
-5.71735e-05
-5.71699e-05
-8.01465e-05
-5.72358e-05
-5.71809e-05
-8.00674e-05
-7.9857e-05
-5.72196e-05
-5.70849e-05
-8.02269e-05
-5.71599e-05
-5.71508e-05
-7.96244e-05
-7.94676e-05
-5.70217e-05
-5.69309e-05
-8.02512e-05
-5.71654e-05
-5.7206e-05
-7.95652e-05
-7.9752e-05
-5.69382e-05
-5.70499e-05
-8.02144e-05
-5.72863e-05
-5.73015e-05
-7.99763e-05
-8.01223e-05
-5.72757e-05
-5.72143e-05
-8.02409e-05
-5.727e-05
-5.73323e-05
-8.03544e-05
-8.01485e-05
-5.80836e-05
-5.83534e-05
-7.99479e-05
-5.71978e-05
-5.71848e-05
-8.03162e-05
-8.02281e-05
-5.72749e-05
-5.72251e-05
-5.70093e-05
-7.9931e-05
-8.04414e-05
-5.70464e-05
-5.69947e-05
-7.79844e-05
-5.67967e-05
-3.41824e-05
-1.13565e-05
-3.42997e-05
-1.14258e-05
-3.43403e-05
-3.43597e-05
-1.14651e-05
-1.14319e-05
-3.43916e-05
-1.16986e-05
-1.14419e-05
-3.43781e-05
-3.44197e-05
-1.15067e-05
-1.14493e-05
-3.44514e-05
-1.14624e-05
-1.14924e-05
-3.60104e-05
-3.50485e-05
-1.1503e-05
-1.15093e-05
-3.43991e-05
-1.1482e-05
-1.14661e-05
-3.45331e-05
-3.45218e-05
-1.14955e-05
-1.15241e-05
-3.42567e-05
-1.14205e-05
-1.13979e-05
-3.4326e-05
-3.42196e-05
-1.14273e-05
-1.1394e-05
-3.42752e-05
-1.13883e-05
-1.13916e-05
-3.42026e-05
-3.42494e-05
-1.13773e-05
-1.13887e-05
-3.435e-05
-1.13978e-05
-1.13961e-05
-3.42766e-05
-3.43435e-05
-1.13947e-05
-1.13784e-05
-3.44359e-05
-1.14049e-05
-1.1403e-05
-3.44065e-05
-3.43964e-05
-1.13887e-05
-1.13724e-05
-3.42327e-05
-1.14057e-05
-1.13593e-05
-3.44263e-05
-3.44201e-05
-1.14261e-05
-1.14378e-05
-3.39043e-05
-1.13935e-05
-1.13465e-05
-3.44432e-05
-3.41825e-05
-1.14529e-05
-1.13977e-05
-3.46756e-05
-3.23397e-05
-1.13214e-05
-1.10428e-05
-3.22635e-05
-3.47875e-05
-1.09702e-05
-1.13695e-05
-3.40471e-05
-1.12997e-05
-1.13659e-05
-3.42099e-05
-3.43982e-05
-1.13814e-05
-1.14256e-05
-3.44799e-05
-1.1364e-05
-1.14654e-05
-3.4442e-05
-3.45022e-05
-1.14351e-05
-1.14542e-05
-3.44323e-05
-1.14357e-05
-1.14215e-05
-3.43725e-05
-3.44768e-05
-1.14472e-05
-1.13599e-05
-3.4331e-05
-1.14437e-05
-1.14378e-05
-3.44015e-05
-3.42988e-05
-1.1464e-05
-1.14518e-05
-3.42907e-05
-1.1418e-05
-1.14099e-05
-3.4272e-05
-3.42428e-05
-1.1406e-05
-1.13909e-05
-3.4338e-05
-1.14122e-05
-1.14306e-05
-3.42487e-05
-3.4301e-05
-1.13943e-05
-1.14319e-05
-3.44841e-05
-1.14707e-05
-1.14721e-05
-3.44465e-05
-3.468e-05
-1.15259e-05
-1.14465e-05
-3.44128e-05
-1.14189e-05
-1.14024e-05
-3.49657e-05
-3.57872e-05
-1.1289e-05
-1.1386e-05
-3.43066e-05
-1.1479e-05
-1.14092e-05
-3.44031e-05
-3.43175e-05
-1.14439e-05
-1.14297e-05
-1.15084e-05
-3.42015e-05
-3.43514e-05
-1.14243e-05
-1.13357e-05
-3.42436e-05
-1.14769e-05
1.14569e-05
3.43744e-05
1.14583e-05
3.43922e-05
1.14806e-05
1.14762e-05
3.43769e-05
3.44109e-05
1.13552e-05
3.43228e-05
3.43733e-05
1.14741e-05
1.14058e-05
3.4392e-05
3.44115e-05
1.15246e-05
3.4714e-05
3.46711e-05
1.15604e-05
1.139e-05
3.62748e-05
3.53097e-05
1.14221e-05
3.4511e-05
3.43964e-05
1.1394e-05
1.13994e-05
3.45725e-05
3.44221e-05
1.14158e-05
3.43286e-05
3.4292e-05
1.14191e-05
1.14045e-05
3.43198e-05
3.42575e-05
1.14202e-05
3.42906e-05
3.4306e-05
1.13981e-05
1.14119e-05
3.42546e-05
3.42884e-05
1.14388e-05
3.43252e-05
3.43799e-05
1.14444e-05
1.14191e-05
3.43e-05
3.43738e-05
1.14894e-05
3.44464e-05
3.44498e-05
1.14908e-05
1.15399e-05
3.44703e-05
3.43873e-05
1.13748e-05
3.43885e-05
3.41901e-05
1.1465e-05
1.14612e-05
3.44719e-05
3.44342e-05
1.12989e-05
3.40482e-05
3.40352e-05
1.14627e-05
1.14217e-05
3.44474e-05
3.42376e-05
1.13409e-05
1.10942e-05
3.47487e-05
3.22894e-05
1.11285e-05
1.13903e-05
3.24605e-05
3.49878e-05
1.13782e-05
3.39498e-05
3.41305e-05
1.14143e-05
1.14882e-05
3.42922e-05
3.45649e-05
1.1479e-05
3.42123e-05
3.44264e-05
1.14955e-05
1.14887e-05
3.45217e-05
3.45276e-05
1.14436e-05
3.4441e-05
3.43902e-05
1.15217e-05
1.14493e-05
3.44215e-05
3.43419e-05
1.1407e-05
3.43605e-05
3.43129e-05
1.14028e-05
1.14111e-05
3.4381e-05
3.43139e-05
1.14048e-05
3.42849e-05
3.42887e-05
1.13791e-05
1.13918e-05
3.42476e-05
3.42425e-05
1.14145e-05
3.43112e-05
3.43447e-05
1.14011e-05
1.14113e-05
3.4273e-05
3.43457e-05
1.14421e-05
3.43823e-05
3.43915e-05
1.14352e-05
1.13937e-05
3.44504e-05
3.43882e-05
1.15491e-05
3.45131e-05
3.4608e-05
1.14364e-05
1.15757e-05
3.5101e-05
3.62076e-05
1.12962e-05
3.43372e-05
3.43679e-05
1.14153e-05
1.13941e-05
3.43979e-05
3.43937e-05
3.44222e-05
1.1421e-05
1.15452e-05
3.44255e-05
3.42956e-05
1.13974e-05
3.42555e-05
5.67146e-05
7.82931e-05
5.70464e-05
7.9767e-05
5.71089e-05
5.71685e-05
8.07453e-05
8.00494e-05
5.71971e-05
7.98304e-05
8.01256e-05
5.72901e-05
5.73062e-05
8.02548e-05
8.03605e-05
5.75831e-05
8.04588e-05
8.04388e-05
5.85625e-05
5.86813e-05
8.04276e-05
8.0639e-05
5.72517e-05
8.02872e-05
8.01502e-05
5.7401e-05
5.71792e-05
8.02506e-05
7.99135e-05
5.71193e-05
8.00531e-05
8.00646e-05
5.70366e-05
5.69373e-05
7.95299e-05
7.92506e-05
5.71315e-05
8.01288e-05
8.00949e-05
5.69673e-05
5.69919e-05
7.93781e-05
7.96373e-05
5.72324e-05
8.00828e-05
8.02069e-05
5.70749e-05
5.72021e-05
7.98088e-05
8.01728e-05
5.73459e-05
8.03158e-05
8.03691e-05
5.72798e-05
5.7184e-05
8.03935e-05
8.0809e-05
5.77359e-05
8.131e-05
8.1337e-05
5.74666e-05
5.74462e-05
8.04457e-05
8.04412e-05
5.52512e-05
8.08687e-05
5.90445e-05
5.802e-05
8.13142e-05
8.10583e-05
5.79112e-05
8.01726e-05
5.83126e-05
8.02299e-05
5.82154e-05
8.09086e-05
5.81461e-05
5.94069e-05
8.14997e-05
8.1488e-05
5.89513e-05
8.12987e-05
8.12962e-05
5.76532e-05
5.75488e-05
8.0528e-05
8.04894e-05
5.72876e-05
8.03389e-05
8.0197e-05
5.71569e-05
5.72628e-05
8.07684e-05
8.01985e-05
5.71353e-05
8.00826e-05
8.00172e-05
5.72257e-05
5.70655e-05
7.99792e-05
7.9752e-05
5.71676e-05
8.00968e-05
8.02449e-05
5.69973e-05
5.69927e-05
7.97034e-05
7.9692e-05
5.72065e-05
8.02711e-05
8.01978e-05
5.70343e-05
5.70981e-05
7.96842e-05
7.98334e-05
5.72563e-05
8.01643e-05
8.0181e-05
5.71652e-05
5.71033e-05
7.99369e-05
8.01448e-05
5.74488e-05
8.02208e-05
8.02805e-05
5.84014e-05
5.85064e-05
8.02837e-05
8.02739e-05
5.7205e-05
8.00618e-05
7.98639e-05
5.72919e-05
5.72795e-05
8.03064e-05
8.02284e-05
7.97478e-05
5.72093e-05
5.70881e-05
8.00457e-05
8.05828e-05
5.6627e-05
7.80938e-05
0.000100718
0.000104225
0.000103631
0.000125635
0.000126777
0.000103835
0.000126185
0.000127035
0.000104732
0.000103445
0.000126931
0.000126592
0.00010346
0.00012655
0.000126439
0.000103395
0.000104756
0.000127843
0.000127715
0.000103285
0.000126311
0.000126328
0.000103889
0.000103215
0.000126925
0.000125789
0.000103121
0.000127948
0.000128248
0.000102806
0.000102259
0.000126043
0.000124419
0.000105299
0.000127867
0.0001284
0.000102529
0.000101608
0.000124452
0.000104635
0.000128401
0.000127691
0.000101742
0.000102433
0.000124221
0.000103131
0.000127971
0.000127666
0.000102183
0.000102699
0.000124305
0.00012553
0.000103303
0.000126338
0.000126405
0.000102975
0.000104165
0.000125521
0.000126045
0.00010336
0.000126349
0.000126393
0.000104608
0.000104744
0.000127044
0.000127015
0.000103178
0.000126975
0.00012648
0.000103383
0.000103293
0.000126438
0.000127632
0.000123854
0.000103128
0.000103092
0.000126605
0.000126452
0.000102834
0.000123784
0.000102608
0.000123646
0.000103026
0.00012431
0.000102874
0.000103249
0.000126156
0.000126984
0.000103351
0.00012687
0.000126597
0.000103434
0.000103393
0.000128143
0.000126408
0.000103364
0.000126424
0.000126288
0.000104817
0.000104858
0.000127075
0.000127101
0.000103102
0.000126147
0.000126028
0.000104289
0.000102881
0.000125903
0.000125418
0.000102946
0.000127376
0.000127882
0.00010253
0.00010202
0.000125332
0.000123953
0.000105568
0.000127829
0.000128321
0.000102569
0.000101932
0.000124167
0.000104698
0.000128232
0.00012798
0.00010195
0.000102724
0.000124433
0.000103125
0.000128168
0.000127644
0.000102426
0.000102836
0.000124391
0.000125884
0.000103103
0.00012616
0.000126085
0.000103089
0.00010342
0.000125581
0.000126725
0.000103326
0.000126225
0.000126477
0.000104288
0.000103254
0.000127523
0.000127834
0.000103476
0.00012699
0.000126178
0.000103346
0.000104601
0.000126537
0.000127033
0.000103486
0.000103767
0.000126676
0.000125428
0.000146565
0.000149569
0.000170816
0.00014994
0.000171036
0.000149988
0.000151309
0.00017391
0.000174417
0.000151565
0.000174124
0.000174662
0.000150242
0.000150356
0.000174914
0.000173769
0.000149477
0.000172753
0.000174487
0.000150853
0.000150072
0.000173316
0.000172615
0.000150706
0.000174587
0.000173686
0.000148495
0.000148671
0.000170721
0.000169983
0.000151175
0.000172824
0.000171631
0.000147899
0.000149263
0.000171162
0.000170674
0.000149711
0.000170546
0.000171153
0.000150868
0.000171662
0.000172803
0.000146973
0.000151339
0.00017426
0.00017422
0.000147715
0.000149458
0.000171006
0.000149514
0.000173993
0.000172808
0.000149305
0.00014978
0.000171683
0.000172696
0.000149694
0.000172957
0.000173085
0.000150692
0.000149425
0.000173745
0.000173996
0.000150156
0.000173731
0.000172414
0.000149684
0.000149528
0.000172998
0.000172619
0.000148855
0.000171829
0.000169226
0.000149199
0.000149673
0.000173304
0.000172062
0.000150298
0.000147792
0.000172278
0.000147593
0.000150688
0.000172317
0.000149397
0.0001694
0.000171955
0.000150352
0.000149246
0.000172374
0.000173428
0.000149181
0.000172339
0.0001736
0.000149269
0.000149429
0.000172463
0.000172788
0.000149805
0.000173185
0.000173085
0.000149683
0.000151028
0.000174226
0.000174054
0.000149265
0.000172804
0.000173816
0.000149927
0.000148897
0.000172831
0.000171626
0.000150826
0.00017375
0.000173621
0.000148964
0.000147134
0.000170667
0.000150808
0.000172332
0.000171399
0.000146857
0.000148911
0.000171026
0.000170554
0.000149984
0.00017068
0.000171244
0.000150776
0.00017178
0.000173179
0.000147822
0.000149113
0.000173534
0.000173688
0.000148805
0.000148589
0.000169777
0.000170073
0.000149495
0.000173517
0.000172544
0.000150003
0.000151038
0.000172045
0.000173357
0.000149987
0.000174178
0.000174126
0.000150024
0.000150019
0.00017352
0.00017493
0.000147115
0.000171282
0.000151196
0.000150002
0.000174532
0.000173965
0.000149433
0.000146533
0.000170929
0.000194963
0.00019784
0.000218181
0.000197863
0.000218358
0.000197993
0.00019853
0.000220963
0.000221508
0.000198333
0.000220861
0.000221228
0.000197225
0.000197206
0.000221867
0.000220817
0.000196056
0.00022149
0.000221179
0.000196923
0.000196223
0.000220084
0.000217345
0.000197358
0.000219881
0.000219628
0.000195283
0.000194312
0.000216104
0.000195097
0.000217557
0.000216107
0.000192925
0.000215272
0.000191835
0.000192578
0.000194303
0.000195899
0.000215865
0.000216588
0.000198058
0.000218842
0.000221679
0.000193173
0.000193997
0.000196569
0.000221159
0.000222027
0.000196719
0.000196762
0.000217074
0.000218742
0.000196871
0.000221997
0.00022066
0.000197145
0.000196246
0.000220883
0.000221211
0.000196097
0.000219205
0.00021662
0.000196625
0.000197482
0.000222494
0.000222
0.000196401
0.000195586
0.000219087
0.000216358
0.000192459
0.000191862
0.000192943
0.000195508
0.000196255
0.000216261
0.000218633
0.000196576
0.000216495
0.000219147
0.000197099
0.000196361
0.000221308
0.000222259
0.000196657
0.000220434
0.000221585
0.000196385
0.000197212
0.000221049
0.000220703
0.000197956
0.000221625
0.000221108
0.000196857
0.000196884
0.000218448
0.000217088
0.000196923
0.00022201
0.000219187
0.000193962
0.000193132
0.000195126
0.000216547
0.000215794
0.000193151
0.000191908
0.000192712
0.000194553
0.00021537
0.000196363
0.00021619
0.000217392
0.000196898
0.000219538
0.00021959
0.000193856
0.000195264
0.000215861
0.000196335
0.000220737
0.000221115
0.000196436
0.000197507
0.000216983
0.000220032
0.000198093
0.000221443
0.000220998
0.000197282
0.000197216
0.000220919
0.000221979
0.000195068
0.000218144
0.00019836
0.000198163
0.000221364
0.000220937
0.000197788
0.000194836
0.000218378
0.000240421
0.000242817
0.000242609
0.00024489
0.000245347
0.0002626
0.000264412
0.000245318
0.00026277
0.000264461
0.0002457
0.000245867
0.000264617
0.00026483
0.00024627
0.00026459
0.000264939
0.000245846
0.000246572
0.00026478
0.000263448
0.00024502
0.00026526
0.000263256
0.000245275
0.000241657
0.000243355
0.000261741
0.00023983
0.000239271
0.000240945
0.000244438
0.000245459
0.000263095
0.000264403
0.000241614
0.000243514
0.00024641
0.000265206
0.000265646
0.000244908
0.000245435
0.000262808
0.000264484
0.000246874
0.000265648
0.000264406
0.000246082
0.000246596
0.000265269
0.000265916
0.000243043
0.000246742
0.000246746
0.000266151
0.000264376
0.000245298
0.000242658
0.000242312
0.000244579
0.000244953
0.000246305
0.000246254
0.000263577
0.000265006
0.000245626
0.000263242
0.000264592
0.000245874
0.000245276
0.000264921
0.00026428
0.000245613
0.000264795
0.000264726
0.000244892
0.000244926
0.000264132
0.000262775
0.000245171
0.000264616
0.00026327
0.000243699
0.000241533
0.000242128
0.000240331
0.000244579
0.000262681
0.000239695
0.000246913
0.000264137
0.000265612
0.000241785
0.000245756
0.000245664
0.000265598
0.000264937
0.000246549
0.000246248
0.000263629
0.000264897
0.000244768
0.000264196
0.000262449
0.000246131
0.000245685
0.000264982
0.000264469
0.000240391
0.000245295
0.000244954
0.000264354
0.000262498
0.000242776
0.000240474
-0.000238825
-0.000241381
-0.000239798
-0.000242564
-0.000261822
-0.000264148
-0.000244033
-0.000245055
-0.000264541
-0.000244972
-0.000245529
-0.000264607
-0.000264823
-0.000245659
-0.000245882
-0.000264786
-0.000245824
-0.000246029
-0.000264566
-0.000263226
-0.000245957
-0.000246159
-0.000263275
-0.000245941
-0.00024596
-0.000244592
-0.000242038
-0.000244699
-0.000242269
-0.000240158
-0.000241803
-0.00026351
-0.000243872
-0.000244392
-0.000239248
-0.00024129
-0.00026502
-0.000245044
-0.000245749
-0.000260785
-0.000263173
-0.000243599
-0.000244177
-0.00026401
-0.000246254
-0.000246382
-0.000264249
-0.000264902
-0.000245055
-0.000246008
-0.000244966
-0.000242198
-0.000264928
-0.000263304
-0.000246286
-0.000245778
-0.000243949
-0.000241356
-0.000241381
-0.000244183
-0.000242038
-0.000245148
-0.000263034
-0.000264887
-0.000245902
-0.000246291
-0.000264437
-0.000246348
-0.000245538
-0.000265078
-0.00026415
-0.00024616
-0.000245105
-0.000264505
-0.000245488
-0.000245581
-0.000263847
-0.000262303
-0.000244649
-0.000244491
-0.000262209
-0.000245024
-0.000244513
-0.000242161
-0.000239722
-0.000242442
-0.000240332
-0.000242854
-0.000244969
-0.000264382
-0.000245918
-0.000245606
-0.000241944
-0.000244272
-0.000264617
-0.000245557
-0.000245699
-0.000262891
-0.000264664
-0.000245683
-0.00024584
-0.000262305
-0.000245337
-0.000244679
-0.000264797
-0.00026433
-0.000246015
-0.000245504
-0.000242082
-0.000239599
-0.000264086
-0.000262201
-0.000244832
-0.000244345
-0.000241806
-0.000239371
-0.000216918
-0.000193083
-0.000196066
-0.000217277
-0.000193861
-0.00019681
-0.000219496
-0.000220226
-0.000196606
-0.00019734
-0.000221165
-0.000197546
-0.00019827
-0.000221149
-0.00022053
-0.000196535
-0.000196883
-0.000221796
-0.000196453
-0.000197463
-0.000218669
-0.000216322
-0.000195638
-0.000195277
-0.000216673
-0.000196905
-0.000196397
-0.00019365
-0.000194131
-0.000193433
-0.000217238
-0.000195291
-0.000196466
-0.000220353
-0.000197328
-0.00019756
-0.000217225
-0.000194274
-0.000197051
-0.000220143
-0.00019657
-0.000196646
-0.000220033
-0.000220411
-0.000197587
-0.00019774
-0.00021572
-0.000195886
-0.000195353
-0.00022142
-0.000221168
-0.00019636
-0.00019734
-0.000192957
-0.000219568
-0.000197218
-0.000195423
-0.000192861
-0.000218935
-0.000194846
-0.000196409
-0.000218429
-0.00019546
-0.000195671
-0.000220861
-0.000221713
-0.000197098
-0.000196228
-0.000221453
-0.000196644
-0.000196479
-0.000220473
-0.000220107
-0.000197529
-0.000196814
-0.000220531
-0.000197952
-0.000197636
-0.000217755
-0.000196993
-0.000194822
-0.00021641
-0.000196329
-0.000195113
-0.000193459
-0.000194133
-0.000219424
-0.000196456
-0.000197009
-0.000193943
-0.000222357
-0.000197724
-0.00019666
-0.000216353
-0.000218849
-0.000195603
-0.000195935
-0.000220093
-0.000198061
-0.000197472
-0.000220483
-0.000221174
-0.000196901
-0.000196669
-0.000197111
-0.000194589
-0.000220567
-0.000219619
-0.000197879
-0.000197437
-0.000216645
-0.000196056
-0.000192086
-0.000169666
-0.000149808
-0.000172037
-0.000172564
-0.000151325
-0.000150679
-0.000173568
-0.000149159
-0.000150326
-0.000173469
-0.000172625
-0.000149268
-0.000149359
-0.000172918
-0.000150031
-0.000149762
-0.000173745
-0.000173205
-0.000151737
-0.000151148
-0.000172634
-0.000149437
-0.000150147
-0.000172097
-0.000169793
-0.000149801
-0.000149272
-0.000171501
-0.000150105
-0.00014956
-0.000148341
-0.000146884
-0.000171929
-0.000148867
-0.000150033
-0.00017447
-0.000151125
-0.000151094
-0.000171223
-0.00014809
-0.000149581
-0.000173167
-0.000149798
-0.00014983
-0.000173574
-0.000174198
-0.000149952
-0.000150904
-0.000173116
-0.000151017
-0.000150954
-0.000173102
-0.000172992
-0.000149811
-0.000149879
-0.000150872
-0.000147533
-0.000173829
-0.000174218
-0.000151502
-0.000150408
-0.000171141
-0.000149865
-0.000147317
-0.000171616
-0.000147819
-0.000150453
-0.000172566
-0.000147339
-0.00015051
-0.000173932
-0.000173471
-0.000150349
-0.000151193
-0.000173172
-0.000150269
-0.000150784
-0.000172725
-0.000172849
-0.000149481
-0.000149567
-0.000174245
-0.000149632
-0.000149572
-0.000173678
-0.000173581
-0.000150639
-0.000149638
-0.000173171
-0.000150821
-0.000150755
-0.000170764
-0.000149464
-0.000147751
-0.000170491
-0.000149837
-0.000148838
-0.000146862
-0.000148115
-0.00017306
-0.000149613
-0.000150578
-0.000174051
-0.000150666
-0.000149577
-0.000170014
-0.000172341
-0.000149741
-0.000149906
-0.000173234
-0.000149734
-0.000149982
-0.000173513
-0.000173596
-0.000150881
-0.000151548
-0.000173619
-0.000150782
-0.000149607
-0.000173109
-0.000174221
-0.000149711
-0.000149554
-0.000150135
-0.000172879
-0.000171331
-0.000150501
-0.00015081
-0.000127072
-0.000102478
-0.000104634
-0.000128423
-0.000128454
-0.000103083
-0.000103591
-0.000128243
-0.000103447
-0.00010353
-0.000126628
-0.000126966
-0.000104156
-0.000104023
-0.000127111
-0.000104834
-0.00010374
-0.000125263
-0.000103269
-0.000100805
-0.000124999
-0.000102998
-0.000103283
-0.000101112
-0.000126396
-0.000102004
-0.000103463
-0.000126963
-0.000103404
-0.000103381
-0.000123837
-0.000102826
-0.00012654
-0.000103387
-0.000103363
-0.000126104
-0.000126887
-0.000102963
-0.000103681
-0.000126712
-0.000103069
-0.000103558
-0.000126679
-0.00012726
-0.000103442
-0.000104856
-0.000101112
-0.000127001
-0.000126405
-0.000103887
-0.000103954
-0.000101086
-0.000101483
-0.000101025
-0.000126632
-0.000127164
-0.000104072
-0.000103706
-0.000126237
-0.000103766
-0.00010295
-0.000127213
-0.000126409
-0.000104936
-0.000103368
-0.000127583
-0.000103168
-0.000103152
-0.000126702
-0.000125844
-0.000103529
-0.000102821
-0.000125844
-0.00010307
-0.000103166
-0.000123623
-0.000102712
-0.000103571
-0.000101867
-0.000100671
-0.000126025
-0.000103062
-0.000102977
-0.00012817
-0.000103809
-0.000104887
-0.000125461
-0.000100942
-0.000103287
-0.000126412
-0.000103399
-0.00010324
-0.000126996
-0.000126514
-0.000103823
-0.000103781
-0.000124416
-0.000103716
-0.000101739
-0.000128051
-0.000128335
-0.000102955
-0.000102554
-8.10488e-05
-5.69084e-05
-5.7122e-05
-8.02228e-05
-8.05299e-05
-5.71409e-05
-5.73279e-05
-8.0481e-05
-5.74492e-05
-5.74108e-05
-8.19373e-05
-8.09402e-05
-5.74003e-05
-5.71618e-05
-8.01002e-05
-5.73672e-05
-5.74581e-05
-7.99858e-05
-7.9641e-05
-5.71133e-05
-5.73169e-05
-7.99537e-05
-5.75964e-05
-5.72536e-05
-5.78468e-05
-7.8118e-05
-5.68733e-05
-7.99013e-05
-5.71431e-05
-5.72097e-05
-8.13068e-05
-5.78227e-05
-5.87983e-05
-8.11127e-05
-5.52517e-05
-5.77312e-05
-8.04139e-05
-5.74366e-05
-5.74722e-05
-8.02557e-05
-8.02019e-05
-5.75922e-05
-5.76906e-05
-8.0433e-05
-5.8286e-05
-5.81327e-05
-8.0435e-05
-8.04746e-05
-5.73897e-05
-5.74373e-05
-5.75324e-05
-8.04432e-05
-8.04658e-05
-5.7759e-05
-5.77363e-05
-8.00248e-05
-5.7394e-05
-7.99816e-05
-5.72317e-05
-7.98947e-05
-5.74925e-05
-8.01528e-05
-8.01864e-05
-5.7423e-05
-5.75642e-05
-8.0586e-05
-5.83312e-05
-5.82721e-05
-8.0454e-05
-8.04777e-05
-5.74522e-05
-5.73949e-05
-8.02296e-05
-5.72639e-05
-5.73047e-05
-7.99257e-05
-8.00753e-05
-5.72457e-05
-5.73016e-05
-8.10176e-05
-5.88376e-05
-5.78268e-05
-8.09193e-05
-5.78168e-05
-5.52379e-05
-8.00545e-05
-5.72213e-05
-5.70401e-05
-5.68411e-05
-7.97212e-05
-5.80928e-05
-8.00034e-05
-5.71147e-05
-5.75014e-05
-8.03057e-05
-5.73031e-05
-5.72378e-05
-7.98095e-05
-8.0019e-05
-5.72255e-05
-5.69836e-05
-8.03252e-05
-5.72818e-05
-5.73009e-05
-8.06636e-05
-8.1636e-05
-5.70779e-05
-5.72649e-05
-7.96462e-05
-5.70346e-05
-5.69206e-05
-8.00551e-05
-7.9754e-05
-5.71437e-05
-5.69995e-05
-3.42533e-05
-1.1348e-05
-1.13701e-05
-3.42841e-05
-3.43453e-05
-1.13933e-05
-1.14083e-05
-3.45058e-05
-1.15107e-05
-1.15499e-05
-3.44488e-05
-3.43948e-05
-1.15019e-05
-1.15261e-05
-3.5796e-05
-1.1624e-05
-1.33573e-05
-3.44267e-05
-3.54147e-05
-1.15053e-05
-1.22561e-05
-3.43056e-05
-1.24562e-05
-1.15589e-05
-9.92581e-06
-3.24304e-05
-1.13306e-05
-1.12024e-05
-3.43319e-05
-1.13899e-05
-3.43667e-05
-1.14884e-05
-1.13145e-05
-3.44256e-05
-1.13884e-05
-1.14435e-05
-3.37702e-05
-3.4167e-05
-1.13364e-05
-1.16206e-05
-3.4533e-05
-1.14268e-05
-1.14528e-05
-3.56972e-05
-3.55553e-05
-1.20637e-05
-1.30436e-05
-3.50225e-05
-1.14746e-05
-1.13252e-05
-3.4513e-05
-3.44921e-05
-1.1456e-05
-1.14564e-05
-1.19388e-05
-9.79534e-06
-3.54807e-05
-3.54087e-05
-1.28551e-05
-1.20765e-05
-3.44e-05
-1.15738e-05
-3.4391e-05
-1.16742e-05
-3.51505e-05
-1.00266e-05
-1.24241e-05
-3.5817e-05
-3.5506e-05
-1.20805e-05
-1.31918e-05
-3.58808e-05
-1.13713e-05
-1.1481e-05
-3.44706e-05
-3.44998e-05
-1.1545e-05
-1.14641e-05
-3.45474e-05
-1.16457e-05
-1.16094e-05
-3.56379e-05
-3.55846e-05
-1.33064e-05
-1.24659e-05
-3.42741e-05
-1.14998e-05
-1.14758e-05
-3.4195e-05
-3.38646e-05
-1.15599e-05
-1.14357e-05
-3.43495e-05
-1.14406e-05
-1.13632e-05
-1.15035e-05
-3.4585e-05
-1.09627e-05
-1.12693e-05
-3.51863e-05
-1.15029e-05
-1.21107e-05
-9.73246e-06
-3.43836e-05
-1.29008e-05
-1.1418e-05
-3.51746e-05
-3.43437e-05
-1.19646e-05
-1.13674e-05
-3.43926e-05
-1.1397e-05
-1.1405e-05
-3.42904e-05
-3.4359e-05
-1.13488e-05
-1.14154e-05
-3.42744e-05
-1.14918e-05
-1.15098e-05
-3.43192e-05
-3.42664e-05
-1.14529e-05
-1.14489e-05
1.14539e-05
3.41792e-05
3.43383e-05
1.1407e-05
1.14448e-05
3.42647e-05
3.43599e-05
1.14197e-05
3.44165e-05
3.43945e-05
1.14107e-05
1.14296e-05
3.43725e-05
3.43222e-05
1.28945e-05
3.4413e-05
3.54006e-05
1.13446e-05
1.20352e-05
3.43481e-05
3.51553e-05
1.15699e-05
3.54166e-05
3.44787e-05
9.82479e-06
1.10742e-05
3.49461e-05
3.27087e-05
1.15029e-05
3.42517e-05
1.14321e-05
3.43464e-05
3.42402e-05
1.15564e-05
3.43739e-05
3.46632e-05
1.12625e-05
1.16179e-05
3.40121e-05
3.4278e-05
1.177e-05
3.48048e-05
3.47905e-05
1.25048e-05
1.34304e-05
3.59469e-05
3.5892e-05
1.13612e-05
3.58883e-05
3.486e-05
1.15052e-05
1.15715e-05
3.4509e-05
3.44931e-05
1.00025e-05
3.53903e-05
1.31594e-05
1.23351e-05
3.55292e-05
3.54829e-05
1.15933e-05
3.45543e-05
1.15009e-05
3.44616e-05
1.1986e-05
3.5636e-05
1.24233e-05
1.30392e-05
3.53231e-05
3.5654e-05
1.15636e-05
3.52362e-05
3.62837e-05
1.15502e-05
1.15644e-05
3.46806e-05
3.47301e-05
1.1501e-05
3.45672e-05
3.45435e-05
1.30102e-05
1.22262e-05
3.56124e-05
3.55168e-05
1.13873e-05
3.44939e-05
3.41968e-05
1.14932e-05
1.14194e-05
3.41778e-05
3.38639e-05
1.1376e-05
3.44012e-05
3.44181e-05
3.43262e-05
1.13748e-05
3.26112e-05
3.49318e-05
1.20314e-05
3.44253e-05
3.53273e-05
9.74049e-06
1.14945e-05
3.52252e-05
3.44152e-05
1.20083e-05
1.15149e-05
3.50839e-05
3.43826e-05
1.14948e-05
3.44579e-05
3.44917e-05
1.15462e-05
1.14912e-05
3.43677e-05
3.43887e-05
1.14292e-05
3.43016e-05
3.42305e-05
1.1409e-05
1.14006e-05
3.42909e-05
3.42173e-05
5.71228e-05
7.98404e-05
8.09302e-05
5.71505e-05
5.72794e-05
7.99505e-05
8.03374e-05
5.73276e-05
8.0374e-05
8.03454e-05
5.72945e-05
5.71451e-05
8.16136e-05
8.0707e-05
5.73172e-05
8.03375e-05
8.00555e-05
5.71082e-05
5.72465e-05
8.00134e-05
7.96666e-05
5.73193e-05
8.00687e-05
8.00249e-05
7.99114e-05
5.68152e-05
7.80994e-05
5.72807e-05
8.01569e-05
8.00061e-05
5.94028e-05
8.15057e-05
8.16594e-05
5.55676e-05
5.81662e-05
8.11822e-05
5.7603e-05
8.04774e-05
8.04473e-05
5.75646e-05
5.77341e-05
8.01399e-05
8.0111e-05
5.82319e-05
8.03644e-05
8.04191e-05
5.73478e-05
5.74457e-05
8.04557e-05
8.04909e-05
7.99509e-05
5.76391e-05
5.76693e-05
8.03152e-05
8.03053e-05
5.74255e-05
7.98843e-05
5.73098e-05
7.9942e-05
5.73329e-05
8.00354e-05
5.77644e-05
5.76785e-05
8.02435e-05
8.03223e-05
5.85616e-05
8.05429e-05
8.05695e-05
5.75896e-05
5.75844e-05
8.05505e-05
8.05469e-05
5.75256e-05
8.03746e-05
8.03218e-05
5.75609e-05
5.76428e-05
8.0109e-05
7.99863e-05
5.80497e-05
8.12729e-05
8.14216e-05
5.80235e-05
5.54435e-05
8.08194e-05
5.70533e-05
7.98726e-05
8.01916e-05
7.8032e-05
5.80562e-05
7.99487e-05
5.77246e-05
7.99721e-05
8.00601e-05
5.73189e-05
8.02792e-05
8.04675e-05
5.72282e-05
5.70313e-05
7.99077e-05
8.00972e-05
5.75093e-05
8.0595e-05
8.07237e-05
5.72228e-05
5.74593e-05
8.10044e-05
8.21973e-05
5.68303e-05
8.0488e-05
7.96755e-05
5.70951e-05
5.69405e-05
8.0048e-05
7.97568e-05
0.00010415
0.000124478
0.000127062
0.000102849
0.000103307
0.00012823
0.000128284
0.000103363
0.000126461
0.000127803
0.000103953
0.000103787
0.000126826
0.000126707
0.000103877
0.000128023
0.00012738
0.000103308
0.000101079
0.000125227
0.000103121
0.000126026
0.000124862
0.000103517
0.000126414
0.000103293
0.00012587
0.000126555
0.000102655
0.000123596
0.000103386
0.000127568
0.00012649
0.00010286
0.000103771
0.000125809
0.000126905
0.000103903
0.00012658
0.000126621
0.000103543
0.000105134
0.00012667
0.000127433
0.000103854
0.000103805
0.000127396
0.000126544
0.000101191
0.000101226
0.000101261
0.000103994
0.000103795
0.000126631
0.000127317
0.000103041
0.000126363
0.000126243
0.000105047
0.00010344
0.000127173
0.000126416
0.000103288
0.000126635
0.00012776
0.000103633
0.000102892
0.000127055
0.000125989
0.00010297
0.000126638
0.000125983
0.000102909
0.000123566
0.000101961
0.000126372
0.000100583
0.000102922
0.000124507
0.000125986
0.000105034
0.0001273
0.00012847
0.000100963
0.000103348
0.000125501
0.000103742
0.000128625
0.000126923
0.000104277
0.000104466
0.000127243
0.000127274
0.000102083
0.000126747
0.00012435
0.00010301
0.00010264
0.000127903
0.00012794
0.000149926
0.000169958
0.000150848
0.000150482
0.000171232
0.000172764
0.000150882
0.00017337
0.000173909
0.000149529
0.000149717
0.00017401
0.000172953
0.000149797
0.000173116
0.000172957
0.00015128
0.000151192
0.00017354
0.000173247
0.000150128
0.000173964
0.000172708
0.000150161
0.000149413
0.000172231
0.000169862
0.000149492
0.000172571
0.000170907
0.000146681
0.000149682
0.000170646
0.000172107
0.000151207
0.000173213
0.000174089
0.000148091
0.000149674
0.000170771
0.000149842
0.000174186
0.000173159
0.000149827
0.000150928
0.000173484
0.000174042
0.000150876
0.000173187
0.00017315
0.000149787
0.00014982
0.00017301
0.000172901
0.000147435
0.00017252
0.000151383
0.000150345
0.000173525
0.000173811
0.000150034
0.000147399
0.000171326
0.000148067
0.0001502
0.000171817
0.000150517
0.000172511
0.000150294
0.000151045
0.000174073
0.000173553
0.000151181
0.000173082
0.000173
0.000149581
0.000149738
0.000172816
0.000172814
0.00014994
0.000173367
0.000174774
0.000150946
0.000149825
0.000174218
0.000173899
0.000151128
0.000174628
0.000173627
0.00014995
0.000148231
0.000171224
0.000149012
0.000172307
0.000170837
0.000148264
0.000150595
0.000171471
0.000173014
0.000149885
0.000173137
0.00017414
0.000149837
0.000150439
0.000170135
0.000172339
0.000149851
0.000172955
0.000173077
0.000151191
0.000151065
0.000173098
0.000173238
0.000149229
0.000174091
0.000172951
0.000149489
0.000149134
0.00017287
0.000173428
0.00016966
0.000150071
0.000150769
0.00017235
0.000171359
0.000192459
0.000196015
0.000216413
0.000196867
0.000217319
0.000196868
0.000197489
0.000218993
0.000220078
0.000198618
0.000220334
0.000221368
0.000196693
0.00019705
0.00022101
0.000220537
0.000197671
0.000221865
0.000221977
0.00019581
0.000195517
0.000218497
0.000216394
0.000196085
0.000219599
0.000216583
0.000193682
0.000193541
0.000196049
0.000216131
0.000217195
0.000197854
0.000220568
0.000220844
0.000194307
0.000197294
0.00021751
0.000196797
0.000221255
0.000220348
0.000197505
0.000197806
0.000219912
0.00022037
0.000195148
0.000218953
0.000215938
0.000196493
0.000197285
0.000222317
0.000221343
0.000196798
0.000194875
0.000219271
0.000193053
0.000195055
0.000196893
0.000219511
0.000195148
0.000215894
0.00021791
0.000197127
0.000196011
0.000221189
0.000221405
0.000196925
0.000220577
0.000221528
0.000198333
0.000197915
0.000221004
0.000220488
0.000197587
0.000220878
0.000220361
0.000197198
0.000194668
0.000217727
0.000195073
0.000217178
0.000216107
0.000194099
0.000197082
0.000216697
0.000219357
0.00019372
0.000196665
0.000222042
0.000222506
0.00019546
0.000195889
0.000216414
0.000218875
0.000198006
0.000221353
0.000220356
0.000197148
0.000196817
0.000220712
0.00022125
0.000194022
0.000217366
0.00019762
0.000196664
0.000220412
0.00021961
0.00019592
0.000192484
0.000216874
0.000238431
0.000241163
0.000242209
0.000243925
0.000244884
0.000261779
0.000264077
0.000245351
0.000262609
0.000264523
0.000245538
0.000245953
0.000264549
0.000264976
0.000245814
0.000264657
0.000264769
0.000246097
0.000245703
0.000264931
0.000263242
0.000245755
0.00026458
0.000263002
0.000243869
0.000241802
0.000242444
0.0002424
0.000244789
0.000262062
0.000263687
0.000239251
0.000241464
0.000246316
0.000264965
0.000265717
0.000243736
0.00024457
0.000261133
0.000263557
0.000246596
0.000265655
0.000263932
0.000245467
0.000246108
0.000264676
0.000265064
0.000242599
0.000246338
0.000246597
0.000264849
0.000263324
0.00024468
0.000241563
0.000241717
0.000244093
0.000244227
0.000245582
0.000245517
0.000263072
0.000264652
0.00024582
0.00026331
0.000264826
0.000245641
0.000245282
0.000264697
0.000264373
0.000245442
0.000264813
0.000264427
0.000244911
0.000244372
0.000264032
0.000262175
0.000244417
0.000264102
0.000262208
0.000241965
0.000239851
0.000240205
0.000245073
0.000245781
0.000263263
0.000264451
0.000242204
0.000244094
0.000245505
0.000264504
0.000264403
0.000245631
0.000245535
0.000262934
0.000264461
0.000245172
0.000264318
0.000262634
0.000245637
0.000245775
0.000264579
0.000264563
0.000239846
0.000245215
0.000244395
0.000264376
0.000262355
0.000241753
0.000239268
-0.000237346
-0.000241202
-0.00026495
-0.000243055
-0.000245637
-0.000263318
-0.000243539
-0.000244445
-0.00026455
-0.000265682
-0.000245218
-0.00024639
-0.000264921
-0.000245211
-0.000245883
-0.000265891
-0.000263858
-0.000246524
-0.000246186
-0.000263305
-0.000245867
-0.000245813
-0.000244544
-0.000242477
-0.000244404
-0.000242205
-0.000239163
-0.000241214
-0.000264053
-0.000243977
-0.000245001
-0.000239779
-0.000242352
-0.000264829
-0.000245692
-0.000245936
-0.000262693
-0.00026455
-0.000244969
-0.000245744
-0.000263142
-0.000245784
-0.000245663
-0.000264758
-0.000264873
-0.000245922
-0.00024602
-0.000243513
-0.000240619
-0.000264765
-0.000262661
-0.000245775
-0.000244735
-0.000242513
-0.000240386
-0.000240755
-0.000242901
-0.000240726
-0.000242583
-0.000262602
-0.00026441
-0.000245158
-0.00024531
-0.000264763
-0.000244841
-0.000245476
-0.000264437
-0.000264107
-0.000245371
-0.000245074
-0.000264466
-0.000245779
-0.000245503
-0.000263943
-0.000262389
-0.000244827
-0.000244595
-0.000262188
-0.000245107
-0.000244178
-0.00024236
-0.000239945
-0.000241672
-0.000239588
-0.000242046
-0.000244659
-0.00026475
-0.000246288
-0.000246315
-0.000242598
-0.000245188
-0.000264487
-0.000246002
-0.000245532
-0.000263682
-0.000265173
-0.000246303
-0.000246421
-0.00026191
-0.000244846
-0.000243824
-0.000265325
-0.000264303
-0.000246216
-0.000245158
-0.000241297
-0.000237834
-0.000264568
-0.000245473
-0.000243343
-0.00021974
-0.000196274
-0.000196843
-0.000218053
-0.00021948
-0.000194849
-0.000195665
-0.000221618
-0.000196315
-0.000197195
-0.000218813
-0.000216177
-0.000195711
-0.000195093
-0.000215976
-0.000195776
-0.000195312
-0.000192617
-0.000192763
-0.000217212
-0.000194657
-0.000197029
-0.000219983
-0.00019683
-0.000197054
-0.000217164
-0.000193693
-0.000196628
-0.000220335
-0.000196242
-0.00019667
-0.000220054
-0.00022068
-0.000196982
-0.0001978
-0.000198281
-0.000195607
-0.000221762
-0.000221045
-0.000199039
-0.000198819
-0.000218154
-0.000198027
-0.000195165
-0.000218767
-0.000195016
-0.000198281
-0.000218624
-0.000195146
-0.000198109
-0.000221579
-0.000221722
-0.000198216
-0.000198679
-0.000221327
-0.000197031
-0.000196941
-0.000220976
-0.000220364
-0.000198146
-0.000197797
-0.000220432
-0.000198399
-0.000197865
-0.000217808
-0.000197591
-0.000194741
-0.000196888
-0.00019374
-0.000192535
-0.000218581
-0.000195151
-0.000195727
-0.000192854
-0.000222192
-0.000197352
-0.00019652
-0.000216287
-0.000218825
-0.000195365
-0.000195883
-0.000218359
-0.000196584
-0.000196088
-0.000219402
-0.000218258
-0.000195598
-0.000194859
-0.000172638
-0.000149658
-0.000149563
-0.000173093
-0.0001731
-0.000151068
-0.000150965
-0.000172975
-0.000150645
-0.000150798
-0.000172417
-0.000150545
-0.000147636
-0.000151275
-0.00014822
-0.000170899
-0.000147035
-0.000149242
-0.000173933
-0.000149713
-0.000150713
-0.00017063
-0.000146626
-0.00014922
-0.000172778
-0.000149521
-0.000149573
-0.000173442
-0.000173636
-0.000149458
-0.00015064
-0.000174282
-0.000151262
-0.000150246
-0.000173897
-0.000175315
-0.000150278
-0.000150241
-0.000149936
-0.000147391
-0.000174705
-0.000174164
-0.00015124
-0.000150083
-0.000171434
-0.000149928
-0.000147522
-0.000170999
-0.000147399
-0.000150031
-0.00017106
-0.000147263
-0.000149625
-0.00017362
-0.000174042
-0.000150057
-0.000150901
-0.000175184
-0.00015046
-0.000151934
-0.000175029
-0.000174044
-0.00015025
-0.000150507
-0.000174398
-0.000149847
-0.000149719
-0.000174213
-0.000173563
-0.00015081
-0.000149566
-0.000173227
-0.000150911
-0.000149559
-0.000170757
-0.000149496
-0.000146907
-0.000149274
-0.00014682
-0.0001727
-0.000148023
-0.000151035
-0.000173521
-0.000151347
-0.00015161
-0.000172539
-0.000148334
-0.000151117
-0.000173078
-0.000149877
-0.000149854
-0.000173231
-0.000173382
-0.000150928
-0.000151139
-0.000127846
-0.000103323
-0.000103319
-0.000126667
-0.00012648
-0.00010316
-0.000103007
-0.000126184
-0.000103195
-0.000103102
-0.000123964
-0.000102804
-0.000103531
-0.000100967
-0.000126042
-0.00010326
-0.000104039
-0.000126442
-0.000104174
-0.000103389
-0.000125961
-0.000126269
-0.000103794
-0.00010425
-0.000126454
-0.000103731
-0.000103796
-0.000126711
-0.000127179
-0.000103503
-0.000104954
-0.000101173
-0.000127001
-0.000126354
-0.000103823
-0.000103806
-0.000101198
-0.000101418
-0.000100834
-0.000126572
-0.000127089
-0.00010381
-0.000103518
-0.000127189
-0.000103658
-0.000104108
-0.000127126
-0.000126636
-0.000104616
-0.000103546
-0.000126279
-0.000103333
-0.000104098
-0.000126158
-0.000125882
-0.000104184
-0.000103727
-0.000126495
-0.000103981
-0.000103364
-0.000100973
-0.000123849
-0.000103401
-0.000126706
-0.000102993
-0.000103188
-0.000123818
-0.00010278
-0.000126734
-0.000103374
-0.000103408
-0.000126484
-0.000126767
-0.000103233
-0.000103264
-8.03908e-05
-5.74599e-05
-5.74943e-05
-8.11685e-05
-8.1069e-05
-5.88224e-05
-5.78327e-05
-8.12139e-05
-5.9113e-05
-5.79299e-05
-8.08782e-05
-5.79995e-05
-5.53347e-05
-7.82391e-05
-5.71455e-05
-5.66626e-05
-7.97415e-05
-5.758e-05
-8.06942e-05
-5.71714e-05
-5.71738e-05
-7.81463e-05
-5.68637e-05
-8.05141e-05
-5.73457e-05
-5.73677e-05
-8.0828e-05
-8.10068e-05
-5.70416e-05
-5.71482e-05
-8.01228e-05
-5.73871e-05
-5.73163e-05
-8.0515e-05
-8.048e-05
-5.74535e-05
-5.7452e-05
-5.7517e-05
-8.03313e-05
-8.01009e-05
-5.75591e-05
-5.75461e-05
-8.06138e-05
-5.76051e-05
-5.49591e-05
-8.07087e-05
-5.52765e-05
-5.78189e-05
-7.97724e-05
-5.77132e-05
-8.02844e-05
-8.02691e-05
-5.7381e-05
-5.76736e-05
-8.02984e-05
-5.75135e-05
-5.73745e-05
-8.0389e-05
-8.05112e-05
-5.75224e-05
-5.74636e-05
-8.17766e-05
-5.73823e-05
-5.73723e-05
-8.08619e-05
-8.07647e-05
-5.72212e-05
-5.71499e-05
-8.00482e-05
-5.71798e-05
-5.71733e-05
-7.8178e-05
-5.68568e-05
-5.73073e-05
-8.0396e-05
-5.68949e-05
-5.71501e-05
-8.08198e-05
-5.74036e-05
-5.84024e-05
-8.05586e-05
-5.48793e-05
-5.76102e-05
-8.02754e-05
-5.71775e-05
-5.72878e-05
-8.08573e-05
-8.10563e-05
-5.75907e-05
-5.86682e-05
-3.44606e-05
-1.14797e-05
-1.14727e-05
-3.44279e-05
-3.42108e-05
-1.14638e-05
-1.13661e-05
-3.43506e-05
-1.15079e-05
-1.15174e-05
-3.409e-05
-3.39569e-05
-1.14191e-05
-1.14544e-05
-3.42399e-05
-1.14265e-05
-1.14449e-05
-3.52773e-05
-1.00044e-05
-1.22186e-05
-3.43493e-05
-1.13897e-05
-1.13728e-05
-3.4271e-05
-1.14484e-05
-3.44091e-05
-1.1399e-05
-1.13769e-05
-3.4325e-05
-3.43173e-05
-1.14203e-05
-1.13656e-05
-3.45348e-05
-1.14946e-05
-1.16323e-05
-3.45429e-05
-3.45225e-05
-1.14921e-05
-1.15471e-05
-1.202e-05
-9.88136e-06
-3.54488e-05
-3.55144e-05
-1.30146e-05
-1.2001e-05
-3.41375e-05
-3.38821e-05
-1.15153e-05
-1.12615e-05
-3.39007e-05
-3.40327e-05
-1.13424e-05
-1.15092e-05
-3.53072e-05
-9.8877e-06
-1.18864e-05
-3.54477e-05
-3.55426e-05
-1.22078e-05
-1.30913e-05
-3.45444e-05
-1.14485e-05
-1.15255e-05
-3.45548e-05
-3.45566e-05
-1.14885e-05
-1.14976e-05
-3.44349e-05
-1.14355e-05
-1.14366e-05
-3.44026e-05
-3.43502e-05
-1.14163e-05
-1.13995e-05
-3.43354e-05
-1.14273e-05
-1.14651e-05
-3.4375e-05
-1.14356e-05
-1.22623e-05
-1.01244e-05
-3.42583e-05
-1.13525e-05
-1.14045e-05
-3.43196e-05
-1.14843e-05
-1.14694e-05
-3.38251e-05
-3.4107e-05
-1.14585e-05
-1.14281e-05
-3.43939e-05
-1.14514e-05
-1.14294e-05
-3.42225e-05
-3.43862e-05
-1.14245e-05
-1.14231e-05
1.14267e-05
3.44466e-05
3.44244e-05
1.14132e-05
1.13411e-05
3.43599e-05
3.41769e-05
1.13781e-05
3.44632e-05
3.42816e-05
1.13044e-05
1.13372e-05
3.41518e-05
3.39074e-05
1.14075e-05
3.42272e-05
3.42035e-05
1.23923e-05
3.54744e-05
1.15477e-05
3.45002e-05
3.44187e-05
1.15239e-05
3.42575e-05
1.1564e-05
3.45516e-05
3.46132e-05
1.16372e-05
1.15646e-05
3.44424e-05
3.45461e-05
1.17248e-05
3.45786e-05
3.43016e-05
1.14986e-05
1.1516e-05
3.45502e-05
3.4416e-05
9.80157e-06
3.52736e-05
1.2918e-05
1.21757e-05
3.52723e-05
3.51996e-05
1.15702e-05
1.12502e-05
3.40921e-05
3.3694e-05
1.13183e-05
1.15967e-05
3.40171e-05
3.42847e-05
1.19306e-05
3.54501e-05
1.22295e-05
1.29864e-05
3.54369e-05
3.55654e-05
1.14293e-05
3.43883e-05
3.453e-05
1.15849e-05
1.14872e-05
3.45339e-05
3.4557e-05
1.14862e-05
3.44251e-05
3.44361e-05
1.14615e-05
1.15564e-05
3.43125e-05
3.43528e-05
1.12726e-05
3.4369e-05
3.42861e-05
1.1485e-05
3.43511e-05
9.90035e-06
3.53627e-05
1.14554e-05
3.42152e-05
3.40974e-05
1.13785e-05
3.41642e-05
3.42989e-05
1.11588e-05
1.1327e-05
3.39273e-05
3.39843e-05
1.1469e-05
3.43874e-05
3.44669e-05
1.13629e-05
1.1478e-05
3.42097e-05
3.44401e-05
5.74691e-05
8.04576e-05
8.04686e-05
5.88122e-05
5.775e-05
8.12478e-05
8.13832e-05
5.79798e-05
8.12931e-05
8.10748e-05
5.79469e-05
5.5417e-05
8.07679e-05
5.67493e-05
8.02871e-05
7.79626e-05
5.76319e-05
7.97189e-05
5.73168e-05
8.01806e-05
8.12575e-05
5.694e-05
7.86123e-05
5.76124e-05
8.25063e-05
8.09025e-05
5.72126e-05
5.72996e-05
8.11932e-05
8.13517e-05
5.73011e-05
8.03155e-05
8.03095e-05
5.74786e-05
5.74194e-05
8.06107e-05
8.0601e-05
7.99289e-05
5.73788e-05
5.74476e-05
8.02153e-05
8.00156e-05
5.76994e-05
5.49273e-05
8.05209e-05
5.5355e-05
5.79246e-05
8.07266e-05
5.76279e-05
7.98795e-05
5.76225e-05
5.77065e-05
8.03136e-05
8.03393e-05
5.73397e-05
8.01062e-05
8.02088e-05
5.75029e-05
5.74601e-05
8.0494e-05
8.05212e-05
5.73766e-05
8.04185e-05
8.21423e-05
5.71045e-05
5.6977e-05
8.06752e-05
8.1067e-05
5.72295e-05
8.09866e-05
8.01974e-05
5.68865e-05
7.83098e-05
7.9837e-05
5.71932e-05
7.83134e-05
8.08168e-05
5.85225e-05
8.10924e-05
8.11682e-05
5.48202e-05
5.75643e-05
8.07639e-05
5.74465e-05
8.03188e-05
8.04073e-05
5.78471e-05
5.89473e-05
8.10161e-05
8.11898e-05
0.000103346
0.000126729
0.000127769
0.000103349
0.000103077
0.00012671
0.000126242
0.00010296
0.000126652
0.000126442
0.000102807
0.000123679
0.000124175
0.000100926
0.00010438
0.00012651
0.00012612
0.000103759
0.000126222
0.000126456
0.000104016
0.00010468
0.000125758
0.000126192
0.000104219
0.000127115
0.000126803
0.000103766
0.000105471
0.000126872
0.000127798
0.000104109
0.000103807
0.000127487
0.000126631
0.000101384
0.000101471
0.000101091
0.000103924
0.000104023
0.00012651
0.00012696
0.000103851
0.000126574
0.000127264
0.000104998
0.000103585
0.000127369
0.000126871
0.000104438
0.000126392
0.000126279
0.000103842
0.000103916
0.000126037
0.000125799
0.000103492
0.000126204
0.000126496
0.000103649
0.000124318
0.000103358
0.000126447
0.00012673
0.0001029
0.000123939
0.000103414
0.00012796
0.000126686
0.0001031
0.000103185
0.000126538
0.000126898
0.000149925
0.000173014
0.000172963
0.000151144
0.000150887
0.000173357
0.000173385
0.000151412
0.000173835
0.000173441
0.00015135
0.000148456
0.000172798
0.000147938
0.000172674
0.000149344
0.000170835
0.000150491
0.000173407
0.000173767
0.000146485
0.000149004
0.000170458
0.000149904
0.000174511
0.000173326
0.000149697
0.000151043
0.000173789
0.000174298
0.000150299
0.00017468
0.000174397
0.000150324
0.000150255
0.000173806
0.00017517
0.000147496
0.000171507
0.000151249
0.000150139
0.000174627
0.000174077
0.000149693
0.000147163
0.000171015
0.000147235
0.000149965
0.000171785
0.000150114
0.000171548
0.000150457
0.000151634
0.00017486
0.000175014
0.000151824
0.000174541
0.000175149
0.000150558
0.000150596
0.000175282
0.000174103
0.000149746
0.000173049
0.000174426
0.000151023
0.000149779
0.000173907
0.000173559
0.000149716
0.000174234
0.000173618
0.000149405
0.000146912
0.000170688
0.000147193
0.000170687
0.000150593
0.000172465
0.000151128
0.000172771
0.000173231
0.000147923
0.000150688
0.000172545
0.000150079
0.000172856
0.000173172
0.000151508
0.000151664
0.000173315
0.000173703
0.000196649
0.00021846
0.000219183
0.000194945
0.000195528
0.000218164
0.000219255
0.000196964
0.000221591
0.000220874
0.00019584
0.000195207
0.000218409
0.000215953
0.00019509
0.000218068
0.00021579
0.000192448
0.000197184
0.000217298
0.000197961
0.000219944
0.000220572
0.000194566
0.000197202
0.000217499
0.000196775
0.000221005
0.000220352
0.000197417
0.00019786
0.000220013
0.000220706
0.000195239
0.000218272
0.000198505
0.000198557
0.000221438
0.000221258
0.000197994
0.000195013
0.000218634
0.000195661
0.000198312
0.000218752
0.000198049
0.000218366
0.000198267
0.000198648
0.000221151
0.000221721
0.000196313
0.000220364
0.000221136
0.00019759
0.000196902
0.000220773
0.000220008
0.000197376
0.000220559
0.00022007
0.000196614
0.000194345
0.00021738
0.00019489
0.000217713
0.000192652
0.000195572
0.000215833
0.000218375
0.000192451
0.000196325
0.00022121
0.000221716
0.000195188
0.000195813
0.000215977
0.000218651
0.000196041
0.000219711
0.000218276
0.000195602
0.000194828
0.000219557
0.000218261
0.000240963
0.000243025
0.000245565
0.000264985
0.000244183
0.000261014
0.000263463
0.000245094
0.000246473
0.00026454
0.000265797
0.000245565
0.000264486
0.000264836
0.000246627
0.000245605
0.000265999
0.000263885
0.000245604
0.000264695
0.000263283
0.000243767
0.000241766
0.00024207
0.000241428
0.000244812
0.00026206
0.000264082
0.000239638
0.000241988
0.000246217
0.000264303
0.000264926
0.000244641
0.000245544
0.000262379
0.000264527
0.000245324
0.000264946
0.000262788
0.000245923
0.000245691
0.000264694
0.000264576
0.000240753
0.00024549
0.000245023
0.00026457
0.000262842
0.000242914
0.000240661
0.000240487
0.000243127
0.000243539
0.000245531
0.000245819
0.000262775
0.000264549
0.000245703
0.000263189
0.000264901
0.000245813
0.000245435
0.000264689
0.000264297
0.000245504
0.000264815
0.000264549
0.000245081
0.000244895
0.000264269
0.000262515
0.00024437
0.00026425
0.000262305
0.000242427
0.000239931
0.000239738
0.000244035
0.000246081
0.000263075
0.000264796
0.000242344
0.000244991
0.000245434
0.000264906
0.000264437
0.000246598
0.000246353
0.000263568
0.00026523
0.000243926
0.00026395
0.000261886
0.000246263
0.000245373
0.000265183
0.000264309
0.000237711
0.000245856
0.000243529
0.000264676
-0.000266569
-0.00024579
-0.000248055
-0.000263857
-0.000264754
-0.000244927
-0.000246315
-0.000265133
-0.000246732
-0.000246947
-0.000244278
-0.000242141
-0.000244558
-0.000242668
-0.000239151
-0.000240572
-0.000243312
-0.000264674
-0.000245253
-0.000245485
-0.000240622
-0.000242841
-0.000264257
-0.000245713
-0.000245232
-0.000262865
-0.000264461
-0.000245192
-0.000245381
-0.000262776
-0.000245042
-0.000244854
-0.000264488
-0.000264646
-0.000245524
-0.000245644
-0.000242816
-0.000240916
-0.000264658
-0.000262817
-0.000245481
-0.000245441
-0.000243099
-0.000241168
-0.000241303
-0.00024291
-0.000240398
-0.000242891
-0.000262808
-0.000264393
-0.000244911
-0.000245516
-0.000264411
-0.000245161
-0.000245324
-0.000264705
-0.000264976
-0.000245805
-0.000246069
-0.000264711
-0.00024558
-0.00024578
-0.000264831
-0.00026301
-0.00024579
-0.000245376
-0.000262567
-0.000245474
-0.000244669
-0.000243263
-0.000240825
-0.000242163
-0.000240198
-0.000242785
-0.000244134
-0.000238947
-0.000266566
-0.00024679
-0.000247292
-0.000242789
-0.000245347
-0.000265252
-0.000248196
-0.000245943
-0.000265998
-0.000264237
-0.000246746
-0.00024529
-0.000220901
-0.000196242
-0.000197196
-0.000219426
-0.000216776
-0.000196866
-0.000196404
-0.000216665
-0.000196321
-0.000195762
-0.000193101
-0.000192359
-0.000217689
-0.000194377
-0.000197513
-0.000221699
-0.000198051
-0.000198631
-0.000218602
-0.000195091
-0.000198114
-0.000220977
-0.000197491
-0.000197542
-0.000221132
-0.00022147
-0.000198482
-0.000198539
-0.00022135
-0.000198771
-0.000198389
-0.000220964
-0.000222287
-0.000197429
-0.000197465
-0.000198338
-0.000194598
-0.000221972
-0.000222027
-0.000198907
-0.000198273
-0.000192241
-0.000218109
-0.000215719
-0.000195832
-0.000195322
-0.000193923
-0.000193392
-0.000192545
-0.000215593
-0.000218159
-0.00019512
-0.000195926
-0.000218363
-0.000194419
-0.000197443
-0.000221986
-0.00022151
-0.000198219
-0.000198456
-0.000221817
-0.00019791
-0.000198833
-0.000221777
-0.000221071
-0.000197109
-0.00019738
-0.000221767
-0.000197373
-0.00019714
-0.000221656
-0.000221124
-0.000198632
-0.000198224
-0.000220683
-0.000198105
-0.000197912
-0.000218157
-0.000197583
-0.000194969
-0.000197367
-0.000194699
-0.00019248
-0.000219022
-0.000195907
-0.000196586
-0.000193226
-0.000221136
-0.000197286
-0.000196388
-0.000216655
-0.000219519
-0.000196159
-0.000197121
-0.000172231
-0.000149084
-0.000149829
-0.000172059
-0.000169335
-0.000149485
-0.000148953
-0.000150461
-0.000147917
-0.00017051
-0.000146685
-0.000149439
-0.000174219
-0.000149651
-0.0001509
-0.000171103
-0.00014687
-0.000149759
-0.000173806
-0.000150016
-0.000150176
-0.000174172
-0.000174719
-0.000150011
-0.000151221
-0.000173466
-0.000151346
-0.000150227
-0.000173684
-0.000173216
-0.000150143
-0.000149941
-0.000150197
-0.000148035
-0.000173488
-0.000173311
-0.000151272
-0.000150531
-0.000172296
-0.000171093
-0.000149824
-0.000149333
-0.000148085
-0.000147734
-0.000170836
-0.000172091
-0.000149283
-0.000149937
-0.000172127
-0.000148243
-0.000150066
-0.000172928
-0.000173213
-0.000150657
-0.000150913
-0.000174228
-0.000150175
-0.000151185
-0.000172996
-0.000173372
-0.000149785
-0.00014998
-0.000174585
-0.000149982
-0.000149885
-0.000174079
-0.00017402
-0.000151095
-0.000149806
-0.000173857
-0.000151126
-0.000150031
-0.000171128
-0.000149759
-0.000147227
-0.000149534
-0.000146664
-0.000172731
-0.000147674
-0.000150382
-0.000173581
-0.00014986
-0.000149153
-0.000169598
-0.00017206
-0.000149111
-0.000149481
-0.000127625
-0.000103288
-0.000103285
-0.000126349
-0.000126554
-0.000103192
-0.000103101
-0.000126334
-0.000103194
-0.00010309
-0.000123814
-0.000102797
-0.000102893
-0.000126612
-0.000104118
-0.000103608
-0.000100596
-0.000126397
-0.000104656
-0.000103351
-0.000126181
-0.000126837
-0.000103482
-0.000103781
-0.000125999
-0.000103803
-0.000103186
-0.00012645
-0.000127357
-0.000103262
-0.000103147
-0.000103464
-0.000126571
-0.000126331
-0.000103847
-0.000103896
-0.000126155
-0.000123971
-0.000102838
-0.000103431
-0.000124057
-0.000126149
-0.000103209
-0.00010276
-0.000124199
-0.000103377
-0.000126325
-0.000127038
-0.000104137
-0.000103982
-0.000127189
-0.000103338
-0.000103962
-0.000127718
-0.000126506
-0.000103324
-0.000103396
-0.000127411
-0.000103537
-0.000104998
-0.000127049
-0.000126501
-0.000103932
-0.000103717
-0.000125613
-0.000103906
-0.000103868
-0.000101115
-0.000123771
-0.000102733
-0.000126506
-0.000102975
-0.000103245
-0.000123804
-0.000102938
-0.000126292
-0.000103316
-0.000103316
-0.000126563
-0.000126568
-0.000103185
-0.000103268
-8.05538e-05
-5.76698e-05
-5.76063e-05
-8.15416e-05
-8.14908e-05
-5.93129e-05
-5.81432e-05
-8.11204e-05
-5.89842e-05
-5.80613e-05
-8.09942e-05
-5.78806e-05
-5.53354e-05
-5.78164e-05
-5.52636e-05
-7.84521e-05
-5.67803e-05
-8.00945e-05
-5.72142e-05
-5.74583e-05
-7.9533e-05
-5.73485e-05
-8.03516e-05
-5.73699e-05
-5.73482e-05
-7.99621e-05
-8.01113e-05
-5.71901e-05
-5.72575e-05
-8.08936e-05
-5.8675e-05
-5.7798e-05
-8.02582e-05
-8.0203e-05
-5.73257e-05
-5.72998e-05
-7.78798e-05
-5.71742e-05
-5.67568e-05
-8.15112e-05
-8.05839e-05
-5.72419e-05
-5.70248e-05
-8.01976e-05
-8.04548e-05
-5.70281e-05
-5.7126e-05
-7.83653e-05
-5.76032e-05
-7.81957e-05
-5.76724e-05
-8.03746e-05
-8.00594e-05
-5.70304e-05
-5.7063e-05
-8.05432e-05
-5.68506e-05
-5.71214e-05
-8.04892e-05
-8.17181e-05
-5.70443e-05
-5.72909e-05
-8.12739e-05
-5.79318e-05
-5.89154e-05
-8.04029e-05
-8.04652e-05
-5.74145e-05
-5.74773e-05
-8.0356e-05
-5.73482e-05
-5.73571e-05
-8.01102e-05
-7.99469e-05
-5.72273e-05
-5.72426e-05
-8.06485e-05
-5.73072e-05
-5.7157e-05
-7.96941e-05
-5.72234e-05
-5.67806e-05
-8.07055e-05
-5.50294e-05
-5.77243e-05
-8.13159e-05
-5.79322e-05
-5.8998e-05
-8.0885e-05
-5.53179e-05
-5.79602e-05
-8.04146e-05
-5.74445e-05
-5.74788e-05
-8.13285e-05
-8.12388e-05
-5.77468e-05
-5.89813e-05
-3.45259e-05
-1.15218e-05
-1.15169e-05
-3.45574e-05
-3.42992e-05
-1.15048e-05
-1.14716e-05
-3.42528e-05
-1.14752e-05
-1.14258e-05
-3.42433e-05
-3.39275e-05
-1.13573e-05
-1.13275e-05
-3.39573e-05
-1.14073e-05
-1.12341e-05
-3.42514e-05
-1.13596e-05
-3.45492e-05
-1.14945e-05
-1.15025e-05
-3.44274e-05
-1.14829e-05
-3.44711e-05
-1.15093e-05
-1.15003e-05
-3.4407e-05
-3.44104e-05
-1.14818e-05
-1.15529e-05
-3.42511e-05
-1.14526e-05
-1.14178e-05
-3.44229e-05
-3.4389e-05
-1.14648e-05
-1.14626e-05
-3.42501e-05
-1.14984e-05
-1.13922e-05
-3.43363e-05
-3.42192e-05
-1.1466e-05
-1.14407e-05
-3.43283e-05
-3.43261e-05
-1.15389e-05
-1.1414e-05
-3.46389e-05
-3.24032e-05
-1.13073e-05
-1.09671e-05
-3.24232e-05
-3.46936e-05
-1.10462e-05
-1.13689e-05
-3.42875e-05
-3.42548e-05
-1.13559e-05
-1.15386e-05
-3.42337e-05
-1.1279e-05
-1.14643e-05
-3.43045e-05
-3.43759e-05
-1.13556e-05
-1.143e-05
-3.44195e-05
-1.14416e-05
-1.14499e-05
-3.44238e-05
-3.44656e-05
-1.14494e-05
-1.14479e-05
-3.44373e-05
-1.1483e-05
-1.1482e-05
-3.44179e-05
-3.44404e-05
-1.15074e-05
-1.14019e-05
-3.44033e-05
-1.15118e-05
-1.13247e-05
-3.43018e-05
-1.16158e-05
-1.14236e-05
-3.41451e-05
-1.13547e-05
-1.13329e-05
-3.44366e-05
-1.13388e-05
-1.14194e-05
-3.3857e-05
-3.41184e-05
-1.13027e-05
-1.13394e-05
-3.44785e-05
-1.14545e-05
-1.14527e-05
-3.42505e-05
-3.44402e-05
-1.14274e-05
-1.14563e-05
1.14254e-05
3.44699e-05
3.44068e-05
1.14328e-05
1.13894e-05
3.44681e-05
3.42681e-05
1.13203e-05
3.43547e-05
3.41454e-05
1.13782e-05
1.12721e-05
3.41006e-05
3.38965e-05
1.1265e-05
3.40071e-05
3.38566e-05
1.14167e-05
3.44355e-05
1.12612e-05
3.4318e-05
3.43388e-05
1.11987e-05
3.43416e-05
1.13909e-05
3.43866e-05
3.44373e-05
1.12434e-05
1.13905e-05
3.43574e-05
3.43865e-05
1.1355e-05
3.43372e-05
3.41248e-05
1.14341e-05
1.14085e-05
3.4382e-05
3.43254e-05
1.13518e-05
3.42034e-05
3.42077e-05
1.14056e-05
1.13399e-05
3.43417e-05
3.43026e-05
1.1408e-05
1.14501e-05
3.4427e-05
3.4283e-05
1.13287e-05
1.1102e-05
3.47047e-05
3.24009e-05
1.11564e-05
1.1332e-05
3.2513e-05
3.48185e-05
1.14215e-05
1.16313e-05
3.42472e-05
3.42033e-05
1.14068e-05
3.45069e-05
3.43536e-05
1.14434e-05
1.14632e-05
3.45083e-05
3.44886e-05
1.15187e-05
3.43237e-05
3.45324e-05
1.1487e-05
1.15217e-05
3.45059e-05
3.45664e-05
1.13609e-05
3.43959e-05
3.43574e-05
1.13832e-05
1.12831e-05
3.43445e-05
3.44321e-05
1.11502e-05
3.42253e-05
3.43343e-05
1.14784e-05
3.41635e-05
3.42213e-05
1.14643e-05
3.39611e-05
3.41218e-05
1.14713e-05
3.42963e-05
3.45211e-05
1.13128e-05
1.13335e-05
3.39201e-05
3.4163e-05
1.14983e-05
3.45098e-05
3.45311e-05
1.14147e-05
1.14977e-05
3.42931e-05
3.44841e-05
5.73524e-05
8.04782e-05
8.03464e-05
5.89619e-05
5.78188e-05
8.14147e-05
8.13471e-05
5.74533e-05
8.08752e-05
8.08976e-05
5.7781e-05
5.49281e-05
8.04903e-05
5.52258e-05
8.06131e-05
5.70721e-05
7.86158e-05
5.73419e-05
8.12137e-05
8.01972e-05
5.72046e-05
7.9653e-05
5.73994e-05
8.04128e-05
8.04715e-05
5.72815e-05
5.73368e-05
8.0028e-05
8.02535e-05
5.75204e-05
8.09146e-05
8.09373e-05
5.72859e-05
5.72261e-05
8.02963e-05
8.02807e-05
5.68144e-05
8.04469e-05
7.80346e-05
5.72638e-05
5.71347e-05
8.17527e-05
8.06129e-05
5.71304e-05
5.69488e-05
8.01691e-05
8.03867e-05
5.75806e-05
7.82238e-05
5.7778e-05
7.839e-05
5.70181e-05
5.7268e-05
8.04951e-05
8.01768e-05
5.72087e-05
7.80784e-05
8.04791e-05
5.71549e-05
5.73537e-05
8.06327e-05
8.16466e-05
5.90519e-05
8.12755e-05
8.14184e-05
5.75177e-05
5.75974e-05
8.04799e-05
8.05984e-05
5.72679e-05
8.03849e-05
8.03408e-05
5.72651e-05
5.71051e-05
8.01159e-05
8.00241e-05
5.70091e-05
8.00632e-05
8.0446e-05
5.71765e-05
7.9713e-05
7.79955e-05
5.78548e-05
8.07649e-05
5.91203e-05
8.12525e-05
8.14818e-05
5.52813e-05
5.8036e-05
8.10286e-05
5.75134e-05
8.04719e-05
8.04364e-05
5.78869e-05
5.89378e-05
8.11991e-05
8.1247e-05
0.00010337
0.000126531
0.000127912
0.0001035
0.000103273
0.000126865
0.000126615
0.000103044
0.000126716
0.000126457
0.000103005
0.000123966
0.000123966
0.000103848
0.00012551
0.000126814
0.000100934
0.000103525
0.000127127
0.000126598
0.000103678
0.000103881
0.000126362
0.000127039
0.00010324
0.000127221
0.000126118
0.000103377
0.000103297
0.000126569
0.00012773
0.00012407
0.000104034
0.000104104
0.000126951
0.000126184
0.000102736
0.000103579
0.000126216
0.000123972
0.000103281
0.00010277
0.000123761
0.000125841
0.000103515
0.000124373
0.000103884
0.000103972
0.000126176
0.000127023
0.000104111
0.000126369
0.000127223
0.000103436
0.000103548
0.000128022
0.000126677
0.000104951
0.000126505
0.000127197
0.000103902
0.000103756
0.000126988
0.000126383
0.000103827
0.000126828
0.0001256
0.000101115
0.000102884
0.000124107
0.000103407
0.000126625
0.000126976
0.000103023
0.000124236
0.000103378
0.000128142
0.000126486
0.000103151
0.000103195
0.00012686
0.000126649
0.000150143
0.000173694
0.000172623
0.000149766
0.000149264
0.000172251
0.000169524
0.000147697
0.000172651
0.000149619
0.000170817
0.000151135
0.000173813
0.000174194
0.000147094
0.000149875
0.000171053
0.000150166
0.000174392
0.000173493
0.000150165
0.000151434
0.000173902
0.00017474
0.000150004
0.000174136
0.00017301
0.000149895
0.000149782
0.0001734
0.000173054
0.000148295
0.000172385
0.000151161
0.000150994
0.000173436
0.000173241
0.000149988
0.000149068
0.000172643
0.000170933
0.000147671
0.000147263
0.000148916
0.000150308
0.000170719
0.000172496
0.000150059
0.00017237
0.000151053
0.000151133
0.000173258
0.000173399
0.000151214
0.000173274
0.000174775
0.000149814
0.000150112
0.000173073
0.000173669
0.000149989
0.000173816
0.000174707
0.000151438
0.000150299
0.000174794
0.000174148
0.000149709
0.00017385
0.000173218
0.000149462
0.000147013
0.000170837
0.000146955
0.000170699
0.000151048
0.000172663
0.000149456
0.000172757
0.000173986
0.000149237
0.000149655
0.000169679
0.000172332
0.000197255
0.000221019
0.000220797
0.000196549
0.000196454
0.000219362
0.000216898
0.000196025
0.000218323
0.000216433
0.000193544
0.000197223
0.000217841
0.000197799
0.000220349
0.000221194
0.000194363
0.000197643
0.000218296
0.000197253
0.00022207
0.000220782
0.000198141
0.000198183
0.000221002
0.000221225
0.000197993
0.000221321
0.000220444
0.00019719
0.000197099
0.000220789
0.00022151
0.000194802
0.000218413
0.00019877
0.000198514
0.000221518
0.000221995
0.000196114
0.000195147
0.000218092
0.000215694
0.000193698
0.000193837
0.00019276
0.000195446
0.00019609
0.000215734
0.000217918
0.000198263
0.000218647
0.000198007
0.000198615
0.000221701
0.000221614
0.000199227
0.000221398
0.000221931
0.000197722
0.000197786
0.000222333
0.000221318
0.000197667
0.000221195
0.000222476
0.00019878
0.00019866
0.000221888
0.000221643
0.00019806
0.000221949
0.000220922
0.000198397
0.000195317
0.000219009
0.000194249
0.000217734
0.000192455
0.000197021
0.000216447
0.000219394
0.000193536
0.000196312
0.000221768
0.0002212
0.000196411
0.000196705
0.000216774
0.00021935
0.000247936
0.000265119
0.000266501
0.000244695
0.000245938
0.000263773
0.000264612
0.000246957
0.000266394
0.000265318
0.000244469
0.000242338
0.000242393
0.000238932
0.000243165
0.000245364
0.000262936
0.000264517
0.000240769
0.000242859
0.000245657
0.000264539
0.00026462
0.000245338
0.000245766
0.000262926
0.000264908
0.000245095
0.00026456
0.000262789
0.000245927
0.000245699
0.000264919
0.000264691
0.000240564
0.000245412
0.000244822
0.000264583
0.000262892
0.000242605
0.000240959
0.000240922
0.000243302
0.000242938
0.000245406
0.000245585
0.000262899
0.000264642
0.000245581
0.000262576
0.000264519
0.000245979
0.000246126
0.000265194
0.000265307
0.000245806
0.000264679
0.000264664
0.000245814
0.000245301
0.000264834
0.000262981
0.000245254
0.000264688
0.000262576
0.000243098
0.000241062
0.000240296
0.000244257
0.000239088
0.000247429
0.000265335
0.000266639
0.00024287
0.000245404
0.000246258
0.000267043
0.000265393
0.000246752
0.000245342
0.000266072
0.000264324
-0.000243763
-0.000241977
-0.000239264
-0.000239297
-0.000241275
-0.000243695
-0.000264575
-0.000245269
-0.000245397
-0.000241744
-0.000243622
-0.000264659
-0.000245674
-0.000245752
-0.000262908
-0.000264526
-0.000245018
-0.000245454
-0.000263174
-0.000245498
-0.000245681
-0.000264697
-0.000264753
-0.000245715
-0.00024577
-0.000244077
-0.000240429
-0.000264575
-0.000262743
-0.000245473
-0.000244039
-0.000238883
-0.000261701
-0.000244108
-0.000242289
-0.000239574
-0.00023927
-0.000239022
-0.000239634
-0.000238515
-0.000261092
-0.000241992
-0.000243545
-0.000240398
-0.000244105
-0.000262873
-0.000264953
-0.000244088
-0.000245686
-0.000264796
-0.000245641
-0.00024561
-0.000265359
-0.00026545
-0.000245945
-0.000246162
-0.000265107
-0.00024585
-0.000245914
-0.000265322
-0.000263659
-0.000245976
-0.000245748
-0.000263156
-0.000245714
-0.000246072
-0.00024407
-0.000242011
-0.000244334
-0.000241233
-0.000239796
-0.000261259
-0.000242367
-0.000243967
-0.000239216
-0.000220417
-0.000196531
-0.000197502
-0.000219153
-0.000217236
-0.000197444
-0.000196857
-0.000216447
-0.000196909
-0.000196381
-0.000194039
-0.000193601
-0.000218952
-0.000195104
-0.00019673
-0.000192797
-0.000221532
-0.000197093
-0.000196173
-0.000215996
-0.000218332
-0.00019511
-0.000195449
-0.000217571
-0.000197106
-0.000197029
-0.000220972
-0.000220878
-0.000196294
-0.000197977
-0.000194211
-0.000193221
-0.000220332
-0.000219335
-0.00019803
-0.000196791
-0.000216837
-0.000216756
-0.000195844
-0.000195861
-0.000194299
-0.000193022
-0.000192381
-0.000191926
-0.000191819
-0.000192228
-0.000193219
-0.00019433
-0.000216333
-0.000217042
-0.000195812
-0.000196109
-0.00019365
-0.00019442
-0.000219629
-0.000220725
-0.000197284
-0.000198055
-0.0002191
-0.000197112
-0.000196422
-0.000220592
-0.000220531
-0.000197924
-0.000195902
-0.000220929
-0.000196237
-0.000197131
-0.000218362
-0.000215669
-0.000195481
-0.000195067
-0.000196935
-0.000195229
-0.00019261
-0.000193969
-0.000219762
-0.000196584
-0.000196951
-0.000193738
-0.000221134
-0.00019745
-0.000196589
-0.000217013
-0.000219324
-0.00019653
-0.000197514
-0.000172634
-0.000149536
-0.000149895
-0.000172903
-0.000169951
-0.000150275
-0.000149419
-0.000169792
-0.000149661
-0.000149353
-0.000171422
-0.000147072
-0.00014997
-0.00017352
-0.000150245
-0.000151327
-0.000172667
-0.000147254
-0.000151112
-0.000173062
-0.000150008
-0.00014995
-0.000173306
-0.000173389
-0.000151417
-0.000151298
-0.000171731
-0.000150777
-0.000149767
-0.000172745
-0.000173459
-0.000149478
-0.000149213
-0.000148952
-0.000147422
-0.000173364
-0.000174144
-0.000150574
-0.000151008
-0.000147383
-0.000172801
-0.000171383
-0.000151026
-0.000151013
-0.000171061
-0.000170798
-0.000149793
-0.00014924
-0.000170701
-0.000171074
-0.000149147
-0.000149835
-0.000147359
-0.000171548
-0.000172773
-0.000150996
-0.000151118
-0.000171324
-0.000147708
-0.000149583
-0.000174668
-0.000174502
-0.000151721
-0.000151621
-0.000173334
-0.000150068
-0.000150838
-0.000174099
-0.000172965
-0.000149678
-0.000149678
-0.00017283
-0.000149644
-0.000149569
-0.000172966
-0.000173149
-0.000150869
-0.00015038
-0.000173647
-0.000151128
-0.000150201
-0.000172516
-0.000150701
-0.000147309
-0.000150001
-0.00014735
-0.000172301
-0.000149227
-0.00015025
-0.000173885
-0.000150395
-0.000149744
-0.000169912
-0.000172634
-0.000149661
-0.000150346
-0.000127777
-0.000103607
-0.000103515
-0.000127084
-0.000126829
-0.000104416
-0.000104174
-0.000126768
-0.000104201
-0.000103874
-0.000124262
-0.000103633
-0.000102811
-0.000101085
-0.000127019
-0.000103656
-0.000103634
-0.000101006
-0.000126667
-0.000104839
-0.00010344
-0.000126695
-0.000126812
-0.000103652
-0.000103093
-0.000126806
-0.000103285
-0.000104129
-0.000126443
-0.000126309
-0.000103355
-0.000103316
-0.000125599
-0.000104027
-0.000102981
-0.000126236
-0.000126244
-0.000103251
-0.000103232
-0.000124511
-0.000102813
-0.000102446
-0.00012797
-0.000128302
-0.000103261
-0.000103299
-0.000102859
-0.000101458
-0.00012824
-0.000128374
-0.000105039
-0.000105436
-0.000124305
-0.000101571
-0.00010283
-0.000128434
-0.000128127
-0.000105468
-0.000105091
-0.000125756
-0.000102259
-0.000102767
-0.000128258
-0.000128014
-0.000103252
-0.000103255
-0.00012622
-0.000103073
-0.000103982
-0.00012648
-0.000126501
-0.000103318
-0.000103304
-0.000127594
-0.000103749
-0.000103184
-0.000126398
-0.000126499
-0.000103239
-0.000103325
-0.00012729
-0.000103414
-0.000104838
-0.000126548
-0.000126797
-0.0001031
-0.000103567
-0.000126547
-0.000103733
-0.000103818
-0.000101039
-0.00010123
-0.000124021
-0.000102793
-0.000127302
-0.00010422
-0.000104545
-0.000124847
-0.000103703
-0.000127056
-0.000103866
-0.000103967
-0.000127708
-0.000127668
-0.000104345
-0.000104898
-8.05953e-05
-5.75709e-05
-5.74582e-05
-8.22614e-05
-8.10693e-05
-5.75261e-05
-5.71776e-05
-8.09856e-05
-5.73752e-05
-5.72471e-05
-8.07406e-05
-7.81387e-05
-5.68944e-05
-5.68289e-05
-5.80325e-05
-5.55403e-05
-7.97868e-05
-5.7311e-05
-8.00738e-05
-5.77184e-05
-5.76178e-05
-7.99043e-05
-5.7422e-05
-8.0398e-05
-5.73662e-05
-5.72815e-05
-8.0349e-05
-8.04082e-05
-5.81976e-05
-5.80744e-05
-8.0594e-05
-5.82833e-05
-5.83969e-05
-8.03803e-05
-8.03391e-05
-5.74232e-05
-5.74313e-05
-7.99716e-05
-5.73706e-05
-5.7162e-05
-8.02815e-05
-8.02176e-05
-5.73622e-05
-5.72469e-05
-7.93465e-05
-5.70592e-05
-5.69431e-05
-8.01905e-05
-8.01199e-05
-5.71839e-05
-5.71322e-05
-7.97926e-05
-5.69085e-05
-5.7002e-05
-8.01682e-05
-8.02519e-05
-5.71284e-05
-5.71709e-05
-8.01628e-05
-5.71213e-05
-5.72125e-05
-8.01992e-05
-8.02505e-05
-5.72202e-05
-5.72966e-05
-8.0938e-05
-5.82618e-05
-5.82042e-05
-8.03828e-05
-8.03804e-05
-5.73826e-05
-5.7385e-05
-8.04089e-05
-5.74916e-05
-5.74846e-05
-8.04642e-05
-8.04004e-05
-5.84498e-05
-5.83259e-05
-8.01259e-05
-5.7574e-05
-5.7481e-05
-7.98627e-05
-5.74571e-05
-5.71598e-05
-8.08855e-05
-5.53058e-05
-5.78685e-05
-8.22349e-05
-5.71645e-05
-5.74857e-05
-7.84778e-05
-8.10978e-05
-5.68455e-05
-5.70976e-05
-8.09047e-05
-5.75989e-05
-5.76744e-05
-8.14025e-05
-8.2447e-05
-5.73489e-05
-5.76024e-05
-3.44466e-05
-1.14206e-05
-1.14566e-05
-3.43458e-05
-3.43633e-05
-1.13371e-05
-1.1407e-05
-3.39126e-05
-1.14157e-05
-1.14265e-05
-3.42882e-05
-1.17111e-05
-3.55559e-05
-1.23063e-05
-1.30505e-05
-3.54729e-05
-9.90808e-06
-1.20245e-05
-3.43851e-05
-1.14386e-05
-1.14023e-05
-3.47175e-05
-3.56715e-05
-1.12448e-05
-1.14306e-05
-3.49788e-05
-1.14669e-05
-1.12723e-05
-3.45218e-05
-3.44921e-05
-1.1486e-05
-1.14524e-05
-3.43817e-05
-1.13827e-05
-1.14315e-05
-3.44299e-05
-3.43679e-05
-1.14533e-05
-1.14357e-05
-3.42291e-05
-1.14241e-05
-1.13988e-05
-3.43183e-05
-3.42823e-05
-1.1422e-05
-1.1411e-05
-3.42797e-05
-1.1393e-05
-1.14035e-05
-3.42818e-05
-3.4313e-05
-1.14083e-05
-1.1415e-05
-3.44303e-05
-1.14686e-05
-1.13605e-05
-3.43722e-05
-3.44043e-05
-1.14394e-05
-1.14449e-05
-3.58824e-05
-1.13813e-05
-1.14855e-05
-3.44457e-05
-3.4486e-05
-1.1469e-05
-1.14773e-05
-3.46462e-05
-1.15559e-05
-1.15996e-05
-3.60812e-05
-3.52353e-05
-1.15579e-05
-1.14161e-05
-3.55297e-05
-1.31448e-05
-1.24182e-05
-3.54878e-05
-1.20924e-05
-9.89201e-06
-1.16989e-05
-3.41736e-05
-1.13723e-05
-1.14233e-05
-3.44374e-05
-1.14063e-05
-1.14389e-05
-3.42444e-05
-3.43552e-05
-1.13916e-05
-1.14371e-05
1.14869e-05
3.44561e-05
3.43975e-05
1.14836e-05
1.15046e-05
3.43242e-05
3.42837e-05
1.13133e-05
3.42825e-05
3.39612e-05
1.16305e-05
3.42994e-05
1.31597e-05
3.5738e-05
3.56089e-05
1.00197e-05
1.22958e-05
3.53883e-05
1.15838e-05
3.46363e-05
3.46677e-05
1.14512e-05
1.15575e-05
3.51572e-05
3.61175e-05
1.13354e-05
3.59218e-05
3.48172e-05
1.14617e-05
1.14349e-05
3.44732e-05
3.4393e-05
1.13604e-05
3.44345e-05
3.43758e-05
1.14039e-05
1.13887e-05
3.43674e-05
3.43311e-05
1.13983e-05
3.42815e-05
3.42507e-05
1.1407e-05
1.14041e-05
3.42956e-05
3.4279e-05
1.1401e-05
3.42458e-05
3.4272e-05
1.14026e-05
1.14019e-05
3.42777e-05
3.42864e-05
1.12446e-05
3.42578e-05
3.4435e-05
1.14184e-05
1.13917e-05
3.4297e-05
3.43641e-05
1.14911e-05
3.49942e-05
3.59725e-05
1.14506e-05
1.14896e-05
3.44623e-05
3.453e-05
1.15316e-05
3.44708e-05
3.4487e-05
1.1435e-05
1.13244e-05
3.57862e-05
3.49634e-05
1.23369e-05
3.55417e-05
3.55103e-05
1.21924e-05
9.9359e-06
3.53212e-05
3.41239e-05
1.14933e-05
3.40252e-05
3.42889e-05
1.15005e-05
3.4411e-05
3.43808e-05
1.14017e-05
1.16007e-05
3.43458e-05
3.4167e-05
5.75071e-05
8.06132e-05
8.062e-05
5.74871e-05
5.7263e-05
8.19431e-05
8.09099e-05
5.72225e-05
8.21385e-05
8.09582e-05
5.70899e-05
5.68107e-05
8.09552e-05
7.82807e-05
5.52066e-05
8.11183e-05
5.72741e-05
7.98978e-05
5.77545e-05
8.01799e-05
8.0278e-05
5.75124e-05
7.99681e-05
5.75644e-05
8.0567e-05
8.05742e-05
5.83233e-05
5.85109e-05
8.05505e-05
8.05461e-05
5.81756e-05
8.10649e-05
8.05977e-05
5.73585e-05
5.7324e-05
8.04349e-05
8.03219e-05
5.71306e-05
8.01806e-05
7.98721e-05
5.72533e-05
5.71824e-05
8.02021e-05
8.00979e-05
5.69392e-05
7.95402e-05
7.94518e-05
5.71342e-05
5.71192e-05
8.00294e-05
8.0122e-05
5.7041e-05
7.95383e-05
7.96786e-05
5.71284e-05
5.71307e-05
8.01348e-05
8.00445e-05
5.71398e-05
7.98619e-05
8.01505e-05
5.71772e-05
5.7248e-05
8.00784e-05
8.01772e-05
5.83758e-05
8.06015e-05
8.11376e-05
5.73859e-05
5.74696e-05
8.03272e-05
8.04501e-05
5.73889e-05
8.04373e-05
8.03949e-05
5.81941e-05
5.81827e-05
8.04552e-05
8.03362e-05
5.74032e-05
8.02893e-05
8.01825e-05
5.74744e-05
7.9956e-05
7.9848e-05
5.77056e-05
8.10251e-05
5.73393e-05
8.07625e-05
8.17649e-05
5.6711e-05
5.70336e-05
7.80549e-05
8.0666e-05
5.74623e-05
8.04363e-05
8.05516e-05
5.71598e-05
5.74096e-05
8.07869e-05
8.19071e-05
0.000103697
0.00012678
0.0001285
0.000104249
0.00010417
0.000127272
0.000127404
0.000104099
0.000127469
0.000127148
0.00010384
0.00012493
0.000124182
0.000101098
0.000103824
0.000126591
0.000127444
0.000101354
0.00010358
0.000127288
0.000126545
0.000103939
0.000103221
0.000126464
0.000126526
0.000104176
0.000127809
0.000126986
0.000103451
0.000103438
0.000126571
0.000126471
0.000103049
0.000126239
0.000125608
0.000103366
0.000103244
0.000126309
0.00012622
0.000102324
0.000125737
0.000124355
0.000103166
0.000103092
0.00012767
0.000128088
0.000101741
0.000124287
0.000104598
0.000105421
0.000127835
0.000128274
0.000102311
0.000124181
0.000105373
0.000104469
0.000128227
0.000127619
0.000102659
0.000123976
0.000125632
0.000103015
0.000103101
0.000127905
0.000127734
0.000104054
0.000125655
0.000126289
0.000103249
0.000103319
0.000126382
0.00012646
0.000103158
0.000126606
0.000127264
0.000103291
0.000103287
0.000126327
0.000126305
0.000104821
0.000126658
0.000127238
0.000103061
0.000103497
0.000126764
0.000126707
0.000103966
0.00012709
0.000126529
0.000101085
0.000102753
0.000123881
0.000103955
0.00012668
0.000126903
0.000103386
0.000124361
0.000103622
0.000128073
0.000126821
0.000104135
0.000104456
0.000127126
0.000127474
0.000150436
0.000173435
0.000172392
0.000150129
0.000149733
0.000172297
0.000169685
0.00014956
0.00017233
0.000169664
0.000149954
0.000171592
0.000150894
0.000174091
0.000173339
0.000146887
0.000150426
0.000172408
0.000150143
0.000172958
0.000173246
0.000151339
0.000151812
0.000173367
0.000173773
0.000150029
0.000172945
0.000172037
0.000149538
0.000149476
0.000172734
0.000174039
0.000147374
0.000170855
0.000150736
0.000151041
0.000173893
0.000174237
0.00015077
0.000150929
0.000172825
0.000171581
0.000149851
0.00014914
0.000171169
0.000170772
0.000149313
0.000149633
0.000170928
0.000171107
0.000147531
0.000150689
0.000151057
0.000171498
0.000172715
0.000149586
0.000171275
0.000151614
0.000151564
0.000174561
0.000174608
0.000150139
0.000171921
0.000172909
0.000149512
0.000149317
0.000174157
0.000172798
0.000149811
0.000172902
0.000172892
0.000150777
0.000150773
0.000172972
0.000173076
0.000150375
0.000173749
0.000174089
0.000151079
0.000147419
0.000172615
0.000147365
0.000171346
0.000150125
0.000169768
0.000172662
0.000149799
0.000172969
0.000173978
0.000149595
0.000150549
0.000170173
0.000172656
0.000196887
0.000221062
0.000219802
0.000198119
0.000196484
0.00021977
0.000216697
0.000196064
0.000219208
0.000216616
0.00019332
0.000196708
0.000219122
0.000193037
0.000196335
0.000221091
0.000221842
0.000195135
0.00019554
0.000215706
0.000218356
0.000197116
0.000219292
0.000217569
0.000196071
0.000197812
0.000220776
0.000220726
0.000193458
0.000197869
0.000197139
0.000220242
0.000219517
0.000196402
0.000195774
0.000217146
0.000216732
0.00019423
0.000193099
0.000192254
0.00019199
0.000192084
0.000192364
0.000193118
0.00019396
0.000195463
0.000196122
0.000216405
0.000216827
0.000194458
0.000197301
0.000198326
0.000219307
0.000220476
0.000197054
0.000217563
0.000219344
0.00019831
0.000196297
0.000220882
0.000220714
0.000197117
0.000221799
0.000220881
0.000195477
0.000195075
0.000218407
0.000215745
0.000195301
0.000219167
0.00019253
0.00019341
0.00019673
0.000216593
0.000219451
0.00019405
0.000196768
0.000220262
0.000221207
0.000196642
0.000197922
0.000216876
0.000219689
0.00024175
0.000261179
0.000239568
0.000244324
0.000245827
0.000263123
0.000264846
0.000241835
0.000244134
0.00024563
0.00026498
0.000264681
0.000245473
0.000245479
0.000263151
0.000264598
0.000245342
0.000264547
0.000263109
0.000245617
0.000245518
0.00026457
0.000264565
0.00024054
0.00024521
0.000243993
0.000264401
0.000262654
0.000244094
0.000242465
0.000261757
0.000239715
0.000239429
0.000238887
0.000239227
0.000238578
0.000241804
0.000243629
0.000261261
0.000243933
0.000244135
0.00024563
0.000262939
0.000265165
0.000245865
0.000263276
0.000264794
0.000246004
0.000246265
0.000265393
0.000265524
0.000246359
0.000265356
0.000265543
0.000246143
0.000245984
0.000265383
0.000263836
0.000245938
0.000265463
0.000263649
0.00024446
0.000241796
0.000241393
0.000239547
0.000244056
0.000261346
0.000239321
-0.000240825
-0.000243086
-0.000264034
-0.000245024
-0.000244804
-0.000240408
-0.000241683
-0.000263588
-0.000244556
-0.000243058
-0.000260828
-0.000262186
-0.000243235
-0.000243825
-0.000264247
-0.000244994
-0.000244973
-0.000264383
-0.000264337
-0.000245191
-0.000245195
-0.000262329
-0.000243915
-0.000244458
-0.000264127
-0.000264935
-0.000243443
-0.000245516
-0.000243899
-0.000241222
-0.000265053
-0.000263454
-0.000245833
-0.000244754
-0.000239343
-0.000238329
-0.00026215
-0.00026113
-0.00024337
-0.000242289
-0.00023743
-0.000236988
-0.000260319
-0.000259884
-0.000241518
-0.000241115
-0.00023683
-0.000237388
-0.000259837
-0.000260236
-0.000241046
-0.000241495
-0.000238453
-0.000239522
-0.000261744
-0.00026279
-0.000242546
-0.00024369
-0.000240945
-0.000243169
-0.000263406
-0.000264402
-0.000244578
-0.000245215
-0.00026259
-0.000243934
-0.000243894
-0.000264141
-0.000264856
-0.00024498
-0.00024367
-0.000264073
-0.000244879
-0.000244748
-0.00026549
-0.000264633
-0.000245447
-0.0002453
-0.000265356
-0.000243612
-0.000245538
-0.000263327
-0.000262481
-0.000244399
-0.000244352
-0.000263598
-0.000245516
-0.000245573
-0.000242459
-0.000240566
-0.000243356
-0.000241124
-0.000193817
-0.000192316
-0.000217926
-0.000195004
-0.00019576
-0.000192292
-0.000221785
-0.000198335
-0.000198662
-0.000218698
-0.000194746
-0.000197935
-0.000220518
-0.000197062
-0.000197014
-0.000221015
-0.000220899
-0.000197761
-0.000198275
-0.000218927
-0.000197931
-0.0001973
-0.000219088
-0.000218283
-0.000195976
-0.000195444
-0.000217711
-0.000196775
-0.000196323
-0.000217694
-0.000217328
-0.000194982
-0.000194676
-0.000218049
-0.000196168
-0.000196612
-0.000217252
-0.000217649
-0.000194615
-0.00019493
-0.000220273
-0.000197542
-0.000197872
-0.000218457
-0.0002192
-0.000195549
-0.000195999
-0.000222195
-0.000197253
-0.000197256
-0.000221176
-0.000221082
-0.000198483
-0.000198081
-0.000222206
-0.000198653
-0.000198316
-0.000218765
-0.000197903
-0.000194665
-0.000215724
-0.000195872
-0.000194944
-0.00019243
-0.00019247
-0.000194216
-0.000170224
-0.000149496
-0.000149822
-0.000145744
-0.000172376
-0.000148433
-0.000150802
-0.000172797
-0.000150221
-0.000150459
-0.000171909
-0.000147796
-0.000149837
-0.000173389
-0.000149648
-0.000149917
-0.000173424
-0.000174199
-0.000150066
-0.000151127
-0.000172892
-0.000149872
-0.000149715
-0.000174027
-0.000172899
-0.00015096
-0.000150062
-0.000172734
-0.000150827
-0.000150455
-0.000171966
-0.00014986
-0.000147798
-0.00015063
-0.000147528
-0.000172811
-0.000149913
-0.000149852
-0.000145801
-0.000127059
-0.000104649
-0.00010442
-0.000125521
-0.000104155
-0.00010367
-0.000123807
-0.000102653
-0.000126554
-0.000102953
-0.000102984
-0.000123663
-0.000102563
-0.000126457
-0.000103377
-0.000103441
-0.00012627
-0.000127152
-0.000103307
-0.000103889
-0.00012763
-0.000103522
-0.000103392
-0.000127292
-0.000126113
-0.000104036
-0.000103189
-0.000126172
-0.000103115
-0.000103011
-0.00012374
-0.000102746
-0.000102767
-0.000124934
-0.000104076
-0.00012647
-0.00010425
-0.000104302
-0.00012556
-0.000103714
-8.10649e-05
-5.77563e-05
-5.73941e-05
-8.13062e-05
-7.85589e-05
-5.75796e-05
-5.70947e-05
-7.8352e-05
-5.71619e-05
-5.68283e-05
-8.04744e-05
-5.77637e-05
-8.03358e-05
-5.85258e-05
-5.8541e-05
-8.03926e-05
-5.8159e-05
-8.05073e-05
-5.75329e-05
-5.74687e-05
-8.04587e-05
-8.05106e-05
-5.84009e-05
-5.83477e-05
-8.05377e-05
-5.74948e-05
-5.74563e-05
-8.05599e-05
-8.07419e-05
-5.84618e-05
-5.83065e-05
-8.03412e-05
-5.83057e-05
-5.82546e-05
-8.06369e-05
-5.80733e-05
-5.79672e-05
-8.10019e-05
-5.68476e-05
-5.71582e-05
-8.21849e-05
-5.73825e-05
-5.78423e-05
-7.84727e-05
-8.10677e-05
-5.70758e-05
-5.792e-05
-3.45014e-05
-1.15683e-05
-1.14871e-05
-3.45613e-05
-3.44142e-05
-1.15739e-05
-1.14592e-05
-3.41821e-05
-1.14632e-05
-1.14338e-05
-3.49384e-05
-1.11101e-05
-1.13571e-05
-3.66405e-05
-1.15111e-05
-1.17062e-05
-3.28532e-05
-3.5587e-05
-1.1316e-05
-1.15194e-05
-3.4607e-05
-1.1577e-05
-1.15126e-05
-3.50472e-05
-3.59437e-05
-1.13949e-05
-1.14926e-05
-3.44795e-05
-1.14101e-05
-1.14147e-05
-3.58757e-05
-3.4838e-05
-1.14374e-05
-1.12867e-05
-3.49827e-05
-1.14694e-05
-1.13652e-05
-3.49883e-05
-3.24491e-05
-1.1277e-05
-1.12165e-05
-3.24939e-05
-1.13309e-05
-1.10481e-05
-3.44079e-05
-1.13357e-05
-1.14488e-05
-3.46439e-05
-1.14248e-05
-1.13994e-05
-3.44531e-05
-3.46204e-05
-1.14619e-05
-1.13568e-05
1.14783e-05
3.45554e-05
3.44624e-05
1.12892e-05
1.15167e-05
3.44738e-05
3.4365e-05
1.14855e-05
3.44233e-05
3.43241e-05
1.12648e-05
3.25163e-05
3.50304e-05
1.15281e-05
3.52294e-05
3.62679e-05
1.09896e-05
1.13635e-05
3.2762e-05
3.51169e-05
1.15404e-05
3.47038e-05
3.47033e-05
1.13531e-05
1.15455e-05
3.51956e-05
3.62208e-05
1.16444e-05
3.4893e-05
3.4841e-05
1.16808e-05
1.14904e-05
3.65573e-05
3.54477e-05
1.134e-05
3.62412e-05
3.50758e-05
1.14146e-05
1.10684e-05
3.52038e-05
3.26442e-05
1.10245e-05
3.48023e-05
3.21939e-05
1.1434e-05
3.42994e-05
3.43623e-05
1.17004e-05
3.44088e-05
3.47893e-05
1.14922e-05
1.17937e-05
3.42937e-05
3.48863e-05
5.73461e-05
8.22068e-05
8.09373e-05
5.76297e-05
5.70206e-05
8.12446e-05
7.84688e-05
5.68526e-05
8.08895e-05
7.82303e-05
5.82275e-05
8.04136e-05
5.85531e-05
8.05516e-05
8.05461e-05
5.81614e-05
8.04052e-05
5.75609e-05
8.0506e-05
8.0554e-05
5.83744e-05
5.84622e-05
8.05425e-05
8.04368e-05
5.77058e-05
8.06109e-05
8.04922e-05
5.87148e-05
5.86193e-05
8.04455e-05
8.05022e-05
5.83912e-05
8.04405e-05
8.05564e-05
5.82883e-05
8.039e-05
8.04136e-05
5.70938e-05
7.81524e-05
8.07892e-05
5.7769e-05
8.11078e-05
8.22815e-05
5.68871e-05
5.76516e-05
7.85583e-05
8.11286e-05
0.000104042
0.000126534
0.000127049
0.000104304
0.000125379
0.000124632
0.00010269
0.000123503
0.000103147
0.000126266
0.000126761
0.000102716
0.000123681
0.000103548
0.000127924
0.000126692
0.000103178
0.000104061
0.000126234
0.000127299
0.000103414
0.00012672
0.000127605
0.000104108
0.000103291
0.000127401
0.00012623
0.000102755
0.000126261
0.000126315
0.00010271
0.00012348
0.000123754
0.000103726
0.000125048
0.000104666
0.000127458
0.000126594
0.000104114
0.000125438
0.00014985
0.000173354
0.000170117
0.000145749
0.000151133
0.000172718
0.000151106
0.000173012
0.000173271
0.000148168
0.000150278
0.00017214
0.000150091
0.000173081
0.000173503
0.000150291
0.000151278
0.000173321
0.000174637
0.000150027
0.000173618
0.000173274
0.000151438
0.000150411
0.000174488
0.000173487
0.000150678
0.000173412
0.000172814
0.000150159
0.000147907
0.000172455
0.000147868
0.000172143
0.000150065
0.000170217
0.000173109
0.000146119
0.000192423
0.000195996
0.000215749
0.000217924
0.000192542
0.000198289
0.000221634
0.000221506
0.000194445
0.000197558
0.000218525
0.00019694
0.00022161
0.000220361
0.000198153
0.000198139
0.000220567
0.000220668
0.000197178
0.000219986
0.000218861
0.000195769
0.0001953
0.000218894
0.000218154
0.000196367
0.000217964
0.000217735
0.000194842
0.000194664
0.000217567
0.000217317
0.000196674
0.000217795
0.000218105
0.000194711
0.000194934
0.00021735
0.000217652
0.000197437
0.000218882
0.000219858
0.000195369
0.00019572
0.000218284
0.000218951
0.00019738
0.000220776
0.000222113
0.000198628
0.000198414
0.000221193
0.000220917
0.00019846
0.00022171
0.000222155
0.000197834
0.000194681
0.000218402
0.000194999
0.000218356
0.00021587
0.000192707
0.00019421
0.00024303
0.000244767
0.000262527
0.000263961
0.000240003
0.000241709
0.000243035
0.00026386
0.000263627
0.000243426
0.000243648
0.000260906
0.000262229
0.000245078
0.000264315
0.000264176
0.000245129
0.000244964
0.000264195
0.000264226
0.000244309
0.00026273
0.000262086
0.000243211
0.000245024
0.000263897
0.000264339
0.000241189
0.000245335
0.000244637
0.000264542
0.000263437
0.000238271
0.000243291
0.000242128
0.000262077
0.000260966
0.000236972
0.000241454
0.000241077
0.000260263
0.000259871
0.000237391
0.000241077
0.000241479
0.000259865
0.000260243
0.000239413
0.000242468
0.000243592
0.000261977
0.000263137
0.00024362
0.000244678
0.00024552
0.00026355
0.000264694
0.000243578
0.000261248
0.00026242
0.000245007
0.000243454
0.000264252
0.000264596
0.000244931
0.000264357
0.000264242
0.000245433
0.00024534
0.000265425
0.000264651
0.000245074
0.000264757
0.000264998
0.000244234
0.000243916
0.000263567
0.000262509
0.000245486
0.000264884
0.00026383
0.000241835
0.000240426
0.000241019
-0.000238656
-0.00024026
-0.000261579
-0.000243555
-0.000244491
-0.000239173
-0.000264274
-0.000244215
-0.000245755
-0.000240391
-0.00024342
-0.000264258
-0.00024635
-0.000245224
-0.000261685
-0.000245305
-0.000244827
-0.000263469
-0.000242458
-0.00024199
-0.00026139
-0.000262535
-0.000243125
-0.000243556
-0.000262721
-0.000241717
-0.000241414
-0.000263034
-0.000262771
-0.000243905
-0.0002439
-0.000262825
-0.000241432
-0.000241589
-0.000263024
-0.000262683
-0.000244143
-0.000243794
-0.000264514
-0.000242268
-0.00024299
-0.000262728
-0.000262466
-0.000243582
-0.000243523
-0.000265418
-0.000245373
-0.000246178
-0.00026214
-0.000244696
-0.000244972
-0.000263461
-0.000245658
-0.000244575
-0.000243131
-0.000240577
-0.000244785
-0.000243679
-0.000239392
-0.000240457
-0.00023896
-0.000217319
-0.000194674
-0.000197462
-0.000219691
-0.000197216
-0.000197341
-0.000215996
-0.000193964
-0.000195464
-0.0002212
-0.000196254
-0.000196275
-0.000217068
-0.000219571
-0.000196504
-0.000196996
-0.000220457
-0.000196325
-0.000196477
-0.00021973
-0.000221281
-0.000197009
-0.000196071
-0.000220025
-0.000196574
-0.000196493
-0.000221122
-0.000219982
-0.00019617
-0.000197323
-0.000220951
-0.000196336
-0.000196122
-0.00021972
-0.000216801
-0.000197132
-0.000196152
-0.000219754
-0.00019739
-0.000197565
-0.00021595
-0.000195217
-0.000194195
-0.000197595
-0.000194851
-0.000170881
-0.000147409
-0.000149913
-0.000174276
-0.000150081
-0.000151104
-0.000171117
-0.000147255
-0.000149317
-0.000173081
-0.000149838
-0.00014986
-0.000172636
-0.000173682
-0.000150262
-0.000151189
-0.000174723
-0.000149835
-0.000149906
-0.000173608
-0.00017291
-0.00015107
-0.000150384
-0.000173716
-0.000151135
-0.000150039
-0.000171227
-0.000149384
-0.000147267
-0.000149673
-0.000147389
-0.000101216
-0.000126866
-0.000103877
-0.000103587
-0.000100983
-0.000126458
-0.000104556
-0.000103336
-0.000126407
-0.000126231
-0.000103417
-0.000103972
-0.000126763
-0.000103466
-0.000103556
-0.000127022
-0.000128033
-0.000104142
-0.000103494
-0.000126603
-0.000103538
-0.000103557
-0.000127769
-0.000126838
-0.00010344
-0.000104297
-0.000127294
-0.000103503
-0.000104812
-0.000126338
-0.000126645
-0.00010418
-0.000103428
-0.000126591
-0.000103807
-0.000104068
-0.000100989
-0.000101462
-8.03446e-05
-5.82437e-05
-8.02445e-05
-5.7639e-05
-5.75592e-05
-7.99405e-05
-5.74688e-05
-8.04632e-05
-5.73877e-05
-5.74024e-05
-8.02229e-05
-8.09655e-05
-5.71978e-05
-5.72507e-05
-8.0402e-05
-5.75238e-05
-5.74872e-05
-8.10826e-05
-8.01206e-05
-5.74055e-05
-5.73269e-05
-8.02971e-05
-5.75987e-05
-5.75447e-05
-7.97514e-05
-5.75215e-05
-5.82932e-05
-3.48092e-05
-1.11521e-05
-1.14758e-05
-3.52901e-05
-1.2006e-05
-1.27592e-05
-3.52183e-05
-9.7271e-06
-1.1888e-05
-3.44236e-05
-1.14149e-05
-1.14452e-05
-3.42716e-05
-3.42974e-05
-1.1383e-05
-1.14706e-05
-3.45601e-05
-1.15031e-05
-1.15915e-05
-3.45328e-05
-3.43773e-05
-1.14572e-05
-1.16029e-05
-3.54601e-05
-1.31172e-05
-1.22309e-05
-3.54162e-05
-1.22102e-05
-9.90769e-06
-3.23774e-05
-1.14753e-05
-1.11354e-05
1.14657e-05
3.2567e-05
3.49041e-05
1.31445e-05
3.56853e-05
3.54547e-05
9.95232e-06
1.22786e-05
3.51474e-05
1.14511e-05
3.44471e-05
3.44819e-05
1.13799e-05
1.13672e-05
3.42174e-05
3.43731e-05
1.14915e-05
3.45337e-05
3.4515e-05
1.13831e-05
1.13927e-05
3.44615e-05
3.44112e-05
1.227e-05
3.54545e-05
3.54667e-05
1.21416e-05
9.89946e-06
3.52422e-05
1.11885e-05
3.52343e-05
3.28249e-05
5.8224e-05
8.01012e-05
5.76581e-05
8.02659e-05
8.04027e-05
5.75628e-05
7.99846e-05
5.74781e-05
8.05068e-05
8.06446e-05
5.72742e-05
5.72423e-05
8.02893e-05
8.11763e-05
5.74773e-05
8.07056e-05
8.05811e-05
5.73531e-05
5.72676e-05
8.12378e-05
8.0305e-05
5.77704e-05
8.04418e-05
8.01613e-05
5.73745e-05
8.00708e-05
8.01587e-05
0.000101456
0.000103847
0.000126751
0.000127071
0.000100993
0.000103665
0.000127192
0.000126701
0.000103573
0.000104448
0.000126519
0.000126427
0.0001037
0.00012682
0.000126835
0.000104595
0.000103621
0.000127269
0.000128034
0.000103753
0.000126702
0.000126712
0.000103575
0.000104597
0.000127735
0.000126941
0.000105092
0.000126775
0.000127362
0.000104435
0.000103706
0.000126531
0.000126563
0.000103961
0.000127157
0.00012683
0.000101351
0.000149858
0.000171215
0.000151403
0.000174233
0.00017431
0.000147314
0.000149568
0.000171082
0.000149816
0.000174253
0.000172966
0.000150534
0.000151058
0.00017262
0.000173536
0.000149912
0.000172951
0.000174637
0.000150887
0.000150187
0.000173379
0.000172643
0.000150323
0.000174716
0.000174127
0.000149487
0.00014739
0.000171352
0.000147705
0.000171233
0.000197162
0.000217298
0.000197423
0.000219455
0.000219833
0.000194041
0.000195408
0.000215984
0.000196382
0.000220997
0.000221239
0.000196547
0.000197299
0.000217156
0.000219941
0.000196353
0.000219739
0.00022009
0.000197229
0.000195886
0.000219813
0.000220722
0.000196342
0.000220222
0.000219793
0.000195966
0.000197151
0.000221002
0.000219727
0.000196084
0.000221087
0.000220956
0.000197153
0.000196179
0.000219502
0.000216929
0.000197313
0.000219809
0.000219502
0.000195152
0.000194024
0.000215935
0.000195191
0.000217691
0.000240118
0.000244206
0.000261599
0.000239174
0.000245053
0.000262276
0.000263761
0.000240212
0.000242488
0.000244843
0.00026488
0.0002641
0.00024417
0.000244174
0.000261739
0.000241905
0.000263161
0.000263433
0.000243016
0.000243485
0.000261456
0.000262542
0.000241358
0.000263335
0.000262683
0.000243911
0.000243808
0.000263057
0.000262665
0.000241565
0.000262673
0.000262817
0.000243827
0.000243822
0.000262703
0.000262672
0.000242901
0.000264026
0.000264621
0.000243559
0.000243309
0.000262715
0.000262584
0.000245848
0.000264496
0.00026519
0.000244542
0.000244586
0.000262321
0.000244234
0.000264073
0.00026318
0.000242857
0.000240325
0.000243663
0.000262884
0.000239436
0.000239118
-0.000239834
-0.000238869
-0.000239835
-0.000241111
-0.000241419
-0.000241603
-0.000240992
-0.000239766
-0.000239072
-0.000239692
-0.000193819
-0.000216355
-0.000194627
-0.000195512
-0.000220382
-0.000196534
-0.000197401
-0.000192488
-0.000192862
-0.000219643
-0.000197958
-0.000197558
-0.000215462
-0.000193994
-0.000195234
-0.000219975
-0.000195649
-0.000195578
-0.000215097
-0.000215299
-0.000194663
-0.000194927
-0.000219576
-0.000195501
-0.000195491
-0.000215062
-0.00021475
-0.000194767
-0.000194513
-0.000219864
-0.000197247
-0.000197665
-0.000215385
-0.000195046
-0.000193687
-0.000217967
-0.000197401
-0.000196617
-0.000193072
-0.000192707
-0.000215649
-0.000195739
-0.000195111
-0.000194151
-0.00014822
-0.000172482
-0.000149608
-0.000150512
-0.000173779
-0.000151359
-0.000151164
-0.000170426
-0.000148156
-0.000149151
-0.000172559
-0.00014949
-0.000149551
-0.000171536
-0.000171517
-0.000148755
-0.000150071
-0.000172833
-0.000149706
-0.000149773
-0.000172118
-0.000173025
-0.000151394
-0.000151214
-0.000172798
-0.000149838
-0.000149868
-0.000174065
-0.000174384
-0.000151721
-0.000151895
-0.000172765
-0.000149936
-0.000149869
-0.000174549
-0.000174147
-0.000152111
-0.000151837
-0.000172622
-0.000149698
-0.00014963
-0.000172823
-0.000172002
-0.00015115
-0.00015138
-0.000173865
-0.000149529
-0.00014948
-0.000171644
-0.000171516
-0.000150073
-0.000148849
-0.00017325
-0.00015096
-0.000150957
-0.000170551
-0.00014904
-0.00014787
-0.00017117
-0.000150214
-0.000149414
-0.00014811
-0.000126303
-0.000103583
-0.000103179
-0.000128041
-0.000103719
-0.000104759
-0.000125259
-0.000100864
-0.00010321
-0.000126606
-0.000103573
-0.000103498
-0.000126384
-0.000125904
-0.000103246
-0.000103664
-0.000126476
-0.000103364
-0.000103383
-0.000127002
-0.000127732
-0.0001037
-0.00010447
-0.000126722
-0.000103472
-0.000103527
-0.00012846
-0.000128176
-0.000103313
-0.000103383
-0.000126664
-0.000103514
-0.000103484
-0.000128069
-0.00012851
-0.000103364
-0.000103352
-0.000126316
-0.00010339
-0.000103299
-0.000127704
-0.000126822
-0.000104445
-0.000103586
-0.000127845
-0.000103327
-0.000103377
-0.000125681
-0.000126161
-0.000103388
-0.000103034
-0.000126934
-0.000104613
-0.000103714
-0.0001247
-0.000103004
-0.000100874
-0.000123921
-0.000103104
-0.00010363
-7.8187e-05
-5.69221e-05
-8.06475e-05
-5.71448e-05
-5.84875e-05
-8.04519e-05
-5.86069e-05
-5.7479e-05
-7.99218e-05
-7.9993e-05
-5.82141e-05
-5.7278e-05
-8.04606e-05
-5.74594e-05
-5.7467e-05
-8.03291e-05
-8.11803e-05
-5.74345e-05
-5.78554e-05
-8.03736e-05
-5.7458e-05
-5.74148e-05
-8.09747e-05
-8.02094e-05
-5.87825e-05
-5.73434e-05
-8.04901e-05
-5.74821e-05
-5.75838e-05
-8.03131e-05
-8.13563e-05
-5.74354e-05
-5.91158e-05
-8.04513e-05
-5.75725e-05
-5.74996e-05
-8.14871e-05
-8.02407e-05
-5.81619e-05
-5.75962e-05
-8.02934e-05
-5.74096e-05
-5.82378e-05
-8.01523e-05
-7.99386e-05
-5.73433e-05
-5.80104e-05
-8.08065e-05
-5.81462e-05
-5.7103e-05
-5.69703e-05
-3.42118e-05
-1.15297e-05
-3.51594e-05
-1.14174e-05
-1.14444e-05
-3.25174e-05
-1.11407e-05
-3.45047e-05
-1.15594e-05
-1.15067e-05
-3.48884e-05
-3.43101e-05
-1.1401e-05
-1.14589e-05
-3.45374e-05
-1.15147e-05
-1.15188e-05
-3.42507e-05
-3.4457e-05
-1.15115e-05
-1.1508e-05
-3.44733e-05
-1.15131e-05
-1.15099e-05
-3.44889e-05
-3.44365e-05
-1.15125e-05
-1.15043e-05
-3.45165e-05
-1.14811e-05
-1.14667e-05
-3.44458e-05
-3.4507e-05
-1.1453e-05
-1.14449e-05
-3.44621e-05
-1.14276e-05
-1.13713e-05
-3.43378e-05
-3.43692e-05
-1.1373e-05
-1.11833e-05
-3.59197e-05
-1.14182e-05
-1.14358e-05
-3.42733e-05
-3.46118e-05
-1.13946e-05
-1.12589e-05
-3.44493e-05
-1.13211e-05
-1.13918e-05
-3.24681e-05
-1.09002e-05
-1.13168e-05
1.13769e-05
3.43981e-05
1.13238e-05
3.43843e-05
3.50892e-05
1.10905e-05
3.24164e-05
1.14436e-05
3.60523e-05
3.44962e-05
1.12883e-05
1.14022e-05
3.4869e-05
3.43896e-05
1.14407e-05
3.44517e-05
3.44854e-05
1.1323e-05
1.13966e-05
3.42241e-05
3.43091e-05
1.14523e-05
3.44656e-05
3.4442e-05
1.14171e-05
1.14271e-05
3.44127e-05
3.43959e-05
1.15007e-05
3.44381e-05
3.44535e-05
1.14765e-05
1.15203e-05
3.44036e-05
3.44119e-05
1.15103e-05
3.44686e-05
3.44675e-05
1.16167e-05
1.14578e-05
3.43221e-05
3.43414e-05
1.15064e-05
3.44906e-05
3.59358e-05
1.14958e-05
1.13353e-05
3.44157e-05
3.49041e-05
1.14161e-05
3.4919e-05
3.44708e-05
1.10735e-05
3.24334e-05
3.43419e-05
5.67879e-05
7.84038e-05
5.80695e-05
8.0911e-05
8.03898e-05
5.74484e-05
8.02939e-05
8.04271e-05
5.81091e-05
5.73386e-05
7.96878e-05
8.00149e-05
5.75172e-05
8.05588e-05
8.05434e-05
5.77437e-05
5.79913e-05
8.04818e-05
8.12843e-05
5.74355e-05
8.05109e-05
8.04734e-05
5.87826e-05
5.73416e-05
8.11612e-05
8.0317e-05
5.73933e-05
8.03927e-05
8.03568e-05
5.73119e-05
5.8753e-05
8.02398e-05
8.09911e-05
5.73886e-05
8.03926e-05
8.04604e-05
5.76986e-05
5.73222e-05
8.10933e-05
8.02614e-05
5.82705e-05
8.04486e-05
8.04234e-05
5.72368e-05
5.7835e-05
8.01046e-05
7.99989e-05
5.71651e-05
8.03611e-05
8.10398e-05
7.85831e-05
0.000103174
0.000124293
0.000126223
0.000104855
0.000127079
0.000127981
0.000101016
0.000103161
0.000125182
0.00010354
0.00012808
0.000126554
0.000103046
0.000103763
0.00012627
0.000125926
0.000103538
0.000126528
0.000126558
0.000104054
0.000104738
0.000127342
0.000127942
0.000103564
0.000126684
0.000126745
0.000103398
0.000103446
0.000128387
0.000128363
0.000103538
0.000126793
0.000126724
0.000103474
0.00010342
0.000128347
0.000128542
0.000103463
0.000126506
0.000126478
0.000104709
0.00010398
0.000127751
0.000127163
0.000103583
0.000126614
0.000128241
0.000103639
0.000103285
0.000126099
0.000126498
0.000103755
0.000128063
0.000127118
0.000103215
0.000100907
0.000125388
0.000103821
0.000126063
0.000123977
0.000148191
0.000150504
0.000171208
0.000172595
0.000151032
0.00017324
0.000173652
0.000148033
0.000149211
0.000170323
0.000149443
0.000173521
0.0001724
0.000148858
0.000149868
0.000171271
0.000171372
0.000149654
0.000172567
0.000172557
0.000151459
0.000151312
0.000171963
0.000172796
0.000149472
0.000172413
0.000172334
0.000151249
0.000151347
0.000173569
0.000173621
0.000149769
0.000172458
0.000172643
0.000151592
0.00015176
0.000173881
0.000174013
0.000149705
0.000172734
0.000172647
0.000151532
0.000151478
0.00017312
0.000172052
0.000149434
0.000172426
0.000173497
0.000150023
0.000148866
0.000171512
0.000171344
0.000151061
0.000173618
0.000173077
0.00014908
0.000147818
0.000170502
0.000149528
0.000172164
0.000171122
0.000194165
0.000195348
0.000215727
0.000216132
0.00019734
0.000217916
0.000220171
0.000192232
0.000192968
0.000197071
0.000219777
0.000219366
0.000193879
0.00019501
0.000215246
0.000195295
0.00021967
0.000219852
0.000194462
0.000194531
0.000215003
0.00021524
0.000195444
0.00021984
0.000219678
0.000194492
0.000194494
0.000215181
0.000214847
0.000197721
0.000219512
0.000219682
0.000194987
0.000193738
0.000215276
0.00019631
0.00022026
0.000218224
0.000192689
0.0001923
0.000194912
0.000216346
0.000215697
0.000239764
0.000239868
0.000241343
0.000241148
0.000238909
-0.000147308
-0.000146916
-0.000147029
-0.000147266
-0.000147185
-0.000147196
-0.000124096
-0.000100754
-0.000102452
-0.000125792
-0.000102346
-0.000102846
-0.000125205
-0.000103084
-0.000103091
-0.000125079
-0.000103139
-0.000103081
-0.000124585
-0.000102824
-0.000102431
-0.000102492
-0.000100543
-5.51136e-05
-7.97075e-05
-5.74996e-05
-5.71258e-05
-8.02824e-05
-5.72718e-05
-5.75064e-05
-8.05047e-05
-5.75186e-05
-5.76173e-05
-8.05014e-05
-5.75988e-05
-5.75414e-05
-8.00367e-05
-5.74631e-05
-5.72833e-05
-8.06348e-05
-5.71942e-05
-5.7746e-05
-5.55581e-05
-3.42033e-05
-1.14264e-05
-3.43634e-05
-1.14555e-05
-1.14948e-05
-3.44617e-05
-1.14716e-05
-1.15661e-05
-3.46621e-05
-1.15461e-05
-1.15202e-05
-3.4641e-05
-1.15465e-05
-1.15397e-05
-3.44205e-05
-1.14554e-05
-1.14362e-05
-3.42711e-05
-1.14056e-05
-1.13754e-05
-1.13435e-05
1.14177e-05
3.3924e-05
1.13931e-05
3.42119e-05
3.43242e-05
1.14513e-05
3.44772e-05
3.44723e-05
1.14721e-05
3.45323e-05
3.46137e-05
1.14835e-05
3.45915e-05
3.45643e-05
1.1491e-05
3.4553e-05
3.44046e-05
1.14793e-05
3.43565e-05
3.41881e-05
3.40198e-05
5.51893e-05
5.70993e-05
8.06698e-05
7.9818e-05
5.74073e-05
8.00281e-05
8.02842e-05
5.7588e-05
8.03938e-05
8.05965e-05
5.75516e-05
8.0604e-05
8.04478e-05
5.73007e-05
8.029e-05
7.99791e-05
5.75094e-05
7.97525e-05
8.03577e-05
0.000102765
0.000124094
0.00010287
0.000124565
0.000126208
0.000103173
0.000125192
0.000125191
0.000103096
0.000125162
0.000125233
0.000102497
0.000126022
0.000124761
0.000100959
0.000124374
0.000147318
0.00014669
0.000147019
-0.000221395
-0.000199001
-0.000198636
-0.000221217
-0.000222059
-0.000197734
-0.000197615
-0.000221045
-0.000198181
-0.000198045
-0.000222038
-0.000220703
-0.000197342
-0.000197231
0.000197869
0.000221498
0.000220943
0.000197296
0.00019716
0.000220844
0.000221818
0.000198714
0.000221261
0.000221998
0.000197576
0.000197674
0.000222411
0.000221242
)
;

boundaryField
{
    left
    {
        type            calculated;
        value           nonuniform List<scalar> 
122
(
-0.000123458
-8.02668e-05
-3.41613e-05
1.1369e-05
5.7003e-05
0.000101866
-0.00021659
-0.000159862
-0.000114626
-6.87774e-05
-2.28929e-05
2.28508e-05
6.86373e-05
0.000114431
0.000159705
0.000196155
0.00023497
-0.000263948
-0.000207796
-0.000161065
-0.000115013
-6.90122e-05
-2.3008e-05
2.29385e-05
6.89342e-05
0.000114985
0.000161124
0.000207873
0.000245212
-0.000261671
-0.00021991
-0.000161791
-0.000115216
-6.91658e-05
-2.30984e-05
2.29724e-05
6.90918e-05
0.000115328
0.000162168
0.000197154
0.000244093
-0.00017299
-0.000126711
-8.09687e-05
-3.47223e-05
1.1316e-05
5.78418e-05
0.000103849
0.000151707
0.000195636
-0.000192676
-0.00017149
-0.000150601
-0.000128224
-0.000102808
-0.00010218
-8.0144e-05
-5.70648e-05
-5.68411e-05
-3.42428e-05
-1.13982e-05
-1.13992e-05
1.13924e-05
3.4244e-05
3.41951e-05
5.70512e-05
7.97501e-05
7.94011e-05
0.000102557
0.000128065
0.000123516
0.000150279
0.000170116
0.000191471
-0.000241805
-0.000234935
-0.000217073
-0.000194266
-0.000195652
0.000194503
0.000217439
0.000217412
0.000241838
-0.000263875
-0.0002434
-0.000245235
0.000243444
0.000263902
0.000263916
-0.000239355
-0.000243567
-0.000219467
-0.000197967
-0.000196603
0.0001994
0.000220877
0.000220467
0.000240169
0.000262059
-0.000193903
-0.000146166
-0.000150644
-0.000125658
-0.000103488
-0.000103814
-8.09626e-05
-5.79328e-05
-5.78419e-05
-3.46806e-05
-1.17705e-05
-1.16466e-05
1.1109e-05
3.45331e-05
3.45995e-05
5.80337e-05
8.11617e-05
8.09784e-05
0.000103783
0.000125471
0.000126877
0.000146643
0.000174215
)
;
    }
    right
    {
        type            calculated;
        value           nonuniform List<scalar> 
122
(
-0.00012368
-7.91282e-05
-3.41851e-05
1.14315e-05
5.65588e-05
0.000101555
-0.000217299
-0.0001598
-0.000114418
-6.85389e-05
-2.28446e-05
2.28171e-05
6.85327e-05
0.000114399
0.000159664
0.000195569
0.000235681
-0.000264055
-0.000207961
-0.000161154
-0.000114997
-6.8941e-05
-2.29565e-05
2.29755e-05
6.89305e-05
0.00011499
0.00016117
0.000208033
0.000245584
-0.00026172
-0.000220174
-0.000161947
-0.000115252
-6.91288e-05
-2.30086e-05
2.31455e-05
6.91855e-05
0.000115368
0.000162165
0.000197208
0.000244011
-0.000173456
-0.000126762
-8.09045e-05
-3.47371e-05
1.1882e-05
5.79692e-05
0.000103813
0.000151763
0.00019458
-0.000191238
-0.000150505
-0.000170317
-0.000100793
-0.000102129
-0.000128214
-5.68455e-05
-5.69026e-05
-7.95233e-05
-1.14044e-05
-1.14058e-05
-3.42147e-05
3.40948e-05
3.41495e-05
1.13919e-05
7.91577e-05
7.95611e-05
5.67914e-05
0.000123735
0.000128142
0.000102391
0.000170468
0.000150493
0.00019151
-0.000235931
-0.000242499
-0.000195852
-0.00019443
-0.000217566
0.000216771
0.00021734
0.000194307
0.00024219
-0.000245477
-0.000243608
-0.000264012
0.000264051
0.000264057
0.000243743
-0.000243631
-0.000239438
-0.000196866
-0.000198641
-0.000220091
0.000220563
0.00022092
0.000199108
0.000261872
0.000239997
-0.000194823
-0.000151284
-0.000146603
-0.000103542
-0.000102979
-0.000125589
-5.80548e-05
-5.85608e-05
-8.09018e-05
-1.13523e-05
-1.12392e-05
-3.47754e-05
3.50356e-05
3.53775e-05
1.22615e-05
8.09461e-05
8.08185e-05
5.81628e-05
0.000126977
0.000125692
0.000103452
0.000173769
0.000147019
)
;
    }
    yarn_to_fluid
    {
        type            calculated;
        value           nonuniform List<scalar> 
11952
(
-0.00012366
-0.00012437
-0.000124919
-0.000124497
-0.000122383
-0.000124097
-0.000124659
-0.000124724
-0.000124736
-0.000121387
-7.90777e-05
-7.99305e-05
-8.02753e-05
-8.03477e-05
-8.02767e-05
-7.9878e-05
-7.74509e-05
-7.94457e-05
-8.0178e-05
-8.03703e-05
-8.05145e-05
-8.01236e-05
-7.95216e-05
-3.40348e-05
-3.43749e-05
-3.45678e-05
-3.46302e-05
-3.45423e-05
-3.43594e-05
-3.40763e-05
-3.41821e-05
-3.4424e-05
-3.43306e-05
-3.47108e-05
-3.44825e-05
-3.42827e-05
-3.35976e-05
1.14184e-05
1.14698e-05
1.15329e-05
1.16087e-05
1.14497e-05
1.15114e-05
1.17642e-05
9.85273e-06
1.1435e-05
1.15604e-05
1.15008e-05
1.15697e-05
1.1478e-05
1.14348e-05
1.12963e-05
5.69954e-05
5.73094e-05
5.75644e-05
5.74707e-05
5.75818e-05
5.72017e-05
5.66912e-05
5.67547e-05
5.74211e-05
5.75151e-05
5.7724e-05
5.73993e-05
5.70735e-05
5.50039e-05
0.000100153
0.000102092
0.000102889
0.000103152
0.00010276
0.000102302
0.000100226
0.000102447
0.000103026
0.000102995
0.000102669
0.000101747
0.00014467
0.000144806
0.000144341
0.000143292
0.000144789
0.000144723
0.000144179
-0.00021678
-0.00020686
-0.000221127
-0.000212448
-0.000226184
-0.000217564
-0.000212716
-0.000227335
-0.000212258
-0.000225899
-0.00021708
-0.000206395
-0.000221268
-0.0002145
-0.000213255
-0.000204163
-0.000218306
-0.000216825
-0.000208034
-0.000221793
-0.000212686
-0.000226948
-0.000212901
-0.000227364
-0.000217765
-0.000208543
-0.000222338
-0.000204971
-0.000219457
-0.000214408
-0.000169285
-0.000170964
-0.000160197
-0.000174031
-0.000169675
-0.000184473
-0.000172019
-0.000176347
-0.000176444
-0.000176044
-0.000171205
-0.000168952
-0.000183125
-0.000171841
-0.000172339
-0.000168586
-0.000171087
-0.000172012
-0.000160938
-0.000174985
-0.000170895
-0.000173202
-0.00017692
-0.00017665
-0.000173779
-0.000171831
-0.000166904
-0.000181047
-0.000170644
-0.000171547
-0.000123061
-0.000123853
-0.000126484
-0.000125331
-0.000128135
-0.000126598
-0.00012347
-0.000137571
-0.000126383
-0.000126279
-0.000123975
-0.000126287
-0.00011498
-0.000128839
-0.000125902
-0.000129098
-0.000125926
-0.000123499
-0.000137154
-0.00012408
-0.000125807
-8.00515e-05
-7.80205e-05
-9.16647e-05
-7.83344e-05
-8.01284e-05
-8.02171e-05
-8.23522e-05
-6.87458e-05
-8.21663e-05
-7.94065e-05
-8.00743e-05
-7.96055e-05
-8.20952e-05
-8.07004e-05
-8.20611e-05
-8.00993e-05
-7.78256e-05
-8.01198e-05
-3.41478e-05
-3.41117e-05
-3.44417e-05
-3.43118e-05
-3.45812e-05
-3.36394e-05
-3.37905e-05
-3.42845e-05
-3.35524e-05
-3.42337e-05
-3.41133e-05
-3.68471e-05
-3.44345e-05
-3.4223e-05
-3.45073e-05
-3.35944e-05
1.13678e-05
1.14873e-05
1.15235e-05
1.15689e-05
1.16524e-05
1.13422e-05
1.13568e-05
1.16251e-05
9.67059e-06
1.14729e-05
1.14164e-05
1.14198e-05
1.13311e-05
1.14988e-05
1.13268e-05
1.12819e-05
5.73884e-05
5.68284e-05
5.66372e-05
5.73687e-05
5.76455e-05
5.51976e-05
5.51388e-05
6.90209e-05
5.73715e-05
5.44501e-05
5.75081e-05
5.72916e-05
5.76775e-05
5.7122e-05
5.6969e-05
5.73121e-05
5.52108e-05
0.000102507
9.1167e-05
0.000104994
0.000104814
0.000103003
0.000105787
0.00010273
0.000101225
0.000103818
0.000100734
0.00010295
0.000100922
0.000101277
0.000114406
0.000103428
0.000103875
0.00010219
0.000104778
0.000102791
0.000148551
0.000146158
0.000148586
0.000160143
0.000148539
0.000153726
0.000151367
0.000148685
0.000137323
0.000149199
0.000152049
0.00014827
0.000149363
0.000146261
0.000149246
0.000160331
0.000149496
0.000151276
0.000148014
0.000136731
0.000148492
0.000151314
0.000146255
0.000193442
0.000184872
0.000194737
0.000199224
0.000191556
0.00020703
0.000194875
0.000195321
0.000194839
0.00019068
0.000206316
0.000183335
0.000193554
0.000197035
0.000192787
0.000189671
0.00019483
0.000188903
0.000193535
0.000203559
0.000193418
0.00020805
0.000194854
0.000194953
0.000193834
0.000208671
0.000190342
0.000194778
0.000204768
0.000181404
0.00019669
0.000190277
0.000236818
0.00022646
0.000238609
0.000227142
0.000240434
0.000225889
0.000238183
0.00023742
0.00023709
0.000227205
0.000240061
0.000226807
0.000240224
0.000237515
0.000235525
-0.000251269
-0.000261749
-0.000261889
-0.000255868
-0.000266026
-0.00026059
-0.000269096
-0.000262977
-0.000271476
-0.000263534
-0.000270948
-0.000262798
-0.000271362
-0.000260242
-0.000270332
-0.000263591
-0.000256259
-0.000266598
-0.000250457
-0.00026129
-0.000253195
-0.000264229
-0.00026303
-0.000257478
-0.000267192
-0.000261339
-0.000269447
-0.000263148
-0.000270821
-0.000263278
-0.000270922
-0.000262078
-0.000271678
-0.00025894
-0.000268206
-0.000262132
-0.000254034
-0.000264421
-0.000248798
-0.00025825
-0.00020514
-0.000218531
-0.000215435
-0.00022959
-0.000219191
-0.000222246
-0.000221751
-0.000213166
-0.000227522
-0.000217124
-0.000216195
-0.000212911
-0.000217105
-0.000206088
-0.000220151
-0.000217978
-0.000231647
-0.00021921
-0.000218998
-0.000208716
-0.000223229
-0.000214051
-0.000169638
-0.000172378
-0.000171471
-0.000169493
-0.000183359
-0.00017245
-0.000171391
-0.000172242
-0.000161018
-0.000174947
-0.000172483
-0.000174456
-0.000169206
-0.000182324
-0.000169706
-0.000169477
-0.000125539
-0.00012411
-0.000138389
-0.000124585
-0.000128454
-0.000123364
-0.000136672
-0.000123355
-0.000123464
-0.000123278
-0.000125887
-0.000125617
-0.000126411
-0.00012457
-0.00012692
-7.78959e-05
-8.03843e-05
-8.02789e-05
-8.0003e-05
-8.28387e-05
-7.99269e-05
-8.19133e-05
-6.84619e-05
-8.24978e-05
-8.00321e-05
-8.28305e-05
-7.8242e-05
-9.16211e-05
-7.79917e-05
-7.9644e-05
-3.41512e-05
-3.45226e-05
-3.42799e-05
-3.40812e-05
-3.38158e-05
-3.40086e-05
-3.39259e-05
-3.38786e-05
-3.3953e-05
-3.66357e-05
-3.4306e-05
-3.43219e-05
-3.4507e-05
1.18945e-05
1.11408e-05
1.15534e-05
1.17712e-05
1.15707e-05
1.14149e-05
1.13762e-05
1.13306e-05
1.12034e-05
1.14133e-05
1.12184e-05
1.15024e-05
5.69251e-05
5.72576e-05
5.745e-05
5.7365e-05
5.53396e-05
5.74441e-05
5.54606e-05
5.49358e-05
5.48434e-05
6.86099e-05
5.75795e-05
5.66278e-05
5.70251e-05
5.74374e-05
0.000103131
0.000102928
0.000105302
0.000102519
0.000103336
0.000102787
0.000102725
0.000103407
0.000103213
0.000103648
9.19108e-05
0.000105047
0.000105798
0.00010105
0.00014645
0.000137829
0.000150971
0.000151399
0.000151097
0.000149073
0.000137013
0.000148787
0.000151473
0.000146494
0.000146456
0.000148778
0.000160357
0.000151545
0.000148167
0.000150903
0.000148874
0.000192439
0.000190178
0.000193255
0.000204355
0.000197865
0.000196108
0.000183453
0.000195205
0.000197386
0.000191926
0.000194461
0.000192121
0.000195232
0.000205963
0.000193973
0.000208064
0.000182212
0.000193845
0.000196485
0.000229632
0.000240226
0.000241883
0.000237385
0.000251067
0.000244425
0.000256231
0.000243567
0.00025583
0.000237242
0.000242003
0.000250719
0.000226924
0.000239535
0.000236181
0.000231234
0.000241572
0.000244594
0.000239404
0.000252577
0.000246503
0.000257643
0.000240161
0.000253811
0.000239893
0.000248947
0.00023595
0.000238373
0.000269144
0.000271536
0.000270912
0.000270393
0.0002711
0.000269539
0.000270751
0.000270915
0.000271326
0.000268188
-0.000249814
-0.000260476
-0.000263174
-0.000256122
-0.000265798
-0.000264315
-0.000271025
-0.000273124
-0.000272251
-0.000266282
-0.000270411
-0.000262392
-0.00026874
-0.000259647
-0.000268521
-0.000259272
-0.000268563
-0.000259817
-0.000271845
-0.000263521
-0.000273016
-0.000267285
-0.000274652
-0.000264749
-0.000272761
-0.000262206
-0.000255062
-0.000265034
-0.000251606
-0.000260954
-0.000259894
-0.000268756
-0.00026207
-0.000266366
-0.000272311
-0.000273084
-0.000272243
-0.000265381
-0.000270272
-0.000261812
-0.000268559
-0.000259448
-0.000268349
-0.000259165
-0.000270535
-0.000261172
-0.000271445
-0.000264138
-0.000273594
-0.000273325
-0.00026116
-0.00027072
-0.000263871
-0.000253963
-0.000264879
-0.0002183
-0.000207388
-0.000221137
-0.000220107
-0.000217841
-0.000231962
-0.000217427
-0.000205063
-0.000218688
-0.000213561
-0.000212512
-0.000227567
-0.000216938
-0.000215514
-0.000229407
-0.000218214
-0.000216382
-0.000172121
-0.000159868
-0.000174718
-0.000174158
-0.000171843
-0.000169759
-0.000172037
-0.000169686
-0.000168814
-0.000182231
-0.000169614
-0.000174692
-0.000169426
-0.000183859
-0.000172271
-0.000169878
-0.000125381
-0.000125247
-0.000127617
-0.000123733
-0.000137318
-0.000124098
-0.000124033
-0.000124082
-0.000126546
-0.000126389
-0.000127928
-0.000127319
-0.000114322
-0.000128121
-7.96365e-05
-7.9878e-05
-7.99456e-05
-8.00393e-05
-7.7549e-05
-8.02034e-05
-7.78624e-05
-9.16273e-05
-7.80394e-05
-8.23332e-05
-7.95591e-05
-7.95917e-05
-7.95476e-05
-3.49034e-05
-3.41976e-05
-3.45615e-05
-3.42007e-05
-3.41242e-05
-3.41335e-05
-3.36735e-05
-3.45175e-05
-3.40042e-05
-3.43527e-05
-3.41605e-05
-3.42159e-05
1.13721e-05
1.14605e-05
1.15869e-05
1.13715e-05
1.14236e-05
1.13701e-05
1.1481e-05
1.14716e-05
1.12841e-05
1.14845e-05
1.13122e-05
1.13119e-05
5.73763e-05
5.73351e-05
5.74065e-05
5.73325e-05
5.69681e-05
5.71943e-05
5.4984e-05
5.6579e-05
5.7131e-05
5.72476e-05
5.72658e-05
5.71594e-05
0.000100898
0.000103262
0.000103268
0.000102673
0.000104622
0.000102635
9.16776e-05
0.0001047
0.000105031
0.000103559
0.000100544
0.000100478
0.000113945
0.000100914
0.000146718
0.000146674
0.00014684
0.000160719
0.000151301
0.000137472
0.000150863
0.000150773
0.000148028
0.000148113
0.00015081
0.000149481
0.000146295
0.000149336
0.000193275
0.000193038
0.000196074
0.00020725
0.000191557
0.000193778
0.000205403
0.000191553
0.000182995
0.000194146
0.000196256
0.00019487
0.00019762
0.000183797
0.000195447
0.000198075
0.000236995
0.000235947
0.000240262
0.000249774
0.000245326
0.000256574
0.000244102
0.000255174
0.000231427
0.000241975
0.000245114
0.000227317
0.000239559
0.000239081
0.000241674
0.000251508
0.000240203
0.000253559
0.000229131
0.000240251
0.000241571
0.000271155
0.000273197
0.000272333
0.000270486
0.000268463
0.000268107
0.00026881
0.000271783
0.000273009
0.000274678
0.000272688
0.000268477
0.000272214
0.000272981
0.000272255
0.000270336
0.000268443
0.000268025
0.000270352
0.00027146
0.000273611
0.000273287
0.000270564
-0.000250375
-0.000260667
-0.000260736
-0.00026979
-0.00026214
-0.000272757
-0.000272418
-0.000266465
-0.000268472
-0.000261947
-0.000259595
-0.000262255
-0.000251866
-0.000264195
-0.000253818
-0.000270093
-0.000263862
-0.000261463
-0.000273669
-0.000265874
-0.000272643
-0.000264017
-0.000256966
-0.000266403
-0.000253221
-0.000262046
-0.000261629
-0.000269807
-0.0002633
-0.000273095
-0.000271537
-0.000264639
-0.000266802
-0.000263888
-0.000257291
-0.000261125
-0.00025114
-0.00025905
-0.000249108
-0.00026514
-0.000262034
-0.000255278
-0.000271814
-0.000263676
-0.000273927
-0.000264932
-0.00027194
-0.000261769
-0.000254406
-0.000264746
-0.000218689
-0.000207088
-0.000220547
-0.000221057
-0.000230678
-0.000216938
-0.000226289
-0.000216496
-0.000212481
-0.00022015
-0.000205817
-0.000219539
-0.00020467
-0.000221092
-0.000206381
-0.000226873
-0.000217729
-0.000213124
-0.000232288
-0.000218441
-0.000218562
-0.000232167
-0.00021723
-0.000205445
-0.000218566
-0.000213188
-0.000213765
-0.000228457
-0.000217796
-0.000222525
-0.000229866
-0.00021446
-0.000222048
-0.000217793
-0.0002081
-0.000219826
-0.000205095
-0.000219837
-0.000205339
-0.000221204
-0.000216377
-0.000207548
-0.00022894
-0.000214251
-0.000219987
-0.000216324
-0.000229743
-0.000218649
-0.000215818
-0.000171925
-0.000160193
-0.000174148
-0.000174526
-0.000174381
-0.000171626
-0.000170499
-0.000171633
-0.000175978
-0.000171578
-0.000169356
-0.00017176
-0.000168983
-0.000182613
-0.000168957
-0.000173705
-0.000171125
-0.000170655
-0.000172223
-0.000169216
-0.000183676
-0.00017147
-0.000169365
-0.000125397
-0.000125077
-0.000127528
-0.000131005
-0.000123645
-0.000137005
-0.000123716
-0.000123153
-0.000123541
-0.000125764
-0.000126034
-0.000131455
-0.000127991
-0.00012761
-0.00011405
-0.00012774
-7.95785e-05
-7.99284e-05
-7.98086e-05
-7.98221e-05
-8.23964e-05
-8.0086e-05
-8.19279e-05
-6.86247e-05
-8.21669e-05
-8.2429e-05
-7.96262e-05
-7.94468e-05
-7.80856e-05
-3.43129e-05
-3.43187e-05
-3.42393e-05
-3.40673e-05
-3.39471e-05
-3.42172e-05
-3.22635e-05
-3.40013e-05
-3.37495e-05
-3.43824e-05
-3.39384e-05
-3.41087e-05
1.15958e-05
1.1503e-05
1.16864e-05
1.1373e-05
1.15607e-05
1.13542e-05
1.11316e-05
1.13963e-05
1.12931e-05
1.14736e-05
1.1213e-05
1.13487e-05
5.71087e-05
5.70632e-05
5.72852e-05
5.75868e-05
5.47764e-05
5.72938e-05
5.48002e-05
5.47874e-05
6.88188e-05
5.71359e-05
5.71445e-05
5.65667e-05
0.000100163
0.000102941
0.000103094
0.000102856
0.000103048
0.000102916
0.000103223
0.000102968
0.000103394
0.000100402
0.000100387
0.000114121
0.000146024
0.000146489
0.000146759
0.000159987
0.000151301
0.000149841
0.000153132
0.00015072
0.000136705
0.000150267
0.000150517
0.000146499
0.000147813
0.00015119
0.000151065
0.00014976
0.000153673
0.000149344
0.000146739
0.000149147
0.000192841
0.000193114
0.000195532
0.000207554
0.000199434
0.000193868
0.000205782
0.000190369
0.000204635
0.000189359
0.000206953
0.000190855
0.000195152
0.000191225
0.000193398
0.000205466
0.000191553
0.0001823
0.000193675
0.000195761
0.000196005
0.000196735
0.000208087
0.000193453
0.000205478
0.000189647
0.00020516
0.000189578
0.000207251
0.00019263
0.000195804
0.000198181
0.000184013
0.000195929
0.000198016
0.000237321
0.000237094
0.000240879
0.000250574
0.000252075
0.000238871
0.000244086
0.000230936
0.000240539
0.000238257
0.000225978
0.000235764
0.000234895
0.000235915
0.00023904
0.000226216
0.000245996
0.000232597
0.000242693
0.000253751
0.000240513
0.000245585
0.000256819
0.000232475
0.000242913
0.000245703
0.000228059
0.000239811
0.00024013
0.000242947
0.000252974
0.000256544
0.0002448
0.00024304
0.000251328
0.000237868
0.000242422
0.000229311
0.000237204
0.000235241
0.000234854
0.000236333
0.000241568
0.000228383
0.000240927
0.000249508
0.000236008
0.000255321
0.000243419
0.000242069
0.000254398
0.000229999
0.00024072
0.000242044
0.000269748
0.000272809
0.000272425
0.000268409
0.000269742
0.000273714
0.000272643
0.000269629
0.000273075
0.00027159
0.000271886
0.000274005
0.000271911
-0.000250125
-0.000260206
-0.00026079
-0.000269633
-0.000261985
-0.000272846
-0.000271598
-0.000265144
-0.000265438
-0.000263295
-0.000256057
-0.000261038
-0.000250487
-0.000268163
-0.000261072
-0.000258896
-0.000272735
-0.000266207
-0.000273059
-0.000263768
-0.000256548
-0.000265925
-0.000251853
-0.00026095
-0.00026134
-0.000269674
-0.000263482
-0.000273186
-0.000271751
-0.000264674
-0.000264728
-0.000261434
-0.000254259
-0.000261837
-0.000252642
-0.000269275
-0.000262692
-0.000260728
-0.000273062
-0.000265022
-0.000271888
-0.000261497
-0.000253776
-0.00026451
-0.000217594
-0.000206266
-0.000219814
-0.000220689
-0.000232291
-0.000218643
-0.000220046
-0.000217207
-0.000206245
-0.00021296
-0.000214047
-0.000226271
-0.000216613
-0.0002123
-0.000220448
-0.000218031
-0.000231277
-0.00021704
-0.000205115
-0.000217474
-0.00021293
-0.000227649
-0.000217001
-0.000230843
-0.000216533
-0.000218332
-0.000216603
-0.000205801
-0.000216039
-0.000227534
-0.000217162
-0.000213309
-0.000215519
-0.00022906
-0.000218065
-0.000215252
-0.000169971
-0.00017331
-0.00017349
-0.000172098
-0.000174784
-0.000172137
-0.000161222
-0.000169722
-0.000170883
-0.000183151
-0.000171691
-0.000169214
-0.000174623
-0.000171331
-0.00017411
-0.000170088
-0.000174165
-0.00016092
-0.000174134
-0.000174149
-0.000171755
-0.000173608
-0.000171546
-0.000160066
-0.000168831
-0.000167052
-0.000172485
-0.000184193
-0.000172425
-0.00016974
-0.00016906
-0.000182881
-0.000170036
-0.000123642
-0.000139482
-0.000125353
-0.000128449
-0.00012604
-0.000114634
-0.000125596
-0.000121515
-0.000123185
-0.000125444
-0.000128524
-0.0001279
-0.000114561
-0.000125973
-0.000128148
-0.000114697
-0.000128061
-0.000125329
-0.000125713
-0.000127934
-0.000128087
-0.000124972
-0.000126374
-0.000124688
-0.000121289
-0.000123567
-0.000125662
-0.000137826
-0.000126075
-0.000123496
-0.000128487
-0.000126635
-8.05478e-05
-8.00943e-05
-7.9896e-05
-7.97909e-05
-8.02711e-05
-7.9708e-05
-7.93866e-05
-7.98724e-05
-8.04457e-05
-7.73746e-05
-7.97499e-05
-8.21126e-05
-8.00824e-05
-7.98331e-05
-7.9831e-05
-7.98593e-05
-8.00443e-05
-8.07737e-05
-7.99117e-05
-9.09606e-05
-7.763e-05
-7.78847e-05
-8.01431e-05
-7.95832e-05
-7.95264e-05
-8.00331e-05
-8.0729e-05
-8.00967e-05
-8.00607e-05
-3.42374e-05
-3.67799e-05
-3.44388e-05
-3.4708e-05
-3.19677e-05
-3.43592e-05
-3.41948e-05
-3.42714e-05
-3.44261e-05
-3.43242e-05
-3.43894e-05
-3.44588e-05
-3.69703e-05
-3.44899e-05
-3.63095e-05
-2.36375e-05
-3.72452e-05
-3.42339e-05
-3.41849e-05
-3.41227e-05
-3.443e-05
-3.42661e-05
-3.42419e-05
-3.45291e-05
-4.60038e-05
-3.22339e-05
-3.23033e-05
-3.44847e-05
1.13944e-05
1.13572e-05
1.1406e-05
1.13274e-05
1.14551e-05
1.14162e-05
1.1476e-05
1.15091e-05
1.16573e-05
1.14603e-05
1.16301e-05
9.5964e-06
1.15573e-05
9.59367e-06
9.83018e-06
2.33771e-05
1.12787e-05
1.1594e-05
1.15101e-05
1.14084e-05
1.13942e-05
1.14239e-05
1.14896e-05
1.10907e-05
1.09854e-05
1.19328e-05
5.70685e-05
5.78582e-05
5.97075e-05
5.69398e-05
5.75405e-05
5.71e-05
5.7017e-05
5.71149e-05
5.73316e-05
5.68154e-05
5.72036e-05
5.73887e-05
5.7905e-05
5.74895e-05
5.77322e-05
5.81712e-05
5.96269e-05
5.74302e-05
5.63848e-05
5.66605e-05
5.73272e-05
5.70305e-05
5.70712e-05
5.7263e-05
5.95653e-05
4.61037e-05
5.97306e-05
5.73951e-05
0.000102157
0.000103126
0.000100741
0.000113621
9.99514e-05
0.000102864
0.000101909
0.000101006
0.000102106
0.000103156
0.000103148
0.000114697
0.000100697
0.000103604
0.000100957
0.000101242
0.000114908
0.000100891
0.000100825
0.000103581
0.000103238
0.00010319
0.000105673
9.10892e-05
0.000103098
0.00010261
0.000101942
0.000101267
0.000102424
0.000103395
0.000100703
0.000102392
0.000105346
0.000140048
0.000151851
0.000154066
0.000151398
0.000149262
0.000160466
0.000146512
0.000148573
0.000146192
0.000146607
0.000149711
0.000146713
0.000148056
0.00015157
0.00014739
0.000149662
0.000147087
0.000146836
0.000147336
0.000160768
0.000151074
0.000146785
0.000159999
0.000146267
0.000148758
0.000144385
0.000147956
0.000151553
0.000137484
0.000149258
0.000149264
0.000148499
0.000151544
0.000191457
0.000192599
0.000194747
0.000206605
0.000194965
0.000205802
0.000191925
0.000194726
0.000190035
0.000196886
0.000183058
0.000194719
0.000194431
0.000191422
0.000192241
0.000204695
0.000192751
0.000193329
0.000194518
0.000197633
0.00019441
0.000205536
0.000191296
0.000193031
0.000192522
0.000197847
0.000183982
0.000195263
0.00019649
0.000197999
0.000182296
0.000194577
0.00019654
0.000235581
0.000236739
0.000240177
0.000250234
0.000255831
0.000244607
0.000245506
0.000232539
0.000242369
0.000235969
0.000238897
0.000227534
0.000240821
0.000250122
0.000236632
0.000245553
0.000256443
0.000232168
0.000242329
0.000244868
0.000227348
0.000239069
0.000239707
0.000241951
0.0002523
0.000253733
0.000241972
0.000243621
0.000230292
0.000240902
0.000240012
0.000227787
0.000242468
0.000252179
0.000239587
0.000241693
0.000254166
0.000229242
0.000240381
0.000241045
0.000269096
0.000272889
0.000271661
0.00026866
0.00027336
0.000272935
0.000269897
0.000273152
0.000271787
0.000269464
0.000272923
0.000271809
-0.000248117
-0.000258582
-0.000267354
-0.000260248
-0.000272897
-0.000272125
-0.000265851
-0.000265041
-0.000262891
-0.000255754
-0.000258105
-0.000249462
-0.000268576
-0.000260497
-0.000260125
-0.000272682
-0.000265436
-0.000272142
-0.000262625
-0.00025526
-0.00026554
-0.000251166
-0.00026081
-0.000261022
-0.000269459
-0.000262005
-0.000272961
-0.000271824
-0.000264721
-0.000264339
-0.000261264
-0.00025341
-0.000261166
-0.000251793
-0.000269345
-0.000262733
-0.00026122
-0.000273136
-0.000264795
-0.000271691
-0.000260676
-0.000253273
-0.000263529
-0.000220429
-0.000231669
-0.000217645
-0.000217826
-0.000216478
-0.000204649
-0.000220442
-0.000217884
-0.000207113
-0.000219654
-0.000216656
-0.000230064
-0.000219297
-0.000216425
-0.00021885
-0.000207771
-0.000221698
-0.000220986
-0.000229602
-0.000217936
-0.000215878
-0.000215472
-0.000212698
-0.00022765
-0.000216854
-0.000212818
-0.000174449
-0.000171659
-0.000171695
-0.000173897
-0.00017158
-0.000159979
-0.000173825
-0.00016978
-0.000184351
-0.000171955
-0.000169893
-0.000171884
-0.000159884
-0.000174453
-0.000175272
-0.00018313
-0.000172004
-0.000169005
-0.000169359
-0.000169245
-0.000174806
-0.000174
-0.000161275
-0.000174517
-0.000136865
-0.000124113
-0.000123589
-0.000124024
-0.000125461
-0.00012779
-0.000125403
-0.000128393
-0.000127987
-0.000114488
-0.000128069
-0.000125546
-0.000125601
-0.000128093
-0.000126381
-0.000127888
-0.000127843
-0.000114759
-0.000123165
-0.000126759
-0.000124167
-0.000126003
-7.99508e-05
-7.99571e-05
-7.75386e-05
-8.02502e-05
-7.9668e-05
-8.02632e-05
-7.98596e-05
-7.99983e-05
-7.96823e-05
-7.97818e-05
-8.03352e-05
-7.99029e-05
-7.95325e-05
-7.97259e-05
-8.00223e-05
-7.9745e-05
-9.12254e-05
-7.7533e-05
-7.78937e-05
-8.21071e-05
-3.41926e-05
-3.43434e-05
-3.41643e-05
-3.38311e-05
-3.71164e-05
-3.66677e-05
-2.34979e-05
-3.42671e-05
-3.42149e-05
-3.64788e-05
-3.42041e-05
-3.38716e-05
-3.69046e-05
-2.31471e-05
-3.66488e-05
-3.46147e-05
-3.6938e-05
-3.43006e-05
-3.4252e-05
-3.41989e-05
-3.41933e-05
-3.42764e-05
1.13346e-05
1.13932e-05
1.14462e-05
9.96006e-06
1.11495e-05
9.87296e-06
2.36908e-05
9.96075e-06
1.14481e-05
1.15098e-05
9.71433e-06
1.17988e-05
1.13237e-05
9.66531e-06
9.64243e-06
2.29183e-05
1.23191e-05
1.16793e-05
1.16265e-05
9.90553e-06
1.16686e-05
1.13903e-05
1.14334e-05
5.71735e-05
5.70838e-05
5.65672e-05
5.48782e-05
5.77548e-05
5.8206e-05
5.69577e-05
5.74134e-05
5.76823e-05
5.76869e-05
5.47749e-05
5.81449e-05
5.79339e-05
5.73172e-05
5.77861e-05
5.74795e-05
5.74653e-05
5.73499e-05
5.66917e-05
5.65784e-05
0.000104758
0.00010246
0.00010264
0.000102868
0.000100336
0.000103152
0.000100871
0.000100446
0.000114937
0.000101345
0.000100603
0.000103464
0.000103398
0.000105446
0.000100607
0.000114462
0.000100896
0.000102746
0.000100473
0.000105318
9.17767e-05
0.000105083
0.000103426
0.000151048
0.000151422
0.000137466
0.000149336
0.000146204
0.000146846
0.000160032
0.00014646
0.000149623
0.000147648
0.00014976
0.000147303
0.000146927
0.000147015
0.000160419
0.000148711
0.000149226
0.000146785
0.000148197
0.000149591
0.000160983
0.000146815
0.000192409
0.000204651
0.000191729
0.000192028
0.000192954
0.000195074
0.000206493
0.000192583
0.000197937
0.000184573
0.000196295
0.000198879
0.000193501
0.000193745
0.000196193
0.000207726
0.000197457
0.000197514
0.000183768
0.000195286
0.000194774
0.000192296
0.000194525
0.000235268
0.000248754
0.000256304
0.000244742
0.000244256
0.000230922
0.000241629
0.000235905
0.000239398
0.00024893
0.000235793
0.000242834
0.000254844
0.000230007
0.000241041
0.000242134
0.00023738
0.000237804
0.000241439
0.000251068
0.000254049
0.000241739
0.000241144
0.000229348
0.000240205
0.000239182
0.000227483
0.000241846
0.000251973
0.00023898
0.000240759
0.000253297
0.000267738
0.000273025
0.000272154
0.000268912
0.000272772
0.000272105
0.000269682
0.00027301
0.000271857
0.000269414
0.000273212
0.00027167
-0.0002668
-0.000272207
-0.000273566
-0.0002677
-0.00026687
-0.000265662
-0.0002578
-0.00026087
-0.000250324
-0.000269789
-0.000262447
-0.000261015
-0.000272946
-0.000264598
-0.000271979
-0.00026237
-0.000254769
-0.000265331
-0.000251107
-0.000261069
-0.000260871
-0.000269416
-0.000262053
-0.000272789
-0.000272114
-0.000265555
-0.000264441
-0.000261813
-0.00025401
-0.000261798
-0.000252619
-0.000271398
-0.000265403
-0.000264608
-0.000274147
-0.000231706
-0.00021862
-0.000217837
-0.000217037
-0.000205086
-0.000220412
-0.000218303
-0.000206787
-0.000221267
-0.000216636
-0.000230414
-0.000219326
-0.000203593
-0.000217783
-0.000212907
-0.00021959
-0.000208858
-0.000223035
-0.00022127
-0.000229882
-0.000218417
-0.000216353
-0.000215488
-0.000212703
-0.000227885
-0.000216763
-0.000212838
-0.000173799
-0.000171704
-0.000171611
-0.000173981
-0.000171377
-0.00015959
-0.000174062
-0.000171219
-0.000173724
-0.000171909
-0.000169484
-0.000173786
-0.000161012
-0.000174293
-0.00017423
-0.000183989
-0.000171806
-0.000169182
-0.000168773
-0.000174426
-0.000174153
-0.000161314
-0.000137666
-0.000123809
-0.000123895
-0.000123188
-0.000125697
-0.000125706
-0.000125381
-0.000128317
-0.000123762
-0.000136821
-0.000124174
-0.000125667
-0.000123665
-0.000124346
-0.00012678
-0.00012595
-0.000127902
-0.000126318
-0.000126014
-0.000125945
-0.000123917
-0.000125878
-8.22336e-05
-7.99112e-05
-7.9809e-05
-8.05514e-05
-7.83736e-05
-8.01613e-05
-8.02462e-05
-7.76912e-05
-8.0447e-05
-7.80783e-05
-8.00836e-05
-7.80498e-05
-9.14586e-05
-7.79197e-05
-8.23126e-05
-9.21422e-05
-7.78918e-05
-7.83321e-05
-7.79692e-05
-8.19944e-05
-8.24709e-05
-6.83238e-05
-8.22436e-05
-3.40196e-05
-3.39018e-05
-3.4153e-05
-3.43213e-05
-3.40938e-05
-3.46743e-05
-3.41581e-05
-3.4262e-05
-3.43328e-05
-3.4035e-05
-3.23616e-05
-3.43593e-05
-3.42747e-05
-3.43498e-05
-3.41671e-05
-3.43894e-05
-3.44377e-05
-3.38606e-05
-3.37259e-05
-3.38307e-05
1.13691e-05
1.12621e-05
1.12712e-05
1.16903e-05
1.13936e-05
1.16031e-05
1.14774e-05
1.12291e-05
1.14424e-05
1.13429e-05
1.09947e-05
1.14441e-05
1.13928e-05
1.12575e-05
1.12955e-05
1.15508e-05
1.1405e-05
1.13372e-05
1.13052e-05
1.12707e-05
5.75074e-05
5.74474e-05
5.48533e-05
5.70539e-05
5.68795e-05
5.70702e-05
5.71638e-05
5.68558e-05
5.71462e-05
5.64819e-05
5.6991e-05
5.6847e-05
5.66218e-05
5.68428e-05
5.70557e-05
5.65971e-05
5.51346e-05
5.53224e-05
6.89516e-05
5.50625e-05
0.000103276
0.00010288
0.000102665
0.00010273
0.000105878
0.000102844
0.000102735
0.000104972
0.000102684
0.000102152
9.12884e-05
0.000104924
0.00010504
0.000103816
0.000104833
9.15616e-05
0.000105354
0.000103209
0.000102958
0.000103297
0.000151047
0.000151415
0.000136974
0.000148845
0.000146265
0.000146154
0.000160287
0.000146679
0.000150284
0.000137156
0.000149593
0.000151199
0.000146351
0.000148604
0.000147076
0.000149343
0.000160919
0.000149332
0.000148822
0.000146599
0.000146414
0.000149281
0.00016136
0.000146473
0.000192719
0.000205259
0.00019159
0.000192073
0.000192708
0.000195501
0.000207179
0.0001934
0.00019818
0.000190432
0.000191817
0.000204137
0.000192186
0.000191952
0.000194813
0.000193554
0.000207924
0.000198065
0.000197086
0.000182862
0.000195309
0.000194473
0.000192141
0.000196018
0.000257865
0.00024452
0.000231107
0.000242233
0.000236725
0.000240759
0.000250741
0.000237639
0.000242477
0.000254732
0.000229951
0.000241333
0.000242108
0.000237797
0.000237771
0.000241595
0.00025127
0.000254077
0.000242491
0.000241868
0.00023007
0.000240862
0.000239657
0.000227925
0.000242408
0.000252273
0.000239768
0.000272246
0.000273635
0.000269795
0.000272934
0.000272045
0.000269303
0.00027283
0.000272078
0.000271355
0.000274073
-0.00026036
-0.000258351
-0.000267183
-0.000249247
-0.000260875
-0.000251269
-0.000269454
-0.000262819
-0.000261232
-0.000273048
-0.000265231
-0.00027204
-0.000262731
-0.000255934
-0.000265666
-0.000249138
-0.000259039
-0.000252167
-0.000262243
-0.000261296
-0.000269635
-0.000262557
-0.00027369
-0.000271835
-0.00026501
-0.000265685
-0.00026278
-0.000255659
-0.000264384
-0.000260928
-0.000254091
-0.00021973
-0.000219264
-0.000217069
-0.000206053
-0.000221291
-0.000218426
-0.000207391
-0.00021938
-0.000218592
-0.000208721
-0.000222303
-0.000216109
-0.000213313
-0.000205423
-0.000219388
-0.000215441
-0.000229221
-0.000218497
-0.000230235
-0.000218895
-0.000217531
-0.00021661
-0.000214948
-0.000229065
-0.00021766
-0.000215267
-0.000171918
-0.000171915
-0.000169581
-0.000174355
-0.000172099
-0.000160096
-0.000173967
-0.000174467
-0.000169405
-0.000182965
-0.000172293
-0.000159472
-0.000173952
-0.000171161
-0.00017068
-0.00017178
-0.000172841
-0.000162094
-0.000177254
-0.000171575
-0.000183688
-0.000171787
-0.000169587
-0.000169797
-0.000169081
-0.000182397
-0.000169221
-0.000169056
-0.000137002
-0.000123618
-0.000123687
-0.000123133
-0.000125269
-0.00012828
-0.000125509
-0.000126807
-0.000125018
-0.000121032
-0.000135698
-0.000125991
-0.000126259
-0.000116744
-0.000131296
-0.000123119
-0.000138625
-0.000125618
-0.000128155
-0.000128038
-0.000128202
-0.000114441
-0.000126325
-0.000123683
-0.000126885
-8.2609e-05
-8.01515e-05
-7.99561e-05
-7.98937e-05
-7.97606e-05
-7.98487e-05
-8.04683e-05
-7.9653e-05
-7.9343e-05
-7.99971e-05
-8.13234e-05
-7.96206e-05
-7.95892e-05
-7.95352e-05
-8.26288e-05
-8.21904e-05
-6.90226e-05
-3.41539e-05
-3.41848e-05
-3.36691e-05
-3.43772e-05
-3.42798e-05
-3.68226e-05
-3.46827e-05
-3.43079e-05
-3.4227e-05
-3.45302e-05
-3.44116e-05
-3.42889e-05
-3.41685e-05
-3.40522e-05
-3.38949e-05
-3.38849e-05
1.13364e-05
1.1417e-05
1.11565e-05
1.12279e-05
1.15303e-05
1.1314e-05
1.1478e-05
1.14215e-05
1.15706e-05
1.16575e-05
1.17205e-05
1.14777e-05
1.1034e-05
1.13174e-05
1.1427e-05
5.72758e-05
5.76085e-05
5.45255e-05
5.72927e-05
5.71216e-05
5.7875e-05
5.7335e-05
5.71484e-05
5.70163e-05
5.7275e-05
5.94432e-05
5.73634e-05
5.72741e-05
5.68487e-05
5.48386e-05
5.47556e-05
6.89004e-05
5.53348e-05
0.000103337
0.000102807
0.000102976
0.000103132
0.000100751
0.000103332
0.000105387
0.000103015
0.000102053
0.000101176
0.000116501
0.00010235
0.000103255
0.000101092
0.000115066
0.00010128
0.000100688
0.000103271
0.000103197
0.000104918
0.000151376
0.000150625
0.000137717
0.000150974
0.000146692
0.000146743
0.000160069
0.000146636
0.000148874
0.00014442
0.000148691
0.000159154
0.000135968
0.000151193
0.000150185
0.000138519
0.000149158
0.000153024
0.000147061
0.000162494
0.000150983
0.000149396
0.000149362
0.000146667
0.000148011
0.000150681
0.000148207
0.000194074
0.000205497
0.0001918
0.000191421
0.000193561
0.000196116
0.000206883
0.00019328
0.000193533
0.000208272
0.000183315
0.000194532
0.000197716
0.000193903
0.000190182
0.000189427
0.000190962
0.0001953
0.00019018
0.00019471
0.000205075
0.000197623
0.00019862
0.000184221
0.000196051
0.000196423
0.000182787
0.000194647
0.00019685
0.000238566
0.000249485
0.000236077
0.000235487
0.000237542
0.000241075
0.000251475
0.000238663
0.000244346
0.000255712
0.000239873
0.000249079
0.000235428
0.000237773
0.000235832
0.000228901
0.000240024
0.000241194
0.000238934
0.00025225
0.000255335
0.000244346
0.000242501
0.000230146
0.000241049
0.000240072
0.00022869
0.000238427
0.000253927
0.000240732
0.000267326
0.000269552
0.000273103
0.000271949
0.000269679
0.000273725
0.000272897
-0.000261
-0.000251167
-0.000269606
-0.000262335
-0.000260897
-0.000272467
-0.000272757
-0.000261918
-0.000270781
-0.000261945
-0.000255685
-0.000265945
-0.000251166
-0.000262022
-0.000248804
-0.000259423
-0.000248214
-0.000258874
-0.000249686
-0.000260844
-0.000253114
-0.000263729
-0.000258785
-0.000268146
-0.000261668
-0.000264235
-0.000272104
-0.000274752
-0.000272751
-0.000265065
-0.000265359
-0.000262315
-0.000255248
-0.000218727
-0.000204761
-0.000212532
-0.000227133
-0.000216123
-0.000212286
-0.000223568
-0.00022254
-0.000220105
-0.000219273
-0.000221332
-0.000231652
-0.000217832
-0.000217388
-0.000215893
-0.000203887
-0.000215524
-0.000172395
-0.000172642
-0.000170508
-0.000174489
-0.000173969
-0.000161397
-0.000173459
-0.000173336
-0.000171491
-0.000171465
-0.000169168
-0.000183112
-0.000170095
-0.000169165
-0.000137748
-0.000124589
-0.000124046
-0.000124286
-0.000125627
-0.000122407
-0.00012596
-0.000136843
-0.000123606
-0.000123178
-0.000127309
-0.000124444
-0.00012645
-8.05053e-05
-8.04927e-05
-7.81216e-05
-8.06758e-05
-8.07621e-05
-8.04745e-05
-8.0806e-05
-8.05699e-05
-7.98535e-05
-7.82524e-05
-9.20565e-05
-7.79908e-05
-7.77614e-05
-3.43728e-05
-3.43376e-05
-3.41401e-05
-4.5613e-05
-3.21656e-05
-3.24455e-05
-3.4681e-05
-3.45624e-05
-3.16013e-05
-3.43383e-05
-3.41338e-05
-3.41815e-05
1.14418e-05
1.14567e-05
1.14282e-05
9.79745e-06
1.09143e-05
1.12769e-05
1.12575e-05
1.16408e-05
1.09902e-05
1.12478e-05
1.10808e-05
1.15344e-05
5.71407e-05
5.69829e-05
5.66455e-05
5.93806e-05
4.58278e-05
5.98927e-05
5.97584e-05
5.96577e-05
5.71439e-05
5.74038e-05
5.64961e-05
5.67558e-05
5.67679e-05
0.000104808
0.000102671
0.000102531
0.000103177
0.000102826
0.000102656
0.000102644
0.000102665
0.000101329
0.000105288
9.15837e-05
0.000105125
0.000105084
0.000151229
0.000138068
0.000151295
0.000146567
0.000148865
0.000161638
0.000146288
0.000151169
0.000151468
0.000136878
0.000149196
0.000148298
0.000151085
0.00014845
0.000194722
0.00020563
0.000191205
0.000192385
0.000194332
0.000191847
0.000194334
0.000191997
0.000204359
0.000191547
0.000191666
0.00019715
0.000183686
0.000194691
0.000236071
0.000238979
0.000227082
0.000241829
0.000251441
0.00023836
0.000243987
0.000255146
0.00023731
0.000251133
0.000235795
0.000248879
0.000235283
0.000248385
0.00023636
0.000249699
0.000239644
0.000253152
0.000255358
0.000242479
0.000244525
0.000231689
0.00024192
0.000269379
0.000272407
0.000272788
0.000270675
0.000267675
0.000271942
0.000274856
0.000272728
-0.000258182
-0.000249081
-0.000265196
-0.000261745
-0.000255208
-0.000269795
-0.000262072
-0.000272477
-0.000266887
-0.000273158
-0.000273908
-0.000273093
-0.000274908
-0.000272993
-0.000271971
-0.000265063
-0.000269666
-0.000262366
-0.000259484
-0.000262923
-0.000252409
-0.000221252
-0.000218289
-0.000207499
-0.000219535
-0.000229305
-0.000218433
-0.000215655
-0.000216856
-0.000174712
-0.000172437
-0.000160276
-0.000174325
-0.000183919
-0.000172623
-0.000169854
-0.000170943
-0.000125077
-0.000125937
-0.000128204
-0.000125574
-0.000128073
-0.000128622
-0.000128029
-0.000114967
-0.000123733
-8.06951e-05
-8.07452e-05
-8.07301e-05
-8.01014e-05
-8.04131e-05
-7.99736e-05
-8.06478e-05
-7.84122e-05
-3.45034e-05
-3.26628e-05
-4.55567e-05
-3.16949e-05
-3.20911e-05
-3.68038e-05
-3.44546e-05
-3.46508e-05
-3.2344e-05
-3.44777e-05
1.12544e-05
1.087e-05
1.06884e-05
1.11861e-05
1.16162e-05
1.14194e-05
1.10402e-05
1.14155e-05
5.76977e-05
5.94843e-05
4.63492e-05
5.96757e-05
5.78367e-05
5.98308e-05
5.72645e-05
5.72781e-05
5.68595e-05
0.000103129
0.000103258
0.000101228
0.000103542
0.000100891
0.000114851
0.00010122
0.000102669
0.000143723
0.000146893
0.000147363
0.000160705
0.000147348
0.000149405
0.000150171
0.000147499
0.000193784
0.00019601
0.00020743
0.000193186
0.000197592
0.000198363
0.000184081
0.000195924
0.00019051
0.000237009
0.000239457
0.000248443
0.000235104
0.000255052
0.000243482
0.000252167
0.000238801
0.000241324
0.000229367
0.000240045
0.000270073
0.000272414
0.000273101
0.000273884
0.000273051
0.000274848
0.000273399
0.000271963
0.000269907
-0.000260689
-0.000250395
-0.00026307
-0.000252732
-0.000263781
-0.00025346
-0.000262393
-0.000251602
-0.000259181
-0.000249821
-0.000216104
-0.000226832
-0.000216653
-0.000212708
-0.000232513
-0.000217599
-0.000221843
-0.000221105
-0.00022897
-0.000213968
-0.000219681
-0.000216392
-0.000206231
-0.000213148
-0.000171932
-0.000183798
-0.000172537
-0.000169423
-0.000174655
-0.000172306
-0.000174948
-0.000172224
-0.000160895
-0.000169554
-0.000125487
-0.00013726
-0.000124241
-0.000123518
-0.000128289
-0.000125655
-0.000126637
-0.000124244
-8.03607e-05
-7.77296e-05
-8.0523e-05
-8.03424e-05
-9.20239e-05
-7.83632e-05
-7.80373e-05
-7.97011e-05
-3.42346e-05
-3.41671e-05
-3.46572e-05
-3.4533e-05
-3.4492e-05
-3.43552e-05
1.00458e-05
1.13599e-05
1.13442e-05
1.13547e-05
1.13781e-05
1.14349e-05
1.17381e-05
5.72077e-05
5.66154e-05
5.69413e-05
5.97328e-05
5.6652e-05
5.67506e-05
5.74364e-05
0.00010332
0.000105386
0.000102436
0.000103361
0.000105617
9.21504e-05
0.000105412
0.000101133
0.000146574
0.000151761
0.000137444
0.000149269
0.000149147
0.000151821
0.000148917
0.000160722
0.000146649
0.000148697
0.000192011
0.000197847
0.000184368
0.000195119
0.000194167
0.000196167
0.000195575
0.000206653
0.000192429
0.00019469
0.000238553
0.000226047
0.000244953
0.000231778
0.000241481
0.000250715
0.000236966
0.000252802
0.00023994
0.000253089
0.00024047
0.000251667
0.000238173
0.000241572
0.000249352
0.000236237
0.000242205
0.000229076
0.000236203
-0.00021258
-0.000212454
-0.000211904
-0.000170774
-0.000172405
-0.000176136
-0.000159998
-0.000176961
-0.000161112
-0.000173835
-0.000159129
-0.000171733
-0.000168714
-0.000125497
-0.000128168
-0.000125224
-0.000114187
-0.000139041
-0.000123621
-0.000124644
-0.000124638
-0.000124728
-0.000136288
-0.000125296
-0.000121431
-0.000125767
-0.000123233
-7.95075e-05
-8.05212e-05
-8.17718e-05
-7.90527e-05
-7.99989e-05
-8.05163e-05
-8.05948e-05
-8.03183e-05
-7.95892e-05
-8.27308e-05
-8.20965e-05
-6.90491e-05
-8.02205e-05
-3.4384e-05
-3.41422e-05
-3.42338e-05
-3.41174e-05
-3.45185e-05
-3.46342e-05
-3.46637e-05
-3.44224e-05
-3.43763e-05
-3.38903e-05
-3.37773e-05
-3.43312e-05
-3.23628e-05
1.12744e-05
1.13056e-05
1.13897e-05
1.12723e-05
1.14002e-05
1.14821e-05
1.15607e-05
1.14332e-05
1.14637e-05
1.18937e-05
1.13096e-05
1.15558e-05
1.12035e-05
5.70638e-05
5.80312e-05
5.51238e-05
5.68353e-05
5.73417e-05
5.74352e-05
5.77235e-05
5.74099e-05
5.71726e-05
5.44867e-05
6.83102e-05
5.47716e-05
5.73193e-05
0.000100193
0.000103126
0.000101372
0.000113861
0.000100489
0.000102146
0.000103033
0.000103187
0.000102842
0.000101709
0.000104119
0.000101177
0.000102558
0.000146295
0.000149038
0.000153951
0.000139
0.000148901
0.000159965
0.000144605
0.000160612
0.000144698
0.000149207
0.000158949
0.000143796
0.000151136
0.000136191
0.000148458
0.000189061
0.000192902
0.00019461
0.000194733
0.000194321
0.000190516
-0.000190003
-0.000191533
-0.000193882
-0.000212963
-0.000195151
-0.000194855
-0.000212449
-0.000194824
-0.000194831
-0.000194972
-0.000193301
-0.000191198
-0.000189888
-0.000189532
-0.000191085
-0.000212339
-0.000193353
-0.000194895
-0.000212821
-0.000194739
-0.000194842
-0.000212674
-0.000195125
-0.000195132
-0.000193571
-0.00019158
-0.000190435
-0.000166707
-0.000146225
-0.000148078
-0.000171549
-0.000148638
-0.00013611
-0.000150586
-0.000143902
-0.000159312
-0.00017411
-0.000149164
-0.000138898
-0.000153333
-0.000144138
-0.000144732
-0.000160513
-0.000160924
-0.000176636
-0.000145008
-0.000144686
-0.000160939
-0.000160622
-0.000176335
-0.000144232
-0.000143425
-0.00016014
-0.000158334
-0.000173439
-0.000147881
-0.000170905
-0.00013733
-0.000151764
-0.000149452
-0.000148756
-0.000146543
-0.000168745
-0.000146575
-0.000148689
-0.000171423
-0.000149457
-0.000147957
-0.000137372
-0.000151904
-0.000143207
-0.000143918
-0.00015808
-0.000160115
-0.000175732
-0.000144498
-0.00014476
-0.000161107
-0.000160835
-0.000176537
-0.000144704
-0.000144146
-0.000160775
-0.000160262
-0.000176113
-0.000143848
-0.000158873
-0.00017207
-0.000149147
-0.000138913
-0.0001538
-0.000169924
-0.000136432
-0.000151054
-0.000148795
-0.000148014
-0.000145655
-0.000123547
-0.000102208
-0.000125949
-0.000103097
-0.000101026
-0.000103877
-0.000121326
-0.000100367
-0.000101805
-0.000125311
-0.000114188
-0.000124718
-0.000102155
-0.000102776
-0.000124795
-0.000102909
-0.000102983
-0.000124772
-0.000102959
-0.000102892
-0.00012432
-0.000102747
-0.000102564
-0.000101984
-0.000100258
-0.000125665
-0.000114656
-0.000128855
-0.000103491
-0.000125829
-9.14023e-05
-0.000105423
-0.000102962
-0.0001029
-0.000100887
-0.000123697
-0.000101041
-0.000102643
-0.000126409
-0.000103326
-0.000102812
-9.12767e-05
-0.00010579
-0.000122785
-0.00010018
-0.000102111
-0.000126049
-0.000114743
-0.000124221
-0.0001025
-0.00010273
-0.000124817
-0.000102879
-0.000102987
-0.000124463
-0.000103082
-0.000102947
-0.000123487
-0.000102793
-0.000102005
-0.000101769
-0.000100526
-0.000125474
-0.000113816
-0.000128151
-0.000100994
-0.000125504
-0.000104079
-0.000103141
-0.000102257
-8.01397e-05
-5.68292e-05
-5.72075e-05
-5.52908e-05
-6.86157e-05
-8.17472e-05
-8.20563e-05
-5.4607e-05
-5.76812e-05
-7.95342e-05
-5.69078e-05
-5.70471e-05
-8.01446e-05
-5.72613e-05
-5.73424e-05
-8.03382e-05
-5.74235e-05
-5.74725e-05
-8.03383e-05
-5.75212e-05
-5.75407e-05
-8.00888e-05
-5.75509e-05
-5.73697e-05
-7.95724e-05
-5.71846e-05
-5.69874e-05
-5.65038e-05
-7.72806e-05
-8.0673e-05
-5.74484e-05
-5.77354e-05
-7.94236e-05
-5.76676e-05
-5.72376e-05
-5.51956e-05
-5.4864e-05
-8.00992e-05
-5.70957e-05
-5.75159e-05
-7.75626e-05
-5.68622e-05
-7.79191e-05
-5.70542e-05
-5.8064e-05
-7.98111e-05
-5.70841e-05
-5.72312e-05
-8.04113e-05
-5.73955e-05
-5.73286e-05
-8.03631e-05
-5.74944e-05
-5.77052e-05
-8.04432e-05
-5.76043e-05
-5.74967e-05
-7.98441e-05
-5.73432e-05
-5.72705e-05
-7.9232e-05
-5.71117e-05
-5.69556e-05
-8.21354e-05
-5.48768e-05
-6.84655e-05
-8.03129e-05
-5.48335e-05
-5.74128e-05
-7.76559e-05
-5.71905e-05
-5.65114e-05
-3.44216e-05
-1.15379e-05
-1.14589e-05
-3.33767e-05
-1.14433e-05
-3.40489e-05
-1.10985e-05
-1.14891e-05
-3.42501e-05
-1.13521e-05
-1.14067e-05
-3.45255e-05
-1.14421e-05
-1.15285e-05
-3.45559e-05
-1.14822e-05
-1.15631e-05
-3.45709e-05
-1.14106e-05
-1.14518e-05
-3.44918e-05
-1.15736e-05
-1.1517e-05
-3.41607e-05
-1.1421e-05
-1.1423e-05
-1.15944e-05
-9.72612e-06
-3.6084e-05
-2.2883e-05
-3.72866e-05
-9.35678e-06
-3.42246e-05
-1.19227e-05
-1.14267e-05
-1.1347e-05
-3.36356e-05
-1.13208e-05
-3.44826e-05
-1.14609e-05
-9.68238e-06
-1.17961e-05
-3.41539e-05
-9.62659e-06
-1.14243e-05
-3.68057e-05
-2.30894e-05
-3.42711e-05
-1.14696e-05
-1.14148e-05
-3.42938e-05
-1.14117e-05
-1.13856e-05
-3.48637e-05
-1.15211e-05
-1.1601e-05
-3.43762e-05
-1.16089e-05
-1.15365e-05
-3.43626e-05
-1.14181e-05
-1.15152e-05
-3.39764e-05
-1.13921e-05
-1.13006e-05
-1.14479e-05
-3.37429e-05
-3.416e-05
-1.13401e-05
-1.14919e-05
-3.42626e-05
-1.13525e-05
-1.14753e-05
1.1449e-05
3.42103e-05
3.44297e-05
1.13819e-05
3.41417e-05
1.15638e-05
3.33308e-05
3.45564e-05
1.14775e-05
3.41899e-05
3.43416e-05
1.15657e-05
3.45099e-05
3.45238e-05
1.16533e-05
3.45971e-05
3.45973e-05
1.16046e-05
3.45343e-05
3.46089e-05
1.14623e-05
3.46921e-05
3.44346e-05
1.13971e-05
3.43416e-05
3.41996e-05
9.85082e-06
3.41956e-05
2.28049e-05
9.49667e-06
3.66504e-05
3.648e-05
1.13635e-05
3.44922e-05
3.42283e-05
3.385e-05
1.13237e-05
3.38807e-05
9.70697e-06
1.19863e-05
3.42945e-05
3.43539e-05
1.15357e-05
3.40416e-05
2.31448e-05
3.62807e-05
3.66168e-05
1.15195e-05
3.4192e-05
3.43944e-05
1.15497e-05
3.44446e-05
3.45143e-05
1.15479e-05
3.45138e-05
3.47053e-05
1.15707e-05
3.46973e-05
3.46584e-05
1.14375e-05
3.45717e-05
3.44871e-05
1.1448e-05
3.4312e-05
3.41755e-05
3.4024e-05
1.12447e-05
1.145e-05
3.34146e-05
3.39488e-05
1.14414e-05
3.44585e-05
3.43434e-05
5.72313e-05
7.76507e-05
8.01445e-05
5.46952e-05
5.51809e-05
6.8391e-05
8.0139e-05
8.17025e-05
8.22543e-05
5.71039e-05
7.90359e-05
7.9472e-05
5.74325e-05
7.99246e-05
8.0262e-05
5.76066e-05
8.03515e-05
8.05529e-05
5.748e-05
8.05246e-05
8.03895e-05
5.73398e-05
8.02664e-05
8.01221e-05
5.68793e-05
7.97508e-05
7.94097e-05
7.7677e-05
5.72707e-05
5.80005e-05
7.81241e-05
9.14478e-05
8.06253e-05
5.73361e-05
8.00663e-05
7.95526e-05
5.50933e-05
5.76594e-05
7.95415e-05
8.03316e-05
5.69149e-05
7.76517e-05
5.73615e-05
7.86273e-05
8.08632e-05
9.14098e-05
5.7185e-05
7.94167e-05
7.98075e-05
5.74284e-05
8.01767e-05
8.0346e-05
5.7711e-05
8.04975e-05
8.04541e-05
5.75126e-05
8.04659e-05
8.03314e-05
5.72641e-05
8.01275e-05
7.99148e-05
5.70924e-05
7.95095e-05
7.89267e-05
8.1997e-05
5.49294e-05
6.89138e-05
5.74259e-05
8.26598e-05
8.0244e-05
5.66747e-05
8.01015e-05
7.80139e-05
0.000102351
0.000123838
0.000100814
0.000103677
0.000125333
0.000125831
0.000101662
0.000121251
0.000113551
0.000124869
0.000128142
0.000135891
0.000102662
0.000123562
0.00012474
0.000138895
0.000103041
0.000124673
0.000124698
0.000102984
0.000124841
0.000124671
0.000102565
0.000124367
0.000124546
0.000100313
0.000123158
0.000114814
0.000103426
0.000125731
0.000137101
0.000128822
0.000103245
0.000126649
0.000125801
0.000100572
0.000123425
0.000102868
0.000123587
0.000103193
0.000105457
0.000125947
0.0001268
0.000102064
0.000122525
0.000114744
0.000125895
0.000128977
0.000136777
0.000102795
0.000124327
0.000124445
0.000103005
0.000124816
0.000124839
0.000102938
0.000124835
0.000124611
0.000102136
0.000124864
0.000123477
0.000138569
0.00010031
0.000121228
0.000113664
0.000101129
0.000125194
0.000136376
0.000128172
0.000103129
0.000125946
0.000125303
0.000122993
0.000148082
0.000167239
0.000150927
0.000169822
0.00017198
0.000144521
0.000149163
0.00015936
0.000172147
0.000173752
0.000144578
0.000160321
0.000160296
0.000175536
0.000176372
0.000144549
0.000160723
0.000160668
0.000176815
0.000176492
0.000143987
0.000160145
0.000158305
0.000147959
0.000175561
0.000173167
0.000149235
0.000171352
0.000170858
0.000146401
0.000168987
0.000148838
0.000168726
0.000148062
0.000151372
0.000170929
0.000171366
0.000143775
0.000158611
0.000160168
0.000173596
0.000176392
0.00014482
0.000160703
0.000160869
0.000176438
0.000176492
0.000144422
0.000160919
0.000160208
0.000176754
0.000175938
0.000149044
0.000159022
0.00015342
0.000173745
0.000172082
0.000148789
0.00017189
0.000169917
0.000146073
0.000166645
0.000190119
0.000193767
0.000195141
0.00021276
0.000212477
0.000194902
0.000212537
0.000212821
0.000193101
0.000212226
0.00018943
0.000191081
0.000194885
0.000212628
0.000194854
0.00021266
0.000212506
0.000195172
0.000212257
0.000212481
0.000191337
-0.000237718
-0.00022801
-0.000240403
-0.00023599
-0.000248923
-0.000258446
-0.000240538
-0.000231177
-0.000244244
-0.00023706
-0.000237399
-0.000250138
-0.000251143
-0.000261905
-0.000238552
-0.000240168
-0.000227416
-0.000252333
-0.000253316
-0.000263675
-0.000240468
-0.000240018
-0.000226815
-0.000253214
-0.000252717
-0.000263065
-0.000238454
-0.000237297
-0.000252205
-0.000251225
-0.00026197
-0.00023685
-0.0002501
-0.000242128
-0.000232816
-0.00024607
-0.000229985
-0.000243118
-0.000227285
-0.000239518
-0.000236801
-0.000237009
-0.000227292
-0.000239487
-0.000229764
-0.000243021
-0.000237029
-0.00025011
-0.000259506
-0.000242267
-0.000232677
-0.000246156
-0.000237162
-0.000238206
-0.000225882
-0.000251013
-0.000251777
-0.000262392
-0.00024001
-0.000240445
-0.000227412
-0.000252772
-0.000253262
-0.000263574
-0.000240283
-0.00023867
-0.00022653
-0.000252968
-0.000252315
-0.000262894
-0.0002376
-0.000236948
-0.000251533
-0.000250159
-0.000260825
-0.000235786
-0.000248852
-0.000240908
-0.000231126
-0.000244251
-0.000228089
-0.000240374
-0.000237717
-0.000190534
-0.000193777
-0.000190786
-0.00020519
-0.000218913
-0.000194734
-0.000183656
-0.000197662
-0.000214026
-0.000193368
-0.000196774
-0.000181738
-0.000218404
-0.000208532
-0.000204338
-0.000219209
-0.000194493
-0.000199094
-0.000208509
-0.000222283
-0.000207783
-0.00022166
-0.000204459
-0.000218297
-0.00019391
-0.000212992
-0.000196842
-0.000194756
-0.00021744
-0.000192669
-0.000189541
-0.000207197
-0.000204358
-0.000217792
-0.000193376
-0.000182199
-0.000196032
-0.000191968
-0.000213514
-0.000191938
-0.000193136
-0.000182091
-0.000196224
-0.000189496
-0.000192991
-0.000203864
-0.000207576
-0.000217407
-0.00022175
-0.000214479
-0.000194701
-0.000196821
-0.000193729
-0.000182892
-0.000206634
-0.000221484
-0.000206943
-0.00022142
-0.000217068
-0.000194809
-0.000198887
-0.000184331
-0.000196597
-0.000193169
-0.000218402
-0.000208332
-0.000222451
-0.000190526
-0.000205299
-0.000215494
-0.000194787
-0.000183607
-0.000197986
-0.000193837
-0.000190591
-0.000169
-0.000148217
-0.000146059
-0.000160323
-0.000172094
-0.000174488
-0.00014845
-0.00013675
-0.000150886
-0.000171645
-0.000148638
-0.00015121
-0.000148822
-0.000136991
-0.000161108
-0.00017529
-0.000149459
-0.000170825
-0.000152044
-0.000149367
-0.00014826
-0.000169885
-0.000172302
-0.00015104
-0.000138511
-0.000152223
-0.000149364
-0.000146386
-0.00016946
-0.000146312
-0.000149132
-0.000168701
-0.000148414
-0.000169491
-0.000151553
-0.000138401
-0.000151069
-0.000172093
-0.000149233
-0.000151808
-0.00014916
-0.000137828
-0.000159746
-0.000174063
-0.000148664
-0.000169062
-0.000150992
-0.000148609
-0.000172049
-0.000146154
-0.000160616
-0.000171309
-0.000148687
-0.000137069
-0.000151006
-0.000148269
-0.000123874
-0.000126453
-0.00010284
-0.000103213
-0.000103611
-0.000125482
-0.000102498
-0.000102792
-0.000104941
-0.000104835
-0.000114109
-0.000128672
-0.000101035
-0.000123842
-0.000103993
-0.000103001
-0.000126488
-0.000100681
-0.000114151
-0.000125401
-0.000100219
-0.000102989
-0.000102556
-0.000123355
-0.000102647
-0.000100438
-0.00011365
-0.00012612
-0.000128145
-0.00010068
-0.000102973
-0.000126425
-0.000103005
-0.000103831
-0.000101466
-0.000126648
-0.000104873
-0.000105455
-9.16594e-05
-0.000123664
-0.000102752
-0.000102566
-0.000123741
-0.000103886
-0.000124149
-0.000103346
-0.000102754
-7.82075e-05
-5.67988e-05
-5.51778e-05
-6.91102e-05
-8.25625e-05
-8.26867e-05
-5.53535e-05
-5.74186e-05
-8.01964e-05
-5.74755e-05
-5.72487e-05
-5.65056e-05
-8.00528e-05
-5.46773e-05
-5.71835e-05
-5.73257e-05
-7.9662e-05
-8.01694e-05
-5.7543e-05
-5.80422e-05
-5.7535e-05
-5.50218e-05
-7.99371e-05
-5.48158e-05
-5.74312e-05
-7.96109e-05
-5.74188e-05
-7.96792e-05
-5.77345e-05
-5.80658e-05
-6.85198e-05
-8.22622e-05
-5.45649e-05
-5.7456e-05
-5.62519e-05
-8.02051e-05
-5.74508e-05
-5.7432e-05
-8.2207e-05
-5.54942e-05
-6.9221e-05
-8.01893e-05
-5.46312e-05
-5.73142e-05
-5.68958e-05
-3.43413e-05
-1.15088e-05
-3.38241e-05
-1.14755e-05
-3.37714e-05
-1.10659e-05
-1.14979e-05
-3.42464e-05
-1.13183e-05
-1.13595e-05
-1.13594e-05
-3.43001e-05
-1.11054e-05
-1.14974e-05
-1.16699e-05
-9.91074e-06
-3.70005e-05
-2.30295e-05
-3.63448e-05
-9.78355e-06
-3.375e-05
-1.1656e-05
-1.12189e-05
-3.41632e-05
-1.13438e-05
-9.67833e-06
-1.17085e-05
-3.42482e-05
-9.97124e-06
-1.16085e-05
-3.69632e-05
-2.31563e-05
-1.1453e-05
-1.12227e-05
-1.16396e-05
-3.42788e-05
-1.14884e-05
-1.14107e-05
-1.12164e-05
-3.3753e-05
-3.42657e-05
-1.16437e-05
-1.13681e-05
-1.14201e-05
1.14471e-05
3.44656e-05
1.15429e-05
3.38849e-05
1.11748e-05
3.39634e-05
3.42249e-05
1.14433e-05
3.42452e-05
3.42383e-05
3.46063e-05
1.14177e-05
3.37756e-05
3.40854e-05
9.68859e-06
3.4273e-05
2.24432e-05
9.44156e-06
3.65099e-05
3.66366e-05
1.13238e-05
3.43311e-05
3.39072e-05
9.63122e-06
1.1857e-05
3.37435e-05
3.42908e-05
1.17437e-05
3.42572e-05
2.29459e-05
3.65729e-05
3.68447e-05
3.39161e-05
3.41522e-05
3.41892e-05
1.14381e-05
3.46945e-05
3.41263e-05
3.35625e-05
1.13911e-05
1.14281e-05
3.40078e-05
3.43025e-05
3.43905e-05
5.68603e-05
7.80667e-05
5.5227e-05
5.4848e-05
6.86934e-05
8.03919e-05
8.2625e-05
8.25113e-05
5.72472e-05
8.00465e-05
8.03309e-05
7.80758e-05
8.19712e-05
5.75025e-05
8.2372e-05
8.0004e-05
7.94355e-05
5.82175e-05
5.77999e-05
7.95771e-05
8.00415e-05
5.49805e-05
8.01082e-05
5.74914e-05
7.98956e-05
5.74582e-05
7.9696e-05
5.8107e-05
7.97011e-05
8.00589e-05
6.81411e-05
8.0098e-05
8.21414e-05
8.18325e-05
7.79857e-05
9.17972e-05
5.73146e-05
8.0285e-05
7.99766e-05
8.24196e-05
5.53155e-05
6.91478e-05
5.74052e-05
8.24767e-05
8.03286e-05
7.80192e-05
0.000103238
0.000103581
0.000124254
0.000123828
0.000126444
0.000102812
0.000123381
0.000125645
0.000137142
0.000124254
0.000126487
0.000137285
0.000114201
0.000125838
0.00012874
0.000102998
0.000126337
0.000124052
0.000126257
0.000138179
0.000100573
0.000114616
0.000102894
0.000128666
0.000125558
0.000123115
0.000102628
0.000123478
0.000100667
0.000100672
0.000114342
0.000125645
0.000126121
0.000128168
0.000103892
0.000123748
0.00012636
0.000137986
0.000125911
0.000128924
0.00013748
0.000105449
0.000124013
0.000126571
0.000102503
0.000125678
0.00012335
0.000103035
0.000124011
0.000137171
0.000102825
0.000126555
0.000124133
0.000148187
0.000169072
0.000146533
0.000148606
0.000160726
0.000171321
0.000172034
0.000174619
0.000151076
0.00016931
0.000171591
0.000183843
0.000171275
0.000173833
0.000181987
0.000161321
0.000172463
0.000175188
0.000149444
0.000172258
0.000171154
0.000168963
0.00015141
0.000151472
0.000169473
0.00018222
0.00017236
0.000146389
0.000169494
0.000149248
0.000169549
0.000148511
0.000168877
0.000151289
0.000169934
0.000172574
0.000182312
0.000152087
0.000171029
0.00017236
0.000171927
0.000174885
0.000183005
0.000184382
0.000160435
0.000171111
0.000174105
0.000148608
0.000171689
0.000169476
0.000172045
0.000184308
0.000148725
0.000160407
0.00015114
0.000174398
0.000171567
0.000168664
0.000193834
0.000190814
0.000194622
0.000205104
0.000215492
0.000219037
0.000196576
0.000214099
0.000207868
0.000217958
0.000221595
0.000228084
0.000204522
0.000216497
0.000219106
0.000231389
0.000208678
0.000221367
0.00022222
0.00021767
0.000226986
0.000227208
0.000208
0.000216891
0.000222086
0.000203714
0.000221686
0.000218137
0.000233076
0.000194837
0.000214246
0.000213128
0.000230104
0.000217579
0.000227233
0.00018904
0.000207681
0.000203556
0.000193111
0.000221988
0.000217798
0.000192065
0.000213033
0.000192933
0.00019603
0.000213191
0.000192881
0.000203658
0.000207461
0.000217585
0.000217519
0.000221698
0.000196881
0.000213114
0.000214495
0.000227268
0.000229734
0.00020651
0.000218214
0.000221486
0.000232992
0.000217017
0.000221776
0.000226336
0.000227279
0.000217805
0.00022636
0.0002068
0.000222475
0.000221217
0.000199222
0.000219352
0.000216852
0.000231315
0.000193379
0.000214454
0.000208143
0.000218212
0.000228016
0.000221661
0.000194754
0.000204762
0.000198202
0.000219335
0.000215951
0.0001903
0.000240207
0.000235979
0.000241064
0.00024901
0.000258491
0.000237191
0.000250017
0.00025118
0.000260666
0.000262242
0.000240218
0.000252297
0.000253091
0.000263078
0.000263457
0.000239965
0.000253244
0.00025302
0.000263572
0.000263387
0.000237155
0.000252171
0.000251054
0.000262776
0.000262654
0.000242714
0.000250555
0.000246435
0.000261113
0.000239668
0.000236773
0.000242995
0.000236856
0.000242395
0.000249763
0.000259625
0.000238413
0.000250733
0.000252082
0.000261243
0.000262539
0.000240482
0.000252738
0.000253181
0.000263125
0.000263558
0.000238595
0.000253168
0.000252092
0.000263622
0.000262936
0.000237142
0.000251223
0.000250461
0.000262102
0.0002608
0.000240644
0.000248828
0.000244366
0.000258799
0.000237385
-0.000269816
-0.000271432
-0.000267792
-0.000272135
-0.000272647
-0.000270934
-0.000273085
-0.000273903
-0.00027084
-0.000273889
-0.000273067
-0.000270848
-0.000273058
-0.000273065
-0.000271732
-0.000273921
-0.000275653
-0.000274734
-0.000273105
-0.00027263
-0.000272528
-0.000270905
-0.000270035
-0.00027164
-0.000272417
-0.000268658
-0.00027292
-0.000272996
-0.000270301
-0.000273363
-0.000273358
-0.000270991
-0.000273108
-0.000273081
-0.000271456
-0.00027309
-0.000273909
-0.000270226
-0.00027565
-0.000274857
-0.000272859
-0.000272453
-0.000272384
-0.000270515
-0.000236011
-0.000228274
-0.000240137
-0.000238158
-0.00025202
-0.000261368
-0.000242985
-0.000232242
-0.000245521
-0.000248606
-0.000258218
-0.000239618
-0.000241971
-0.000235686
-0.000260813
-0.000254306
-0.000267232
-0.000253903
-0.000264339
-0.000257836
-0.000267821
-0.000253342
-0.000264435
-0.00024187
-0.000244907
-0.000231824
-0.000263312
-0.000256587
-0.000266872
-0.000239739
-0.000236505
-0.000253666
-0.00025065
-0.00026094
-0.000241335
-0.000230994
-0.000243926
-0.000227342
-0.000238692
-0.000226977
-0.000238774
-0.000240705
-0.000230641
-0.000243317
-0.000236215
-0.00023976
-0.000227786
-0.000249749
-0.000252999
-0.000263415
-0.000250439
-0.000261046
-0.000241619
-0.000244376
-0.000263222
-0.000256492
-0.000255971
-0.000266067
-0.000256134
-0.000266241
-0.000251209
-0.000261615
-0.000239596
-0.00023578
-0.000241674
-0.000229306
-0.000261052
-0.000267574
-0.00025448
-0.000264342
-0.000238434
-0.000251761
-0.000242987
-0.000232463
-0.000245112
-0.000228226
-0.000239984
-0.000236684
-0.000215841
-0.000193052
-0.000194932
-0.000183676
-0.000197509
-0.000213612
-0.000191796
-0.000196688
-0.000193885
-0.000182636
-0.000217504
-0.00020601
-0.000208957
-0.000223369
-0.000206809
-0.000220181
-0.000195134
-0.0002129
-0.000197108
-0.00019439
-0.00021661
-0.000192019
-0.00020504
-0.000213037
-0.000192245
-0.000194723
-0.000191461
-0.00019159
-0.000192178
-0.000205091
-0.000216733
-0.000217658
-0.000192362
-0.000194737
-0.000216221
-0.000194584
-0.00019709
-0.000194832
-0.000183205
-0.000205208
-0.000218577
-0.000193824
-0.000196408
-0.000192024
-0.000217394
-0.000206028
-0.000220099
-0.000194843
-0.000183724
-0.000197663
-0.000192869
-0.00016965
-0.000146636
-0.000146632
-0.000149578
-0.000169823
-0.000146225
-0.000148919
-0.000171913
-0.000159676
-0.000151226
-0.000151604
-0.000160861
-0.000174612
-0.000148537
-0.000151245
-0.000146655
-0.000173482
-0.00016057
-0.000174212
-0.000149198
-0.000169617
-0.000137229
-0.000151491
-0.000147951
-0.000171982
-0.00014809
-0.000149586
-0.000137408
-0.000151287
-0.000171494
-0.00014668
-0.000151166
-0.000148875
-0.000136708
-0.000174136
-0.000161625
-0.000172425
-0.000151193
-0.000151172
-0.00013786
-0.000148708
-0.000146398
-0.000171361
-0.000159436
-0.00017399
-0.000147208
-0.000149504
-0.000146512
-0.00010098
-0.000100893
-0.000114905
-0.000128071
-0.00012793
-0.0001009
-0.000103277
-0.00012675
-0.000103313
-0.000104962
-0.000104965
-9.16753e-05
-0.000126
-0.000103186
-0.00010365
-0.000103036
-0.000123544
-0.000126081
-0.000102881
-0.00010332
-0.000102551
-0.000123724
-0.000102719
-0.000123317
-0.000102842
-0.00012397
-0.000103215
-0.000103501
-0.000103143
-0.000103228
-0.000105218
-0.000125776
-0.000105151
-0.00010324
-0.000128092
-0.000101017
-0.000114669
-0.000125028
-0.000100765
-0.000103137
-0.000100897
-7.97712e-05
-5.7135e-05
-7.96018e-05
-5.7058e-05
-7.93039e-05
-5.73204e-05
-5.71315e-05
-5.71453e-05
-5.69519e-05
-6.86397e-05
-8.21709e-05
-5.46751e-05
-5.7598e-05
-5.5262e-05
-8.25823e-05
-6.90264e-05
-8.24973e-05
-5.47327e-05
-7.78957e-05
-5.72961e-05
-5.66284e-05
-8.02296e-05
-5.64326e-05
-5.51174e-05
-5.72736e-05
-7.98427e-05
-5.49961e-05
-5.75851e-05
-5.50454e-05
-8.22053e-05
-6.84479e-05
-8.02125e-05
-5.69236e-05
-5.71676e-05
-5.73647e-05
-7.9808e-05
-7.98982e-05
-5.74929e-05
-5.70437e-05
-5.71062e-05
-3.43469e-05
-1.1405e-05
-3.45164e-05
-1.14169e-05
-3.40345e-05
-1.15567e-05
-1.13823e-05
-1.18236e-05
-1.12517e-05
-1.13327e-05
-3.3781e-05
-1.13249e-05
-1.13363e-05
-3.38764e-05
-1.15046e-05
-3.4257e-05
-1.13621e-05
-1.13824e-05
-3.37111e-05
-3.41612e-05
-1.14391e-05
-1.13015e-05
-1.13327e-05
-3.40107e-05
-1.13892e-05
-1.16018e-05
-1.12904e-05
-3.42522e-05
-1.12257e-05
-1.16182e-05
-1.13417e-05
-3.41055e-05
-3.459e-05
-1.18413e-05
-1.12356e-05
-1.13829e-05
1.14259e-05
3.43558e-05
1.13544e-05
3.44469e-05
1.14589e-05
3.44108e-05
3.44455e-05
3.43586e-05
3.43473e-05
3.36661e-05
1.12894e-05
3.40441e-05
3.39112e-05
1.1459e-05
3.38591e-05
1.13868e-05
3.41734e-05
3.43264e-05
1.15467e-05
1.14481e-05
3.44177e-05
3.38558e-05
3.42411e-05
1.14839e-05
3.38074e-05
3.4145e-05
3.38503e-05
1.17005e-05
3.43691e-05
3.43175e-05
3.43778e-05
1.14166e-05
1.14166e-05
3.47091e-05
3.38515e-05
3.43829e-05
5.70323e-05
7.96454e-05
5.72524e-05
7.97901e-05
5.70869e-05
7.98656e-05
7.98108e-05
7.77731e-05
8.0298e-05
9.12958e-05
6.88117e-05
8.25292e-05
8.22968e-05
5.50604e-05
7.98856e-05
6.86707e-05
5.51058e-05
8.24277e-05
8.22331e-05
5.67406e-05
8.03105e-05
7.82718e-05
5.46681e-05
5.714e-05
7.80664e-05
8.00946e-05
5.75186e-05
7.99188e-05
6.85515e-05
8.25256e-05
8.19966e-05
8.23247e-05
8.2292e-05
5.72097e-05
7.81467e-05
8.03944e-05
7.94325e-05
5.68588e-05
5.73814e-05
7.97602e-05
7.99833e-05
7.94053e-05
0.000100145
0.000100869
0.000101121
0.00011466
0.000125021
0.000127585
0.000127981
0.000105044
0.000125471
0.000126868
0.000124401
0.000103426
0.000123345
0.000126073
0.000123849
0.000102929
0.00010356
0.000123864
0.000137516
0.000126241
0.000123814
0.000102606
0.000123816
0.000102967
0.000123409
0.000103311
0.000123922
0.000126326
0.000136814
0.000123569
0.000125867
0.000136948
0.000124654
0.000137247
0.000103279
0.000126653
0.000125314
0.00012791
0.000100722
0.000115104
0.0001032
0.000128146
0.000125203
0.000146834
0.000149259
0.000169579
0.000148679
0.000169563
0.000160199
0.000171879
0.00017425
0.000183447
0.000170079
0.00017236
0.000182533
0.000160428
0.00017184
0.000174593
0.000146648
0.000171588
0.00016137
0.000148973
0.000174029
0.000174942
0.000148084
0.000171828
0.00016874
0.000148786
0.000151126
0.0001695
0.000171757
0.000151365
0.000171536
0.000161621
0.000174703
0.000174903
0.000172009
0.000174232
0.000183716
0.000150974
0.000169665
0.000172453
0.000146861
0.000169585
0.00016038
0.000146525
0.000172166
0.000183688
0.000174318
0.000146722
0.000169673
0.000195031
0.000197339
0.000215927
0.000196342
0.000213867
0.00020707
0.000217544
0.00022015
0.000228095
0.000208065
0.00021849
0.000222716
0.000218766
0.000232726
0.000231639
0.000206763
0.000217193
0.000220506
0.000194116
0.000216406
0.000212186
0.000231217
0.000216287
0.000227137
0.000192251
0.000204806
0.000194676
0.000217632
0.000212732
0.000191774
0.000191859
0.000192216
0.000204712
0.000212961
0.000216808
0.000217795
0.000197757
0.000213282
0.000216142
0.000227509
0.000230534
0.000216736
0.000219893
0.000227682
0.000218689
0.000229526
0.000204786
0.000222557
0.0002184
0.000232609
0.00019219
0.000213697
0.000206383
0.000195182
0.000217291
0.000228257
0.000219894
0.000192867
0.000215549
0.000240118
0.000238097
0.000242735
0.000251518
0.000260983
0.000249038
0.000235793
0.000258031
0.000254273
0.00026086
0.000264192
0.000267186
0.000253791
0.000261358
0.000264218
0.000269464
0.00027138
0.000262222
0.000266314
0.000267828
0.000272282
0.000272763
0.00027099
0.000273109
0.000273909
0.000270873
0.000273892
0.000273052
0.000270693
0.000273057
0.000273069
0.000271761
0.000273147
0.000274889
0.000257671
0.000263709
0.000267613
0.000274715
0.000273097
0.000253174
0.000266043
0.000264274
0.000272659
0.000272487
0.000244646
0.000261309
0.00025661
0.000263542
0.000270932
0.000266626
0.000236642
0.000253206
0.000250466
0.000241386
0.000264401
0.000260702
0.000238936
0.000240668
0.000243412
0.00023985
0.000249851
0.000253669
0.000259747
0.000263828
0.000250365
0.00026068
0.000256828
0.000263004
0.000266593
0.000269337
0.000255227
0.000263292
0.000265258
0.000271197
0.000272347
0.000263379
0.000267283
0.000268607
0.000272873
0.000272987
0.000270294
0.000273437
0.000273398
0.00027095
0.000273113
0.000273087
0.000270913
0.000273076
0.000273156
0.00027015
0.000274919
0.000274891
0.000256068
0.00026224
0.000266045
0.000272868
0.000272386
0.000251142
0.000264141
0.000261991
0.000272249
0.000270991
0.000241874
0.000259084
0.000253791
0.000260977
0.000268109
0.00026389
0.000243023
0.000251738
0.00024567
0.000261059
0.000236193
-0.000269196
-0.000271788
-0.000269461
-0.000272372
-0.000272853
-0.000272339
-0.00027261
-0.000271609
-0.000272804
-0.000270249
-0.000268488
-0.000271472
-0.000269559
-0.000268584
-0.000268296
-0.000270313
-0.000272411
-0.000274649
-0.0002708
-0.000272702
-0.000272384
-0.000272703
-0.000270386
-0.00027404
-0.00027374
-0.000272531
-0.000270368
-0.000269607
-0.00027173
-0.000271058
-0.000272869
-0.000273061
-0.000272963
-0.000272413
-0.000271342
-0.000272855
-0.000269704
-0.000271149
-0.000269546
-0.000268134
-0.000268798
-0.000271305
-0.000272344
-0.000274555
-0.000268103
-0.000270769
-0.000272042
-0.000272546
-0.000273659
-0.000273949
-0.00027279
-0.000272719
-0.00027001
-0.000237047
-0.000240697
-0.000229854
-0.000241996
-0.000236863
-0.000242059
-0.000240318
-0.000229558
-0.000250057
-0.000254088
-0.000261638
-0.00026459
-0.000253159
-0.000264214
-0.000264835
-0.000262392
-0.000259328
-0.000264589
-0.000256197
-0.000254226
-0.000243773
-0.000241008
-0.000260771
-0.00025176
-0.000249643
-0.000238043
-0.000236034
-0.000259305
-0.000248254
-0.00024766
-0.000235267
-0.000234602
-0.000259245
-0.000247915
-0.000248677
-0.000234892
-0.000235578
-0.000261352
-0.00024918
-0.000250549
-0.000236015
-0.000236708
-0.000265347
-0.000252822
-0.000254897
-0.000239018
-0.000242545
-0.000263914
-0.00025754
-0.00026127
-0.000245608
-0.000266612
-0.000251765
-0.000261066
-0.000241951
-0.000262889
-0.00024476
-0.000239218
-0.000227954
-0.000256294
-0.00025229
-0.00026194
-0.000242039
-0.000231716
-0.000245038
-0.000228331
-0.000240041
-0.000228651
-0.000240184
-0.000242495
-0.000232406
-0.000245524
-0.000239739
-0.000244993
-0.000241807
-0.000231694
-0.000252283
-0.000255805
-0.000262717
-0.000265574
-0.000254943
-0.00026479
-0.000264112
-0.0002672
-0.000263736
-0.000257566
-0.000246446
-0.000263564
-0.000255159
-0.000252732
-0.000242952
-0.000239206
-0.000260526
-0.000250753
-0.000249314
-0.000236889
-0.000236069
-0.000258894
-0.000248437
-0.000247617
-0.000235388
-0.000234539
-0.000259837
-0.000247612
-0.000248438
-0.000234515
-0.000235324
-0.000262694
-0.00024977
-0.000251867
-0.000235885
-0.000238064
-0.00026592
-0.000253756
-0.000255833
-0.000262084
-0.000241352
-0.000244248
-0.000262317
-0.000257198
-0.000267368
-0.000250384
-0.00026025
-0.000240611
-0.00026151
-0.000241854
-0.000236983
-0.000254195
-0.000250368
-0.000260847
-0.000240636
-0.000229676
-0.000241889
-0.000237262
-0.000216428
-0.000193244
-0.000195595
-0.000183721
-0.000197776
-0.000216306
-0.000193709
-0.000198294
-0.00019582
-0.000184193
-0.000218884
-0.000208036
-0.00022128
-0.000219468
-0.000220006
-0.000222611
-0.000213821
-0.000193757
-0.000196393
-0.000183023
-0.000217471
-0.000191737
-0.000205715
-0.000213361
-0.00019408
-0.000182362
-0.000195939
-0.00019115
-0.000191153
-0.000191663
-0.000205941
-0.000217619
-0.000218645
-0.000193971
-0.000182713
-0.000195806
-0.00020531
-0.000218531
-0.000194018
-0.000196281
-0.000220957
-0.000219448
-0.000220582
-0.000206927
-0.000220862
-0.000195688
-0.000198297
-0.000193349
-0.000218478
-0.000207789
-0.00022128
-0.000196178
-0.000184668
-0.000198715
-0.000193313
-0.000169404
-0.000146607
-0.00014681
-0.000149329
-0.000169936
-0.000146701
-0.000149413
-0.000146823
-0.000172334
-0.000160318
-0.000150324
-0.000169433
-0.000151087
-0.000147935
-0.000169512
-0.000150484
-0.000169125
-0.000137182
-0.00015042
-0.000147911
-0.000169435
-0.000171376
-0.00014774
-0.000150129
-0.000137323
-0.000150582
-0.00017191
-0.000147825
-0.000150863
-0.000150769
-0.000137405
-0.000160571
-0.000174546
-0.000147128
-0.000149424
-0.000146875
-0.000172571
-0.000160638
-0.000174542
-0.000146834
-0.000149298
-0.000146272
-0.000100962
-0.0001004
-0.000113558
-0.000127568
-0.000127843
-0.000100112
-0.00010325
-0.000114504
-0.000127984
-0.000100961
-0.000103249
-0.000126604
-0.000104925
-0.000105097
-9.1433e-05
-0.000102609
-0.000123768
-0.000126249
-0.00010298
-0.00010342
-0.000102995
-0.000123529
-0.000102717
-0.000124023
-0.000102531
-0.000123642
-0.000103111
-0.000103162
-0.000104969
-0.00010455
-0.000125041
-0.000100795
-0.00010318
-0.00012792
-0.00010041
-0.000114383
-0.000125435
-0.000100644
-0.000103279
-0.000100663
-7.95261e-05
-5.69909e-05
-7.94786e-05
-5.72966e-05
-7.97553e-05
-5.71066e-05
-5.71754e-05
-5.7319e-05
-5.74808e-05
-5.68476e-05
-5.71657e-05
-5.52109e-05
-8.23261e-05
-6.86209e-05
-8.203e-05
-5.49247e-05
-5.74759e-05
-5.5233e-05
-7.99407e-05
-5.5197e-05
-5.50101e-05
-5.759e-05
-8.0103e-05
-5.52408e-05
-5.71812e-05
-5.68507e-05
-8.24594e-05
-6.90564e-05
-7.99594e-05
-5.7244e-05
-5.72526e-05
-5.73136e-05
-7.96005e-05
-7.98832e-05
-5.69703e-05
-5.72371e-05
-5.69979e-05
-3.423e-05
-1.14687e-05
-3.45238e-05
-1.13389e-05
-3.4388e-05
-1.1166e-05
-1.18901e-05
-1.11761e-05
-1.17722e-05
-1.15766e-05
-3.38799e-05
-1.13215e-05
-1.14012e-05
-3.40168e-05
-1.13518e-05
-3.3675e-05
-1.13938e-05
-1.11992e-05
-3.40005e-05
-3.38995e-05
-1.13309e-05
-1.11019e-05
-1.13862e-05
-3.4122e-05
-1.14399e-05
-1.15418e-05
-1.13578e-05
-3.46529e-05
-1.15125e-05
-1.14279e-05
-1.13948e-05
-3.45763e-05
-3.43348e-05
-1.16356e-05
-1.13793e-05
-1.14318e-05
1.13263e-05
3.42912e-05
1.15179e-05
3.42148e-05
1.10516e-05
3.44904e-05
3.4264e-05
3.44117e-05
3.44241e-05
3.42778e-05
1.13166e-05
3.40639e-05
3.38469e-05
1.13353e-05
3.40425e-05
1.12156e-05
3.38724e-05
3.38945e-05
1.11567e-05
1.13662e-05
3.39676e-05
3.4011e-05
3.39437e-05
1.15452e-05
3.36765e-05
3.41083e-05
3.40481e-05
1.15992e-05
3.45052e-05
3.44382e-05
3.44613e-05
1.17718e-05
1.12631e-05
3.41271e-05
3.43424e-05
3.42472e-05
5.69889e-05
7.97281e-05
5.71574e-05
7.96384e-05
5.68691e-05
7.98025e-05
7.96483e-05
7.93274e-05
7.98243e-05
7.75276e-05
9.13086e-05
5.5234e-05
8.01807e-05
6.87291e-05
5.48979e-05
8.25703e-05
8.25672e-05
5.50892e-05
7.97488e-05
5.49557e-05
5.75233e-05
7.99169e-05
5.71714e-05
8.01318e-05
7.77934e-05
6.86403e-05
8.2597e-05
8.23924e-05
5.73595e-05
7.97822e-05
7.99479e-05
7.97592e-05
5.71295e-05
5.72141e-05
7.97366e-05
7.96896e-05
7.94146e-05
0.000100001
0.000101046
0.000100948
0.000115009
0.000125038
0.000128056
0.000128103
0.000114381
0.000125097
0.000128077
0.000127968
0.000104795
0.0001241
0.000126494
0.000123563
0.000103125
0.000103436
0.000123713
0.00013755
0.000126211
0.000123475
0.000102932
0.000123168
0.000102485
0.000123906
0.000103464
0.000123319
0.000126235
0.000136843
0.000123982
0.000126562
0.000137304
0.000127089
0.000103249
0.000127715
0.000125239
0.000127841
0.000100806
0.000114549
0.000102989
0.000128065
0.000125006
0.000146917
0.000149375
0.000169467
0.000149523
0.000169759
0.000160598
0.000172198
0.000174391
0.000183981
0.000172074
0.00017479
0.000183914
0.000169576
0.000182181
0.00014787
0.00017173
0.000169102
0.000150838
0.000168943
0.000182291
0.00014789
0.000171551
0.000168829
0.000150586
0.00015018
0.000169072
0.000169649
0.000171656
0.000150608
0.000169206
0.000172
0.00016964
0.000182548
0.000160166
0.000172141
0.00017447
0.000146847
0.000169583
0.000160142
0.000147101
0.000172141
0.000184008
0.000174377
0.000146606
0.000169682
0.000196078
0.000198168
0.000216345
0.000198019
0.000216603
0.000207478
0.00021854
0.000221095
0.000230167
0.000218245
0.000220824
0.000229699
0.000220763
0.000220215
0.000219688
0.000219403
0.00022014
0.000221604
0.000222041
0.000217154
0.000227845
0.000196376
0.000218828
0.000213558
0.000232409
0.000217728
0.000228515
0.000193833
0.000205538
0.000196091
0.000218655
0.000213482
0.00019092
0.000191628
0.000193948
0.00020551
0.000213183
0.00021729
0.000218663
0.000205574
0.000213397
0.000218786
0.000216993
0.000228236
0.00023188
0.000231002
0.000221658
0.000221196
0.000220296
0.000219603
0.000219723
0.000220496
0.000221164
0.000207508
0.000218409
0.000221202
0.000193435
0.000216359
0.000207653
0.000195615
0.000218983
0.000230093
0.000221158
0.00019322
0.000216164
0.000240987
0.000242043
0.000241676
0.000250731
0.000254295
0.000261003
0.000261849
0.000265066
0.000252806
0.000260454
0.000264006
0.000269358
0.000271777
0.000263474
0.000266318
0.000269573
0.000272496
0.00027301
0.000272449
0.000272722
0.000271717
0.000264732
0.000272916
0.00027032
0.000262409
0.000262523
0.000268813
0.000259526
0.000266533
0.000264348
0.000271533
0.000256276
0.00025415
0.000241661
0.000262423
0.000260858
0.000269393
0.000251679
0.000250249
0.000236405
0.000259387
0.000258599
0.000267932
0.000248851
0.000248055
0.000235177
0.000258696
0.000259266
0.000268444
0.000247784
0.000247974
0.000234916
0.000260033
0.000261521
0.000270548
0.000249053
0.000250633
0.000236831
0.000263625
0.000265613
0.000272259
0.000252974
0.000255427
0.000242548
0.00026746
0.000274703
0.000257964
0.000263949
0.000270799
0.00026128
0.000272748
0.000272481
0.000264358
0.000272673
0.000266346
0.000262202
0.000270278
0.000273924
0.000273827
0.000251925
0.000265001
0.000261177
0.000272477
0.000263265
0.000270293
0.000239533
0.000256642
0.000252629
0.000242646
0.000265905
0.000261953
0.000240036
0.00024249
0.000245185
0.000244296
0.000252281
0.000255769
0.000261146
0.00026306
0.000265189
0.000254886
0.000260675
0.000264413
0.000261966
0.000269461
0.000271451
0.000271049
0.000272797
0.000273111
0.000272815
0.000272617
0.00026659
0.000271079
0.000263835
0.000267439
0.000272825
0.000257637
0.000246273
0.000263666
0.000269197
0.000260541
0.000265688
0.000263694
0.00027101
0.000255468
0.000253224
0.000238986
0.000261919
0.00026044
0.000269399
0.000251306
0.000249694
0.000236403
0.000259361
0.000258844
0.000268064
0.00024837
0.000248016
0.000234861
0.000258878
0.000259642
0.000268616
0.000247955
0.000248616
0.000235392
0.000260917
0.000262573
0.000271246
0.00025007
0.000251949
0.000238218
0.000264547
0.000265932
0.000272267
0.000254323
0.000256101
0.000244377
0.000261946
0.000274623
0.000268124
0.000259151
0.00027088
0.000262283
0.000272054
0.000272402
0.000264996
0.000273659
0.000256862
0.000263581
0.000266876
0.000273956
0.000272687
0.000249896
0.000264385
0.000260279
0.000272626
0.000261416
0.000270003
0.00023722
0.000253735
0.000250411
0.000240813
0.000264603
0.000260451
0.000236933
-0.000269292
-0.000271923
-0.000271862
-0.000272812
-0.000273049
-0.000273128
-0.000271821
-0.000269793
-0.000270757
-0.000271564
-0.000273842
-0.000269746
-0.000271823
-0.000270999
-0.000273471
-0.000274487
-0.000272916
-0.000270055
-0.000269826
-0.000272044
-0.000272006
-0.000273157
-0.000272757
-0.000272872
-0.000271831
-0.000269193
-0.000269672
-0.00026915
-0.000272576
-0.000273627
-0.000269704
-0.00027194
-0.000269463
-0.000273143
-0.000272866
-0.000271954
-0.000269335
-0.000236657
-0.000240468
-0.000229908
-0.000241885
-0.000236973
-0.00024204
-0.000240644
-0.000230216
-0.000250368
-0.000254676
-0.000261917
-0.000265156
-0.00025441
-0.000264938
-0.000263311
-0.000261207
-0.000263418
-0.000256568
-0.000253197
-0.000245372
-0.000239898
-0.000254967
-0.000243546
-0.000249926
-0.000240699
-0.000236196
-0.000230538
-0.000249913
-0.000238706
-0.000236024
-0.000240893
-0.000226715
-0.000228649
-0.000229488
-0.000251397
-0.000242468
-0.000237867
-0.000256949
-0.000240976
-0.00024535
-0.000228785
-0.000241889
-0.00023173
-0.000264837
-0.000251829
-0.000255227
-0.000262498
-0.000238995
-0.000243969
-0.000264524
-0.000253006
-0.00026201
-0.000242803
-0.000263674
-0.000245809
-0.000240152
-0.00022788
-0.000256551
-0.000252671
-0.000262226
-0.000242477
-0.000231924
-0.000245109
-0.000227725
-0.000239422
-0.000227898
-0.000239337
-0.000242609
-0.000232011
-0.000245228
-0.00023975
-0.000245451
-0.000242737
-0.000232085
-0.000252306
-0.000255643
-0.000262982
-0.000265176
-0.000256681
-0.00026622
-0.000261872
-0.000260833
-0.000261359
-0.000255108
-0.000251974
-0.000243631
-0.000241921
-0.000238826
-0.000253605
-0.000245069
-0.000240316
-0.000231373
-0.000228624
-0.000242753
-0.000237228
-0.000233295
-0.000227509
-0.000226133
-0.00024043
-0.000230994
-0.00025203
-0.000235417
-0.000238856
-0.000226689
-0.000260313
-0.000243951
-0.000250291
-0.000241283
-0.000230784
-0.000236576
-0.000266323
-0.000252641
-0.000257102
-0.000263891
-0.000240071
-0.000245639
-0.000265792
-0.00025098
-0.000260665
-0.00024111
-0.000261986
-0.000241945
-0.000237187
-0.000254507
-0.000250677
-0.000260453
-0.000240871
-0.000229856
-0.000241842
-0.000236481
-0.000215463
-0.000192451
-0.000195092
-0.000183489
-0.000197374
-0.00021593
-0.000193136
-0.000198134
-0.000195368
-0.000183727
-0.000218535
-0.000207181
-0.000216066
-0.000197553
-0.000220181
-0.000216537
-0.000206605
-0.000194667
-0.000195511
-0.000192133
-0.000214239
-0.00019937
-0.000195713
-0.000184483
-0.000181436
-0.000207236
-0.000193795
-0.000192435
-0.000205119
-0.00019046
-0.000189911
-0.000204956
-0.000189192
-0.000189191
-0.000208682
-0.000190729
-0.000193442
-0.000214417
-0.000195003
-0.000196768
-0.000193878
-0.000182681
-0.000222426
-0.000204497
-0.000207745
-0.000218199
-0.000189918
-0.000193067
-0.000218412
-0.000196837
-0.000212987
-0.000193902
-0.000196161
-0.000182767
-0.000216854
-0.000190951
-0.000204347
-0.000213068
-0.000192253
-0.000194859
-0.000191969
-0.000192554
-0.000191371
-0.000204555
-0.000217048
-0.00021773
-0.000192202
-0.000194873
-0.000205376
-0.000218549
-0.000193578
-0.000196175
-0.000218287
-0.000214197
-0.000196939
-0.000218869
-0.000207918
-0.000204977
-0.000192926
-0.000193736
-0.000189714
-0.000213421
-0.000196567
-0.000194641
-0.000182853
-0.000206394
-0.000193106
-0.000190798
-0.00020469
-0.000189789
-0.000189388
-0.000206246
-0.0001898
-0.000190614
-0.000212374
-0.00019265
-0.000193941
-0.000216696
-0.000195757
-0.000199416
-0.00018177
-0.000195553
-0.000185118
-0.000216437
-0.000206062
-0.000212905
-0.000192189
-0.00019466
-0.000220143
-0.00019736
-0.000207393
-0.000220615
-0.000195732
-0.000197761
-0.000193223
-0.000218334
-0.000207179
-0.000220461
-0.000195259
-0.000183682
-0.000197358
-0.000192722
-0.000168892
-0.00014592
-0.000148282
-0.000169339
-0.000146601
-0.000149118
-0.00014694
-0.000171504
-0.00015939
-0.000172239
-0.000151816
-0.000171487
-0.000166768
-0.000148882
-0.000148213
-0.000172406
-0.000153106
-0.000160691
-0.000149458
-0.000146395
-0.000138547
-0.000170766
-0.000151154
-0.000149869
-0.000136184
-0.000171061
-0.000149774
-0.00015122
-0.00013592
-0.000173554
-0.000153175
-0.000159132
-0.000148672
-0.000137818
-0.000144333
-0.000172221
-0.00016165
-0.000168577
-0.000146811
-0.000148885
-0.000173685
-0.000149549
-0.000150365
-0.00015113
-0.000146399
-0.000174078
-0.000160725
-0.00017412
-0.000148924
-0.00013694
-0.000151056
-0.000146863
-0.000171657
-0.000147011
-0.000148281
-0.000136358
-0.000150888
-0.00017164
-0.000146569
-0.000151017
-0.000150502
-0.000137435
-0.000173982
-0.000160639
-0.000170702
-0.000149682
-0.000175959
-0.000172041
-0.000161333
-0.000148816
-0.000146339
-0.000171754
-0.000153755
-0.000158796
-0.000148875
-0.000143711
-0.000138625
-0.000170506
-0.000151191
-0.000149701
-0.000136303
-0.000171492
-0.000149876
-0.000151435
-0.000136265
-0.000174099
-0.000154023
-0.000160045
-0.000171227
-0.00014927
-0.000139222
-0.000145878
-0.000170109
-0.000147943
-0.000149061
-0.000174776
-0.00015188
-0.000159615
-0.000174085
-0.00014707
-0.00014915
-0.00014616
-0.000171769
-0.000159361
-0.000173832
-0.00014595
-0.000148677
-0.000126011
-0.000126548
-0.000102631
-0.00010564
-9.22968e-05
-0.000106022
-0.000114118
-0.000127678
-0.000100322
-0.000102803
-0.000125762
-0.000103382
-0.000124009
-0.000103013
-0.000102309
-0.000130825
-0.000126261
-0.000116483
-0.000101996
-0.000101283
-0.000126622
-0.000116883
-0.000121148
-0.000101453
-0.000102237
-0.000125059
-0.000102305
-0.000102897
-0.000126419
-0.000102989
-0.000105423
-0.000125549
-0.00010307
-0.000103185
-0.000102442
-0.000123366
-0.000125711
-0.000102619
-0.000103194
-0.000100981
-0.000101269
-0.000123193
-0.000102889
-0.000123736
-0.000102393
-0.000103368
-0.000103165
-0.00010312
-0.000128716
-0.000125475
-0.000105311
-0.000103164
-0.000123178
-0.000102692
-0.00010203
-0.000131402
-0.000126042
-0.000116451
-0.000101807
-0.00010067
-0.00012616
-0.000116635
-0.000121202
-0.000101133
-0.000102119
-0.00012528
-0.000102124
-0.000102892
-0.000128334
-0.0001032
-0.000125252
-0.000100485
-0.000102929
-0.000126195
-0.000105517
-0.000124142
-9.14389e-05
-0.000105016
-0.000101759
-7.7665e-05
-5.65216e-05
-7.78188e-05
-5.67144e-05
-5.6851e-05
-5.7243e-05
-5.68364e-05
-8.03591e-05
-5.9007e-05
-7.99183e-05
-5.69995e-05
-5.73171e-05
-7.94063e-05
-5.71246e-05
-5.68816e-05
-7.96401e-05
-5.68213e-05
-5.69784e-05
-8.00275e-05
-5.71027e-05
-5.72463e-05
-5.72306e-05
-6.87548e-05
-8.23424e-05
-5.45272e-05
-5.71283e-05
-8.04953e-05
-8.07493e-05
-5.99494e-05
-4.62558e-05
-5.9132e-05
-5.7314e-05
-7.99275e-05
-5.74772e-05
-8.01066e-05
-5.73062e-05
-5.48331e-05
-8.10118e-05
-5.96791e-05
-4.56499e-05
-5.95558e-05
-8.0514e-05
-5.71494e-05
-7.98631e-05
-5.72821e-05
-5.71161e-05
-7.93823e-05
-5.70598e-05
-5.69379e-05
-7.9741e-05
-5.69411e-05
-5.70814e-05
-8.02929e-05
-5.73998e-05
-5.73289e-05
-5.91326e-05
-8.00687e-05
-5.70789e-05
-5.70021e-05
-5.67018e-05
-7.76443e-05
-7.98084e-05
-5.67109e-05
-5.69891e-05
-3.41405e-05
-1.14066e-05
-3.40875e-05
-1.12897e-05
-1.13481e-05
-1.14044e-05
-1.15242e-05
-3.46561e-05
-1.15535e-05
-1.16054e-05
-3.42175e-05
-1.14598e-05
-1.14219e-05
-3.42504e-05
-1.14e-05
-1.14141e-05
-3.43535e-05
-1.14197e-05
-1.13835e-05
-1.13975e-05
-1.16653e-05
-3.27405e-05
-1.13498e-05
-1.10133e-05
-3.22108e-05
-1.09968e-05
-1.15499e-05
-9.80172e-06
-3.20632e-05
-3.45007e-05
-1.01297e-05
-1.07853e-05
-1.16879e-05
-3.43628e-05
-1.10729e-05
-1.14485e-05
-1.13395e-05
-3.45329e-05
-1.13163e-05
-3.42857e-05
-1.14914e-05
-1.14891e-05
-3.42355e-05
-1.14247e-05
-1.14093e-05
-3.43087e-05
-1.14145e-05
-1.14643e-05
-3.49491e-05
-1.16042e-05
-1.14525e-05
-3.44e-05
-1.1698e-05
-1.12908e-05
-1.14631e-05
-3.43297e-05
-3.42941e-05
-1.15065e-05
-1.15746e-05
1.14048e-05
3.41853e-05
1.14836e-05
3.44046e-05
3.41376e-05
3.43602e-05
3.43215e-05
1.14397e-05
3.47017e-05
3.45006e-05
1.14293e-05
3.43485e-05
3.42598e-05
1.14339e-05
3.42516e-05
3.42938e-05
1.14167e-05
3.42925e-05
3.43776e-05
3.44945e-05
3.38742e-05
1.12941e-05
3.42286e-05
3.22796e-05
1.08735e-05
3.23113e-05
4.57862e-05
9.78151e-06
3.44856e-05
1.09705e-05
1.16915e-05
3.19228e-05
3.44155e-05
1.14066e-05
3.22833e-05
3.42653e-05
3.34888e-05
4.58435e-05
1.14547e-05
3.43102e-05
1.14416e-05
3.44072e-05
3.4323e-05
1.14136e-05
3.42359e-05
3.42294e-05
1.14411e-05
3.42685e-05
3.43774e-05
1.1388e-05
3.45574e-05
3.45021e-05
1.16183e-05
3.46034e-05
3.42391e-05
3.41506e-05
1.14478e-05
1.14543e-05
3.42572e-05
3.42761e-05
5.66008e-05
7.79817e-05
5.65305e-05
7.76744e-05
8.02039e-05
9.19641e-05
7.9475e-05
8.00316e-05
5.9929e-05
8.10172e-05
5.72581e-05
8.04549e-05
7.99726e-05
5.6976e-05
7.95049e-05
7.91071e-05
5.70265e-05
7.92992e-05
7.96633e-05
5.72675e-05
7.9803e-05
8.03127e-05
8.06147e-05
6.88463e-05
8.26275e-05
8.21107e-05
8.02937e-05
5.92286e-05
5.94304e-05
8.06662e-05
8.06873e-05
7.99016e-05
5.73727e-05
8.00606e-05
5.73132e-05
8.01505e-05
5.98633e-05
8.07501e-05
8.08246e-05
8.22204e-05
8.2738e-05
5.73188e-05
8.03837e-05
5.71117e-05
8.00695e-05
7.97629e-05
5.70175e-05
7.9754e-05
7.97252e-05
5.71587e-05
7.97133e-05
7.99396e-05
5.71916e-05
8.00066e-05
8.03441e-05
8.05566e-05
5.70978e-05
7.97031e-05
7.99641e-05
7.7994e-05
5.65049e-05
5.68702e-05
7.77312e-05
9.16066e-05
7.98979e-05
0.000105973
0.000105418
0.000124535
0.000125834
0.00012674
0.000113146
0.000125338
0.000127793
0.000127472
0.000103437
0.000128135
0.000125954
0.000102103
0.000125419
0.000139021
0.000123664
0.000131228
0.000116771
0.000101119
0.000126011
0.000136507
0.000121589
0.000131243
0.000116587
0.00010173
0.000125743
0.000135816
0.000120828
0.000102793
0.000138007
0.000122958
0.000124734
0.000105464
0.000125501
0.00012641
0.000128357
0.000103272
0.0001235
0.000125881
0.000123031
0.000102905
0.000103183
0.000123847
0.000136712
0.000125709
0.000101083
0.000102668
0.000123606
0.00010271
0.000123204
0.00012556
0.000136593
0.000123465
0.000125745
0.000137108
0.000128428
0.000103073
0.000126321
0.00012559
0.000101862
0.00012491
0.000138406
0.0001234
0.000131216
0.000116528
0.000101161
0.000125706
0.000136111
0.000121136
0.000131004
0.000116592
0.000102302
0.000126029
0.000136377
0.000121342
0.000103041
0.000138554
0.000123685
0.000125509
0.00012573
0.00012796
0.000127526
0.000103043
0.000127779
0.000125409
0.000105023
0.000125968
0.00010216
0.000126525
0.000124442
0.000146021
0.000148503
0.000169212
0.000149144
0.000169292
0.000159638
0.000171565
0.000173741
0.000183536
0.000172013
0.00017428
0.00018397
0.000151324
0.000174798
0.000172273
0.000148044
0.000185098
0.00016991
0.000171319
0.000181882
0.000167216
0.000153722
0.000174295
0.000172227
0.000149544
0.000160683
0.000150016
0.000171406
0.000170594
0.000151009
0.000170424
0.000171251
0.000171891
0.000173929
0.000148214
0.000158742
0.000143499
0.000176705
0.000162014
0.000148839
0.000172492
0.000183122
0.000168984
0.000170932
0.000173605
0.000169294
0.000181867
0.000146428
0.000171477
0.000160905
0.000148663
0.000173793
0.000174328
0.00014697
0.000171387
0.000148587
0.00015117
0.000171613
0.000150847
0.000171655
0.000169411
0.000161165
0.000173199
0.00017432
0.000149241
0.000173804
0.000170933
0.000175913
0.000161464
0.000146803
0.000172174
0.000182985
0.000168991
0.000153186
0.000173469
0.000171662
0.000148905
0.000158977
0.00014956
0.000171048
0.000170395
0.000151418
0.000170596
0.000171456
0.000172355
0.00017477
0.000148992
0.000160045
0.000145641
0.000171006
0.000148997
0.000181381
0.000167044
0.000184245
0.000170262
0.000172401
0.000175024
0.000159968
0.000171842
0.000174039
0.000146436
0.000169063
0.000159586
0.000146438
0.000171501
0.000183891
0.000173749
0.000169068
0.000195211
0.000197283
0.000215328
0.000197935
0.000215669
0.000207452
0.0002184
0.000220654
0.000229176
0.000218731
0.000221138
0.000229901
0.000197395
0.00021998
0.000231024
0.000216225
0.000220069
0.000206186
0.000195632
0.000192006
0.000216527
0.000226809
0.000212677
0.000195895
0.000216691
0.000213565
0.000228455
0.000207041
0.00019242
0.000216588
0.00021191
0.000205055
0.000189506
0.00020558
0.000189909
0.000208197
0.000193404
0.000217053
0.000196834
0.000212386
0.00021427
0.000229134
0.000194012
0.000218745
0.000222761
0.000204855
0.000208203
0.000192937
0.000218008
0.000228021
0.000213761
0.000231702
0.000218378
0.000217505
0.000228337
0.000195486
0.000218639
0.000212997
0.00023212
0.000216482
0.000227714
0.00019224
0.000204758
0.000194116
0.000217945
0.000212668
0.000192222
0.000191581
0.000192241
0.000205141
0.000213103
0.000216836
0.000217635
0.000204996
0.000212633
0.000218317
0.000216983
0.000227761
0.000231521
0.00023231
0.000197099
0.000231208
0.000218383
0.000218253
0.000228485
0.000214176
0.000222713
0.000218623
0.000233072
0.000208075
0.000204762
0.000194053
0.000190152
0.000194927
0.00021431
0.000213034
0.000217229
0.000226751
0.000206609
0.000190828
0.000204853
0.000189379
0.000205909
0.000190267
0.000194145
0.000216213
0.000211618
0.000225181
0.000198483
0.000213571
0.000216928
0.00023116
0.000195298
0.000220048
0.000206341
0.000194996
0.000216443
0.0002267
0.000213099
0.000230427
0.000216398
0.000220474
0.000207515
0.000218599
0.000220955
0.000192707
0.000216197
0.000207078
0.00019561
0.000218516
0.00023009
0.000220776
0.000192699
0.000215662
0.000240701
0.000241658
0.000242219
0.000250626
0.000254358
0.000260589
0.000261899
0.000265034
0.000254573
0.000260692
0.000264997
0.00026234
0.000269451
0.00027196
0.000271885
0.000272856
0.000273057
0.000273142
0.000271851
0.000265395
0.000263636
0.000270005
0.000261376
0.000266539
0.000263175
0.000270738
0.000256649
0.000253095
0.000240107
0.00025466
0.000243937
0.000261714
0.000259534
0.000240797
0.000249589
0.000249465
0.000235748
0.000251403
0.000237622
0.000256379
0.000245098
0.00026326
0.000241923
0.000261172
0.000264713
0.000271634
0.000251748
0.000254962
0.00024375
0.0002625
0.000273877
0.0002699
0.00026108
0.000271825
0.000264847
0.000264033
0.000270746
0.000273504
0.000274499
0.000252885
0.000266353
0.000262239
0.000273471
0.000264113
0.000271083
0.000239807
0.000256731
0.000252844
0.000242587
0.000266277
0.000261952
0.000239473
0.000242104
0.000245076
0.000245275
0.000252412
0.000256311
0.000261867
0.000263301
0.00026575
0.000256807
0.000261853
0.000265947
0.000263371
0.000269798
0.000272027
0.00027199
0.000273203
0.000272846
0.000272916
0.000271845
0.000264501
0.000262465
0.000269636
0.000260863
0.000265122
0.000261472
0.00026348
0.000269954
0.00025539
0.000251988
0.000241669
0.000238917
0.000253763
0.000240442
0.000252107
0.000238856
0.00026225
0.000260799
0.000269701
0.000240538
0.000250124
0.000236261
0.000264494
0.000266819
0.000272671
0.000253489
0.000257053
0.000245682
0.000263802
0.000273623
0.000270067
0.000261512
0.000271926
0.00026554
0.000261949
0.000269279
0.000273002
0.000272726
0.000250419
0.000265078
0.000260627
0.000271828
0.000261504
0.000269005
0.000237237
0.000254257
0.000250894
0.000241014
0.000264941
0.000260737
0.000236635
-0.000268582
-0.000271741
-0.000271937
-0.000272738
-0.000273096
-0.000272989
-0.000271699
-0.000269702
-0.000269573
-0.000270781
-0.000273686
-0.000266911
-0.000270521
-0.000270305
-0.000272977
-0.000273183
-0.000271893
-0.000269616
-0.00026925
-0.00027184
-0.000272095
-0.000273148
-0.00027274
-0.000272679
-0.00027178
-0.000269148
-0.000269129
-0.000271689
-0.000272875
-0.000269517
-0.000271678
-0.00026914
-0.000273002
-0.000272763
-0.000271785
-0.000269057
-0.000234991
-0.000239169
-0.000228497
-0.000240434
-0.000235485
-0.000240974
-0.000240221
-0.000229079
-0.0002488
-0.000252892
-0.000260557
-0.000262666
-0.000254161
-0.000264717
-0.000263316
-0.000261432
-0.000261238
-0.00025577
-0.000251954
-0.000244861
-0.00024187
-0.000239045
-0.000251933
-0.00024492
-0.000239435
-0.000242087
-0.000231596
-0.000227836
-0.000228171
-0.000241095
-0.000230663
-0.000253622
-0.000236752
-0.000241381
-0.00024
-0.000229139
-0.000262576
-0.000249584
-0.00025284
-0.000259909
-0.000236277
-0.000240936
-0.000262474
-0.000252241
-0.0002614
-0.000241563
-0.00026276
-0.00024425
-0.000238613
-0.000227538
-0.000255361
-0.000251519
-0.000261191
-0.000241382
-0.000230431
-0.00024276
-0.000237541
-0.000237617
-0.00024109
-0.000230217
-0.000242256
-0.00023898
-0.000244463
-0.000241792
-0.000231349
-0.000251596
-0.000255574
-0.000262658
-0.00026566
-0.000256652
-0.000265663
-0.000261559
-0.000260371
-0.000260236
-0.000253952
-0.000249747
-0.000241448
-0.000240298
-0.000236292
-0.000251099
-0.000241781
-0.000237104
-0.000241459
-0.000229528
-0.000226628
-0.000242544
-0.000232231
-0.000256122
-0.000239572
-0.000244937
-0.000227635
-0.000241997
-0.000231794
-0.000264809
-0.000251856
-0.00025553
-0.000262709
-0.000239208
-0.000244661
-0.000265231
-0.000249584
-0.000260136
-0.000239721
-0.000261398
-0.000241015
-0.000236023
-0.000253775
-0.000249815
-0.000260212
-0.00023965
-0.000228434
-0.000240668
-0.000235261
-0.00021514
-0.000192488
-0.000196627
-0.000194472
-0.000181932
-0.000217388
-0.000206567
-0.000217185
-0.000212822
-0.000194515
-0.000213551
-0.000196452
-0.000205767
-0.000194123
-0.000192002
-0.000183174
-0.000195232
-0.00019218
-0.00018417
-0.000205897
-0.000194021
-0.000191875
-0.000216018
-0.000194802
-0.000197538
-0.000195236
-0.000183961
-0.000217746
-0.000206528
-0.000215904
-0.000192811
-0.000197732
-0.000192582
-0.000193394
-0.000218867
-0.000208024
-0.000221601
-0.000196018
-0.00018439
-0.000198499
-0.000193285
-0.000216619
-0.000193703
-0.000196243
-0.000184152
-0.000198513
-0.000205704
-0.000217858
-0.000192813
-0.000193333
-0.000218675
-0.000207348
-0.000220169
-0.000220953
-0.000218354
-0.000207517
-0.000197232
-0.000195555
-0.000193145
-0.000212795
-0.000197474
-0.000194554
-0.00018336
-0.000194184
-0.000191863
-0.000182742
-0.000206648
-0.000195295
-0.000192427
-0.000218767
-0.000196484
-0.000206026
-0.000217009
-0.000194492
-0.000182363
-0.000191958
-0.000217813
-0.000194602
-0.00020697
-0.000219992
-0.000194967
-0.000196916
-0.000191952
-0.00021724
-0.000206626
-0.00022051
-0.000152003
-0.000154637
-0.000174332
-0.000169961
-0.000169551
-0.000150883
-0.000150815
-0.000148252
-0.000169705
-0.00015123
-0.000149014
-0.000138186
-0.000149218
-0.00014659
-0.000137527
-0.000159339
-0.000146921
-0.00014574
-0.000171653
-0.000148282
-0.000151191
-0.000149056
-0.000137141
-0.000172402
-0.000160506
-0.000169317
-0.000146144
-0.000149219
-0.000160903
-0.000174518
-0.000147318
-0.000149652
-0.000147
-0.000172404
-0.000160333
-0.000174371
-0.000147335
-0.000149595
-0.000147055
-0.000169766
-0.000146927
-0.000147021
-0.000149454
-0.000169744
-0.000147286
-0.000149716
-0.000147065
-0.000172684
-0.000161298
-0.000174184
-0.000174515
-0.000171986
-0.000160208
-0.000149334
-0.000148716
-0.000146109
-0.000168644
-0.000150942
-0.000148277
-0.000136633
-0.000146709
-0.0001465
-0.000160623
-0.000149265
-0.00014643
-0.000172722
-0.000149274
-0.00015196
-0.000169998
-0.000151435
-0.000138546
-0.000172055
-0.00014847
-0.000150995
-0.000172301
-0.000152375
-0.000153964
-0.000140111
-0.000126659
-0.000105065
-0.000128221
-0.000125871
-0.00011414
-0.000102691
-0.000100183
-0.00010036
-0.000122989
-0.000102993
-0.000102621
-0.000100805
-0.000100807
-0.000102941
-9.13007e-05
-0.000125359
-0.000100636
-0.000103092
-0.000103786
-0.000123397
-0.000123216
-0.000103079
-0.00010245
-0.000127944
-0.000102916
-0.00012547
-0.00010137
-0.000103504
-0.000127711
-0.000100717
-0.000114223
-0.000125325
-0.000100629
-0.000103447
-0.00010109
-0.000101351
-0.00010076
-0.000114616
-0.000128083
-0.000128315
-0.000100431
-0.00010358
-0.000114687
-0.000128071
-0.000100606
-0.000103385
-0.000125427
-0.000102882
-0.000125882
-0.000103437
-0.000123634
-0.00010288
-0.000102673
-0.000115053
-0.000103197
-0.000100856
-0.00010315
-0.000113945
-0.000100309
-0.000100564
-0.00012569
-0.00010261
-0.000103136
-0.000100744
-0.00012638
-0.000113973
-0.000124048
-0.000100123
-0.000102656
-0.000104871
-7.96211e-05
-7.93211e-05
-5.70342e-05
-5.7544e-05
-5.73963e-05
-7.99187e-05
-5.79784e-05
-5.74014e-05
-5.95611e-05
-5.69022e-05
-4.58464e-05
-7.76612e-05
-5.6821e-05
-5.64631e-05
-7.99959e-05
-5.71707e-05
-5.7356e-05
-5.53018e-05
-8.27527e-05
-6.86561e-05
-7.99821e-05
-5.49411e-05
-5.74993e-05
-5.80123e-05
-8.05165e-05
-5.82756e-05
-5.80946e-05
-5.75506e-05
-8.00241e-05
-8.00225e-05
-5.72732e-05
-5.72883e-05
-5.73918e-05
-7.96858e-05
-5.73413e-05
-7.98613e-05
-5.73888e-05
-7.97188e-05
-5.71413e-05
-5.75771e-05
-5.81165e-05
-5.76405e-05
-8.01166e-05
-5.76161e-05
-8.2163e-05
-8.2416e-05
-6.89631e-05
-5.76165e-05
-5.50169e-05
-5.53257e-05
-7.98102e-05
-5.74028e-05
-5.70976e-05
-5.70346e-05
-5.67091e-05
-7.94925e-05
-6.01288e-05
-5.70214e-05
-8e-05
-5.71938e-05
-5.7926e-05
-7.95612e-05
-5.7576e-05
-8.00614e-05
-5.73153e-05
-5.6913e-05
-3.72047e-05
-3.42052e-05
-1.14943e-05
-1.16199e-05
-3.44424e-05
-1.17507e-05
-2.33879e-05
-9.37501e-06
-9.92051e-06
-3.22437e-05
-1.12972e-05
-1.08973e-05
-1.15818e-05
-3.42402e-05
-1.13115e-05
-1.15817e-05
-3.43814e-05
-1.1565e-05
-1.12614e-05
-3.35655e-05
-1.14581e-05
-3.42653e-05
-1.13545e-05
-1.1869e-05
-2.26804e-05
-3.65725e-05
-9.48856e-06
-1.15151e-05
-3.4511e-05
-3.46759e-05
-1.19712e-05
-1.19841e-05
-1.13846e-05
-9.99575e-06
-3.42371e-05
-9.72758e-06
-1.1443e-05
-3.43048e-05
-1.15621e-05
-1.03819e-05
-3.46627e-05
-1.20121e-05
-1.17037e-05
-3.68049e-05
-3.38714e-05
-3.37336e-05
-1.1705e-05
-1.15761e-05
-1.1335e-05
-3.43885e-05
-1.1469e-05
-1.1332e-05
-1.16576e-05
-1.14312e-05
-1.09983e-05
-3.4304e-05
-1.089e-05
-1.13451e-05
-3.62939e-05
-1.17409e-05
-2.31571e-05
-3.69097e-05
-9.54294e-06
-1.01053e-05
-3.43551e-05
-1.16994e-05
-1.14415e-05
1.17087e-05
3.43509e-05
3.68722e-05
3.42204e-05
1.17553e-05
3.65411e-05
3.46397e-05
9.80848e-06
2.30555e-05
1.07043e-05
3.42095e-05
3.22216e-05
3.2086e-05
4.62564e-05
1.13219e-05
3.38856e-05
3.44816e-05
1.14269e-05
3.43509e-05
3.41515e-05
1.1375e-05
3.36557e-05
1.17916e-05
3.3707e-05
3.41739e-05
3.7252e-05
2.30676e-05
3.7009e-05
3.6562e-05
3.44453e-05
1.18097e-05
1.22352e-05
3.48826e-05
3.42574e-05
9.60712e-06
3.43656e-05
1.15875e-05
3.44294e-05
1.15796e-05
3.44153e-05
1.16492e-05
3.48005e-05
3.43292e-05
3.76515e-05
3.63094e-05
3.6714e-05
1.15125e-05
1.13889e-05
3.4197e-05
3.36611e-05
3.37106e-05
1.13325e-05
3.44169e-05
3.44455e-05
3.45724e-05
3.41542e-05
3.20838e-05
1.13637e-05
3.22061e-05
3.43704e-05
3.45784e-05
3.64847e-05
9.87391e-06
2.27045e-05
9.60754e-06
3.65454e-05
1.16322e-05
3.42298e-05
3.44307e-05
5.77742e-05
5.72316e-05
8.00248e-05
7.93921e-05
7.97126e-05
5.73987e-05
8.00846e-05
8.00223e-05
7.98995e-05
7.97546e-05
5.67715e-05
7.79923e-05
7.78072e-05
9.12413e-05
5.74092e-05
7.98304e-05
8.01155e-05
5.50411e-05
8.27072e-05
6.92693e-05
5.74525e-05
8.27356e-05
7.99963e-05
8.00289e-05
5.79858e-05
7.97456e-05
8.03594e-05
7.99435e-05
5.73456e-05
5.7314e-05
7.9658e-05
8.02277e-05
7.97542e-05
5.72759e-05
7.96444e-05
5.74224e-05
7.9872e-05
5.72652e-05
7.96216e-05
8.00136e-05
7.9909e-05
8.02254e-05
5.80103e-05
7.99112e-05
8.27166e-05
6.8708e-05
5.5091e-05
5.49433e-05
8.2098e-05
7.99229e-05
5.70652e-05
7.99479e-05
7.95715e-05
7.78923e-05
7.73471e-05
5.70556e-05
8.04887e-05
7.97183e-05
5.81992e-05
8.00208e-05
8.00608e-05
5.74712e-05
8.00758e-05
5.6929e-05
7.96655e-05
8.00099e-05
0.000104795
0.000126687
0.000128775
0.000114331
0.000101007
0.000100047
0.000126365
0.000138053
0.000124089
0.00010251
0.000125543
0.00012347
0.0001256
0.000137686
0.000103191
0.000128055
0.000125319
0.00012596
0.000102821
0.000102328
0.000123341
0.00013701
0.000123441
0.000125469
0.000128019
0.000127712
0.000103371
0.000128514
0.000125232
0.000128249
0.000100735
0.000114448
0.000103511
0.000128028
0.000125566
0.000101229
0.000100693
0.000100611
0.00011418
0.00012551
0.000128045
0.000128315
0.000114512
0.000125599
0.000128437
0.000127493
0.000102862
0.000128159
0.00012551
0.000103115
0.000126049
0.000103184
0.000123325
0.000136728
0.000123327
0.000115058
0.000100674
0.000128112
0.000125213
0.000113608
0.000100504
0.000125551
0.000103094
0.000123101
0.000125508
0.000100609
0.000128522
0.000114262
0.00010263
0.000126096
0.00013828
0.000123711
0.0001268
0.000139832
0.000169951
0.000171979
0.000182877
0.000174418
0.000151155
0.000148419
0.00017186
0.000169794
0.000182779
0.000169591
0.000149395
0.000172614
0.000169853
0.000171932
0.000183622
0.00015923
0.000145888
0.000171308
0.000150734
0.000168872
0.00017179
0.000148605
0.00017452
0.000160528
0.000149212
0.000172103
0.000183191
0.000169313
0.000174107
0.00016093
0.000173868
0.000174267
0.000147263
0.000170048
0.000160863
0.00014715
0.000172431
0.000184167
0.000174727
0.000146993
0.000169951
0.000147349
0.000149684
0.000169962
0.000149552
0.000169694
0.00016086
0.000172696
0.000174966
0.000184204
0.000174064
0.000174021
0.000174125
0.000174969
0.00016089
0.000148798
0.00014617
0.00017225
0.00018402
0.000169414
0.000148209
0.000171656
0.000168839
0.000171412
0.000182885
0.000160859
0.000146575
0.000172497
0.000151925
0.00016968
0.000172606
0.000151745
0.000169779
0.000151521
0.000182624
0.000169295
0.000171788
0.000174228
0.000154046
0.000169973
0.000172492
0.000196702
0.000214869
0.000206941
0.000217604
0.000220717
0.000227982
0.000217689
0.000219602
0.000228574
0.000194677
0.000231493
0.000217933
0.000217185
0.000228077
0.000213172
0.000196398
0.000218625
0.000213476
0.000217099
0.000228007
0.000194364
0.000206128
0.000205739
0.000191827
0.000217032
0.000197082
0.000213157
0.000216311
0.000230829
0.000195177
0.00022086
0.000207059
0.000197744
0.000218132
0.000229337
0.000215633
0.000220047
0.000216639
0.000228031
0.000193338
0.000217695
0.000207277
0.000196021
0.000218622
0.000230637
0.0002213
0.000193323
0.000216519
0.000195523
0.000198431
0.000216072
0.000205166
0.000217709
0.000216881
0.000207313
0.000219111
0.000221218
0.000230901
0.000230947
0.000220416
0.000220731
0.000207137
0.000195543
0.000193086
0.000218356
0.000229766
0.000215593
0.00019442
0.000216098
0.00021219
0.00021663
0.000226715
0.000206462
0.000191995
0.000217319
0.00021364
0.000218594
0.000232288
0.000193992
0.000205602
0.00019208
0.000217283
0.000227895
0.0002132
0.000232024
0.000217805
0.000206457
0.000217916
0.000220019
0.000191943
0.000215063
0.000206489
0.000217515
0.000228744
0.000220438
0.000238792
0.000240049
0.000240849
0.000248801
0.000252868
0.000258926
0.000260661
0.000262972
0.00025408
0.000260035
0.000264666
0.000261638
0.000268722
0.000271769
0.000271984
0.000272818
0.00027318
0.000273027
0.00027175
0.000265705
0.000262711
0.00026919
0.000261268
0.000265128
0.000260995
0.000262801
0.000269315
0.000255609
0.000251843
0.000241685
0.000239112
0.00025198
0.000239402
0.000254014
0.000241389
0.000261593
0.000239795
0.000259356
0.000263014
0.000271078
0.000249343
0.000252942
0.000240798
0.000260435
0.000274319
0.000267814
0.000258913
0.000270943
0.000263053
0.000263468
0.000270017
0.00027293
0.000273242
0.000252285
0.000265775
0.000261379
0.000271971
0.000263082
0.000269589
0.000239131
0.000255761
0.000251478
0.000241115
0.000265789
0.000260737
0.000237738
0.00024148
0.000243026
0.000244298
0.000251953
0.000255888
0.000261349
0.000262814
0.000265821
0.00025588
0.000261178
0.00026534
0.000263115
0.000269364
0.000271887
0.000272014
0.000273121
0.000272696
0.000272748
0.000271738
0.000264465
0.000261242
0.00026896
0.000260154
0.000264532
0.000260493
0.000261483
0.000269394
0.000253679
0.000250106
0.000240464
0.00023636
0.00025053
0.000237074
0.000256205
0.000245118
0.000263015
0.000242321
0.000261187
0.000264966
0.000271675
0.000252138
0.000255451
0.000244614
0.000262579
0.000272704
0.000269123
0.000261082
0.000271712
0.000265064
0.000261865
0.000269251
0.000273037
0.000272749
0.00025029
0.000264961
0.000260464
0.000271856
0.00026146
0.000269278
0.000235908
0.000253559
0.000249512
0.000239703
0.000264476
0.000260055
0.000235486
-0.00027078
-0.000270685
-0.000272867
-0.000273905
-0.000273208
-0.000273177
-0.000270508
-0.000269641
-0.000271686
-0.000273031
-0.000269512
-0.000271953
-0.000269651
-0.00027285
-0.000272935
-0.000272085
-0.000269278
-0.000269327
-0.000272059
-0.000272078
-0.000272972
-0.000272837
-0.00027279
-0.000271858
-0.000269045
-0.000269163
-0.00027189
-0.000272698
-0.000269674
-0.000272269
-0.000268933
-0.000273498
-0.000272578
-0.000270754
-0.000253101
-0.000262993
-0.000265097
-0.000258112
-0.000263781
-0.000262431
-0.000261405
-0.000256371
-0.000252293
-0.000244947
-0.000242204
-0.000239742
-0.00025178
-0.000244839
-0.000239144
-0.000241857
-0.000231591
-0.000227735
-0.000227396
-0.000239832
-0.000229078
-0.000252879
-0.000236066
-0.000241101
-0.000240356
-0.000229465
-0.000264694
-0.000250283
-0.000254231
-0.000261941
-0.000236939
-0.000241773
-0.000265185
-0.000251022
-0.000260899
-0.000240988
-0.000261658
-0.000242481
-0.000237472
-0.000254161
-0.000250801
-0.000261063
-0.000240834
-0.000229883
-0.000242021
-0.000237469
-0.000237435
-0.000241312
-0.000230365
-0.000242161
-0.000237624
-0.000242455
-0.000241552
-0.000230384
-0.000250849
-0.000254262
-0.000261795
-0.000264945
-0.000254642
-0.000265067
-0.000261584
-0.000260483
-0.000260439
-0.000254093
-0.000250482
-0.000241807
-0.000240408
-0.000236856
-0.000249594
-0.000241298
-0.000235804
-0.000239918
-0.000228947
-0.000241791
-0.000231336
-0.000255789
-0.000239197
-0.000245051
-0.000227502
-0.000242192
-0.000231872
-0.000265581
-0.000252169
-0.000256523
-0.000263365
-0.000239733
-0.000245612
-0.000266348
-0.000248791
-0.00026529
-0.000258765
-0.000266814
-0.000216584
-0.000212333
-0.000194285
-0.000212847
-0.000194602
-0.000204693
-0.000191894
-0.000191921
-0.000191855
-0.000191784
-0.000195603
-0.000183374
-0.000215428
-0.000192914
-0.000197366
-0.000194993
-0.000183135
-0.000217691
-0.00020614
-0.000215758
-0.000192673
-0.000197615
-0.000208154
-0.000221499
-0.000196298
-0.00019837
-0.000193393
-0.000219021
-0.000208055
-0.000221549
-0.000196333
-0.000184407
-0.000198734
-0.000193803
-0.0001899
-0.000190985
-0.000216595
-0.000193912
-0.000195942
-0.000183412
-0.000197805
-0.000216706
-0.000193784
-0.000198685
-0.00019595
-0.000184059
-0.000218776
-0.000208229
-0.000220635
-0.000220725
-0.000218273
-0.000207345
-0.000197641
-0.000194964
-0.000192615
-0.000206734
-0.000197511
-0.000192831
-0.000194918
-0.000183387
-0.000204355
-0.000192021
-0.000191291
-0.000217754
-0.000194504
-0.000204997
-0.00021658
-0.000192012
-0.000192024
-0.000217908
-0.000194559
-0.000174488
-0.000174061
-0.000173752
-0.000160419
-0.000151536
-0.000148998
-0.000146569
-0.000161797
-0.000151727
-0.000146712
-0.00014887
-0.000136879
-0.000147209
-0.000169036
-0.000146575
-0.000148727
-0.000146623
-0.000171353
-0.000159608
-0.000168955
-0.000146039
-0.000148743
-0.00016022
-0.000174508
-0.000147143
-0.00014957
-0.000147268
-0.000172736
-0.000160959
-0.000174552
-0.000147421
-0.000149953
-0.000147155
-0.000171123
-0.000147181
-0.000147171
-0.000150028
-0.000169867
-0.000147068
-0.000149906
-0.000147453
-0.000172069
-0.000160264
-0.000173719
-0.000174045
-0.000171546
-0.000159676
-0.000148671
-0.000146293
-0.000146057
-0.000159488
-0.000148912
-0.000146486
-0.000146449
-0.000148894
-0.000136549
-0.000171525
-0.000146662
-0.000151326
-0.000149187
-0.000136786
-0.000173983
-0.000161477
-0.00017152
-0.000146534
-0.000151307
-0.000125917
-0.000103087
-0.000125835
-0.000103277
-0.000123516
-0.00010307
-0.000102753
-0.000105021
-0.000102443
-9.19273e-05
-0.000114515
-0.0001004
-0.000101104
-0.000126254
-0.000102849
-0.00010527
-0.000126171
-0.000105292
-9.17688e-05
-0.000126539
-0.000102915
-0.000105415
-0.000125437
-0.000100771
-0.000103506
-0.000127859
-0.000101211
-0.000114732
-0.000126076
-0.00010144
-0.000103669
-0.000102545
-0.000123505
-0.000102514
-0.000101264
-0.000114642
-0.000128126
-0.000128552
-0.000101507
-0.000103806
-0.000114691
-0.000128274
-0.000100792
-0.000103468
-0.000126153
-0.000125602
-0.000105338
-0.000105361
-0.000102828
-0.000125542
-0.00010523
-0.000103132
-9.14782e-05
-0.00010097
-0.000101371
-0.000123456
-0.000104637
-0.000102725
-0.000103313
-0.000123103
-0.000123374
-0.000103071
-0.00010272
-0.000103511
-8.21403e-05
-8.23728e-05
-8.25296e-05
-6.87903e-05
-5.75023e-05
-5.52251e-05
-5.47684e-05
-7.82454e-05
-5.72209e-05
-5.65911e-05
-5.654e-05
-7.95698e-05
-5.80172e-05
-5.7285e-05
-5.70633e-05
-7.79363e-05
-7.82883e-05
-5.66475e-05
-5.70632e-05
-5.698e-05
-8.01221e-05
-5.78919e-05
-5.79443e-05
-5.74141e-05
-5.5064e-05
-8.18709e-05
-6.88205e-05
-8.20937e-05
-5.5168e-05
-7.82158e-05
-5.74061e-05
-5.6932e-05
-8.0239e-05
-5.68771e-05
-5.46599e-05
-5.72274e-05
-7.95676e-05
-5.53008e-05
-5.74813e-05
-8.2174e-05
-6.88775e-05
-5.83193e-05
-5.76096e-05
-8.05308e-05
-5.71604e-05
-8.0222e-05
-5.71805e-05
-7.83223e-05
-5.6813e-05
-5.68657e-05
-5.76514e-05
-5.73593e-05
-5.68375e-05
-8.00969e-05
-5.66879e-05
-5.73304e-05
-5.52921e-05
-8.20718e-05
-6.84502e-05
-7.97875e-05
-5.50074e-05
-5.75114e-05
-3.3745e-05
-3.39141e-05
-1.13884e-05
-1.16735e-05
-1.13162e-05
-3.42023e-05
-1.13959e-05
-1.13056e-05
-1.163e-05
-9.59809e-06
-3.4216e-05
-1.02989e-05
-1.16341e-05
-1.14249e-05
-3.43255e-05
-3.43075e-05
-1.1475e-05
-1.14772e-05
-1.1453e-05
-2.3132e-05
-3.68068e-05
-9.63407e-06
-3.39505e-05
-1.16949e-05
-1.09765e-05
-3.33141e-05
-1.14314e-05
-3.42568e-05
-1.15715e-05
-1.14584e-05
-3.37112e-05
-3.41699e-05
-1.13899e-05
-1.14656e-05
-1.15372e-05
-3.39982e-05
-1.12565e-05
-1.17017e-05
-1.00502e-05
-3.42963e-05
-1.13949e-05
-3.42153e-05
-1.1463e-05
-3.42147e-05
-1.16825e-05
-1.12858e-05
-2.3477e-05
-1.16444e-05
-9.75264e-06
-9.6519e-06
-1.13499e-05
-3.42409e-05
-1.15171e-05
-1.14371e-05
-3.37125e-05
-1.15537e-05
-3.40916e-05
-1.1346e-05
-1.14219e-05
1.13639e-05
1.12723e-05
3.40192e-05
3.37681e-05
3.37728e-05
1.14062e-05
3.41737e-05
3.42256e-05
3.42395e-05
1.17099e-05
3.69581e-05
3.42562e-05
3.4398e-05
1.14255e-05
1.16031e-05
3.40959e-05
3.42371e-05
3.43997e-05
2.2886e-05
3.67899e-05
3.63531e-05
1.13661e-05
3.4162e-05
3.36611e-05
1.11777e-05
3.33277e-05
1.14972e-05
3.4174e-05
3.42063e-05
1.13551e-05
1.14101e-05
3.43968e-05
3.36793e-05
3.42713e-05
1.17795e-05
3.37218e-05
3.43325e-05
3.708e-05
3.65776e-05
1.16262e-05
3.43121e-05
1.12606e-05
3.41652e-05
1.16578e-05
3.4316e-05
3.4344e-05
2.33947e-05
1.01768e-05
3.71267e-05
3.42219e-05
3.40006e-05
1.14892e-05
3.42617e-05
3.39454e-05
1.1021e-05
3.40243e-05
1.13721e-05
3.36666e-05
3.38687e-05
8.26321e-05
8.22132e-05
6.89911e-05
5.51265e-05
5.5094e-05
8.23087e-05
7.98032e-05
5.68622e-05
7.999e-05
7.7511e-05
7.78539e-05
9.11479e-05
5.7348e-05
7.94868e-05
7.96047e-05
8.02529e-05
5.69634e-05
5.64312e-05
7.74623e-05
9.21892e-05
7.81275e-05
8.03291e-05
5.78576e-05
7.96529e-05
8.00388e-05
5.49844e-05
7.96805e-05
6.86801e-05
5.51251e-05
8.1931e-05
8.213e-05
5.68265e-05
8.01943e-05
7.80495e-05
5.4878e-05
5.73553e-05
7.78796e-05
8.03492e-05
5.73303e-05
7.95741e-05
6.85874e-05
8.20454e-05
8.2459e-05
7.96702e-05
8.03266e-05
5.68142e-05
8.05632e-05
5.71754e-05
8.02817e-05
5.67841e-05
7.78144e-05
9.21049e-05
7.8164e-05
7.9875e-05
7.97598e-05
7.74437e-05
5.72295e-05
7.7779e-05
8.00972e-05
5.49687e-05
8.21559e-05
6.85336e-05
5.74687e-05
8.2338e-05
7.98319e-05
8.20989e-05
0.000103243
0.000125871
0.000103092
0.000125868
0.000103058
0.000123112
0.000136549
0.0001234
0.000124312
0.000123749
0.0001143
0.000100563
0.000127895
0.000105584
0.000125413
0.000126263
0.000105675
0.000125994
0.00010582
0.000125865
0.000126376
0.000128395
0.000103437
0.000128688
0.000125367
0.000128242
0.000101376
0.000114907
0.00010371
0.000128559
0.000125931
0.00012404
0.00010277
0.000123908
0.000101001
0.000101757
0.000114927
0.000125932
0.000128245
0.000128477
0.000114795
0.000125525
0.000127931
0.000128136
0.000105685
0.000102819
0.000126166
0.000125938
0.00012576
0.000103006
0.000126411
0.000125498
0.000127846
0.000102451
0.000123858
0.000123726
0.000137349
0.000125878
0.000103085
0.000102737
0.000123005
0.000136805
0.000123317
0.000125992
0.000174578
0.000174628
0.000161805
0.000149197
0.000146474
0.000174258
0.000171502
0.000161463
0.000146728
0.000174419
0.000171423
0.00014877
0.000171981
0.000169307
0.000183834
0.000146508
0.000173566
0.00015945
0.0001485
0.000171335
0.00018374
0.000168901
0.000173966
0.000160609
0.000172429
0.000174675
0.00014704
0.00016987
0.000160099
0.000147178
0.000172095
0.000184115
0.000173889
0.000147158
0.000171137
0.000147399
0.000150045
0.00017121
0.000149667
0.000169867
0.000160485
0.000172194
0.000174364
0.000184945
0.000172473
0.000174806
0.000184289
0.000173905
0.00017387
0.000159669
0.000146464
0.000146148
0.00017147
0.00018323
0.000168857
0.000159325
0.000146176
0.000171505
0.000169065
0.000151395
0.000174001
0.000171575
0.000149122
0.000173851
0.000160848
0.000151362
0.000174159
0.000171462
0.000174471
0.000194624
0.000231182
0.000218016
0.000216868
0.000227779
0.000212573
0.000194347
0.000217604
0.000212323
0.000216569
0.000227634
0.000191989
0.000205034
0.000197787
0.000217938
0.000215388
0.000229012
0.000195186
0.000220158
0.000207101
0.000197565
0.000218017
0.000228718
0.000215564
0.000220465
0.000207811
0.000219023
0.00022145
0.000193476
0.000216909
0.000207254
0.000195861
0.000219074
0.000230378
0.000220832
0.000193921
0.000216741
0.000189724
0.000196279
0.000198845
0.000216495
0.000198536
0.000216633
0.000207974
0.000219288
0.000221368
0.000230305
0.000218758
0.000221326
0.000230377
0.000220203
0.000220169
0.000206709
0.000195299
0.000192788
0.000217803
0.000229174
0.000215596
0.000207128
0.000192984
0.000218173
0.000215599
0.000204455
0.000191458
0.000216727
0.000212546
0.000217753
0.000231381
0.000191699
0.000204511
0.000191637
0.000216609
0.00022759
0.000212739
0.000231472
0.000217999
0.000252926
0.00026321
0.000260465
0.000258332
0.000265407
0.000266915
0.00027108
0.00027095
0.000272851
0.000273894
0.000273328
0.000273189
0.000267146
0.000263559
0.000270375
0.000262348
0.000265497
0.000261435
0.000263371
0.000269958
0.000256039
0.000251962
0.000242014
0.00023958
0.000252289
0.000239089
0.000253391
0.000240811
0.000260933
0.00023979
0.000260362
0.000264617
0.000271773
0.000250046
0.000253737
0.000241692
0.00026141
0.000273019
0.000269162
0.000260599
0.000271893
0.000265245
0.000261872
0.000269199
0.000272812
0.000272924
0.000251287
0.00026522
0.00026098
0.000271987
0.000262156
0.000269514
0.000237226
0.000254652
0.000250801
0.000241006
0.000265126
0.000260759
0.00023764
0.00024114
0.000242307
0.000242641
0.000250842
0.000254791
0.000260698
0.00026193
0.000265093
0.000254989
0.000260737
0.000265214
0.000262508
0.000269077
0.000272079
0.000272125
0.000272945
0.00027283
0.000272769
0.000271942
0.000264746
0.00026164
0.000269224
0.000260593
0.000264799
0.000260558
0.000261543
0.000269279
0.000254297
0.000250273
0.000240355
0.000237009
0.000250227
0.00023671
0.00025551
0.000244728
0.000262638
0.000242272
0.000261363
0.000265598
0.000271901
0.000252605
0.000256228
0.000245249
0.000263226
0.000272727
0.000270066
0.000261933
0.000272354
0.000266609
0.000260832
0.000268753
0.000273431
0.000272372
0.000248955
0.000263189
0.000258843
0.000265227
0.000270366
0.00026701
-0.00027376
-0.000272155
-0.000270704
-0.000271243
-0.000272038
-0.000272904
-0.000269234
-0.000272075
-0.000269797
-0.00027293
-0.000272864
-0.000271986
-0.000269462
-0.000269707
-0.000271921
-0.000271915
-0.000272948
-0.000273087
-0.000272953
-0.000272083
-0.0002696
-0.0002696
-0.000274034
-0.000272296
-0.000272021
-0.000272432
-0.000265816
-0.000263502
-0.000264146
-0.000258025
-0.0002535
-0.000239651
-0.000252595
-0.000239929
-0.000242391
-0.000249194
-0.000238188
-0.000235527
-0.000228426
-0.000227927
-0.000240558
-0.000230211
-0.00025491
-0.000237097
-0.000242623
-0.000241231
-0.000230405
-0.000265255
-0.00025088
-0.000254816
-0.000262073
-0.000237553
-0.000242355
-0.000265208
-0.000251162
-0.000260853
-0.000241614
-0.000262101
-0.000242717
-0.000238055
-0.000254874
-0.000251312
-0.000261052
-0.000242165
-0.000231692
-0.000244214
-0.000226522
-0.000238855
-0.000227244
-0.000239076
-0.000242249
-0.000231608
-0.00024442
-0.000238101
-0.000242353
-0.000241248
-0.000230128
-0.000251595
-0.000254747
-0.00026224
-0.000265365
-0.000254469
-0.000264989
-0.000262395
-0.000260895
-0.000261079
-0.000255051
-0.000251139
-0.000242627
-0.000241333
-0.000237685
-0.000250235
-0.000242336
-0.000236947
-0.000240412
-0.000230269
-0.000242782
-0.000232124
-0.000257369
-0.000239866
-0.000248934
-0.00023807
-0.000228696
-0.000235229
-0.000269367
-0.000253863
-0.000258933
-0.000267645
-0.000240172
-0.000217471
-0.000214611
-0.000196723
-0.000213007
-0.000195902
-0.000206018
-0.000193985
-0.000191577
-0.000182974
-0.000192403
-0.000191547
-0.000195259
-0.000183362
-0.000216273
-0.000193294
-0.000198215
-0.000195651
-0.000184272
-0.000219038
-0.000207492
-0.000216649
-0.000193439
-0.000198552
-0.0002084
-0.000223155
-0.000212204
-0.000191781
-0.000194654
-0.000216395
-0.000192039
-0.000206052
-0.000215314
-0.000194802
-0.00018377
-0.000197444
-0.000193614
-0.000190321
-0.000190368
-0.000193736
-0.000192019
-0.000205527
-0.000216326
-0.000219168
-0.000194425
-0.000183472
-0.000197433
-0.000204154
-0.000217593
-0.000191991
-0.000194728
-0.000221579
-0.000220966
-0.000218655
-0.000207683
-0.000198191
-0.000196285
-0.000193436
-0.000207132
-0.000197793
-0.00019321
-0.000195553
-0.000184115
-0.000204423
-0.00019199
-0.000191445
-0.000218459
-0.000195942
-0.000205651
-0.000217942
-0.000193806
-0.000182215
-0.000191944
-0.00021961
-0.000196567
-0.000170297
-0.000169534
-0.00015048
-0.000150659
-0.000147893
-0.000160914
-0.000150863
-0.000146277
-0.000149277
-0.000136877
-0.000146261
-0.000169326
-0.000146249
-0.000149069
-0.000146831
-0.000172165
-0.000160006
-0.000169568
-0.000146793
-0.000149647
-0.000161371
-0.000174644
-0.000148914
-0.000169441
-0.000151018
-0.00014865
-0.00017216
-0.000146699
-0.000161189
-0.000171713
-0.000148856
-0.000136688
-0.000151105
-0.000148871
-0.000147199
-0.000144418
-0.000144204
-0.000169348
-0.000146601
-0.000148783
-0.000146177
-0.000160712
-0.000172285
-0.000174601
-0.000148486
-0.00013698
-0.000151242
-0.000171948
-0.00014871
-0.000151195
-0.000149308
-0.00013718
-0.00017472
-0.000174188
-0.000172113
-0.00015993
-0.000149395
-0.000146892
-0.000146458
-0.000160132
-0.000149252
-0.000146846
-0.000146452
-0.000148849
-0.000137329
-0.000171704
-0.00014676
-0.00015079
-0.000169471
-0.000150674
-0.0001369
-0.000171768
-0.000148036
-0.000150425
-0.0001262
-0.000103281
-0.000125826
-0.000103268
-0.0001234
-0.00010286
-0.000102711
-0.000103177
-0.000102919
-0.000105715
-9.25039e-05
-0.000127633
-0.000102936
-0.000114238
-0.000127418
-0.000100475
-0.000100169
-0.000127932
-0.000103062
-0.000126825
-0.000105032
-0.000105023
-9.13516e-05
-0.000123148
-0.000102907
-0.000102282
-0.000124262
-0.000104962
-0.000125696
-9.15839e-05
-0.0001052
-0.000103196
-0.000123441
-0.000102881
-0.000102324
-0.000102086
-0.000101102
-0.000121458
-0.000101245
-0.000101839
-0.000124752
-0.000102017
-0.000102836
-0.000124131
-0.000126563
-0.000103296
-0.00010457
-9.15771e-05
-0.000105114
-0.000125514
-0.000102425
-0.000102882
-0.000104563
-0.000105415
-0.000128063
-0.000125317
-0.000103169
-0.000125452
-0.000102833
-0.000105471
-0.000114004
-9.99485e-05
-0.000100596
-0.00012336
-0.000102711
-0.000102648
-0.000103101
-0.000123214
-0.000123678
-0.000103299
-0.000102706
-0.000103397
-8.26962e-05
-8.2224e-05
-8.25598e-05
-6.86874e-05
-5.74501e-05
-5.49915e-05
-5.48604e-05
-6.83989e-05
-5.73966e-05
-5.49434e-05
-5.4959e-05
-7.81403e-05
-5.65941e-05
-5.6654e-05
-5.71336e-05
-7.91923e-05
-7.92558e-05
-5.75013e-05
-5.71301e-05
-5.7105e-05
-5.67635e-05
-8.00585e-05
-5.69882e-05
-5.71698e-05
-5.65553e-05
-7.86464e-05
-8.11078e-05
-5.88899e-05
-4.56887e-05
-5.95845e-05
-8.00327e-05
-5.75821e-05
-5.72512e-05
-7.92375e-05
-5.71187e-05
-5.69797e-05
-7.97913e-05
-5.69218e-05
-5.70293e-05
-8.03535e-05
-5.71992e-05
-5.73507e-05
-7.81112e-05
-5.65027e-05
-7.87465e-05
-5.92483e-05
-4.57559e-05
-5.94082e-05
-8.02624e-05
-5.70206e-05
-5.70705e-05
-5.68714e-05
-7.9811e-05
-5.7226e-05
-8.00325e-05
-5.71248e-05
-7.95673e-05
-5.72094e-05
-5.71373e-05
-5.67853e-05
-5.65418e-05
-5.48776e-05
-7.96155e-05
-5.48529e-05
-5.7562e-05
-5.48979e-05
-8.25908e-05
-6.85758e-05
-7.98794e-05
-5.50978e-05
-5.76974e-05
-3.3941e-05
-3.35805e-05
-1.13095e-05
-1.11616e-05
-1.14329e-05
-3.37441e-05
-1.14339e-05
-1.1603e-05
-1.08702e-05
-3.43346e-05
-1.1384e-05
-1.13735e-05
-1.15387e-05
-3.43382e-05
-3.43739e-05
-1.14529e-05
-1.14705e-05
-1.14802e-05
-1.13715e-05
-3.43864e-05
-1.16349e-05
-1.14537e-05
-3.19491e-05
-1.13141e-05
-1.10777e-05
-3.22559e-05
-1.07136e-05
-3.44578e-05
-1.13637e-05
-1.14607e-05
-3.42206e-05
-1.14613e-05
-1.14244e-05
-3.42926e-05
-1.14162e-05
-1.14317e-05
-3.18895e-05
-3.459e-05
-1.15189e-05
-1.12359e-05
-1.12996e-05
-3.42203e-05
-1.08832e-05
-1.14678e-05
-3.42176e-05
-1.13676e-05
-1.16681e-05
-1.11773e-05
-3.44867e-05
-1.1323e-05
-3.43805e-05
-1.12472e-05
-3.43378e-05
-1.15947e-05
-1.16041e-05
-1.1478e-05
-1.13751e-05
-1.14704e-05
-3.4108e-05
-1.1246e-05
-1.13233e-05
-3.35835e-05
-1.15061e-05
-3.40421e-05
-1.11983e-05
-1.13111e-05
1.12639e-05
1.13572e-05
3.40345e-05
3.40269e-05
3.35637e-05
1.13674e-05
3.38775e-05
3.38289e-05
3.37714e-05
1.13748e-05
3.44337e-05
3.43241e-05
3.42064e-05
1.10628e-05
1.14058e-05
3.44028e-05
3.42709e-05
3.43509e-05
3.4158e-05
1.15098e-05
3.44682e-05
3.43276e-05
1.1134e-05
3.42797e-05
3.25484e-05
1.09864e-05
3.18839e-05
4.60782e-05
1.13816e-05
3.45864e-05
3.44635e-05
1.14253e-05
3.43041e-05
3.42553e-05
1.14329e-05
3.4248e-05
3.42962e-05
1.13082e-05
1.11597e-05
3.42884e-05
3.23638e-05
3.45876e-05
1.13606e-05
3.22283e-05
3.43321e-05
4.60303e-05
1.17742e-05
3.42369e-05
3.40766e-05
3.45891e-05
1.12295e-05
3.45285e-05
1.10252e-05
3.43846e-05
1.15861e-05
3.40082e-05
3.43082e-05
3.43046e-05
3.41506e-05
3.38438e-05
1.15145e-05
3.39768e-05
3.39971e-05
1.15576e-05
3.34763e-05
1.12878e-05
3.37633e-05
3.40121e-05
8.27344e-05
8.20769e-05
6.84543e-05
5.44185e-05
5.53426e-05
8.19756e-05
7.98032e-05
6.89246e-05
5.54708e-05
8.20119e-05
7.98126e-05
5.68675e-05
7.79201e-05
7.80861e-05
9.24013e-05
8.0108e-05
5.72287e-05
5.70913e-05
7.95137e-05
7.94648e-05
7.99216e-05
7.81943e-05
9.16757e-05
5.69091e-05
8.03525e-05
7.99533e-05
7.79992e-05
5.90783e-05
5.93569e-05
7.8268e-05
9.16151e-05
8.11198e-05
5.72433e-05
8.04188e-05
7.99529e-05
5.69723e-05
7.9546e-05
7.94108e-05
5.7123e-05
7.95646e-05
7.9792e-05
5.72694e-05
7.99511e-05
8.03869e-05
5.67038e-05
7.7927e-05
5.94242e-05
7.86194e-05
8.11031e-05
9.14401e-05
5.73517e-05
8.01761e-05
8.03807e-05
7.81187e-05
5.70295e-05
7.99313e-05
5.69874e-05
8.01549e-05
5.73962e-05
7.92376e-05
7.96773e-05
7.8313e-05
7.81047e-05
5.7452e-05
8.25077e-05
7.97172e-05
5.45842e-05
8.23844e-05
6.87419e-05
5.75863e-05
8.27224e-05
7.98664e-05
8.22379e-05
0.000103508
0.000126077
0.000103205
0.000125923
0.000103116
0.000123359
0.000137122
0.000123713
0.000123868
0.000123368
0.000125883
0.000125242
0.000127778
0.000100546
0.000114177
0.000100422
0.000127695
0.000125132
0.000128047
0.000105341
0.000124104
0.000126576
0.000102063
0.000125652
0.000123518
0.000105148
0.000124284
0.000137468
0.000103284
0.000126728
0.00012578
0.000102289
0.000125196
0.00012366
0.000101153
0.00012113
0.000102078
0.000121519
0.000102776
0.000123694
0.000125155
0.000104963
0.00010521
0.00012573
0.000124131
0.000126684
0.000102921
0.000123645
0.00012571
0.00013681
0.000124282
0.000126774
0.000137398
0.000103274
0.000128076
0.000127839
0.000125138
0.000102981
0.000127812
0.000125517
0.000125953
0.000100355
0.000114415
0.000103129
0.00012357
0.000123622
0.000137114
0.000125937
0.000103046
0.000103142
0.000123545
0.000137352
0.000123541
0.000126223
0.000150732
0.000147926
0.000171869
0.000169082
0.000181797
0.000168781
0.000160623
0.000146277
0.000173738
0.000171736
0.000149069
0.000171588
0.000169079
0.000183244
0.00014674
0.000174353
0.000160296
0.000149432
0.000172022
0.000183625
0.000169372
0.000174634
0.000161279
0.000173929
0.000174559
0.000148554
0.000172301
0.000169645
0.000171945
0.000183936
0.000148862
0.000160657
0.000151334
0.000174196
0.000171654
0.000146943
0.000169154
0.000144621
0.00014883
0.000169641
0.000146081
0.000148533
0.00015977
0.000171433
0.000171888
0.000174097
0.000151757
0.000169447
0.000172183
0.000183961
0.000173959
0.00017453
0.000174565
0.000173924
0.000160055
0.000147014
0.000146602
0.000171798
0.000183685
0.000169557
0.000160177
0.000146396
0.000171521
0.000169286
0.000150995
0.000174215
0.000171431
0.000150547
0.000169346
0.000150507
0.000182574
0.000169024
0.000171807
0.000196701
0.000219337
0.000217788
0.000228386
0.000214665
0.000196033
0.000218904
0.000213401
0.000216974
0.000227998
0.000193705
0.000205611
0.000197788
0.000218216
0.000216091
0.000229701
0.000195589
0.000220595
0.000206877
0.000198815
0.000218637
0.000230484
0.000216549
0.000221137
0.000209008
0.000219571
0.000223429
0.000194742
0.000217766
0.00021222
0.000231287
0.000216232
0.000226628
0.000194849
0.00020575
0.000197881
0.000219327
0.000215808
0.000190401
0.000193444
0.000191652
0.000194535
0.000205492
0.000215265
0.000216829
0.000219492
0.000203527
0.000212805
0.000217731
0.000227278
0.000230983
0.000219038
0.00022307
0.000230562
0.000221518
0.000221297
0.000208015
0.000195489
0.000193499
0.000218889
0.000230499
0.000216454
0.000206894
0.000193328
0.000218222
0.000216397
0.000205025
0.000191528
0.000217098
0.000213203
0.000218508
0.000232312
0.000193985
0.00020554
0.000191351
0.00021746
0.000228657
0.000214536
0.000219221
0.000273829
0.000272143
0.000265819
0.00027071
0.000263238
0.000267757
0.000263986
0.000265524
0.000271311
0.00025799
0.000253527
0.000239992
0.000252956
0.000240079
0.000238393
0.000249015
0.00025477
0.000242625
0.000262423
0.000241444
0.000261123
0.000265151
0.000272056
0.000251136
0.000254575
0.000242572
0.000261985
0.000272904
0.000269281
0.000261076
0.000272156
0.000265709
0.000261833
0.00026917
0.000273136
0.000272984
0.000251565
0.000265105
0.000260955
0.000271996
0.000262133
0.000269352
0.000237767
0.000254783
0.000251005
0.000241933
0.000265117
0.000261307
0.000239103
0.000241519
0.000243932
0.000242702
0.000251124
0.000254934
0.000261289
0.000262204
0.000265283
0.000254576
0.000260842
0.000265018
0.000261822
0.000269517
0.000272001
0.000271945
0.000273609
0.000273773
0.000272922
0.000272159
0.000265615
0.00026211
0.000269166
0.000261014
0.000265447
0.000260901
0.000261459
0.000269192
0.000255012
0.000251028
0.000241278
0.000237612
0.000250643
0.000237147
0.000257348
0.000265607
0.000237973
0.00024869
0.000235121
0.000264776
0.000269396
0.000273876
0.000254213
0.000259018
0.000267663
0.000272245
0.000272062
0.000264391
0.000272413
-0.000271729
-0.000273004
-0.000269756
-0.000272105
-0.000269442
-0.000272927
-0.000272946
-0.000272019
-0.000270725
-0.000270774
-0.000272618
-0.000272112
-0.000273885
-0.000273785
-0.000273738
-0.000272659
-0.000270571
-0.000269412
-0.000253556
-0.00024113
-0.000249359
-0.000239998
-0.00023612
-0.000229532
-0.000238537
-0.000235919
-0.000228196
-0.000241
-0.000229954
-0.000255226
-0.000238771
-0.000244476
-0.000227345
-0.000241667
-0.000231131
-0.000265112
-0.000251647
-0.000255487
-0.00026263
-0.0002389
-0.000243939
-0.000265031
-0.000252088
-0.00026267
-0.00023988
-0.000235341
-0.000241422
-0.000229207
-0.000261375
-0.000268447
-0.000254406
-0.000264711
-0.000237413
-0.000236057
-0.000251217
-0.000249221
-0.000258702
-0.000240631
-0.000230677
-0.000243701
-0.000227761
-0.000239728
-0.000237288
-0.0002363
-0.000235694
-0.000235373
-0.000235081
-0.00023563
-0.000236403
-0.000237344
-0.000227547
-0.000239684
-0.000239763
-0.000230934
-0.000243739
-0.000234918
-0.000237419
-0.000248042
-0.000251091
-0.000261625
-0.000248992
-0.000258447
-0.000239539
-0.00024141
-0.000235298
-0.000260793
-0.000253917
-0.000267745
-0.000255733
-0.00026529
-0.000262718
-0.000261246
-0.000260951
-0.000255345
-0.000251868
-0.000244421
-0.000241913
-0.000239061
-0.000251441
-0.000244466
-0.000238757
-0.00024095
-0.000231275
-0.000227222
-0.00024968
-0.000238981
-0.000235922
-0.000258456
-0.000267652
-0.000241081
-0.000249109
-0.000239931
-0.000229348
-0.00023613
-0.000218114
-0.000215281
-0.000197317
-0.000214931
-0.000196766
-0.000206263
-0.000194655
-0.000192338
-0.000182648
-0.000194457
-0.00019194
-0.000182966
-0.000196158
-0.00018426
-0.000217372
-0.000193099
-0.000205216
-0.000216657
-0.000192738
-0.000192051
-0.000217515
-0.000194519
-0.000205154
-0.000219488
-0.000194031
-0.000213526
-0.000196997
-0.000195338
-0.000218088
-0.000193759
-0.000191027
-0.000208757
-0.000206503
-0.000220918
-0.000189798
-0.000189704
-0.000205242
-0.000204949
-0.000219555
-0.000189688
-0.000190058
-0.000204697
-0.000205283
-0.000219884
-0.000191173
-0.000193595
-0.000206924
-0.000208468
-0.000217581
-0.000222525
-0.00021594
-0.000195386
-0.000197135
-0.000194621
-0.000183517
-0.0002087
-0.000222787
-0.000216675
-0.000212686
-0.000194481
-0.000207854
-0.00019335
-0.000195949
-0.000204751
-0.00019225
-0.000191593
-0.000206187
-0.000194364
-0.000191765
-0.000219793
-0.000196639
-0.000206348
-0.000217815
-0.000194665
-0.000181992
-0.000192428
-0.000219234
-0.000196989
-0.000169538
-0.000169336
-0.000151505
-0.000150716
-0.000148565
-0.000169299
-0.000150724
-0.000148235
-0.000150658
-0.000137699
-0.000147045
-0.000169618
-0.000146795
-0.000149769
-0.00014744
-0.000173953
-0.000160872
-0.00017186
-0.000146832
-0.000151768
-0.000161885
-0.00017653
-0.000171606
-0.000148873
-0.000153428
-0.000138583
-0.000170791
-0.000151114
-0.000150021
-0.000171208
-0.000149864
-0.000151152
-0.000136439
-0.000159244
-0.000173833
-0.000148845
-0.000153402
-0.000174439
-0.000173928
-0.000173992
-0.000160371
-0.000151182
-0.000147034
-0.000146492
-0.000160364
-0.000149683
-0.000147275
-0.000147254
-0.000150501
-0.00013733
-0.000171815
-0.000148377
-0.000151561
-0.000169557
-0.000150861
-0.000138273
-0.000172578
-0.000148579
-0.00015143
-0.000126859
-0.000105244
-0.000126984
-0.000104957
-0.000124378
-0.000105414
-0.000102472
-9.17837e-05
-0.000103057
-0.000102723
-0.000114814
-0.000100786
-0.00010126
-0.000128051
-0.000103332
-0.000114347
-0.000128162
-0.000100694
-0.000100827
-0.000103294
-0.000116847
-0.000131183
-0.000128247
-0.000125525
-0.00010318
-0.000125532
-0.000103415
-0.000114626
-0.000100833
-0.000101216
-0.000100624
-0.000100874
-0.000124236
-0.000103258
-0.000102694
-0.000105419
-0.000124481
-0.00012431
-0.000104907
-9.16125e-05
-0.000102532
-0.000105242
-7.80385e-05
-7.77732e-05
-5.67354e-05
-5.6598e-05
-5.68305e-05
-6.90876e-05
-5.72172e-05
-5.51338e-05
-5.48975e-05
-7.96557e-05
-5.73073e-05
-5.7368e-05
-5.81229e-05
-7.96681e-05
-7.99956e-05
-5.79362e-05
-5.73863e-05
-5.94088e-05
-8.07404e-05
-5.94276e-05
-8.01368e-05
-5.77821e-05
-7.99062e-05
-5.79772e-05
-5.7481e-05
-5.69351e-05
-5.73179e-05
-5.51899e-05
-8.00626e-05
-5.52377e-05
-5.72043e-05
-7.71085e-05
-5.68309e-05
-8.03991e-05
-5.68028e-05
-5.69655e-05
-3.45729e-05
-3.41145e-05
-1.12848e-05
-1.14459e-05
-1.14281e-05
-3.37843e-05
-1.13859e-05
-1.1392e-05
-1.15227e-05
-3.43952e-05
-1.16727e-05
-1.17732e-05
-1.00293e-05
-3.71801e-05
-2.32284e-05
-3.45063e-05
-9.81404e-06
-1.1674e-05
-3.67187e-05
-3.70695e-05
-2.33404e-05
-1.16038e-05
-9.98293e-06
-9.71582e-06
-1.16687e-05
-1.1809e-05
-1.12492e-05
-3.40624e-05
-1.14618e-05
-1.14351e-05
-3.42231e-05
-1.15427e-05
-3.43607e-05
-1.13472e-05
-1.14546e-05
1.17205e-05
1.13259e-05
3.42724e-05
3.41415e-05
3.4381e-05
1.14057e-05
3.42453e-05
3.367e-05
3.40059e-05
1.18419e-05
3.42835e-05
3.43858e-05
9.6247e-06
3.71419e-05
2.30765e-05
1.16086e-05
3.66765e-05
3.45242e-05
3.67976e-05
2.33333e-05
9.83619e-06
9.78584e-06
3.6816e-05
3.44464e-05
3.40587e-05
3.43669e-05
3.39031e-05
1.15327e-05
3.37166e-05
3.42481e-05
1.15973e-05
3.42717e-05
1.16927e-05
3.4196e-05
3.4048e-05
5.67097e-05
5.67336e-05
8.04427e-05
7.75725e-05
9.16476e-05
7.80208e-05
6.82592e-05
5.49226e-05
8.25597e-05
8.01635e-05
5.73445e-05
7.98182e-05
7.95771e-05
8.01574e-05
5.82333e-05
5.7277e-05
7.99498e-05
8.01026e-05
8.08397e-05
5.93014e-05
8.06136e-05
5.76207e-05
8.01754e-05
5.80542e-05
7.99765e-05
7.98731e-05
7.97797e-05
7.98488e-05
5.73056e-05
8.25328e-05
8.01558e-05
5.679e-05
7.79911e-05
5.70027e-05
9.13844e-05
7.78097e-05
8.0329e-05
0.000105112
0.000126892
0.000105116
0.000127019
0.000105433
0.000124577
0.000138351
0.000124371
0.000124267
0.00012387
0.000114597
0.000100897
0.000128134
0.000125321
0.000128578
0.000101059
0.000115186
0.000101419
0.000127591
0.000125578
0.000138414
0.000116708
0.000125976
0.000131038
0.000126137
0.000130992
0.000136035
0.000103172
0.000128118
0.000125677
0.000103511
0.000128106
0.000125272
0.000127895
0.000100746
0.000114619
0.000102607
0.000123811
0.000123983
0.000137382
0.000126724
0.000104812
0.000102433
0.000124247
0.00013793
0.00012442
0.000127006
0.000151084
0.000148586
0.000172357
0.00016982
0.000182505
0.000169601
0.000148406
0.000172163
0.000169486
0.000169527
0.000182721
0.000149351
0.000172537
0.000169924
0.000184941
0.000147177
0.000174175
0.000160077
0.000151036
0.000173766
0.000171579
0.000174516
0.000161626
0.000172159
0.000176735
0.000153333
0.000174082
0.000171962
0.000149897
0.000171377
0.00017071
0.000150935
0.000170933
0.000171275
0.000159395
0.00017184
0.000173945
0.000173007
0.000177183
0.000184044
0.000174248
0.000174014
0.000160853
0.000147324
0.000146869
0.000173742
0.00017158
0.00016071
0.000147069
0.000172449
0.000169603
0.000169301
0.000151365
0.000169354
0.000172363
0.000151212
0.000170153
0.000151689
0.00018313
0.00016989
0.000172411
0.000197294
0.000219727
0.00021709
0.00022849
0.000215032
0.000196507
0.000219433
0.00021469
0.000217199
0.000228419
0.00019437
0.000205791
0.000218289
0.000217376
0.0002301
0.000193337
0.000205715
0.000192072
0.000216383
0.000226951
0.000212
0.000231351
0.00021749
0.000218705
0.000229472
0.00020485
0.000222067
0.000219184
0.000195673
0.000215825
0.000213643
0.000230539
0.000218025
0.000227592
0.000191132
0.000208379
0.000206371
0.000222292
0.000220892
0.000189632
0.000205205
0.000204928
0.000219799
0.000219605
0.000189774
0.000204768
0.000204976
0.000219668
0.000219956
0.000193652
0.000206309
0.000208189
0.000220856
0.000217559
0.00022208
0.000197392
0.000213381
0.000215901
0.000227323
0.000230355
0.000208751
0.000219221
0.000222544
0.000218735
0.000194451
0.000231249
0.000217336
0.000216241
0.000226694
0.000212006
0.000207806
0.00019335
0.000218827
0.000217434
0.000192446
0.000205142
0.000205991
0.000192093
0.000217333
0.000215073
0.000219443
0.000194987
0.000206509
0.000192557
0.000217572
0.000228954
0.000215351
0.00021972
0.00025333
0.000240923
0.000260311
0.000258714
0.000239572
0.000249452
0.00025558
0.000244453
0.000262682
0.000241882
0.000261062
0.00026542
0.000271981
0.000251858
0.000255756
0.000244009
0.000262749
0.000272888
0.000269651
0.000261176
0.000271971
0.000265155
0.000262819
0.000269738
0.000272829
0.000272902
0.000252082
0.00026538
0.000262414
0.000271995
0.000270482
0.000241587
0.00025884
0.000254646
0.000261484
0.000268162
0.000264645
0.000235835
0.000251526
0.000249172
0.00024033
0.000261954
0.000259156
0.000239713
0.000236489
0.000235435
0.000235701
0.000237174
0.000240151
0.000243618
0.000237264
0.000249004
0.000250733
0.000258565
0.000261543
0.000249526
0.000235756
0.000258552
0.000253937
0.000261148
0.00026406
0.000267922
0.000255901
0.000262222
0.000265696
0.000262819
0.000270732
0.000272595
0.00027204
0.000273823
0.00027388
0.000273835
0.000272733
0.000265474
0.000263059
0.0002705
0.000261313
0.000265712
0.0002611
0.00026254
0.000270631
0.000255841
0.000251402
0.000241544
0.000238998
0.000251354
0.000238541
0.000249304
0.000235357
0.000260816
0.000258528
0.000267533
0.000239149
0.000248741
0.00023583
-0.000271636
-0.000273328
-0.000267264
-0.00026982
-0.000271598
-0.000271607
-0.000272697
-0.000268922
-0.000273876
-0.000273533
-0.000272271
-0.000271355
-0.00027026
-0.000269258
-0.000268445
-0.00026805
-0.000268114
-0.000268484
-0.000270272
-0.000271372
-0.000271297
-0.00027205
-0.000270464
-0.000272917
-0.000275003
-0.000272574
-0.000274631
-0.00027213
-0.0002744
-0.000271341
-0.000269227
-0.000270351
-0.000241709
-0.000231122
-0.000254851
-0.000238455
-0.000242911
-0.000240876
-0.000230562
-0.000264454
-0.000250421
-0.000253566
-0.000260614
-0.000236946
-0.000241128
-0.00026204
-0.000253198
-0.000263819
-0.000249607
-0.000260496
-0.000248408
-0.000258814
-0.000248769
-0.000259436
-0.000251276
-0.000262435
-0.000254738
-0.00026495
-0.00026575
-0.00026144
-0.000259006
-0.000260882
-0.000254125
-0.00025076
-0.000241421
-0.000241248
-0.000237125
-0.000251352
-0.000242579
-0.00023795
-0.000241937
-0.00023032
-0.000226921
-0.000194583
-0.000191212
-0.000183673
-0.00020404
-0.000191737
-0.000191403
-0.000218005
-0.000194449
-0.000204382
-0.000191723
-0.000190293
-0.000219989
-0.000208897
-0.000216604
-0.000194053
-0.000198464
-0.000221273
-0.000223245
-0.000219231
-0.00020898
-0.000198239
-0.000193908
-0.000212157
-0.000194215
-0.000204639
-0.000191719
-0.000190708
-0.000191616
-0.000191481
-0.000205312
-0.000194296
-0.000191151
-0.000169413
-0.000148705
-0.000151318
-0.000157476
-0.000145929
-0.000143846
-0.000149634
-0.000136655
-0.000171443
-0.000146484
-0.000151129
-0.000149044
-0.000136069
-0.000173169
-0.000160491
-0.000171095
-0.000147196
-0.000150164
-0.000173853
-0.000173978
-0.000173137
-0.000160572
-0.000149785
-0.000148646
-0.000146824
-0.000160689
-0.000151252
-0.000146491
-0.000148691
-0.000136686
-0.000151521
-0.000138242
-0.000172581
-0.000148605
-0.000157944
-0.000146079
-0.000144011
-0.000126706
-0.000105528
-0.000125545
-0.00010555
-0.000103008
-9.22241e-05
-0.000105163
-0.000102553
-9.21708e-05
-0.000123194
-0.000102702
-0.00010222
-0.000102878
-0.000122847
-0.00012263
-0.000102253
-0.000102665
-0.000128502
-0.000103553
-0.000125588
-0.000103335
-0.000125763
-0.000103014
-0.000123008
-0.000102695
-0.000102777
-0.000102851
-0.000102594
-0.000124295
-0.000105919
-0.000102516
-0.000105119
-0.000125903
-0.0001252
-0.000105423
-9.22202e-05
-0.000102702
-7.84373e-05
-7.8126e-05
-5.75626e-05
-5.6963e-05
-5.69121e-05
-7.78922e-05
-5.7045e-05
-5.66968e-05
-5.6612e-05
-8.058e-05
-5.92639e-05
-5.71814e-05
-5.99273e-05
-8.08502e-05
-8.05519e-05
-5.96327e-05
-4.65858e-05
-5.72495e-05
-5.9583e-05
-8.11366e-05
-5.94678e-05
-8.04644e-05
-5.94522e-05
-8.1047e-05
-5.965e-05
-5.72632e-05
-4.56726e-05
-5.98317e-05
-5.69919e-05
-4.55905e-05
-5.68005e-05
-8.0431e-05
-5.653e-05
-5.70139e-05
-7.83259e-05
-5.7103e-05
-8.06311e-05
-5.6737e-05
-5.80734e-05
-3.4495e-05
-3.42626e-05
-1.15698e-05
-1.15251e-05
-1.14282e-05
-3.41539e-05
-1.14979e-05
-1.14947e-05
-1.13738e-05
-1.0993e-05
-3.47528e-05
-1.11337e-05
-1.14316e-05
-3.18546e-05
-1.13374e-05
-3.48296e-05
-1.09279e-05
-1.14854e-05
-3.18514e-05
-3.24302e-05
-1.12875e-05
-1.11874e-05
-1.13467e-05
-3.22665e-05
-1.13042e-05
-1.07869e-05
-1.10825e-05
-1.11515e-05
-3.43963e-05
-1.14594e-05
-1.15098e-05
-3.42923e-05
-1.13819e-05
-3.46143e-05
-1.15824e-05
-1.13757e-05
1.17651e-05
1.13466e-05
3.44198e-05
3.42298e-05
3.42891e-05
1.15133e-05
3.43959e-05
3.4173e-05
3.44268e-05
3.2112e-05
1.12165e-05
3.22544e-05
3.46754e-05
1.10824e-05
3.20316e-05
1.14125e-05
4.61095e-05
3.2656e-05
3.45714e-05
1.08225e-05
1.10629e-05
3.47272e-05
3.21954e-05
4.59063e-05
3.23204e-05
1.11974e-05
3.46548e-05
3.22309e-05
3.23836e-05
4.58213e-05
3.44931e-05
1.14869e-05
3.42127e-05
3.43284e-05
1.17036e-05
3.44128e-05
1.18129e-05
3.41814e-05
3.49378e-05
5.65263e-05
5.70695e-05
8.09826e-05
7.83355e-05
9.19796e-05
7.82624e-05
5.66346e-05
8.04403e-05
7.79421e-05
7.78717e-05
9.17489e-05
5.72321e-05
8.0626e-05
8.04962e-05
8.08393e-05
5.97508e-05
5.71786e-05
8.07285e-05
8.04107e-05
8.08467e-05
5.98003e-05
8.08005e-05
5.95992e-05
8.09038e-05
5.99136e-05
8.05188e-05
8.04685e-05
8.08337e-05
8.04746e-05
7.78665e-05
5.70319e-05
7.80517e-05
8.04283e-05
5.64458e-05
7.81926e-05
5.76639e-05
9.23992e-05
7.82755e-05
8.05002e-05
0.000105108
0.000126737
0.000105602
0.000125605
0.000124517
0.000124708
0.000124382
0.000102297
0.000122778
0.000123131
0.000136513
0.000125623
0.000102546
0.000102544
0.000122995
0.000136623
0.000122865
0.000125682
0.000128562
0.000103459
0.000128657
0.000125894
0.000102605
0.000125737
0.000102613
0.000122882
0.000136379
0.00012327
0.000123396
0.000123174
0.000102552
0.000124663
0.000124283
0.000138421
0.000126677
0.000105565
0.000102924
0.00012558
0.000124705
0.000148776
0.000173041
0.000169469
0.000170129
0.000183407
0.00014527
0.000158079
0.000151136
0.000174036
0.000171444
0.000149108
0.000174073
0.000160817
0.000150269
0.000173424
0.000170942
0.000174451
0.000174517
0.000173992
0.000160704
0.000148708
0.000146777
0.000173777
0.000171226
0.000160524
0.000146416
0.000173341
0.000171536
0.000170125
0.000169728
0.000172467
0.000145724
0.000158306
0.00014388
0.000204582
0.000191767
0.000216178
0.000212317
0.000217708
0.000231243
0.000192135
0.000204553
0.000190132
0.000223078
0.000208495
0.00019815
0.000219643
0.000230578
0.000216403
0.000220719
0.000221167
0.000223247
0.000208918
0.000193867
0.000219176
0.000230334
0.000216877
0.000194198
0.000218048
0.000212713
0.000216244
0.000227561
0.000191452
0.000204328
0.000205686
0.000190572
0.000254842
0.000242554
0.00026206
0.000241004
0.000260572
0.000264403
0.00027151
0.000250528
0.000253678
0.000240975
0.000260697
0.000273331
0.000267368
0.000258166
0.00026998
0.000262041
0.000271526
0.000271644
0.000264831
0.000272752
0.000261949
0.000269182
0.000273747
0.000273313
0.000253237
0.000265461
0.000263953
0.000272185
0.000271339
0.000249571
0.00026211
0.000260467
0.00027032
0.000269298
0.000248398
0.000259449
0.000258886
0.000268543
0.000268122
0.000248832
0.000258735
0.000259277
0.000267928
0.000268321
0.000251078
0.000261277
0.000262794
0.000270779
0.000272088
0.000255314
0.000263774
0.000265423
0.000261356
0.000271551
0.000272057
0.000270665
0.00027271
0.000274679
0.000272622
0.00027449
0.000272126
0.000265638
0.000274372
0.000272211
0.000263514
0.000261148
0.000269991
0.000259963
0.000264743
0.000261319
0.000263027
0.000271128
0.00025372
0.000250758
0.000241095
0.000237071
0.000251313
0.000237773
-0.000267708
-0.000271628
-0.000272814
-0.000268168
-0.000273972
-0.000269005
-0.000270852
-0.000273091
-0.00027145
-0.000270921
-0.000273121
-0.000270955
-0.00027082
-0.000274946
-0.00027134
-0.000270465
-0.000272638
-0.000268589
-0.000271195
-0.000239878
-0.000228616
-0.000251879
-0.00023531
-0.000238562
-0.000226867
-0.000258714
-0.000243511
-0.000249704
-0.000240916
-0.000230785
-0.000235927
-0.00026505
-0.000251774
-0.000254921
-0.000238198
-0.000242334
-0.00026267
-0.000256918
-0.000259084
-0.000245532
-0.000262192
-0.000263391
-0.000263209
-0.000261276
-0.000267053
-0.000263005
-0.000257287
-0.000245242
-0.000262501
-0.000255078
-0.000252403
-0.000242319
-0.000238716
-0.0002556
-0.000243642
-0.000249662
-0.000240718
-0.0002358
-0.000230515
-0.000249362
-0.000238716
-0.000235684
-0.000239926
-0.000226848
-0.00019553
-0.000184016
-0.000215193
-0.000192936
-0.000197709
-0.000194689
-0.000183515
-0.000216348
-0.000205758
-0.000213208
-0.000191855
-0.000194879
-0.000219459
-0.000197792
-0.000216082
-0.000197317
-0.000219714
-0.000216688
-0.000206524
-0.000194517
-0.000195145
-0.000192216
-0.000207909
-0.000197758
-0.000193063
-0.000195809
-0.000184067
-0.000147134
-0.000169903
-0.000147015
-0.00014964
-0.000146868
-0.000171686
-0.00016028
-0.000169199
-0.000146714
-0.000148605
-0.000175103
-0.000151381
-0.000172196
-0.000151576
-0.000174246
-0.000171821
-0.00015939
-0.000148668
-0.000146888
-0.000145881
-0.000160441
-0.000149656
-0.00014711
-0.00014731
-0.000114863
-0.000100927
-0.000101493
-0.000127876
-0.000103559
-0.000114256
-0.000127871
-0.000100987
-0.000101004
-0.000126579
-0.000103315
-0.0001051
-0.000128092
-0.000125709
-0.000105335
-0.000103061
-0.000125422
-0.000103469
-0.000114649
-0.000100877
-0.000100888
-0.000100871
-0.000101322
-8.01323e-05
-5.95971e-05
-5.7537e-05
-5.79964e-05
-8.00148e-05
-7.987e-05
-5.77744e-05
-5.75116e-05
-5.71461e-05
-8.01831e-05
-5.72752e-05
-8.02895e-05
-5.77853e-05
-7.97302e-05
-5.80946e-05
-5.74056e-05
-5.98097e-05
-5.73362e-05
-4.60321e-05
-1.0992e-05
-3.45203e-05
-1.07914e-05
-1.17013e-05
-9.9069e-06
-3.66487e-05
-2.28777e-05
-3.4314e-05
-1.00248e-05
-1.16323e-05
-1.14771e-05
-3.42518e-05
-1.16931e-05
-3.66792e-05
-3.69906e-05
-2.3163e-05
-1.17457e-05
-9.31299e-06
-1.00238e-05
-3.26162e-05
-1.17061e-05
-1.10467e-05
-1.12959e-05
3.25199e-05
1.16341e-05
3.22722e-05
3.44311e-05
9.42288e-06
3.70322e-05
2.32397e-05
1.16656e-05
3.64549e-05
3.42789e-05
3.41165e-05
1.14182e-05
3.43969e-05
3.65489e-05
2.3238e-05
9.93978e-06
9.82698e-06
3.67287e-05
3.43019e-05
1.1035e-05
3.4546e-05
3.22733e-05
3.22576e-05
4.64677e-05
5.73017e-05
8.02718e-05
7.9936e-05
8.02477e-05
5.80861e-05
5.74054e-05
7.99244e-05
7.98381e-05
8.03577e-05
5.72269e-05
8.0341e-05
5.80711e-05
8.00445e-05
5.75317e-05
8.01934e-05
7.99136e-05
8.03352e-05
7.99688e-05
0.000114692
0.000101015
0.000128372
0.000125466
0.000128058
0.000100977
0.000114645
0.000100929
0.000127942
0.000105698
0.000125321
0.000126683
0.000103354
0.000126857
0.000127847
0.000125627
0.000103409
0.000128034
0.000125566
0.000128347
0.000100691
0.000114504
0.00014943
0.0001723
0.000169638
0.000184405
0.000147005
0.000174686
0.000160674
0.000148653
0.000171966
0.000183034
0.000169013
0.000172194
0.000174952
0.000151249
0.000174742
0.000172052
0.000174383
0.000160214
0.000146775
0.00014634
0.000171772
0.000183308
0.000169097
0.000160507
0.000146965
0.000172124
0.00016976
0.00019733
0.000218201
0.000215626
0.000228965
0.0001945
0.000219704
0.000206298
0.000194728
0.000216464
0.000226512
0.000212762
0.000230522
0.00021621
0.000219914
0.000197402
0.00021973
0.00023048
0.000216239
0.000219415
0.000205843
0.000195043
0.000192125
0.000216341
0.000226804
0.00021292
0.0002077
0.000192939
0.000218727
0.000215555
0.000251826
0.000238638
0.000261819
0.000259063
0.000268076
0.000240444
0.000249187
0.000235432
0.000262274
0.000264646
0.000271814
0.000251698
0.000254414
0.000242087
0.000266189
0.000272762
0.000256551
0.000262882
0.000268574
0.000259516
0.000273907
0.000269297
0.000261002
0.00027089
0.000262204
0.00027305
0.000271327
0.00026304
0.000270818
0.000263286
0.000273099
0.000270897
0.000263372
0.000270706
0.000263186
0.00027531
0.000271217
0.000262333
0.000271243
0.000261735
0.00026665
0.00027277
0.000256471
0.00024529
0.000263022
0.000269614
0.00026013
0.000264852
0.000262586
0.000271378
0.000254575
0.000252148
0.000238698
0.00025556
0.000243608
0.00026246
0.000259825
0.000240971
0.000250008
0.000249224
0.000235453
-0.000229445
-0.000249165
-0.000241574
-0.000236131
-0.000251725
-0.000236637
-0.000237968
-0.000225567
-0.000253095
-0.000240002
-0.000240548
-0.000227092
-0.000227186
-0.000252737
-0.00024034
-0.000239793
-0.000226985
-0.000226347
-0.000250887
-0.00023807
-0.00023698
-0.000225376
-0.000241527
-0.000236863
-0.000231816
-0.0002261
-0.000205782
-0.000194805
-0.000192152
-0.000213861
-0.000194051
-0.000196152
-0.000193708
-0.000182659
-0.000220941
-0.000203775
-0.000205816
-0.000189447
-0.000190373
-0.000216846
-0.000208144
-0.000211773
-0.00019279
-0.000194287
-0.000212499
-0.000194712
-0.000195235
-0.000212041
-0.000195054
-0.000194629
-0.000221815
-0.000216991
-0.000207915
-0.00019443
-0.00019283
-0.000217811
-0.000205625
-0.00020347
-0.000190287
-0.000193608
-0.000188796
-0.000212119
-0.00019649
-0.000194418
-0.000182958
-0.000195192
-0.000192341
-0.000183823
-0.000160808
-0.00014909
-0.000146589
-0.000172116
-0.000149125
-0.000151924
-0.000149102
-0.000137926
-0.000171323
-0.000160497
-0.000168605
-0.000145957
-0.000148138
-0.000171508
-0.00014884
-0.000151213
-0.000174035
-0.000153776
-0.000176725
-0.000176234
-0.000172361
-0.000153757
-0.000170774
-0.00015121
-0.000149008
-0.000174571
-0.000171921
-0.000160741
-0.00014844
-0.000149123
-0.00014627
-0.000169792
-0.000151616
-0.00014914
-0.00013719
-0.000149088
-0.000146588
-0.000137206
-0.000104996
-9.15681e-05
-0.000125701
-0.000102687
-0.000103291
-0.000100693
-0.000125899
-0.000114019
-0.000123394
-0.000100468
-0.000102689
-0.000125911
-0.00010337
-0.000104123
-0.000127954
-0.000125647
-0.000103816
-0.000103229
-0.00012814
-0.000125783
-0.000113957
-0.000102584
-0.000100399
-0.000100671
-0.000123789
-0.000103245
-0.000102456
-0.000105216
-7.81844e-05
-5.69156e-05
-5.67453e-05
-8.10534e-05
-5.72083e-05
-5.96866e-05
-8.02835e-05
-5.99525e-05
-4.57969e-05
-7.99113e-05
-5.69019e-05
-5.72767e-05
-8.22965e-05
-5.7587e-05
-8.03667e-05
-5.78357e-05
-8.0467e-05
-7.96717e-05
-5.74393e-05
-5.96061e-05
-5.69946e-05
-8.03276e-05
-5.92492e-05
-5.71295e-05
-4.58193e-05
-5.71641e-05
-5.68664e-05
-3.43311e-05
-1.15496e-05
-1.15277e-05
-1.13792e-05
-3.15194e-05
-3.23506e-05
-1.1282e-05
-1.08521e-05
-3.43268e-05
-1.14197e-05
-1.14986e-05
-1.15656e-05
-3.43774e-05
-1.10554e-05
-3.41266e-05
-1.14629e-05
-1.1301e-05
-3.45295e-05
-1.14103e-05
-3.16313e-05
-1.08044e-05
-1.09306e-05
-1.12343e-05
-1.14256e-05
1.15587e-05
3.45845e-05
3.43612e-05
3.44722e-05
1.13591e-05
1.07493e-05
3.19477e-05
4.58786e-05
3.21871e-05
1.14474e-05
3.44804e-05
3.44804e-05
3.41319e-05
1.14304e-05
3.42934e-05
1.1343e-05
3.45166e-05
3.4508e-05
1.14453e-05
3.45771e-05
1.0673e-05
3.22556e-05
4.57555e-05
3.19973e-05
3.42815e-05
3.42902e-05
5.68211e-05
7.79825e-05
7.7765e-05
9.19368e-05
5.91003e-05
8.0429e-05
8.06409e-05
5.98743e-05
8.00986e-05
5.73711e-05
7.94088e-05
7.99829e-05
8.0705e-05
8.24183e-05
5.74888e-05
8.21594e-05
8.03871e-05
5.9268e-05
5.69114e-05
8.00683e-05
8.03957e-05
7.95295e-05
5.71767e-05
8.05555e-05
8.04766e-05
7.82154e-05
7.79967e-05
0.000124242
0.000103225
0.000123799
0.000125641
0.000100726
0.000128267
0.000114019
0.00010268
0.000126413
0.000137708
0.00012344
0.000104241
0.000125522
0.000126006
0.000128675
0.000128402
0.000103466
0.000126226
0.000125581
0.000128402
0.000113802
0.000100521
0.000100335
0.000126228
0.000138074
0.000123289
0.0001025
0.000125719
0.000123414
0.000124518
0.000136971
0.000160459
0.00014653
0.000172251
0.000152003
0.000169911
0.000172161
0.000149089
0.000174532
0.000160878
0.000148516
0.00017158
0.00018228
0.000168449
0.000150962
0.000170589
0.00017137
0.000172326
0.000173927
0.000175592
0.000175755
0.000176123
0.000176158
0.000153846
0.000174296
0.000172406
0.000149097
0.000171617
0.000170704
0.000174391
0.000160378
0.000148698
0.000146023
0.000171691
0.000182633
0.000168934
0.000149332
0.000171851
0.00016958
0.000172331
0.000183902
0.000205949
0.000192018
0.00021619
0.000196026
0.000212215
0.000214097
0.000229036
0.000193364
0.000217741
0.000221077
0.000203831
0.000206192
0.000190672
0.000221698
0.00020772
0.000194363
0.000216622
0.000225813
0.000211948
0.000194816
0.000227241
0.000212844
0.000227596
0.000213013
0.000194603
0.000227473
0.000212903
0.000226871
0.000212372
0.000221573
0.000207856
0.000192663
0.00021694
0.000225762
0.000211801
0.000220989
0.000217675
0.000232163
0.000205857
0.000203918
0.000193458
0.000189371
0.00019441
0.000213932
0.000212382
0.000216646
0.000226196
0.00024955
0.00023655
0.000251739
0.000238113
0.000253043
0.000240519
0.000252834
0.000239974
0.000250399
0.000236797
-0.00013647
-0.000158927
-0.00014932
-0.000143985
-0.000160631
-0.000144022
-0.000144571
-0.000160651
-0.000144653
-0.000144398
-0.000149084
-0.000144317
-0.000139056
-0.000101205
-0.000121647
-0.000100514
-0.000101615
-0.000124934
-0.000102106
-0.00010278
-0.000124705
-0.000103052
-0.00010302
-0.000124457
-0.000103084
-0.000103041
-0.000123765
-0.000102758
-0.000102236
-0.000113719
-0.000101876
-0.000100482
-0.000100924
-6.84214e-05
-5.47157e-05
-5.49776e-05
-7.95963e-05
-5.70663e-05
-5.7199e-05
-8.0282e-05
-5.7295e-05
-5.75939e-05
-8.05183e-05
-5.75507e-05
-5.76847e-05
-8.0545e-05
-5.76517e-05
-5.75838e-05
-7.99882e-05
-5.75257e-05
-5.72989e-05
-7.90986e-05
-5.72351e-05
-5.70485e-05
-5.52214e-05
-5.5158e-05
-3.39273e-05
-1.14259e-05
-1.13462e-05
-3.4366e-05
-1.14721e-05
-1.15278e-05
-3.44053e-05
-1.14794e-05
-1.16326e-05
-3.46634e-05
-1.15865e-05
-1.15475e-05
-3.4657e-05
-1.15906e-05
-1.15853e-05
-3.44122e-05
-1.14771e-05
-1.14562e-05
-3.42112e-05
-1.14099e-05
-1.13669e-05
-1.14427e-05
-1.13144e-05
1.14619e-05
3.39343e-05
3.34713e-05
1.14126e-05
3.41722e-05
3.43267e-05
1.14938e-05
3.45115e-05
3.44523e-05
1.15038e-05
3.45205e-05
3.46177e-05
1.15204e-05
3.45735e-05
3.45512e-05
1.15317e-05
3.45711e-05
3.43889e-05
1.14796e-05
3.43764e-05
3.41454e-05
3.37444e-05
3.38158e-05
6.86084e-05
5.47171e-05
8.20616e-05
5.71468e-05
7.947e-05
7.96417e-05
5.74543e-05
7.99641e-05
8.02823e-05
5.76496e-05
8.03934e-05
8.06592e-05
5.76107e-05
8.06592e-05
8.04604e-05
5.73516e-05
8.02874e-05
7.98939e-05
5.70615e-05
7.96e-05
7.92413e-05
8.17804e-05
0.00010193
0.000125368
0.000121378
0.00013623
0.000102725
0.000123619
0.000124999
0.000103152
0.000124754
0.000124814
0.000103037
0.000124695
0.000124711
0.000102277
0.000124982
0.000123824
0.000139043
0.00011404
0.000100385
0.000125224
0.000121547
0.000158504
0.00014384
0.000160489
0.000145005
0.000160202
0.000144221
)
;
    }
}


// ************************************************************************* //
