/*--------------------------------*- C++ -*----------------------------------*\
  =========                 |
  \\      /  F ield         | OpenFOAM: The Open Source CFD Toolbox
   \\    /   O peration     | Website:  https://openfoam.org
    \\  /    A nd           | Version:  9
     \\/     M anipulation  |
\*---------------------------------------------------------------------------*/
FoamFile
{
    format      ascii;
    class       volScalarField;
    location    "0";
    object      Cz;
}
// * * * * * * * * * * * * * * * * * * * * * * * * * * * * * * * * * * * * * //

dimensions      [0 1 0 0 0 0 0];

internalField   nonuniform List<scalar> 
15188
(
-0.000242534
-0.000241249
-0.00024152
-0.000241087
-0.000241406
-0.000244058
-0.000246651
-0.000248411
-0.000248963
-0.000247693
-0.000245722
-0.000244163
-0.000244369
-0.000246896
-0.000248321
-0.000248938
-0.000247705
-0.000245598
-0.000242571
-0.000243153
-0.000246907
-0.000247925
-0.000234462
-0.000234491
-0.00024503
-0.000248615
-0.000247325
-0.000244843
-0.000245457
-0.000248393
-0.00024682
-0.000234468
-0.000234435
-0.000247369
-0.000248118
-0.000245424
-0.000242008
-0.000242702
-0.000246323
-0.000247299
-0.000234769
-0.00023684
-0.000237089
-0.000235435
-0.000245458
-0.000248864
-0.00024504
-0.000243409
-0.000248048
-0.000247077
-0.00023543
-0.000237082
-0.000236833
-0.000234762
-0.000244703
-0.000247958
-0.000243948
-0.00024396
-0.00024803
-0.000244727
-0.000236257
-0.000238872
-0.000239189
-0.000237141
-0.000234396
-0.000248321
-0.000246787
-0.000241152
-0.000243215
-0.000248803
-0.000234393
-0.000237138
-0.000239192
-0.000238871
-0.000236267
-0.000245343
-0.000247837
-0.000245355
-0.000244628
-0.000248349
-0.00024471
-0.000236261
-0.000238855
-0.000239187
-0.00023713
-0.000234363
-0.000247247
-0.000246896
-0.000241405
-0.000243446
-0.000248392
-0.000234407
-0.000237159
-0.000239189
-0.000238882
-0.000236261
-0.000245573
-0.000248045
-0.000245945
-0.000242816
-0.00024761
-0.000246736
-0.000234735
-0.000236827
-0.000237088
-0.000235427
-0.000245721
-0.000248384
-0.000246012
-0.000241437
-0.000243176
-0.000248752
-0.000245298
-0.000235465
-0.000237093
-0.000236832
-0.000234745
-0.000244969
-0.000248468
-0.00024448
-0.000244743
-0.000247879
-0.000244862
-0.000234445
-0.000234472
-0.000245666
-0.000247435
-0.000248563
-0.000244212
-0.000242913
-0.000246718
-0.000248996
-0.0002454
-0.000234474
-0.000234441
-0.000245478
-0.000246295
-0.000247277
-0.000243381
-0.000242824
-0.000245602
-0.000248393
-0.000248659
-0.000248999
-0.00024791
-0.000247994
-0.000245367
-0.000245185
-0.000246918
-0.000248277
-0.00024855
-0.000248919
-0.000249198
-0.000247408
-0.000243583
-0.000244171
-0.000245709
-0.000244867
-0.0002447
-0.000242852
-0.000242045
-0.000244666
-0.000244716
-0.000245087
-0.000245708
-0.000243496
-0.000195265
-0.00019659
-0.00019679
-0.000195836
-0.000195075
-0.000195793
-0.000196884
-0.000196972
-0.000195341
-0.000195357
-0.000199319
-0.000200996
-0.000188143
-0.000187222
-0.000187378
-0.000187147
-0.000186977
-0.000188189
-0.000201028
-0.000200023
-0.000197245
-0.000199394
-0.000201415
-0.000188298
-0.000186995
-0.000187197
-0.000187434
-0.000187211
-0.00018856
-0.00020252
-0.000200158
-0.000198024
-0.000189273
-0.000187398
-0.000187337
-0.000187318
-0.000187319
-0.000187189
-0.000186991
-0.000187089
-0.000187653
-0.00018801
-0.000201369
-0.000199026
-0.000200669
-0.000188098
-0.000187874
-0.000187179
-0.000187013
-0.000187206
-0.000187333
-0.000187308
-0.000187423
-0.000187503
-0.000189215
-0.000200633
-0.000196306
-0.00019831
-0.000201461
-0.000187455
-0.000186983
-0.000186844
-0.000186987
-0.000187236
-0.000187261
-0.00018704
-0.000187188
-0.000187603
-0.00018792
-0.000189489
-0.000200589
-0.000195145
-0.000197921
-0.000189746
-0.000187835
-0.000187645
-0.000187199
-0.000187057
-0.000187269
-0.000187225
-0.000186943
-0.000186872
-0.000187077
-0.000187528
-0.000200824
-0.00020012
-0.000199913
-0.000189438
-0.000187755
-0.00018712
-0.000186746
-0.000187189
-0.000188047
-0.000188189
-0.000187496
-0.000187017
-0.000187233
-0.000187316
-0.0001873
-0.000201058
-0.000197846
-0.000200501
-0.000187331
-0.000187382
-0.000187265
-0.00018701
-0.000187501
-0.000188189
-0.000188039
-0.000187188
-0.0001868
-0.000187183
-0.000187744
-0.000189441
-0.000202137
-0.000197412
-0.000200649
-0.000188399
-0.000188206
-0.0001873
-0.000186792
-0.00018759
-0.000188817
-0.000188996
-0.000187954
-0.000187017
-0.000187016
-0.000186871
-0.000187211
-0.000201959
-0.000198043
-0.000194782
-0.000201232
-0.000187172
-0.0001869
-0.000187042
-0.000187008
-0.000187963
-0.000189
-0.000188825
-0.000187616
-0.000186841
-0.00018734
-0.000188143
-0.000188266
-0.000201415
-0.000198193
-0.000200934
-0.000188369
-0.000188185
-0.00018729
-0.000186783
-0.000187578
-0.000188806
-0.000188987
-0.000187944
-0.000186997
-0.000187006
-0.000186849
-0.000187144
-0.000201055
-0.000198231
-0.000194977
-0.00020118
-0.000187212
-0.000186877
-0.000187056
-0.000187024
-0.000187969
-0.000189003
-0.000188826
-0.000187607
-0.000186818
-0.000187323
-0.000188133
-0.000188279
-0.000201835
-0.000198748
-0.000200165
-0.000189433
-0.000187785
-0.000187164
-0.000186728
-0.000187149
-0.000188015
-0.000188157
-0.000187465
-0.000186989
-0.000187232
-0.000187275
-0.000187253
-0.00020205
-0.000198233
-0.000195205
-0.000201495
-0.000187329
-0.000187289
-0.000187283
-0.000187062
-0.000187513
-0.00018819
-0.000188034
-0.000187165
-0.000186747
-0.000187155
-0.000187725
-0.000189326
-0.000202299
-0.000197227
-0.00019942
-0.000201814
-0.00018751
-0.000187094
-0.000186807
-0.000186912
-0.000187186
-0.000187215
-0.000187021
-0.000187181
-0.000187607
-0.000187742
-0.000189508
-0.000201172
-0.000196291
-0.000199039
-0.000189583
-0.000187873
-0.000187659
-0.000187255
-0.000187051
-0.00018725
-0.000187204
-0.000186929
-0.000186828
-0.000187074
-0.000187463
-0.00019937
-0.000201145
-0.000200308
-0.000189264
-0.000187548
-0.000187345
-0.000187257
-0.0001873
-0.000187168
-0.000186978
-0.000187108
-0.000187691
-0.000188012
-0.000202012
-0.000199621
-0.000197272
-0.000201936
-0.000188083
-0.000187838
-0.000187147
-0.000186968
-0.000187171
-0.000187303
-0.000187272
-0.000187279
-0.000187497
-0.000189342
-0.000201939
-0.000199046
-0.000196425
-0.000201306
-0.000202608
-0.000188483
-0.00018714
-0.00018734
-0.000187116
-0.000186886
-0.000188243
-0.00019964
-0.000201097
-0.000199496
-0.000198997
-0.000200688
-0.000201518
-0.000188196
-0.000186983
-0.00018718
-0.000187391
-0.00018714
-0.000188307
-0.000202365
-0.000202253
-0.000199826
-0.000197325
-0.000200321
-0.000199278
-0.000200615
-0.00020089
-0.000199997
-0.000200687
-0.000199704
-0.000196606
-0.000198686
-0.000201241
-0.000199861
-0.000200723
-0.000200794
-0.000200009
-0.000200105
-0.000199911
-0.000195094
-0.000150217
-0.000151273
-0.000151265
-0.000153251
-0.000154921
-0.000155417
-0.000154343
-0.00015247
-0.000150085
-0.000151129
-0.000148396
-0.000148967
-0.000150013
-0.000149235
-0.000151671
-0.000154435
-0.000155439
-0.000155469
-0.000154615
-0.000151771
-0.000150733
-0.000150402
-0.000150412
-0.0001534
-0.00014192
-0.000139777
-0.000138397
-0.000137842
-0.000150643
-0.000151429
-0.00015191
-0.000150939
-0.000149937
-0.000137001
-0.000138778
-0.000140219
-0.000153958
-0.000152484
-0.000149585
-0.000154086
-0.000140413
-0.000139002
-0.000137399
-0.00015006
-0.00015037
-0.000151636
-0.000151962
-0.000150971
-0.000137952
-0.000138524
-0.000139734
-0.000141665
-0.000154929
-0.000152455
-0.000154595
-0.000142066
-0.000140487
-0.000139581
-0.000138805
-0.000138733
-0.0001386
-0.000138833
-0.000139049
-0.000138671
-0.000138236
-0.000138678
-0.000139279
-0.00014026
-0.000141081
-0.000155823
-0.000152194
-0.000149304
-0.000155019
-0.000141123
-0.000140364
-0.000139318
-0.00013884
-0.000138366
-0.000138787
-0.000139106
-0.000138945
-0.000138658
-0.000138731
-0.000138853
-0.000139544
-0.000140456
-0.000141965
-0.000156106
-0.000152745
-0.0001521
-0.000142659
-0.0001416
-0.000140473
-0.000139521
-0.000138849
-0.000138674
-0.000138674
-0.000138624
-0.000138892
-0.000139144
-0.000138706
-0.000138689
-0.000139359
-0.00014003
-0.000140558
-0.00014153
-0.000155109
-0.000150236
-0.00015305
-0.000141873
-0.000140688
-0.000140095
-0.000139363
-0.000138762
-0.000138806
-0.000139241
-0.000138906
-0.000138699
-0.000138742
-0.000138697
-0.000138857
-0.00013955
-0.000140537
-0.000141609
-0.00014267
-0.000153852
-0.00015367
-0.000141997
-0.000141573
-0.000140637
-0.000139696
-0.000138942
-0.000138365
-0.000138862
-0.000139841
-0.000140072
-0.000139237
-0.000138424
-0.00013867
-0.000139199
-0.000139731
-0.000140304
-0.000140801
-0.000155689
-0.000151986
-0.000148443
-0.000155017
-0.00014092
-0.00014044
-0.000139754
-0.000139207
-0.000138714
-0.000138464
-0.000139273
-0.000140078
-0.000139841
-0.0001389
-0.00013846
-0.000138974
-0.000139699
-0.000140661
-0.00014161
-0.000141966
-0.000155148
-0.000150453
-0.000156539
-0.000142951
-0.000141658
-0.000140715
-0.000139832
-0.000139017
-0.000138362
-0.000138632
-0.000139828
-0.000140005
-0.000138667
-0.000137878
-0.000138488
-0.000139041
-0.000139609
-0.000140112
-0.000140131
-0.000152158
-0.000152246
-0.000149139
-0.000154054
-0.000140134
-0.000140166
-0.000139609
-0.00013903
-0.000138483
-0.000137865
-0.000138687
-0.000140013
-0.00013984
-0.000138669
-0.000138437
-0.000139064
-0.000139813
-0.000140659
-0.000141574
-0.000142786
-0.000157493
-0.000153198
-0.000157114
-0.000142899
-0.000141639
-0.000140693
-0.000139811
-0.000138991
-0.000138341
-0.000138625
-0.000139825
-0.000139996
-0.000138662
-0.000137894
-0.000138507
-0.00013905
-0.000139614
-0.000140179
-0.000140176
-0.000151934
-0.000152714
-0.000149593
-0.000154168
-0.000140175
-0.000140217
-0.000139616
-0.00013902
-0.000138469
-0.000137849
-0.000138674
-0.00014001
-0.000139837
-0.000138664
-0.000138415
-0.000139036
-0.000139784
-0.000140624
-0.000141556
-0.000142789
-0.000158333
-0.000153948
-0.000155303
-0.000142051
-0.000141669
-0.00014063
-0.000139659
-0.0001389
-0.000138363
-0.000138877
-0.000139822
-0.000140023
-0.000139226
-0.00013846
-0.000138738
-0.000139225
-0.000139747
-0.000140416
-0.000140962
-0.000154669
-0.000152027
-0.000148231
-0.000155341
-0.000140931
-0.000140464
-0.000139756
-0.000139187
-0.000138656
-0.000138405
-0.000139243
-0.00014009
-0.000139835
-0.00013887
-0.000138371
-0.000138909
-0.00013961
-0.000140521
-0.000141414
-0.000141821
-0.000156313
-0.000152134
-0.00015298
-0.000142819
-0.000141731
-0.000140505
-0.000139481
-0.000138774
-0.000138631
-0.00013874
-0.000138663
-0.000138801
-0.000139143
-0.000138794
-0.00013879
-0.000139355
-0.000140012
-0.000140551
-0.00014162
-0.000155483
-0.00015125
-0.000154171
-0.000141729
-0.000140648
-0.000140063
-0.00013935
-0.000138675
-0.000138727
-0.000139153
-0.000138931
-0.000138617
-0.000138648
-0.000138583
-0.000138733
-0.000139423
-0.000140395
-0.000141433
-0.000142542
-0.000155107
-0.000149635
-0.0001502
-0.000155429
-0.000142106
-0.000140481
-0.0001395
-0.000138715
-0.000138613
-0.000138566
-0.000138872
-0.000139022
-0.000138724
-0.000138419
-0.000138749
-0.000139213
-0.00014022
-0.000141011
-0.000155579
-0.00015426
-0.000151886
-0.000156647
-0.000141104
-0.000140326
-0.00013933
-0.000138779
-0.000138324
-0.000138667
-0.000139065
-0.000138864
-0.000138577
-0.000138548
-0.000138632
-0.000139523
-0.000140504
-0.000142083
-0.000154995
-0.000153029
-0.000153853
-0.000156238
-0.000141888
-0.000139747
-0.000138646
-0.000137946
-0.000150412
-0.000150881
-0.000151281
-0.00015056
-0.000149832
-0.000137166
-0.000138799
-0.000140113
-0.000152972
-0.000154523
-0.000149809
-0.000152262
-0.000153753
-0.000140309
-0.000139065
-0.000137404
-0.000150097
-0.000150009
-0.000151105
-0.00015131
-0.000150636
-0.000137735
-0.00013833
-0.000139902
-0.000141902
-0.000155066
-0.000154686
-0.000149589
-0.000154696
-0.000153691
-0.000151263
-0.000148796
-0.000149312
-0.000150967
-0.000151445
-0.000150428
-0.00014881
-0.000147741
-0.000152493
-0.000152701
-0.000152496
-0.000151164
-0.000153601
-0.000152988
-0.000148767
-0.000148118
-0.000149968
-0.000151384
-0.000151545
-0.000150368
-0.000148593
-0.000148617
-0.000153264
-0.000154722
-0.000151984
-0.000102619
-0.000103985
-0.000104239
-0.000106024
-0.00010453
-0.000104252
-0.000104392
-0.000104287
-0.00010597
-0.000105092
-0.000105503
-0.000102687
-0.000102518
-0.000108391
-9.44374e-05
-9.16828e-05
-9.01608e-05
-0.000101061
-0.000100929
-0.000102675
-0.00010705
-0.00010562
-0.000101143
-9.9442e-05
-0.000100033
-9.15816e-05
-9.40743e-05
-9.5589e-05
-0.000106925
-0.00010371
-9.5746e-05
-9.42704e-05
-9.15966e-05
-0.000102973
-9.97162e-05
-0.000100914
-0.00010409
-0.000105829
-0.000101762
-0.000101011
-8.99988e-05
-9.17021e-05
-9.45745e-05
-0.000109734
-0.000107159
-0.000108019
-9.58915e-05
-9.42414e-05
-9.25839e-05
-9.15517e-05
-8.90812e-05
-0.000102121
-0.00010059
-0.000101554
-0.000103888
-0.000104985
-0.000103264
-0.000100576
-0.000100735
-0.00010254
-9.13304e-05
-9.19799e-05
-9.31826e-05
-9.38519e-05
-0.000107545
-0.000105234
-0.000102243
-0.000107896
-9.3989e-05
-9.33248e-05
-9.19987e-05
-9.12698e-05
-0.000102575
-0.000102506
-9.96568e-05
-0.000101895
-0.000104523
-0.000104751
-0.0001024
-0.000100394
-0.000100717
-8.89401e-05
-9.15887e-05
-9.26638e-05
-9.42359e-05
-9.58076e-05
-0.000109874
-0.000105869
-0.000104838
-9.58226e-05
-9.46795e-05
-9.39272e-05
-9.28834e-05
-9.182e-05
-9.12994e-05
-0.000102479
-0.000102886
-0.000101074
-9.96736e-05
-9.99362e-05
-0.000101814
-0.000103313
-0.000102148
-9.12853e-05
-9.16255e-05
-9.21598e-05
-9.30213e-05
-9.38885e-05
-9.50761e-05
-0.000108961
-0.000103213
-0.000106123
-9.49741e-05
-9.4026e-05
-9.31704e-05
-9.21947e-05
-9.15376e-05
-9.1106e-05
-0.000102268
-0.000102681
-0.000102417
-0.000100496
-9.98979e-05
-0.000101008
-0.000103147
-0.00010249
-9.12621e-05
-9.18901e-05
-9.29337e-05
-9.39193e-05
-9.45822e-05
-9.56401e-05
-0.000106789
-0.000106404
-9.5313e-05
-9.50932e-05
-9.43155e-05
-9.34106e-05
-9.24031e-05
-9.15024e-05
-9.11825e-05
-0.000102259
-0.000102768
-0.000104656
-0.000105377
-0.000104674
-0.000102633
-9.05958e-05
-9.09097e-05
-9.14019e-05
-9.2015e-05
-9.27398e-05
-9.36219e-05
-9.40932e-05
-0.000109067
-0.000106297
-0.000108289
-9.41534e-05
-9.36464e-05
-9.27759e-05
-9.19971e-05
-9.13045e-05
-9.08209e-05
-9.06483e-05
-0.000102303
-0.000103614
-0.000105294
-0.000105122
-0.000103844
-0.00010226
-9.12494e-05
-9.15085e-05
-9.24242e-05
-9.34354e-05
-9.42897e-05
-9.49817e-05
-9.51752e-05
-0.000108116
-0.000102796
-0.000109269
-9.66289e-05
-9.59859e-05
-9.485e-05
-9.36837e-05
-9.25226e-05
-9.14433e-05
-9.12263e-05
-0.000102161
-0.000101912
-0.000103836
-0.000104924
-0.000103026
-0.000100976
-9.09024e-05
-9.11289e-05
-9.14079e-05
-9.18581e-05
-9.24728e-05
-9.31744e-05
-9.3599e-05
-0.00010559
-0.000105231
-0.000101625
-0.000107219
-9.36209e-05
-9.31771e-05
-9.24479e-05
-9.17941e-05
-9.12872e-05
-9.10632e-05
-9.08488e-05
-0.00010135
-0.000101696
-0.000104296
-0.000104732
-0.00010271
-0.000101842
-9.13064e-05
-9.14586e-05
-9.25159e-05
-9.36721e-05
-9.47968e-05
-9.58958e-05
-9.63984e-05
-0.000110408
-0.000105497
-0.000109451
-9.6567e-05
-9.59699e-05
-9.48346e-05
-9.36598e-05
-9.24811e-05
-9.14079e-05
-9.12364e-05
-0.000102594
-0.000101735
-0.000103438
-0.000104494
-0.000102505
-0.00010054
-9.09145e-05
-9.11658e-05
-9.13967e-05
-9.18742e-05
-9.2482e-05
-9.31693e-05
-9.35737e-05
-0.000105357
-0.000105361
-0.000101649
-0.00010717
-9.35999e-05
-9.3185e-05
-9.24613e-05
-9.1812e-05
-9.12867e-05
-9.10925e-05
-9.08776e-05
-0.000100961
-0.000101175
-0.000103821
-0.00010432
-0.000102354
-0.000102074
-9.12746e-05
-9.14086e-05
-9.24865e-05
-9.36302e-05
-9.47616e-05
-9.59052e-05
-9.64732e-05
-0.000111188
-0.00010646
-0.000107886
-9.5262e-05
-9.50843e-05
-9.43104e-05
-9.3375e-05
-9.23112e-05
-9.14344e-05
-9.11677e-05
-0.000101959
-0.000102227
-0.000104434
-0.000105457
-0.000103862
-0.000101819
-9.07176e-05
-9.10648e-05
-9.14295e-05
-9.20533e-05
-9.27854e-05
-9.36172e-05
-9.40251e-05
-0.000108027
-0.000106029
-0.000102387
-0.000108405
-9.40911e-05
-9.36479e-05
-9.27838e-05
-9.20444e-05
-9.13582e-05
-9.08936e-05
-9.05657e-05
-0.000101835
-0.000102574
-0.000104998
-0.000105269
-0.000103263
-0.000101718
-9.11588e-05
-9.14176e-05
-9.23396e-05
-9.33009e-05
-9.41751e-05
-9.49325e-05
-9.51887e-05
-0.000109394
-0.00010454
-0.000105616
-9.56493e-05
-9.46866e-05
-9.39509e-05
-9.28488e-05
-9.17437e-05
-9.11925e-05
-0.000102667
-0.000102559
-0.00010333
-0.00010199
-0.000101375
-0.000104683
-0.000103346
-0.000102237
-9.12786e-05
-9.1582e-05
-9.21941e-05
-9.31175e-05
-9.40016e-05
-9.51484e-05
-0.000108674
-0.000104137
-0.000107492
-9.50166e-05
-9.39513e-05
-9.31389e-05
-9.2258e-05
-9.16675e-05
-9.12092e-05
-0.000102106
-0.000102398
-0.000104126
-0.000102656
-0.000101097
-0.000103764
-0.000102761
-0.000102587
-9.11137e-05
-9.17395e-05
-9.2767e-05
-9.3771e-05
-9.44636e-05
-9.58592e-05
-0.000108255
-0.000102123
-0.00010311
-0.000108673
-9.59134e-05
-9.42575e-05
-9.25402e-05
-9.14426e-05
-8.88029e-05
-0.00010192
-0.000102691
-9.98479e-05
-0.000100974
-0.000101576
-0.000101203
-0.000100804
-0.000102565
-0.000102664
-9.12214e-05
-9.19578e-05
-9.31835e-05
-9.39013e-05
-0.000106428
-0.000107245
-0.00010492
-0.000108347
-9.38907e-05
-9.32297e-05
-9.20783e-05
-9.15208e-05
-0.000102923
-0.000102456
-0.000100699
-0.000100312
-0.000101514
-0.000101139
-0.000100197
-0.000101461
-0.000102016
-8.89003e-05
-9.15499e-05
-9.24997e-05
-9.41131e-05
-9.57573e-05
-0.00010883
-0.000106613
-0.000107116
-0.000110729
-9.4595e-05
-9.17785e-05
-9.00151e-05
-0.000102215
-0.000100897
-0.000101028
-0.000103699
-0.00010635
-0.000107548
-0.00010592
-0.000102641
-0.000100144
-0.000100092
-0.000102172
-9.15794e-05
-9.39354e-05
-9.54853e-05
-0.00010801
-0.000103669
-0.000105792
-9.57766e-05
-9.41515e-05
-9.17443e-05
-0.000103182
-0.000102179
-0.000100471
-0.000101464
-0.000103731
-0.000107097
-0.000107399
-0.00010484
-0.000102659
-9.91612e-05
-0.000102232
-9.01644e-05
-9.1677e-05
-9.4424e-05
-0.000109672
-0.000108865
-0.000104354
-0.000107415
-0.000105759
-0.000101767
-0.000101263
-0.000104023
-0.000101987
-9.93548e-05
-0.000102377
-0.000107747
-0.000107953
-0.000106774
-0.000109314
-0.000107037
-0.000101862
-0.000100004
-0.000103969
-0.000105327
-0.000102102
-0.000102701
-0.000101844
-0.000106488
-0.00010654
-5.59345e-05
-5.75138e-05
-5.82111e-05
-6.02577e-05
-5.7202e-05
-5.67072e-05
-5.80368e-05
-6.08443e-05
-6.02647e-05
-5.84889e-05
-5.67697e-05
-5.67106e-05
-6.06983e-05
-4.80978e-05
-4.5893e-05
-4.43772e-05
-5.40409e-05
-5.50731e-05
-6.05688e-05
-5.48072e-05
-5.45527e-05
-4.51594e-05
-4.73161e-05
-4.84494e-05
-5.95993e-05
-5.6075e-05
-4.8589e-05
-4.76954e-05
-4.5672e-05
-5.69147e-05
-5.35233e-05
-5.66745e-05
-5.73546e-05
-5.40903e-05
-4.43475e-05
-4.5853e-05
-4.79473e-05
-6.22159e-05
-5.93929e-05
-6.05976e-05
-4.86585e-05
-4.76702e-05
-4.62884e-05
-4.49961e-05
-5.5735e-05
-5.43087e-05
-5.48211e-05
-5.91062e-05
-5.42627e-05
-5.31522e-05
-4.38902e-05
-4.53219e-05
-4.641e-05
-4.73299e-05
-6.23432e-05
-5.96634e-05
-6.19039e-05
-4.74178e-05
-4.64862e-05
-4.55056e-05
-4.41367e-05
-5.50549e-05
-5.21976e-05
-5.71596e-05
-5.62806e-05
-5.35897e-05
-5.58206e-05
-4.51474e-05
-4.62196e-05
-4.75751e-05
-4.86835e-05
-6.26046e-05
-5.78573e-05
-5.56886e-05
-4.86172e-05
-4.75041e-05
-4.71108e-05
-4.62701e-05
-4.53872e-05
-4.41866e-05
-5.55533e-05
-5.27291e-05
-5.67452e-05
-5.61484e-05
-5.45427e-05
-4.32671e-05
-4.44825e-05
-4.54345e-05
-4.65367e-05
-4.75586e-05
-4.87892e-05
-6.20461e-05
-6.03385e-05
-4.87293e-05
-4.75624e-05
-4.65546e-05
-4.54877e-05
-4.45453e-05
-4.32222e-05
-5.57102e-05
-5.37232e-05
-5.77739e-05
-5.8465e-05
-5.44733e-05
-5.3823e-05
-4.43273e-05
-4.54373e-05
-4.62164e-05
-4.70383e-05
-4.75032e-05
-4.88322e-05
-6.05429e-05
-5.73764e-05
-4.81998e-05
-4.77256e-05
-4.73689e-05
-4.67773e-05
-4.59831e-05
-4.54689e-05
-5.65196e-05
-5.65448e-05
-5.45042e-05
-5.93865e-05
-5.86725e-05
-5.33798e-05
-5.55509e-05
-4.41127e-05
-4.42723e-05
-4.5217e-05
-4.62792e-05
-4.73265e-05
-4.81616e-05
-6.28135e-05
-5.84169e-05
-6.12888e-05
-4.80876e-05
-4.73585e-05
-4.62972e-05
-4.52187e-05
-4.42944e-05
-4.40605e-05
-5.5536e-05
-5.28202e-05
-5.58759e-05
-5.99148e-05
-5.80353e-05
-5.39734e-05
-5.6615e-05
-4.56236e-05
-4.60905e-05
-4.67622e-05
-4.7313e-05
-4.77141e-05
-4.8401e-05
-6.1622e-05
-5.93039e-05
-4.81947e-05
-4.84452e-05
-4.7974e-05
-4.73917e-05
-4.67293e-05
-4.61466e-05
-5.70606e-05
-5.60868e-05
-5.31735e-05
-5.81102e-05
-5.75388e-05
-5.36858e-05
-5.55136e-05
-4.37019e-05
-4.41489e-05
-4.50004e-05
-4.58908e-05
-4.67337e-05
-4.7332e-05
-6.1883e-05
-6.0761e-05
-6.20016e-05
-4.72621e-05
-4.67319e-05
-4.58833e-05
-4.49584e-05
-4.40739e-05
-4.3507e-05
-5.50631e-05
-5.59351e-05
-5.43781e-05
-5.84442e-05
-5.90151e-05
-5.56764e-05
-5.30808e-05
-5.65323e-05
-4.6261e-05
-4.68184e-05
-4.73929e-05
-4.79394e-05
-4.84197e-05
-4.81076e-05
-6.16934e-05
-6.00181e-05
-4.81123e-05
-4.84085e-05
-4.79747e-05
-4.7401e-05
-4.67175e-05
-4.60896e-05
-5.69845e-05
-5.60643e-05
-5.36559e-05
-5.89677e-05
-5.70926e-05
-5.35352e-05
-5.58237e-05
-4.36834e-05
-4.41401e-05
-4.50017e-05
-4.58939e-05
-4.67369e-05
-4.73369e-05
-5.89456e-05
-5.94018e-05
-5.64554e-05
-6.04124e-05
-4.72647e-05
-4.674e-05
-4.588e-05
-4.49546e-05
-4.40675e-05
-4.35634e-05
-5.52393e-05
-5.62927e-05
-5.4026e-05
-5.78006e-05
-6.01105e-05
-5.56905e-05
-5.41618e-05
-5.64668e-05
-4.61734e-05
-4.67532e-05
-4.73782e-05
-4.79374e-05
-4.84274e-05
-4.81986e-05
-6.21075e-05
-5.83019e-05
-4.82171e-05
-4.76839e-05
-4.73488e-05
-4.67789e-05
-4.59372e-05
-4.53098e-05
-5.68287e-05
-5.62544e-05
-5.35067e-05
-5.79345e-05
-5.84082e-05
-5.31335e-05
-5.54008e-05
-4.41705e-05
-4.4368e-05
-4.52633e-05
-4.62989e-05
-4.73473e-05
-4.82008e-05
-6.30343e-05
-6.00281e-05
-6.2058e-05
-4.81157e-05
-4.73885e-05
-4.62861e-05
-4.5228e-05
-4.43594e-05
-4.4181e-05
-5.52634e-05
-5.36383e-05
-5.49287e-05
-5.9576e-05
-5.65354e-05
-5.30634e-05
-5.66852e-05
-4.54098e-05
-4.59187e-05
-4.67238e-05
-4.72998e-05
-4.76517e-05
-4.81859e-05
-6.08625e-05
-5.63659e-05
-4.8604e-05
-4.74392e-05
-4.70381e-05
-4.62415e-05
-4.52819e-05
-4.40463e-05
-5.58938e-05
-5.4592e-05
-5.57154e-05
-5.97924e-05
-5.78024e-05
-5.44752e-05
-5.60388e-05
-4.32515e-05
-4.46979e-05
-4.55326e-05
-4.65772e-05
-4.75497e-05
-4.86294e-05
-6.17546e-05
-5.8037e-05
-6.06714e-05
-4.86837e-05
-4.75475e-05
-4.65231e-05
-4.54483e-05
-4.46422e-05
-4.33892e-05
-5.60311e-05
-5.36434e-05
-5.66575e-05
-5.86915e-05
-5.3797e-05
-5.60324e-05
-4.40851e-05
-4.51989e-05
-4.61495e-05
-4.70518e-05
-4.74177e-05
-4.86516e-05
-6.04226e-05
-6.11353e-05
-4.86889e-05
-4.75736e-05
-4.62695e-05
-4.49774e-05
-5.54017e-05
-5.54341e-05
-5.33341e-05
-5.69053e-05
-5.77555e-05
-5.28285e-05
-5.52461e-05
-4.39522e-05
-4.53603e-05
-4.64175e-05
-4.73888e-05
-6.23321e-05
-6.10837e-05
-5.92299e-05
-6.28262e-05
-4.73325e-05
-4.64531e-05
-4.53826e-05
-4.40345e-05
-5.58373e-05
-5.41469e-05
-5.52022e-05
-5.958e-05
-5.53813e-05
-5.32528e-05
-5.51838e-05
-4.46861e-05
-4.61794e-05
-4.76102e-05
-4.87777e-05
-6.11526e-05
-5.996e-05
-5.92292e-05
-6.32514e-05
-4.77745e-05
-4.56712e-05
-4.41728e-05
-5.59037e-05
-5.39682e-05
-5.60168e-05
-5.71472e-05
-5.22037e-05
-5.54428e-05
-4.53489e-05
-4.7476e-05
-4.83997e-05
-6.14244e-05
-5.58525e-05
-5.90403e-05
-4.8767e-05
-4.77059e-05
-4.56394e-05
-5.62788e-05
-5.35295e-05
-5.43995e-05
-5.93805e-05
-5.54885e-05
-5.45844e-05
-4.41887e-05
-4.55582e-05
-4.77214e-05
-6.24219e-05
-6.11543e-05
-5.69587e-05
-6.04789e-05
-5.92784e-05
-5.48339e-05
-5.47604e-05
-5.86715e-05
-5.57184e-05
-5.64639e-05
-6.11038e-05
-6.0758e-05
-5.95919e-05
-6.27913e-05
-6.12854e-05
-5.66149e-05
-5.65212e-05
-5.63209e-05
-5.4579e-05
-5.52591e-05
-5.97797e-05
-5.93716e-05
-9.7598e-06
-1.25966e-05
-1.17567e-05
-1.30383e-05
-1.17784e-05
-1.20519e-05
-1.1315e-05
-1.24265e-05
-1.30666e-05
-1.19949e-05
-9.72296e-06
-9.00622e-06
-1.07768e-05
-8.92136e-07
1.05127e-06
2.51297e-06
-8.0229e-06
-1.03765e-05
-8.59889e-06
-8.04089e-06
1.72583e-06
-9.29711e-07
-1.72007e-05
-1.48317e-05
-1.66827e-05
-8.45514e-07
1.74468e-06
-9.88783e-06
-7.58566e-06
-1.04291e-05
-1.32053e-05
-8.24926e-06
2.29952e-06
1.31288e-06
-6.15974e-07
-1.42014e-05
1.10553e-06
-1.31704e-07
3.16147e-07
1.16207e-06
-9.50097e-06
-6.93499e-06
-9.2436e-06
-8.52849e-06
-7.23913e-06
2.76468e-06
1.50324e-06
-4.3739e-07
-3.33115e-06
-1.83399e-05
-1.42909e-05
-1.58195e-05
-3.41405e-06
-5.26164e-07
1.34405e-06
2.64665e-06
-9.09004e-06
-7.33464e-06
-1.06304e-05
-8.24641e-06
-9.14017e-06
1.28001e-06
3.77113e-07
-1.13684e-07
9.69306e-07
1.44737e-06
5.60016e-07
7.74748e-07
1.26382e-06
2.22335e-06
-9.37778e-06
-7.80739e-06
-1.24046e-05
-1.12782e-05
-7.13802e-06
3.26809e-06
1.55504e-06
8.29237e-07
-5.32357e-07
-2.0897e-06
-3.70077e-06
-1.52356e-05
-1.33882e-05
-3.57638e-06
-2.01015e-06
-5.16009e-07
7.88472e-07
1.5479e-06
3.42097e-06
-9.23181e-06
-8.71072e-06
-9.68826e-06
-7.96354e-06
2.29448e-06
1.39233e-06
7.50658e-07
4.09547e-07
1.2096e-06
1.78557e-06
7.05148e-07
6.39195e-07
1.03747e-06
1.31787e-06
-9.85338e-06
-7.56911e-06
-1.10594e-05
-9.00005e-06
-6.50795e-06
3.14464e-06
1.76274e-06
8.61653e-07
-3.83507e-07
-1.79327e-06
-2.60228e-06
-1.62325e-05
-1.17593e-05
-1.48286e-05
-2.63987e-06
-1.68639e-06
-2.87263e-07
9.00425e-07
1.81404e-06
3.21678e-06
-8.38791e-06
-6.1324e-06
-1.21816e-05
-1.38868e-05
-8.66211e-06
-1.00747e-05
1.39486e-06
1.04318e-06
5.76271e-07
5.69593e-07
1.60089e-06
1.39334e-06
4.99653e-07
2.40645e-07
3.73341e-07
3.19451e-07
-1.10879e-05
-1.12557e-05
-1.0781e-05
-7.27858e-06
-8.32194e-06
2.97133e-06
2.40848e-06
1.21349e-06
-1.46263e-07
-1.5515e-06
-2.90593e-06
-1.81733e-05
-1.39653e-05
-1.68222e-05
-2.76422e-06
-1.42635e-06
-4.20081e-08
1.27341e-06
2.45176e-06
3.0996e-06
-8.3583e-06
-5.8767e-06
-9.60057e-06
-1.30629e-05
-9.61161e-06
-1.13065e-05
2.78482e-07
3.54789e-07
2.04367e-07
4.4875e-07
1.33173e-06
1.3654e-06
4.81398e-07
2.14101e-07
3.377e-07
2.82301e-07
-1.14139e-05
-1.14986e-05
-1.02432e-05
-1.34974e-05
-6.78127e-06
-8.0386e-06
3.01319e-06
2.4283e-06
1.21271e-06
-1.29474e-07
-1.48419e-06
-2.80383e-06
-1.8214e-05
-1.38853e-05
-1.03148e-05
-1.74826e-05
-2.93486e-06
-1.47525e-06
-5.54029e-08
1.27433e-06
2.46186e-06
3.11184e-06
-8.02812e-06
-5.39673e-06
-1.02926e-05
-1.27258e-05
-9.22347e-06
-1.14722e-05
2.71818e-07
3.81342e-07
2.27939e-07
4.72586e-07
1.36999e-06
1.60517e-06
6.15326e-07
5.92117e-07
1.04663e-06
1.24151e-06
-1.04352e-05
-8.53967e-06
-1.08817e-05
-8.07794e-06
-8.62754e-06
3.04605e-06
1.7802e-06
8.59617e-07
-3.46521e-07
-1.71888e-06
-2.56526e-06
-1.70187e-05
-1.31971e-05
-1.61769e-05
-2.62931e-06
-1.69603e-06
-2.80819e-07
9.10401e-07
1.81975e-06
3.18319e-06
-8.5534e-06
-6.86111e-06
-1.05997e-05
-1.39272e-05
-8.33906e-06
-1.03149e-05
1.26074e-06
1.06979e-06
6.44055e-07
6.90676e-07
1.74917e-06
1.25075e-06
4.49109e-07
7.32368e-07
1.38442e-06
2.29016e-06
-9.61602e-06
-7.71853e-06
-1.14287e-05
-9.81465e-06
-6.57313e-06
3.07329e-06
1.50672e-06
8.11499e-07
-4.71588e-07
-1.94049e-06
-3.68782e-06
-1.64927e-05
-1.11796e-05
-1.44346e-05
-3.63348e-06
-1.92039e-06
-4.20674e-07
8.41752e-07
1.54001e-06
3.40013e-06
-8.7203e-06
-7.32467e-06
-1.27494e-05
-9.18849e-06
-9.69513e-06
2.31788e-06
1.31268e-06
7.86363e-07
5.72137e-07
1.48956e-06
1.05371e-06
-1.56199e-07
2.55044e-07
1.17426e-06
-9.27874e-06
-7.15832e-06
-7.25751e-06
-1.28144e-05
-7.66882e-06
-9.39349e-06
2.66737e-06
1.42936e-06
-3.83242e-07
-3.34708e-06
-1.69022e-05
-1.45664e-05
-1.18216e-05
-1.70388e-05
-3.25477e-06
-3.9815e-07
1.42909e-06
2.69065e-06
-9.38455e-06
-8.14235e-06
-1.01616e-05
-9.00388e-06
-5.59013e-06
-8.77091e-06
1.10562e-06
2.83887e-07
-5.86754e-08
1.22032e-06
-1.20363e-05
-7.27639e-07
1.22183e-06
2.44416e-06
-9.72205e-06
-8.09981e-06
-1.29661e-05
-9.74141e-06
-6.5319e-06
-8.69288e-06
1.95328e-06
-7.54047e-07
-1.71376e-05
-1.77179e-05
-1.53204e-05
-1.85764e-05
-1.07827e-06
1.6283e-06
-9.38127e-06
-7.34289e-06
-8.28796e-06
-1.04228e-05
-8.5197e-06
2.51942e-06
8.9691e-07
-6.09877e-07
-1.33468e-05
-7.29823e-06
-1.3676e-05
-1.31161e-05
-7.92819e-06
-8.87992e-06
-1.26282e-05
-9.13967e-06
-9.79458e-06
-1.40176e-05
-1.44894e-05
-1.20401e-05
-1.5684e-05
-1.38873e-05
-9.93337e-06
-1.05317e-05
-1.05015e-05
-7.10292e-06
-8.94307e-06
-1.2993e-05
-1.1125e-05
3.56299e-05
3.25472e-05
3.38372e-05
3.54439e-05
3.49919e-05
3.58027e-05
3.40748e-05
3.38962e-05
3.30991e-05
3.37912e-05
4.82896e-05
4.87247e-05
3.72927e-05
3.7076e-05
3.84551e-05
3.89546e-05
4.71393e-05
4.42926e-05
2.94137e-05
3.18281e-05
3.05144e-05
4.4196e-05
4.67979e-05
3.65756e-05
4.04544e-05
3.68191e-05
3.33927e-05
3.86103e-05
4.87652e-05
4.8183e-05
4.91706e-05
4.85073e-05
4.96557e-05
3.77655e-05
3.70461e-05
3.83585e-05
4.01585e-05
4.93112e-05
4.63973e-05
4.4497e-05
4.30284e-05
2.85719e-05
3.27286e-05
3.0634e-05
4.2959e-05
4.46115e-05
4.63876e-05
4.93092e-05
3.85441e-05
4.04495e-05
3.58109e-05
3.82005e-05
4.98247e-05
4.84556e-05
4.90825e-05
4.94601e-05
4.8941e-05
4.93548e-05
3.71002e-05
3.87935e-05
3.31043e-05
3.49067e-05
3.85239e-05
4.97395e-05
4.808e-05
4.65886e-05
4.52742e-05
4.43618e-05
4.26365e-05
3.01818e-05
3.49682e-05
3.25436e-05
4.26161e-05
4.43463e-05
4.53417e-05
4.66287e-05
4.81244e-05
4.97571e-05
3.71075e-05
3.73437e-05
3.65178e-05
3.87931e-05
4.93335e-05
4.8819e-05
4.93517e-05
4.94957e-05
4.8627e-05
4.83921e-05
3.72912e-05
3.92295e-05
3.61018e-05
3.73757e-05
3.68276e-05
4.86915e-05
4.79202e-05
4.66185e-05
4.54559e-05
4.45009e-05
4.42112e-05
3.00576e-05
3.3405e-05
3.58107e-05
3.10958e-05
4.42099e-05
4.45135e-05
4.55182e-05
4.67297e-05
4.80653e-05
4.87712e-05
3.71512e-05
3.85589e-05
3.48097e-05
3.86008e-05
3.73398e-05
4.82514e-05
4.85298e-05
4.94055e-05
4.94645e-05
4.84463e-05
4.79445e-05
3.62697e-05
3.56479e-05
3.50401e-05
3.8991e-05
3.83332e-05
4.91063e-05
4.77241e-05
4.64771e-05
4.52944e-05
4.43077e-05
4.45987e-05
3.37091e-05
3.31854e-05
3.46715e-05
3.20581e-05
4.43948e-05
4.42975e-05
4.53521e-05
4.66147e-05
4.79044e-05
4.91724e-05
3.82545e-05
4.05205e-05
3.56938e-05
3.16139e-05
3.69787e-05
3.60511e-05
4.78675e-05
4.83699e-05
4.94177e-05
4.94128e-05
4.83936e-05
4.78781e-05
3.59706e-05
3.53351e-05
3.53254e-05
3.95282e-05
3.88519e-05
4.89477e-05
4.77244e-05
4.65136e-05
4.53372e-05
4.43243e-05
4.45085e-05
3.40747e-05
3.27636e-05
3.4128e-05
3.21654e-05
4.43976e-05
4.42431e-05
4.5336e-05
4.66015e-05
4.78836e-05
4.91086e-05
3.86079e-05
4.11882e-05
3.64898e-05
3.19795e-05
3.68763e-05
3.58048e-05
4.78817e-05
4.83625e-05
4.94193e-05
4.9332e-05
4.84778e-05
4.83189e-05
3.68928e-05
3.80587e-05
3.56121e-05
3.78628e-05
3.76272e-05
4.85977e-05
4.792e-05
4.66796e-05
4.55251e-05
4.45756e-05
4.42474e-05
3.13394e-05
3.33842e-05
3.57533e-05
3.12407e-05
4.42698e-05
4.44723e-05
4.55019e-05
4.6738e-05
4.8054e-05
4.87331e-05
3.77397e-05
3.9632e-05
3.49357e-05
3.24589e-05
3.84259e-05
3.68245e-05
4.8343e-05
4.85402e-05
4.94268e-05
4.92754e-05
4.87485e-05
4.92675e-05
3.73653e-05
3.9015e-05
3.44729e-05
3.71292e-05
3.83901e-05
4.96733e-05
4.80871e-05
4.66817e-05
4.53509e-05
4.44159e-05
4.24769e-05
2.91619e-05
3.3963e-05
3.14658e-05
4.26911e-05
4.43114e-05
4.53446e-05
4.67056e-05
4.81886e-05
4.97731e-05
3.69473e-05
3.8678e-05
3.70436e-05
3.70551e-05
4.9405e-05
4.88689e-05
4.93699e-05
4.90185e-05
4.8354e-05
4.95329e-05
3.68582e-05
3.80795e-05
3.31579e-05
3.87228e-05
3.77769e-05
4.94735e-05
4.64828e-05
4.45167e-05
4.2937e-05
2.9554e-05
3.0711e-05
3.27237e-05
2.90206e-05
4.30151e-05
4.464e-05
4.65333e-05
4.9272e-05
3.78743e-05
3.8837e-05
3.62557e-05
3.65665e-05
3.85228e-05
4.96787e-05
4.84446e-05
4.90555e-05
4.81861e-05
4.86879e-05
3.61668e-05
3.81115e-05
3.39972e-05
3.7494e-05
4.13555e-05
3.84539e-05
4.68803e-05
4.40606e-05
2.88409e-05
2.97112e-05
3.63009e-05
3.2237e-05
2.85588e-05
4.42334e-05
4.70624e-05
3.67592e-05
3.9815e-05
3.91671e-05
3.58626e-05
3.75444e-05
4.86861e-05
4.81261e-05
3.30195e-05
3.6357e-05
3.72125e-05
3.43834e-05
3.80805e-05
3.68083e-05
3.19237e-05
3.2444e-05
3.47508e-05
3.14855e-05
3.28724e-05
3.73235e-05
3.72502e-05
3.59843e-05
3.63044e-05
3.45556e-05
7.90777e-05
8.07278e-05
8.22654e-05
8.16458e-05
8.16011e-05
8.05636e-05
8.07514e-05
8.57713e-05
8.32e-05
8.46232e-05
9.48607e-05
9.39892e-05
9.17879e-05
9.04813e-05
7.92506e-05
7.97258e-05
9.02381e-05
9.14628e-05
9.36651e-05
9.46069e-05
8.42713e-05
8.41281e-05
8.12352e-05
8.52488e-05
9.81839e-05
8.53863e-05
8.2962e-05
8.56104e-05
8.34339e-05
9.39723e-05
9.33565e-05
9.21653e-05
9.12236e-05
8.94034e-05
7.80585e-05
8.01674e-05
7.93803e-05
8.94427e-05
9.1309e-05
9.20743e-05
9.33421e-05
9.40833e-05
8.29449e-05
8.55773e-05
8.38315e-05
7.9994e-05
8.59073e-05
9.81387e-05
9.75581e-05
8.49745e-05
8.6692e-05
8.10477e-05
8.28822e-05
8.61288e-05
9.48622e-05
9.40866e-05
9.33738e-05
9.2219e-05
9.13099e-05
9.1095e-05
7.78556e-05
7.80536e-05
8.25254e-05
8.36001e-05
8.33049e-05
8.06835e-05
7.68947e-05
9.11318e-05
9.14156e-05
9.22397e-05
9.34263e-05
9.41824e-05
9.48865e-05
8.3698e-05
8.50845e-05
8.43862e-05
8.62075e-05
9.75739e-05
9.71327e-05
8.44201e-05
8.52524e-05
8.37522e-05
8.4086e-05
8.38974e-05
9.47978e-05
9.42168e-05
9.33585e-05
9.25686e-05
9.18046e-05
9.12442e-05
9.05815e-05
7.58495e-05
7.94478e-05
8.35936e-05
8.43714e-05
8.18375e-05
7.70336e-05
9.05861e-05
9.12763e-05
9.18039e-05
9.25424e-05
9.3365e-05
9.42786e-05
9.497e-05
8.38743e-05
8.58794e-05
8.06958e-05
8.50024e-05
8.39166e-05
9.71581e-05
9.76021e-05
9.67853e-05
8.30542e-05
8.29447e-05
8.5963e-05
8.35726e-05
9.39971e-05
9.37282e-05
9.31991e-05
9.27949e-05
9.22228e-05
9.12027e-05
9.12403e-05
7.82086e-05
7.72489e-05
8.0999e-05
8.20664e-05
7.91979e-05
7.67048e-05
9.11441e-05
9.11361e-05
9.21871e-05
9.27444e-05
9.31898e-05
9.38062e-05
9.42291e-05
8.34674e-05
8.66119e-05
8.34123e-05
7.93242e-05
8.47227e-05
9.66636e-05
9.75515e-05
9.75619e-05
9.67432e-05
8.32111e-05
8.32065e-05
8.53765e-05
8.29638e-05
9.4097e-05
9.38025e-05
9.32305e-05
9.28112e-05
9.22421e-05
9.12038e-05
9.12395e-05
8.06742e-05
7.73215e-05
8.03616e-05
8.1396e-05
7.87374e-05
7.78325e-05
9.11649e-05
9.11675e-05
9.22155e-05
9.27609e-05
9.31941e-05
9.37981e-05
9.41876e-05
8.28548e-05
8.52991e-05
8.39297e-05
7.9753e-05
8.49698e-05
9.66581e-05
9.75284e-05
9.70314e-05
8.3868e-05
8.29679e-05
8.33087e-05
8.50634e-05
8.38835e-05
9.49215e-05
9.43425e-05
9.34183e-05
9.25947e-05
9.18561e-05
9.12834e-05
9.05609e-05
7.70371e-05
7.77754e-05
8.21404e-05
8.32069e-05
8.02952e-05
7.66664e-05
9.0594e-05
9.1287e-05
9.18627e-05
9.25759e-05
9.33767e-05
9.42819e-05
9.49721e-05
8.39178e-05
8.649e-05
8.24049e-05
8.00113e-05
8.4285e-05
8.34437e-05
9.70945e-05
9.74967e-05
8.45668e-05
8.57849e-05
8.25445e-05
8.35689e-05
8.55365e-05
9.50292e-05
9.42399e-05
9.34302e-05
9.22075e-05
9.12953e-05
9.10447e-05
7.93927e-05
7.67908e-05
8.11694e-05
8.37985e-05
8.3659e-05
8.33981e-05
7.83753e-05
7.69125e-05
9.10853e-05
9.13392e-05
9.2251e-05
9.34255e-05
9.42281e-05
9.50129e-05
8.3749e-05
8.6353e-05
8.0157e-05
8.47191e-05
8.44387e-05
9.7394e-05
9.81616e-05
8.45565e-05
8.46549e-05
8.0946e-05
8.67548e-05
8.36803e-05
9.40681e-05
9.33469e-05
9.20426e-05
9.11282e-05
8.94024e-05
7.66095e-05
7.91382e-05
8.25173e-05
8.13454e-05
7.77094e-05
8.93178e-05
9.12016e-05
9.21359e-05
9.33596e-05
9.42004e-05
8.32202e-05
8.55747e-05
8.44984e-05
8.29161e-05
8.64866e-05
9.7984e-05
8.507e-05
8.57559e-05
8.15647e-05
8.52594e-05
8.40196e-05
9.46806e-05
9.39455e-05
9.15676e-05
9.03291e-05
7.68917e-05
7.89491e-05
8.11216e-05
7.76801e-05
9.0336e-05
9.17231e-05
9.3936e-05
9.46937e-05
8.27801e-05
8.55099e-05
8.36231e-05
8.5183e-05
8.41534e-05
7.89245e-05
8.1442e-05
8.44856e-05
8.28718e-05
7.80792e-05
7.80116e-05
8.30046e-05
8.03606e-05
7.75403e-05
7.9097e-05
8.38431e-05
8.34852e-05
8.12552e-05
0.000126538
0.000128435
0.000128555
0.000131348
0.000129611
0.000128524
0.000126653
0.000125551
0.000125625
0.000132062
0.000132062
0.000140886
0.00013935
0.000138223
0.000136745
0.000124602
0.000126818
0.000127378
0.000125752
0.000136723
0.00013839
0.000139231
0.000140449
0.000129235
0.00013308
0.000129294
0.00013196
0.000130851
0.000130826
0.00014228
0.000140507
0.000139414
0.000138548
0.000137988
0.000138312
0.000138887
0.000138878
0.000138357
0.000137981
0.000138638
0.000139542
0.00014056
0.000142216
0.000131142
0.000132263
0.000128948
0.000128462
0.000133461
0.000129081
0.000128444
0.000131156
0.000143107
0.000141156
0.000140337
0.000139482
0.000138757
0.000138575
0.00013894
0.000138879
0.000138825
0.000138903
0.000138561
0.00013881
0.000139566
0.000140384
0.000141137
0.000143143
0.000130615
0.000131132
0.000125302
0.000131559
0.000134784
0.000130284
0.000131281
0.00013042
0.000141893
0.000141155
0.0001403
0.000139499
0.000138952
0.00013868
0.000139344
0.000140143
0.000140117
0.000139313
0.000138705
0.000138979
0.000139535
0.000140304
0.000141099
0.000141775
0.000130495
0.00013253
0.000128302
0.000126915
0.000133564
0.000134687
0.000131114
0.000125226
0.000131371
0.000129732
0.000141555
0.000141299
0.000140317
0.000139489
0.000139151
0.00013893
0.00013924
0.000140177
0.000140167
0.000139206
0.000138935
0.000139143
0.000139481
0.000140302
0.000141247
0.000141507
0.000129938
0.000131595
0.000129063
0.000127515
0.00013376
0.000135101
0.00013162
0.000124328
0.000129752
0.000128958
0.000141568
0.000141309
0.000140324
0.000139491
0.000139151
0.000138946
0.000139242
0.000140169
0.000140162
0.000139211
0.000138923
0.000139149
0.000139482
0.000140291
0.000141256
0.000141568
0.000129239
0.000128554
0.000127888
0.000128167
0.000134117
0.000133966
0.000130209
0.000131978
0.000130733
0.000141918
0.000141146
0.000140286
0.000139498
0.000138935
0.000138681
0.000139316
0.000140084
0.000140088
0.000139311
0.00013868
0.000138971
0.00013952
0.000140286
0.000141142
0.00014193
0.0001305
0.000132941
0.00013007
0.000126597
0.000133033
0.000134483
0.000130242
0.000129823
0.000130171
0.000143052
0.000141124
0.0001403
0.000139445
0.000138722
0.000138524
0.000138888
0.000138748
0.000138727
0.000138833
0.000138534
0.000138748
0.000139493
0.00014034
0.000141144
0.000143092
0.000130522
0.000131607
0.000126389
0.000132196
0.000133473
0.000128407
0.000132802
0.000130771
0.000142194
0.000140466
0.000139398
0.000138486
0.000137826
0.000138281
0.000138872
0.00013883
0.000138184
0.000137922
0.000138491
0.000139425
0.000140567
0.000142237
0.000130709
0.00013258
0.000130514
0.000130445
0.000129499
0.000128304
0.000133067
0.000131077
0.000140761
0.000139333
0.000138331
0.000136734
0.000123197
0.000125076
0.00012578
0.000124026
0.00013655
0.000138146
0.00013916
0.000140609
0.000130036
0.000133059
0.00013147
0.000125577
0.000128549
0.000130874
0.000129667
0.000126665
0.000126579
0.000125334
0.000128151
0.000131387
0.000132128
0.000130148
0.000126495
0.000124994
0.000124924
0.000127112
0.000129688
0.000130591
0.000173328
0.000174571
0.000175251
0.00017616
0.000175644
0.000175133
0.000174525
0.000174017
0.000170908
0.000176311
0.000177695
0.000175981
0.000188001
0.000186544
0.000186923
0.000186907
0.000186596
0.000187962
0.000175727
0.000177397
0.00017736
0.000175401
0.000178095
0.000178356
0.000189796
0.000187374
0.000186911
0.000186951
0.000187114
0.000187105
0.000186989
0.000186927
0.000187507
0.000189976
0.000176947
0.000178936
0.000177042
0.000176455
0.000178791
0.000176766
0.000187664
0.000187387
0.000187194
0.000187199
0.000187351
0.000187346
0.000187215
0.00018719
0.000187467
0.000187777
0.000176771
0.000176662
0.000178119
0.000177916
0.000176794
0.000188377
0.000187511
0.000187486
0.000187344
0.000187645
0.000188303
0.000188297
0.000187631
0.000187306
0.000187502
0.000187571
0.000188449
0.00017676
0.000178734
0.000175029
0.000172455
0.000178989
0.000177432
0.000187492
0.000187359
0.000187623
0.000187441
0.000188137
0.000189125
0.000189118
0.00018812
0.000187423
0.000187631
0.000187391
0.000187539
0.000177054
0.00017979
0.000175853
0.000171313
0.000178308
0.000177474
0.000187494
0.000187353
0.000187604
0.000187428
0.000188133
0.000189118
0.00018911
0.000188119
0.000187415
0.000187616
0.000187365
0.000187484
0.00017713
0.000178841
0.000174959
0.000178978
0.000177107
0.000188334
0.000187506
0.000187426
0.000187302
0.000187633
0.000188284
0.000188269
0.000187602
0.000187288
0.000187498
0.000187533
0.000188439
0.000176811
0.000179987
0.000176312
0.000177196
0.000178436
0.000176645
0.00018766
0.000187366
0.000187172
0.000187171
0.000187338
0.000187305
0.000187113
0.000187115
0.000187382
0.000187614
0.000176421
0.000176807
0.000179256
0.000174637
0.000174525
0.000178794
0.000176817
0.000189795
0.000187411
0.000186911
0.000186967
0.000187178
0.000187104
0.000186878
0.000186853
0.000187449
0.000189942
0.000177005
0.000178242
0.000177105
0.000177158
0.000178598
0.000176444
0.00017598
0.000188171
0.000186661
0.000187001
0.000186932
0.000186508
0.000187937
0.000175583
0.000176412
0.000177751
0.00017768
0.000172604
0.000176336
0.000177185
0.000178505
0.000175184
0.000175842
0.000175929
0.00017512
0.000176957
0.000177434
0.000176478
0.000174022
0.000218766
0.000222454
0.000223054
0.00022275
0.000223011
0.000223802
0.000222958
0.000220511
0.000222175
0.00022438
0.000223906
0.00022292
0.00022315
0.000223271
0.00022318
0.000222597
0.000225267
0.000223264
0.000219836
0.000224027
0.000224571
0.00022314
0.000223281
0.000234635
0.000234617
0.000223236
0.000223267
0.00022312
0.000225531
0.000222088
0.00022156
0.000224525
0.000223055
0.000223469
0.000235371
0.000237083
0.000237099
0.00023535
0.000222907
0.000223568
0.000222498
0.000223987
0.000219531
0.000222473
0.000224072
0.00022366
0.000223145
0.000236881
0.000239133
0.000239127
0.000236875
0.000223134
0.000223586
0.000223004
0.000224802
0.000220489
0.000222467
0.000221636
0.000223882
0.000223128
0.000236884
0.000239131
0.000239114
0.000236888
0.000223259
0.000223652
0.000222857
0.000223251
0.00022085
0.000221983
0.00022485
0.000223254
0.000223211
0.000235356
0.00023709
0.000237072
0.00023533
0.000223001
0.000223659
0.000222837
0.000224726
0.000219467
0.000220947
0.000224968
0.000222887
0.000223282
0.000222906
0.000234658
0.000234619
0.000222947
0.000222928
0.000223221
0.000223829
0.000222963
0.000223107
0.000225896
0.000222859
0.000223314
0.000223416
0.000223481
0.000223342
0.000222969
0.000224627
0.000224586
0.000221752
0.000221701
0.000224292
0.000224689
0.000222323
0.000222331
0.000224125
0.00022406
0.00022317
0.000221396
0.000219737
0.000221062
0.000221597
0.000220724
0.000218738
0.000266191
0.000266556
0.000267018
0.000266444
0.000265452
0.000266174
0.000268284
0.000271759
0.000272533
0.000270212
0.000266244
0.000266234
0.000271428
0.000275491
0.000276312
0.000273747
0.000268729
0.000265664
0.000266685
0.000272165
0.000276277
0.000277114
0.000274535
0.000269325
0.000266098
0.000266188
0.000270129
0.000274003
0.000274792
0.000272323
0.000267732
0.000266293
0.000265439
0.000266455
0.000269159
0.000269774
0.000267889
0.000265338
0.000265794
0.000266353
0.000266019
-0.000265658
-0.000265408
-0.000266088
-0.000266215
-0.000265697
-0.000264557
-0.000264542
-0.000264657
-0.000264684
-0.000265642
-0.000266241
-0.000266162
-0.000265454
-0.000265714
-0.000264778
-0.000264404
-0.000264484
-0.000265529
-0.000265934
-0.000265651
-0.00026739
-0.000266245
-0.000266917
-0.000268834
-0.000269678
-0.000267035
-0.000266532
-0.000269814
-0.000269298
-0.00026545
-0.000264945
-0.000268061
-0.00026657
-0.000265831
-0.000265829
-0.000266206
-0.000265926
-0.000266113
-0.000265761
-0.000265042
-0.000265489
-0.000266575
-0.000268055
-0.0002665
-0.000267018
-0.000269292
-0.000269811
-0.000266954
-0.000266274
-0.000269663
-0.00026882
-0.000265901
-0.0002654
-0.000267374
-0.000265673
-0.000264611
-0.000264546
-0.000264435
-0.000265119
-0.000264966
-0.00026532
-0.000265299
-0.000266804
-0.000267545
-0.000269674
-0.000269364
-0.000271748
-0.000271462
-0.000272448
-0.000273649
-0.000274693
-0.000272597
-0.000272015
-0.000274859
-0.000274264
-0.000270613
-0.000268723
-0.000272763
-0.000270647
-0.000266709
-0.000265337
-0.000268161
-0.000265753
-0.000265098
-0.000265353
-0.000265223
-0.000265366
-0.000265293
-0.000266654
-0.000265771
-0.000268156
-0.000268707
-0.000270581
-0.000270656
-0.000272813
-0.000271993
-0.00027259
-0.000274278
-0.000274813
-0.000272431
-0.000271432
-0.000274683
-0.000273651
-0.000269675
-0.000267535
-0.000271754
-0.00026937
-0.000265352
-0.000264982
-0.000266843
-0.000265281
-0.000265055
-0.000264404
-0.000264804
-0.000265122
-0.0002678
-0.000265528
-0.000268376
-0.000270671
-0.000273199
-0.000271381
-0.000273946
-0.000275157
-0.000276225
-0.000275942
-0.000277021
-0.000276377
-0.000275791
-0.000277197
-0.00027657
-0.000274252
-0.000272057
-0.000275038
-0.000272799
-0.000269335
-0.000266657
-0.000269967
-0.000267091
-0.000266215
-0.000265321
-0.000264838
-0.000266189
-0.000264818
-0.000265355
-0.000266717
-0.000269342
-0.00026715
-0.000269985
-0.000272054
-0.000274237
-0.000272788
-0.000275034
-0.000275767
-0.000276388
-0.000276592
-0.000277187
-0.000276225
-0.000275138
-0.000277009
-0.000275929
-0.000273192
-0.000270714
-0.00027394
-0.000271408
-0.000267811
-0.000265157
-0.000268392
-0.000265554
-0.000264593
-0.000264969
-0.000264684
-0.000264428
-0.000265497
-0.000268381
-0.000265089
-0.000267792
-0.000271394
-0.000273969
-0.000270701
-0.000273205
-0.000275943
-0.000276998
-0.000275139
-0.000276214
-0.000277188
-0.000276574
-0.000276385
-0.000275785
-0.000275028
-0.000272801
-0.00027424
-0.000272057
-0.000269971
-0.000267095
-0.000269332
-0.000266635
-0.000265356
-0.000264929
-0.00026613
-0.00026474
-0.000265396
-0.000266146
-0.000267138
-0.000269988
-0.000266681
-0.000269347
-0.000272796
-0.000275052
-0.000272053
-0.00027428
-0.000276576
-0.000277183
-0.000275755
-0.0002764
-0.000277013
-0.000275951
-0.000276214
-0.00027515
-0.000273955
-0.00027137
-0.000273168
-0.000270649
-0.000268375
-0.000265539
-0.00026776
-0.000265075
-0.000264944
-0.000264433
-0.000265104
-0.000265149
-0.000266802
-0.000264948
-0.000265336
-0.000269398
-0.000271718
-0.000267534
-0.000269653
-0.000273663
-0.000274705
-0.000271429
-0.000272415
-0.000274867
-0.000274245
-0.000272596
-0.00027202
-0.000272754
-0.00027065
-0.00027063
-0.000268715
-0.000268143
-0.000265716
-0.000266676
-0.000265315
-0.000265268
-0.000265251
-0.000265286
-0.000265191
-0.000265773
-0.00026819
-0.000265327
-0.000266721
-0.000270647
-0.000272803
-0.000268717
-0.000270634
-0.000274249
-0.000274854
-0.000272004
-0.000272581
-0.000274681
-0.000273631
-0.000272432
-0.000271429
-0.0002717
-0.000269365
-0.000269677
-0.000267535
-0.000266737
-0.000265085
-0.000265309
-0.000264943
-0.000264895
-0.000264405
-0.000264299
-0.000264466
-0.000265585
-0.000267357
-0.000265357
-0.000265896
-0.000268828
-0.00026967
-0.000266285
-0.000266967
-0.000269776
-0.000269273
-0.000267027
-0.000266536
-0.000268069
-0.000266604
-0.000265527
-0.000265119
-0.000265963
-0.000266353
-0.000266062
-0.000266066
-0.000265894
-0.000266096
-0.000266636
-0.000268051
-0.000265137
-0.000265486
-0.000269265
-0.000269815
-0.000266516
-0.000267012
-0.000269692
-0.000268829
-0.000266908
-0.00026628
-0.000267394
-0.000265698
-0.000265991
-0.000265442
-0.000264516
-0.00026465
-0.000264562
-0.000265824
-0.000265589
-0.000266249
-0.000266265
-0.000265702
-0.00026474
-0.000264635
-0.000264546
-0.000264589
-0.000265717
-0.00026623
-0.000266101
-0.000265459
-0.000265663
-0.000218155
-0.000219141
-0.000220897
-0.000221638
-0.00022127
-0.000221471
-0.000221495
-0.000220893
-0.000219839
-0.000219274
-0.000219394
-0.000220114
-0.00022117
-0.000221509
-0.000221601
-0.000221678
-0.000221603
-0.000220583
-0.000218963
-0.000218481
-0.000220298
-0.000221303
-0.000222581
-0.000223675
-0.000243667
-0.0002225
-0.00022301
-0.000224614
-0.000225918
-0.000244119
-0.000245696
-0.000223553
-0.000224483
-0.000225378
-0.000225848
-0.000241407
-0.000245673
-0.000245161
-0.000224928
-0.000223256
-0.000225321
-0.000222804
-0.000241041
-0.000245044
-0.000244733
-0.000223144
-0.000223145
-0.000222506
-0.000222502
-0.000244749
-0.000244676
-0.000224103
-0.000223959
-0.00022449
-0.000225352
-0.000243129
-0.000242126
-0.000223732
-0.000223525
-0.000224889
-0.000225007
-0.000221282
-0.000219546
-0.000223902
-0.00022272
-0.000220363
-0.000217858
-0.00021791
-0.000220491
-0.000219837
-0.000221604
-0.000222715
-0.000224142
-0.000242103
-0.000242865
-0.000223658
-0.000223437
-0.00022514
-0.000224581
-0.000241616
-0.000244618
-0.000244787
-0.000223687
-0.000224233
-0.000224932
-0.000224491
-0.0002413
-0.000244861
-0.000245058
-0.000223199
-0.000223269
-0.000222546
-0.000222533
-0.000242383
-0.000245022
-0.000245477
-0.000223434
-0.00022482
-0.000222802
-0.000225194
-0.000245747
-0.000244319
-0.000224526
-0.000223706
-0.000226051
-0.000225609
-0.000243674
-0.000223418
-0.000222818
-0.000226209
-0.00022519
-0.000221342
-0.000224055
-0.000222651
-0.000220155
-0.000220271
-0.000220737
-0.000222045
-0.00022178
-0.000223597
-0.000242314
-0.000243001
-0.000243574
-0.000223774
-0.000225073
-0.000224812
-0.000223924
-0.000245534
-0.000245519
-0.000247521
-0.000225082
-0.000225173
-0.000222672
-0.000223135
-0.000247748
-0.000248487
-0.00024914
-0.000223468
-0.00022363
-0.000223417
-0.000223453
-0.000248888
-0.000248509
-0.000248913
-0.000223729
-0.000223589
-0.000223421
-0.000223457
-0.000248526
-0.000248975
-0.000248539
-0.000223463
-0.000223278
-0.000223385
-0.000223154
-0.000246937
-0.000247771
-0.000248159
-0.000223153
-0.00022303
-0.000222894
-0.000222868
-0.000244297
-0.000247659
-0.0002467
-0.000222913
-0.000224609
-0.000222977
-0.00022323
-0.000245291
-0.000245114
-0.000225947
-0.00022514
-0.000225237
-0.000226768
-0.000223091
-0.00022012
-0.000225691
-0.000223129
-0.000218708
-0.000221249
-0.000218562
-0.000221247
-0.000220107
-0.000223129
-0.000223036
-0.000225576
-0.000244483
-0.000245314
-0.000245479
-0.000225405
-0.000226319
-0.000226947
-0.000225491
-0.000245551
-0.000246915
-0.000247822
-0.000224749
-0.000222822
-0.00022334
-0.000222997
-0.000247675
-0.000248258
-0.000247858
-0.000222921
-0.000223101
-0.000222865
-0.000222893
-0.000248935
-0.000248428
-0.000248944
-0.000223212
-0.000223441
-0.000223111
-0.000223361
-0.000248311
-0.000248965
-0.000248444
-0.000223576
-0.000223664
-0.000223447
-0.000223364
-0.000246735
-0.000249076
-0.000248476
-0.000223639
-0.000223512
-0.000223361
-0.000223337
-0.000244292
-0.000247451
-0.000245613
-0.000225353
-0.000225581
-0.000223128
-0.000222815
-0.000243581
-0.000242992
-0.00022538
-0.000223956
-0.000224138
-0.000225146
-0.000222029
-0.000220652
-0.0002239
-0.000221791
-0.000220263
-0.000218671
-0.000220535
-0.000219863
-0.000222233
-0.00024198
-0.000243335
-0.000223301
-0.000224803
-0.000224587
-0.000224726
-0.000245241
-0.000244491
-0.000246618
-0.000223607
-0.00022212
-0.000222258
-0.000222209
-0.000248138
-0.000247625
-0.000246351
-0.000222382
-0.00022271
-0.000222314
-0.000222306
-0.000247453
-0.000244975
-0.000245509
-0.000222946
-0.000222953
-0.000222375
-0.000222633
-0.000246817
-0.000245647
-0.00024535
-0.000222512
-0.000222691
-0.000222673
-0.000222608
-0.000248462
-0.00024736
-0.000248938
-0.000223115
-0.000223405
-0.000222974
-0.000223316
-0.000245612
-0.000248506
-0.00024689
-0.000223605
-0.000225563
-0.000223428
-0.000223424
-0.000244492
-0.000243059
-0.000226738
-0.000225222
-0.00022503
-0.000225994
-0.000222838
-0.000221075
-0.000223924
-0.000220796
-0.000218662
-0.000218887
-0.000221233
-0.000222969
-0.000220798
-0.00022391
-0.000244642
-0.00024289
-0.00024424
-0.000224751
-0.000226285
-0.000225774
-0.000224781
-0.000247212
-0.000246673
-0.000248366
-0.000225481
-0.000223569
-0.000223324
-0.00022336
-0.000248651
-0.000248821
-0.000247278
-0.000223321
-0.000223033
-0.000223196
-0.00022284
-0.000245058
-0.000245296
-0.000245626
-0.000222655
-0.000222504
-0.000222543
-0.000222645
-0.000247762
-0.000245452
-0.000244889
-0.00022284
-0.000222821
-0.00022256
-0.000222291
-0.000247151
-0.000246298
-0.000247886
-0.000222673
-0.000222492
-0.000222271
-0.000222443
-0.000243281
-0.000247077
-0.000244577
-0.000222306
-0.00022388
-0.000222439
-0.000222356
-0.000243212
-0.000225051
-0.000223369
-0.000224671
-0.000224546
-0.000220597
-0.000218665
-0.000222376
-0.000219991
-0.000219765
-0.000221812
-0.00022379
-0.000221914
-0.00022479
-0.000244035
-0.00024291
-0.000244616
-0.000225588
-0.000224472
-0.000225297
-0.000222793
-0.000247654
-0.000247536
-0.000248556
-0.000222566
-0.000222579
-0.000222821
-0.000222743
-0.00024468
-0.000246857
-0.000245003
-0.0002224
-0.000222098
-0.000222377
-0.000222193
-0.000247115
-0.000245749
-0.000245265
-0.00022269
-0.000222901
-0.000222748
-0.000222667
-0.000247928
-0.000248328
-0.000248688
-0.000223203
-0.000223175
-0.000223091
-0.000223253
-0.000243407
-0.000246032
-0.000243389
-0.000222863
-0.000224868
-0.000222705
-0.000224022
-0.000241693
-0.000224444
-0.000221673
-0.000224878
-0.000222732
-0.000219226
-0.00022047
-0.000219276
-0.000220527
-0.000241761
-0.000221663
-0.000224415
-0.000222635
-0.000224706
-0.000244937
-0.000243454
-0.000246013
-0.000224952
-0.000222839
-0.000224033
-0.000222711
-0.000248871
-0.000248738
-0.000248395
-0.000223196
-0.000223192
-0.000223271
-0.000223084
-0.000245383
-0.000245252
-0.000245722
-0.000222849
-0.000222612
-0.000222626
-0.000222703
-0.000247373
-0.00024506
-0.000246839
-0.00022213
-0.000222545
-0.000222254
-0.000222497
-0.000246318
-0.000248635
-0.000247482
-0.000222792
-0.000222609
-0.000222894
-0.00022285
-0.000242706
-0.000244561
-0.000242834
-0.000224393
-0.000225532
-0.000222757
-0.000225266
-0.000223981
-0.000221831
-0.000224802
-0.0002218
-0.000219723
-0.000219237
-0.000219604
-0.000221944
-0.0002258
-0.000222437
-0.000226426
-0.000245532
-0.000244669
-0.000246097
-0.000226207
-0.00022322
-0.000226726
-0.000223562
-0.000247746
-0.000248481
-0.000247934
-0.000223142
-0.000222741
-0.000223369
-0.000222809
-0.000245301
-0.000244737
-0.000245558
-0.000222217
-0.000222306
-0.00022222
-0.000222423
-0.000248689
-0.000247179
-0.000248278
-0.00022307
-0.000223163
-0.000222807
-0.000222823
-0.000243225
-0.000246901
-0.00024349
-0.000222472
-0.000221762
-0.000222269
-0.000221574
-0.000241415
-0.000223874
-0.000223254
-0.000223916
-0.000223466
-0.000221388
-0.00022075
-0.000218434
-0.000221341
-0.000218305
-0.000220692
-0.000241
-0.000241361
-0.000222952
-0.000223655
-0.000223353
-0.000223794
-0.0002468
-0.00024343
-0.000246859
-0.000221731
-0.000222463
-0.000221528
-0.00022224
-0.000248269
-0.000248474
-0.000247158
-0.000223169
-0.000223025
-0.000222859
-0.000222789
-0.000244799
-0.00024559
-0.000244798
-0.000222359
-0.000222298
-0.000222465
-0.000222283
-0.000248082
-0.000248075
-0.000248594
-0.000222833
-0.000223167
-0.000222891
-0.000223407
-0.000243789
-0.000245952
-0.000244446
-0.000223115
-0.000226015
-0.000223454
-0.00022652
-0.000225579
-0.000221883
-0.000226126
-0.000222296
-0.000219133
-0.000219536
-0.000219548
-0.000219127
-0.00022242
-0.000226451
-0.00022196
-0.000225747
-0.000246013
-0.00024387
-0.000245366
-0.000226736
-0.000223524
-0.000226131
-0.000223147
-0.000247824
-0.000247933
-0.000247588
-0.000223323
-0.000222779
-0.000223099
-0.00022271
-0.00024556
-0.000244668
-0.000245295
-0.000222212
-0.000222423
-0.000222203
-0.000222301
-0.000248512
-0.000248319
-0.000248838
-0.000222772
-0.000222844
-0.00022301
-0.00022315
-0.000243476
-0.000246776
-0.000243092
-0.000222251
-0.000221527
-0.000222427
-0.000221633
-0.000240919
-0.00022377
-0.000223361
-0.000223572
-0.000223041
-0.000220798
-0.000218405
-0.000221672
-0.000218327
-0.000220744
-0.000221703
-0.000241483
-0.000240997
-0.000223459
-0.00022384
-0.000223159
-0.000223665
-0.000246868
-0.000243097
-0.000246726
-0.000221529
-0.000222255
-0.000221631
-0.000222438
-0.000247192
-0.000248759
-0.000248213
-0.00022288
-0.000222824
-0.000223204
-0.000223071
-0.000244776
-0.000245286
-0.000244697
-0.000222449
-0.000222265
-0.000222314
-0.000222241
-0.000248614
-0.000247692
-0.000248085
-0.000222877
-0.000223411
-0.000222785
-0.000223175
-0.000244433
-0.000245363
-0.00024384
-0.000223448
-0.000226496
-0.00022312
-0.000226063
-0.000226139
-0.000222466
-0.000225686
-0.000222034
-0.000219715
-0.000219365
-0.000219661
-0.00022192
-0.000224808
-0.000221759
-0.000223813
-0.000244533
-0.000242669
-0.000244104
-0.0002254
-0.000222806
-0.000225722
-0.000224548
-0.000248556
-0.000246528
-0.000248192
-0.00022288
-0.000222818
-0.000222713
-0.00022284
-0.000244985
-0.000247448
-0.000244644
-0.000222384
-0.000222177
-0.000222476
-0.000222057
-0.000245232
-0.000245424
-0.000247167
-0.000222706
-0.000222617
-0.000222645
-0.000222862
-0.000248745
-0.000248992
-0.000248066
-0.000223074
-0.000223257
-0.000223198
-0.000223185
-0.000243213
-0.000244983
-0.000243551
-0.000222667
-0.000223907
-0.000222774
-0.000224743
-0.000224554
-0.00022265
-0.000224233
-0.000221641
-0.000220733
-0.000219177
-0.000220718
-0.000219167
-0.000241355
-0.000222815
-0.000224545
-0.000221817
-0.000224179
-0.000245987
-0.000243305
-0.000244988
-0.000223714
-0.000222646
-0.000224577
-0.000222765
-0.000248334
-0.000247921
-0.000248875
-0.000223289
-0.000223134
-0.000223182
-0.000223279
-0.000245783
-0.000247048
-0.000245442
-0.000222722
-0.000222794
-0.000222994
-0.000222743
-0.000246734
-0.000244651
-0.000247356
-0.000222192
-0.000222413
-0.000222089
-0.000222484
-0.000247558
-0.000247889
-0.000246378
-0.00022282
-0.00022288
-0.000222755
-0.000222638
-0.000242853
-0.000243895
-0.000242674
-0.000222743
-0.000225388
-0.000224403
-0.000225617
-0.000224896
-0.000221833
-0.000223878
-0.00022168
-0.000219731
-0.000219818
-0.000222169
-0.000218577
-0.000220405
-0.000243492
-0.000242237
-0.000224723
-0.000224957
-0.000223372
-0.000224964
-0.000247398
-0.000243219
-0.000245479
-0.000222469
-0.000222531
-0.000223863
-0.000222304
-0.000246192
-0.000246986
-0.000247929
-0.000222381
-0.000222181
-0.000222394
-0.000222554
-0.000245448
-0.00024779
-0.000247416
-0.00022225
-0.000222547
-0.00022279
-0.000222858
-0.000245344
-0.000245112
-0.000246877
-0.000222689
-0.000222606
-0.000222552
-0.000222738
-0.000249086
-0.000248865
-0.000248695
-0.000222929
-0.000223273
-0.000223162
-0.000223414
-0.000246749
-0.000247285
-0.000245405
-0.000223389
-0.000223333
-0.000223557
-0.000225453
-0.000243068
-0.000244568
-0.000224681
-0.000225496
-0.000226313
-0.000224747
-0.000223798
-0.00022055
-0.000222929
-0.000220984
-0.000218621
-0.000218726
-0.000220906
-0.000223809
-0.000221287
-0.000222973
-0.000244285
-0.000244585
-0.000225498
-0.000224766
-0.000225007
-0.000226604
-0.000248439
-0.000245546
-0.000247275
-0.000223374
-0.000223473
-0.000225559
-0.000223626
-0.000247432
-0.000248672
-0.000248888
-0.000223423
-0.000223036
-0.000223504
-0.000223226
-0.000245659
-0.000246945
-0.000245064
-0.000222653
-0.000222692
-0.000222744
-0.000222521
-0.000244914
-0.000247418
-0.000247812
-0.000222591
-0.000222314
-0.000222888
-0.00022286
-0.000247973
-0.000248114
-0.000247138
-0.000222276
-0.000222454
-0.000222677
-0.000222485
-0.000244611
-0.000245467
-0.000243142
-0.000222503
-0.0002224
-0.000222337
-0.000223826
-0.000242157
-0.000224798
-0.000224642
-0.000224921
-0.000223388
-0.000222235
-0.000219879
-0.000220395
-0.000218584
-0.000220074
-0.000221748
-0.000223605
-0.000220482
-0.000221842
-0.000243561
-0.000242481
-0.000225066
-0.000224088
-0.000223997
-0.000225481
-0.000247405
-0.000244102
-0.000245192
-0.000222728
-0.000223018
-0.000225237
-0.000225036
-0.000249157
-0.000246549
-0.000247866
-0.000223263
-0.000223378
-0.000223371
-0.000223628
-0.000249015
-0.000248618
-0.000249036
-0.000223433
-0.000223484
-0.000223744
-0.000223608
-0.00024856
-0.000248998
-0.000248534
-0.00022339
-0.000223156
-0.000223442
-0.000223246
-0.000248356
-0.000247792
-0.000246947
-0.000222934
-0.000222948
-0.000223122
-0.000222961
-0.000246945
-0.000245541
-0.000244111
-0.000223073
-0.000223277
-0.000222808
-0.000224485
-0.000245045
-0.000244205
-0.000225227
-0.000226899
-0.000225815
-0.000225307
-0.000225611
-0.000223122
-0.000223164
-0.000220147
-0.000221305
-0.000218686
-0.000221194
-0.000218446
-0.000223216
-0.000225817
-0.0002201
-0.000223162
-0.000245507
-0.000244201
-0.000226905
-0.00022532
-0.000225367
-0.000226084
-0.000247955
-0.000244231
-0.000245513
-0.000223325
-0.000223072
-0.000224562
-0.000222798
-0.00024774
-0.000246672
-0.000247493
-0.000222891
-0.000222853
-0.000222864
-0.000223005
-0.000248969
-0.000248542
-0.000248954
-0.000223121
-0.000223359
-0.000223222
-0.000223424
-0.000248516
-0.000248892
-0.000248456
-0.000223433
-0.000223388
-0.000223549
-0.000223663
-0.000248487
-0.000247823
-0.000246615
-0.000223412
-0.000223338
-0.000223591
-0.000223426
-0.000245624
-0.000245398
-0.000244144
-0.000223076
-0.000222704
-0.000225172
-0.000225028
-0.00024281
-0.000242314
-0.000224074
-0.000225092
-0.000225147
-0.000223907
-0.000223625
-0.000221807
-0.00022194
-0.000220539
-0.000220091
-0.000220137
-0.000222927
-0.000224286
-0.000221636
-0.000243493
-0.000224712
-0.000225799
-0.000222705
-0.000223222
-0.00024578
-0.000225435
-0.000226047
-0.000223611
-0.000224622
-0.000244973
-0.000242391
-0.000241325
-0.000225257
-0.000222756
-0.00022484
-0.000223366
-0.000244726
-0.000241257
-0.000240971
-0.000222429
-0.000222431
-0.000223183
-0.00022302
-0.00024461
-0.000241493
-0.000224413
-0.00022509
-0.000224046
-0.00022372
-0.000241963
-0.00022475
-0.000224907
-0.000223653
-0.000223588
-0.000223758
-0.000222606
-0.000221294
-0.000219557
-0.000220435
-0.000217886
-0.000217821
-0.000220472
-0.000222747
-0.000223982
-0.000219764
-0.000221441
-0.000242989
-0.000224964
-0.000224706
-0.000223466
-0.000223416
-0.000244668
-0.000241423
-0.000225125
-0.000224394
-0.000223883
-0.000224148
-0.000245037
-0.000240982
-0.00024129
-0.000222443
-0.000222474
-0.000223047
-0.000223147
-0.000245396
-0.000241343
-0.000242214
-0.000222759
-0.000225022
-0.000223339
-0.0002247
-0.000244146
-0.000225735
-0.00022549
-0.000224329
-0.000223673
-0.000225895
-0.000224743
-0.000223076
-0.000222776
-0.000224036
-0.000222677
-0.000221672
-0.000220167
-0.00021853
-0.000219132
-0.0002207
-0.000221533
-0.000221552
-0.000221573
-0.000221181
-0.000220835
-0.000220013
-0.000219368
-0.000219221
-0.000220109
-0.000220932
-0.000221281
-0.000221487
-0.000221438
-0.000221676
-0.000220865
-0.000219121
-0.000218328
-0.000175075
-0.000195161
-0.000172272
-0.000176476
-0.00017674
-0.000197357
-0.000199168
-0.000172276
-0.000173121
-0.000176424
-0.000176905
-0.000195752
-0.000200151
-0.000200208
-0.000173994
-0.000175286
-0.00017695
-0.000176582
-0.000196163
-0.00019943
-0.000200227
-0.000174631
-0.000175421
-0.000174869
-0.000175283
-0.000196589
-0.000200634
-0.00020062
-0.000175794
-0.000175626
-0.000175665
-0.000175772
-0.00019678
-0.000200777
-0.000200767
-0.000175613
-0.000175418
-0.000175803
-0.000175616
-0.000194375
-0.000200035
-0.000199354
-0.000175081
-0.000174076
-0.000175156
-0.000174676
-0.000200937
-0.00020097
-0.000174855
-0.000174042
-0.000176552
-0.000176965
-0.000199039
-0.000197799
-0.000172505
-0.000171753
-0.000176322
-0.000175928
-0.000196583
-0.000172025
-0.00017674
-0.000176751
-0.000174919
-0.000172874
-0.000173155
-0.000175377
-0.000196765
-0.00017249
-0.000177079
-0.000177155
-0.000198186
-0.000200109
-0.000172345
-0.000173403
-0.000176434
-0.000177314
-0.000196289
-0.000201585
-0.000201241
-0.00017486
-0.000176
-0.000177721
-0.000177033
-0.0001965
-0.000199924
-0.000200482
-0.000175566
-0.0001759
-0.000175388
-0.000175663
-0.000196849
-0.000200828
-0.000200889
-0.000175837
-0.000175756
-0.000175869
-0.000175947
-0.000196609
-0.00020102
-0.00020068
-0.000175718
-0.000175831
-0.000175927
-0.000175713
-0.000194335
-0.000199827
-0.000199141
-0.000175138
-0.000173983
-0.000175128
-0.000174623
-0.000200671
-0.000200973
-0.000174944
-0.000174247
-0.000176673
-0.000177505
-0.000199537
-0.00019741
-0.000173253
-0.000172289
-0.000177278
-0.000176527
-0.000195347
-0.000171913
-0.000176871
-0.000176838
-0.000175199
-0.000174503
-0.000175635
-0.000176525
-0.000196102
-0.000199432
-0.000177226
-0.000178607
-0.000178396
-0.000179148
-0.000199816
-0.000201199
-0.000202304
-0.000179244
-0.000177748
-0.000179032
-0.000176795
-0.000202242
-0.000202329
-0.000201959
-0.000176211
-0.000176007
-0.000176542
-0.00017621
-0.000201072
-0.000199628
-0.000201168
-0.000175149
-0.000175442
-0.000175354
-0.000175719
-0.000198966
-0.000201083
-0.000200573
-0.000177381
-0.000177835
-0.000175953
-0.000176091
-0.00019932
-0.000198962
-0.000177921
-0.000176592
-0.000177865
-0.000179389
-0.000174926
-0.000171269
-0.000177839
-0.000174721
-0.000172616
-0.000172486
-0.000171334
-0.000175071
-0.000174868
-0.000177942
-0.000197261
-0.000199021
-0.000199425
-0.000177111
-0.000178365
-0.00017969
-0.000178205
-0.000200344
-0.000200764
-0.000201276
-0.000178218
-0.000177907
-0.000176382
-0.000176281
-0.000201659
-0.00020138
-0.000199964
-0.000175895
-0.000175772
-0.000176056
-0.000175749
-0.000201117
-0.000202117
-0.000202322
-0.000176242
-0.000176324
-0.000176354
-0.000176594
-0.000199512
-0.000202309
-0.000201064
-0.000178064
-0.000179478
-0.000176815
-0.000178872
-0.000199245
-0.000196216
-0.000178159
-0.000176985
-0.000178685
-0.000178329
-0.000174716
-0.000176604
-0.000175407
-0.00017513
-0.000173018
-0.000176103
-0.000196007
-0.000198934
-0.000177331
-0.000178488
-0.000178654
-0.000178857
-0.000200587
-0.000200118
-0.000201727
-0.000177528
-0.000176581
-0.000176415
-0.000176303
-0.000200568
-0.00020182
-0.000201666
-0.000176588
-0.000178937
-0.000176639
-0.000177035
-0.000199779
-0.000197528
-0.000179861
-0.000177695
-0.000178636
-0.000179178
-0.000176106
-0.000177501
-0.000176013
-0.000176227
-0.00017643
-0.000177878
-0.000199122
-0.000197392
-0.000199657
-0.000177602
-0.000179828
-0.000179074
-0.000178554
-0.000201532
-0.000201998
-0.000202054
-0.00017914
-0.000176808
-0.000177238
-0.000176838
-0.000198392
-0.000201941
-0.000200296
-0.000176528
-0.000177779
-0.000176421
-0.000176538
-0.000198843
-0.000178602
-0.000176963
-0.000178882
-0.000178519
-0.000174784
-0.000175995
-0.000172856
-0.000172725
-0.000174632
-0.000177732
-0.000175862
-0.000178837
-0.000200193
-0.000199345
-0.000201066
-0.000180249
-0.000178881
-0.00017974
-0.000177194
-0.000200608
-0.00020171
-0.00019935
-0.000176567
-0.000176198
-0.000176719
-0.000176237
-0.000197931
-0.000201269
-0.000199084
-0.000176354
-0.000177534
-0.000175948
-0.000175774
-0.000196117
-0.000177755
-0.000175671
-0.000177556
-0.000176365
-0.000173236
-0.000174242
-0.000173269
-0.000174224
-0.000195128
-0.000196413
-0.000176174
-0.000178185
-0.000176962
-0.000178078
-0.000200731
-0.000199262
-0.00020156
-0.000177654
-0.000176485
-0.000176057
-0.000176182
-0.000201566
-0.000199534
-0.000201862
-0.000176363
-0.000176676
-0.000176417
-0.000176903
-0.000198253
-0.000201309
-0.000199474
-0.000178818
-0.000180148
-0.00017738
-0.000179961
-0.000177719
-0.000174554
-0.000179071
-0.000175896
-0.000172812
-0.000173473
-0.000175249
-0.000197243
-0.000197377
-0.000176699
-0.00017958
-0.000178024
-0.000179174
-0.000201998
-0.000200208
-0.000202484
-0.000179054
-0.000177197
-0.000177001
-0.000176982
-0.000200172
-0.000201752
-0.000201007
-0.000175991
-0.000176012
-0.000176174
-0.00017613
-0.000197933
-0.000195181
-0.000178092
-0.000177574
-0.000177435
-0.000177968
-0.000176303
-0.000175992
-0.000173185
-0.000176184
-0.000173134
-0.000175879
-0.000198081
-0.000195163
-0.000197912
-0.000177633
-0.000178447
-0.000177701
-0.000177526
-0.000201348
-0.000201113
-0.000201726
-0.000176347
-0.000176239
-0.000176358
-0.000176324
-0.000200069
-0.000202361
-0.000200116
-0.00017738
-0.000179283
-0.000176978
-0.000176957
-0.000197283
-0.000179731
-0.000176765
-0.000179043
-0.000177841
-0.000173463
-0.000175169
-0.000176418
-0.000176998
-0.000198352
-0.000198992
-0.000179184
-0.000179949
-0.000179896
-0.000180503
-0.000201636
-0.000201051
-0.000201838
-0.000177164
-0.000176868
-0.00017738
-0.000176907
-0.000201251
-0.000201097
-0.000201215
-0.000176242
-0.000175978
-0.000176049
-0.00017571
-0.000194792
-0.000198188
-0.000195149
-0.000175224
-0.000176782
-0.000174929
-0.000176837
-0.000175298
-0.000172379
-0.000175588
-0.00017274
-0.000172468
-0.000175306
-0.000172771
-0.00017553
-0.000198049
-0.000195012
-0.000198086
-0.000176709
-0.000175258
-0.000176755
-0.000174879
-0.000201828
-0.00020111
-0.000200998
-0.000176077
-0.000176308
-0.000175708
-0.000176077
-0.000200321
-0.00020169
-0.000200807
-0.000176749
-0.000177
-0.000176793
-0.000177213
-0.000198701
-0.000179782
-0.000178982
-0.0001802
-0.000179516
-0.000176334
-0.000177056
-0.000177026
-0.000176288
-0.000198947
-0.000198123
-0.000179843
-0.000180447
-0.000178897
-0.000179785
-0.00020175
-0.000200396
-0.000201483
-0.000177323
-0.000176862
-0.000177062
-0.000176796
-0.000201237
-0.000202258
-0.000201759
-0.00017608
-0.00017577
-0.000176411
-0.000176252
-0.000195173
-0.000198232
-0.000194891
-0.000174984
-0.000176877
-0.000175406
-0.000176851
-0.000175609
-0.000172741
-0.000175354
-0.000172391
-0.000172764
-0.000175473
-0.000172447
-0.000175362
-0.000198105
-0.000194712
-0.000198164
-0.000176734
-0.000174917
-0.000176766
-0.000175349
-0.000201118
-0.000201582
-0.000202181
-0.0001758
-0.000176179
-0.000176284
-0.000176503
-0.00020099
-0.000201557
-0.00020057
-0.000176838
-0.000177271
-0.000176773
-0.000177053
-0.000198256
-0.000180256
-0.00017967
-0.000179806
-0.000179038
-0.000177309
-0.000176297
-0.000175235
-0.000173643
-0.000197359
-0.000197478
-0.000177863
-0.000179133
-0.000176963
-0.000179826
-0.000202467
-0.000200145
-0.000202218
-0.000177033
-0.000177007
-0.000179292
-0.000177392
-0.000201515
-0.00020116
-0.000200282
-0.000176373
-0.000176481
-0.000176096
-0.000176242
-0.000195433
-0.000198062
-0.000177867
-0.000178146
-0.000178568
-0.000177869
-0.000175956
-0.000172987
-0.000176241
-0.000173147
-0.000176173
-0.00017642
-0.00019811
-0.000198017
-0.000177987
-0.000177661
-0.000177704
-0.000178412
-0.000202072
-0.00020029
-0.00020127
-0.000176509
-0.000176466
-0.000176276
-0.000176224
-0.000200017
-0.000201857
-0.000199629
-0.000176842
-0.000176824
-0.000177062
-0.000178665
-0.000196966
-0.000178969
-0.00017776
-0.000179213
-0.000176699
-0.000174932
-0.000173513
-0.000172947
-0.000176002
-0.000178954
-0.000174619
-0.000177627
-0.000201239
-0.00019846
-0.000200407
-0.000179925
-0.000177434
-0.000180335
-0.000179204
-0.000199378
-0.000201538
-0.000200579
-0.000176844
-0.000176292
-0.000176724
-0.000176261
-0.000199072
-0.000200328
-0.000197828
-0.000175916
-0.00017586
-0.000176224
-0.000177438
-0.000195176
-0.000177817
-0.000176674
-0.000177844
-0.000175781
-0.000174315
-0.000173194
-0.000174401
-0.000173436
-0.000196243
-0.000195005
-0.000176877
-0.000177978
-0.000176041
-0.000177812
-0.00020149
-0.000197725
-0.000200767
-0.000175929
-0.000176135
-0.000177405
-0.000176451
-0.000201686
-0.000200613
-0.000201463
-0.000176244
-0.000176704
-0.000176257
-0.000176636
-0.000199278
-0.000200474
-0.000198603
-0.000177166
-0.000179432
-0.000179102
-0.00018019
-0.000178497
-0.00017581
-0.000177622
-0.000174663
-0.000172917
-0.000172932
-0.000176149
-0.000174886
-0.000199058
-0.000196304
-0.000178899
-0.000179212
-0.000177116
-0.000178637
-0.000201777
-0.000198478
-0.000200806
-0.000176616
-0.000176404
-0.000177863
-0.000176739
-0.00020182
-0.0002015
-0.00020049
-0.000176673
-0.000177017
-0.00017666
-0.000178889
-0.000197466
-0.000198936
-0.00017851
-0.000178956
-0.000179862
-0.000177807
-0.000177439
-0.000176
-0.000176182
-0.000176153
-0.000177364
-0.000176095
-0.000199878
-0.000199003
-0.000179006
-0.000178629
-0.000177926
-0.00017986
-0.000202041
-0.00020036
-0.000201283
-0.000177119
-0.000176736
-0.00017885
-0.0001766
-0.00020024
-0.000200935
-0.000198404
-0.000176479
-0.000176606
-0.000176846
-0.000177859
-0.000196224
-0.000179311
-0.000178871
-0.000178685
-0.000177151
-0.00017595
-0.000173046
-0.000174935
-0.000175482
-0.000176831
-0.00017466
-0.000199771
-0.000178669
-0.000179339
-0.000177186
-0.000178728
-0.000202156
-0.000199525
-0.000199907
-0.000179284
-0.000176844
-0.000179628
-0.000177898
-0.000202498
-0.000201469
-0.000202831
-0.000176733
-0.000176513
-0.000176425
-0.000176349
-0.000201174
-0.000201315
-0.000201145
-0.000175445
-0.00017579
-0.000175477
-0.000175633
-0.000200759
-0.000199981
-0.000199283
-0.00017607
-0.000176247
-0.000177688
-0.000178047
-0.000199
-0.000197361
-0.000178082
-0.000179442
-0.000178132
-0.000176747
-0.000177791
-0.000174869
-0.000174954
-0.000171291
-0.000172494
-0.000172418
-0.000174815
-0.0001777
-0.000171311
-0.000175089
-0.000199401
-0.000197272
-0.000179417
-0.000178045
-0.000177263
-0.000178277
-0.000201316
-0.000199429
-0.000200527
-0.000176333
-0.000176349
-0.000178126
-0.000178153
-0.000199916
-0.000201652
-0.000201643
-0.000176148
-0.000175749
-0.00017611
-0.000175857
-0.000202713
-0.000202879
-0.000201509
-0.00017645
-0.000176783
-0.000176389
-0.000176483
-0.000201386
-0.000199941
-0.00019961
-0.000176957
-0.000179467
-0.00017807
-0.000179825
-0.000196463
-0.000179518
-0.0001787
-0.000178832
-0.00017717
-0.000176792
-0.000175674
-0.000174618
-0.000175099
-0.000195144
-0.000176546
-0.00017677
-0.000172194
-0.000199304
-0.00017642
-0.00017706
-0.000172065
-0.000173064
-0.000200148
-0.000195502
-0.000177108
-0.000176423
-0.000173915
-0.00017506
-0.000199966
-0.000194993
-0.000195807
-0.000174756
-0.000175205
-0.000174527
-0.000175374
-0.000200923
-0.00019659
-0.00019701
-0.000175699
-0.0001759
-0.000175888
-0.000175848
-0.000200524
-0.000196955
-0.000196523
-0.000175872
-0.000175592
-0.000175778
-0.000175496
-0.000199473
-0.000195984
-0.000194923
-0.000175168
-0.000174712
-0.000175145
-0.00017412
-0.000201402
-0.00019522
-0.000176492
-0.000177292
-0.000174784
-0.000174362
-0.000198019
-0.000177015
-0.000176153
-0.00017335
-0.000171926
-0.000177111
-0.000177071
-0.000172209
-0.000175156
-0.000172843
-0.000173311
-0.000174908
-0.00019697
-0.000176636
-0.00017748
-0.000172621
-0.000200313
-0.000176911
-0.00017759
-0.000172763
-0.000173866
-0.000200978
-0.000196278
-0.000177539
-0.000177024
-0.000174674
-0.000175897
-0.000200194
-0.000195701
-0.000196211
-0.000175344
-0.000175588
-0.000175436
-0.00017585
-0.000200866
-0.000196832
-0.000196911
-0.000175851
-0.000175975
-0.000175841
-0.000175858
-0.000200757
-0.000196784
-0.000196905
-0.000175921
-0.000175737
-0.000175812
-0.000175804
-0.000199109
-0.000195688
-0.000194371
-0.000175182
-0.000174539
-0.000175168
-0.000173852
-0.000200777
-0.000195061
-0.00017621
-0.000177383
-0.000174397
-0.000174199
-0.000197474
-0.00017746
-0.000176522
-0.000173503
-0.000172145
-0.000177235
-0.000177082
-0.000172193
-0.000175134
-0.000127325
-0.000129252
-0.000149522
-0.000152336
-0.000125206
-0.000126144
-0.000129881
-0.000130173
-0.000150309
-0.000155456
-0.000155568
-0.00012803
-0.000129518
-0.000131216
-0.000130636
-0.000151787
-0.000153747
-0.000153176
-0.000127367
-0.000128699
-0.000125974
-0.000125209
-0.000150188
-0.000151155
-0.000148568
-0.000129932
-0.000129485
-0.000125568
-0.000124162
-0.000152424
-0.000147963
-0.000148596
-0.000124236
-0.000126451
-0.000154189
-0.000149337
-0.00015017
-0.000127895
-0.000129388
-0.000155362
-0.000150901
-0.000151383
-0.000131051
-0.000131915
-0.000155047
-0.000151488
-0.000151163
-0.00013211
-0.000131636
-0.0001535
-0.000150426
-0.000149512
-0.000130461
-0.000128565
-0.000150879
-0.000148585
-0.000147457
-0.000126795
-0.000124795
-0.000149302
-0.000147306
-0.000148361
-0.000128549
-0.000123251
-0.000123645
-0.000149608
-0.000152208
-0.000152769
-0.000128451
-0.000126661
-0.00012437
-0.000123693
-0.000148438
-0.000152694
-0.000153334
-0.000125666
-0.000127892
-0.000124769
-0.000129247
-0.000152822
-0.00015123
-0.000126965
-0.000126925
-0.000130213
-0.000130873
-0.000130486
-0.000129462
-0.000129209
-0.000130875
-0.000151522
-0.000153299
-0.00012729
-0.000127161
-0.000131722
-0.000130573
-0.000149201
-0.000153836
-0.000153372
-0.000128078
-0.000126344
-0.000129547
-0.000125323
-0.000150929
-0.000153442
-0.000152412
-0.000127424
-0.000128143
-0.000124347
-0.000124466
-0.00015044
-0.000148527
-0.00014785
-0.00012815
-0.000123815
-0.00012407
-0.00015304
-0.000148206
-0.000148994
-0.000125522
-0.000126904
-0.0001554
-0.000149879
-0.000150798
-0.000128613
-0.000130529
-0.000155496
-0.000151339
-0.000151594
-0.000131683
-0.000132174
-0.000155072
-0.000151527
-0.000151039
-0.00013203
-0.000131231
-0.000153353
-0.000150314
-0.000149372
-0.000129608
-0.00012807
-0.000151361
-0.000148337
-0.000148452
-0.000126365
-0.000124689
-0.000150559
-0.00014933
-0.000150972
-0.000129465
-0.000128756
-0.000124894
-0.000125294
-0.000149938
-0.000152643
-0.000153726
-0.000127782
-0.000127567
-0.000124901
-0.000125978
-0.000154951
-0.000154057
-0.000129322
-0.000126933
-0.000130017
-0.000130173
-0.000151709
-0.000149344
-0.000124855
-0.000124427
-0.000129345
-0.000129319
-0.000128923
-0.000127181
-0.000130354
-0.00013099
-0.000132523
-0.000152426
-0.000153598
-0.000154925
-0.000131149
-0.000132268
-0.000133694
-0.000132598
-0.000155188
-0.000156209
-0.000155025
-0.000130995
-0.000129474
-0.00013048
-0.00012974
-0.000151
-0.000150605
-0.000150674
-0.000125192
-0.000126253
-0.000125325
-0.000125005
-0.000151808
-0.000150966
-0.000151244
-0.000126737
-0.000127385
-0.000125133
-0.000125726
-0.000151577
-0.000151318
-0.000151028
-0.000127654
-0.000127147
-0.000125938
-0.000125456
-0.000150338
-0.000150476
-0.00015003
-0.000126162
-0.000125386
-0.000124575
-0.000124081
-0.000149595
-0.000149823
-0.000149911
-0.00012414
-0.000123767
-0.0001243
-0.000125703
-0.000153741
-0.000153057
-0.000153838
-0.000128795
-0.000130891
-0.000128854
-0.000129382
-0.000149731
-0.000154614
-0.000152602
-0.000131597
-0.000132096
-0.000129795
-0.000131197
-0.000149882
-0.000130575
-0.000126988
-0.000131336
-0.000129125
-0.000127343
-0.000127166
-0.000150002
-0.000126734
-0.000130191
-0.000128981
-0.000131245
-0.00015266
-0.000152533
-0.000154642
-0.000131911
-0.000131725
-0.000131166
-0.000129908
-0.000154465
-0.000153967
-0.000153286
-0.000131488
-0.000129166
-0.000129641
-0.000129077
-0.000150078
-0.00015015
-0.000149847
-0.000124226
-0.000123896
-0.000125808
-0.000123948
-0.000151047
-0.00014995
-0.000150484
-0.000124917
-0.000126123
-0.000123627
-0.000124524
-0.00015198
-0.000151047
-0.000151373
-0.000127052
-0.00012764
-0.000125396
-0.000125954
-0.000151564
-0.000151367
-0.000151066
-0.000127652
-0.000126999
-0.000125919
-0.000125324
-0.000150569
-0.000150601
-0.000150495
-0.00012604
-0.000125063
-0.000124704
-0.000125067
-0.000153169
-0.000154802
-0.000155812
-0.000129034
-0.000130511
-0.000129478
-0.000130203
-0.000154795
-0.000153575
-0.000132156
-0.000131352
-0.000132576
-0.000133802
-0.000130379
-0.000132138
-0.000130552
-0.000129966
-0.000127153
-0.000130226
-0.00015261
-0.000150301
-0.000153053
-0.000131775
-0.000133588
-0.00013234
-0.00013194
-0.000156417
-0.000155455
-0.000155205
-0.000132872
-0.00013103
-0.000130646
-0.000130497
-0.000155107
-0.000155522
-0.000156204
-0.00013004
-0.000130086
-0.000129983
-0.000130084
-0.000149204
-0.000153968
-0.000151694
-0.000130858
-0.000131143
-0.000129737
-0.000131458
-0.000129021
-0.000126169
-0.000130304
-0.00012889
-0.000126204
-0.000128956
-0.0001286
-0.000130585
-0.000152098
-0.000151984
-0.000154415
-0.000131168
-0.000130924
-0.000131685
-0.000129984
-0.000155815
-0.000156775
-0.000155921
-0.000130142
-0.000130164
-0.000130398
-0.000130261
-0.000154434
-0.000154954
-0.000155285
-0.000130899
-0.000132781
-0.000130377
-0.000130571
-0.000153191
-0.000150338
-0.000133269
-0.00013136
-0.00013196
-0.000132408
-0.000129476
-0.000129973
-0.000126878
-0.00012611
-0.000149827
-0.000128717
-0.000130841
-0.00012948
-0.000132022
-0.000153908
-0.000152942
-0.000155148
-0.000132078
-0.000130176
-0.000131768
-0.000130154
-0.00015291
-0.000155118
-0.00015386
-0.0001298
-0.000131294
-0.000129854
-0.000129882
-0.000151398
-0.000131859
-0.000130149
-0.00013175
-0.000130515
-0.000127155
-0.00012825
-0.00012673
-0.000128249
-0.000150223
-0.000151441
-0.000129545
-0.000132043
-0.000130411
-0.000131767
-0.000155503
-0.000154061
-0.000155399
-0.00013161
-0.00013009
-0.000130003
-0.000130029
-0.000151921
-0.000155105
-0.000152807
-0.000130082
-0.000131985
-0.000130013
-0.00013153
-0.000149773
-0.000130629
-0.000128517
-0.000131743
-0.000129314
-0.000126022
-0.000126798
-0.000128557
-0.000150546
-0.000152112
-0.000130306
-0.000132085
-0.000131782
-0.000133312
-0.000155152
-0.000155399
-0.000156636
-0.000130403
-0.00013044
-0.000131281
-0.000131213
-0.000154775
-0.000154849
-0.000155193
-0.000129965
-0.000129874
-0.000129597
-0.000129454
-0.000148482
-0.000152094
-0.000148273
-0.000131119
-0.000131128
-0.000128862
-0.00013027
-0.000129703
-0.000129205
-0.000126238
-0.00012993
-0.00012632
-0.000129258
-0.000152159
-0.000148249
-0.000152285
-0.000131283
-0.000131223
-0.000130305
-0.000128926
-0.000155814
-0.00015516
-0.000154642
-0.000129928
-0.000130004
-0.000129429
-0.000129534
-0.000153606
-0.000156472
-0.000155221
-0.000130325
-0.000130236
-0.000131065
-0.000131125
-0.000152125
-0.000131894
-0.000130106
-0.000133231
-0.000131712
-0.000126778
-0.000128372
-0.000129856
-0.000130333
-0.000153548
-0.000154366
-0.000133229
-0.000134558
-0.000133902
-0.000135238
-0.000157636
-0.000157088
-0.000158149
-0.000132183
-0.000131958
-0.000132687
-0.000132373
-0.000153944
-0.000151919
-0.000154074
-0.000128979
-0.000128996
-0.000128747
-0.00012889
-0.00014911
-0.000152713
-0.00014969
-0.000128672
-0.00013059
-0.000128755
-0.000130874
-0.000129035
-0.000125587
-0.000129335
-0.000125954
-0.000125634
-0.000129037
-0.000126056
-0.000129264
-0.00015244
-0.000149579
-0.000152814
-0.000130586
-0.000128743
-0.00013079
-0.000128786
-0.00015214
-0.000154213
-0.000151933
-0.000129038
-0.000128983
-0.000128952
-0.000128776
-0.000156309
-0.000158188
-0.000157057
-0.000131814
-0.00013196
-0.000132297
-0.000132507
-0.000153761
-0.000134139
-0.000132715
-0.000134668
-0.000133312
-0.000129676
-0.000130631
-0.00013029
-0.000129823
-0.000154177
-0.000153478
-0.000133622
-0.00013504
-0.000133123
-0.000134493
-0.000158173
-0.000156427
-0.000157538
-0.000132649
-0.000132362
-0.000132123
-0.000131914
-0.000154094
-0.000152165
-0.000153989
-0.000128754
-0.000128892
-0.000128975
-0.000128982
-0.000149696
-0.000152275
-0.000149092
-0.000128748
-0.000130841
-0.000128637
-0.000130454
-0.000129293
-0.000125925
-0.000128842
-0.000125592
-0.000125993
-0.000129229
-0.000125598
-0.000129053
-0.000152755
-0.000149157
-0.000152392
-0.000130745
-0.000128764
-0.00013057
-0.000128712
-0.000151924
-0.000154074
-0.000152201
-0.000128945
-0.000128785
-0.000129057
-0.000129031
-0.000157324
-0.000157515
-0.00015638
-0.000132352
-0.000132619
-0.000131832
-0.000132024
-0.000153356
-0.000134859
-0.000133545
-0.000134328
-0.000132955
-0.000130554
-0.000129708
-0.00012856
-0.000126807
-0.000152202
-0.000150458
-0.000131864
-0.000133338
-0.000130112
-0.000131935
-0.000156533
-0.000153816
-0.0001553
-0.000131251
-0.000131186
-0.000130418
-0.000130496
-0.00015515
-0.000155764
-0.000154929
-0.000129542
-0.000129375
-0.000129982
-0.000129815
-0.00014815
-0.000151791
-0.000148234
-0.000128728
-0.000130114
-0.000130764
-0.000130792
-0.000129063
-0.000126288
-0.000129649
-0.000126261
-0.000129341
-0.000129981
-0.00015209
-0.000148226
-0.000151761
-0.000130246
-0.000128818
-0.00013101
-0.000130877
-0.000154834
-0.000155206
-0.000155977
-0.000129471
-0.000129622
-0.000129914
-0.000130064
-0.000154997
-0.000155133
-0.000153597
-0.000131004
-0.000131055
-0.000130276
-0.000130184
-0.000150421
-0.000133192
-0.000131705
-0.000131907
-0.000130168
-0.000128492
-0.000126748
-0.000125976
-0.000149957
-0.000129216
-0.000132094
-0.000128355
-0.000130903
-0.000155226
-0.000152161
-0.000153904
-0.000131902
-0.000130208
-0.000132175
-0.000130205
-0.000154173
-0.000155353
-0.000153435
-0.000130027
-0.000130003
-0.000130036
-0.000131832
-0.000150412
-0.000131573
-0.000130201
-0.000132391
-0.000129992
-0.00012814
-0.000127068
-0.000128272
-0.000126957
-0.000151385
-0.000150372
-0.000130258
-0.000131473
-0.000130024
-0.000132115
-0.000155497
-0.000153294
-0.000155463
-0.000129942
-0.000130038
-0.000131605
-0.000130042
-0.000152683
-0.000153653
-0.000151788
-0.000129931
-0.000131293
-0.000129941
-0.000131742
-0.000131741
-0.00012959
-0.000130714
-0.000128948
-0.000126275
-0.000126759
-0.000130109
-0.000129813
-0.000152986
-0.000152818
-0.000132329
-0.000131904
-0.000131593
-0.000133728
-0.00015513
-0.000154886
-0.000156241
-0.000130728
-0.000130546
-0.000133202
-0.000131078
-0.000156285
-0.000155645
-0.000154829
-0.000130034
-0.000130164
-0.000129967
-0.000129973
-0.000152147
-0.000152319
-0.000149339
-0.000129919
-0.000131827
-0.000130906
-0.000131279
-0.000130789
-0.0001288
-0.000128846
-0.000125985
-0.00012867
-0.000130387
-0.000125957
-0.000128665
-0.000154212
-0.000149012
-0.000152177
-0.000131474
-0.000129855
-0.00013098
-0.000130765
-0.00015569
-0.000154928
-0.000155478
-0.000130292
-0.000130094
-0.000129988
-0.00012992
-0.000155277
-0.000156167
-0.00015444
-0.000130374
-0.00013054
-0.000130902
-0.00013278
-0.000150297
-0.00015264
-0.000131799
-0.000132382
-0.000133248
-0.000131413
-0.000130281
-0.000127224
-0.000129737
-0.00013097
-0.000132815
-0.000130254
-0.00015495
-0.000152574
-0.000134067
-0.000132646
-0.000131242
-0.000132306
-0.000155232
-0.000153575
-0.000155406
-0.000130548
-0.000129851
-0.000131108
-0.000129597
-0.000150421
-0.000150535
-0.000150805
-0.000124877
-0.000124293
-0.000124992
-0.000125632
-0.000151212
-0.000151404
-0.000151819
-0.000125065
-0.000125719
-0.000126721
-0.000127444
-0.00015107
-0.000151871
-0.000151601
-0.000125841
-0.000125598
-0.000127512
-0.000127247
-0.00014999
-0.000151027
-0.000150287
-0.000124876
-0.000123893
-0.000126503
-0.000125026
-0.000150008
-0.000149948
-0.000149826
-0.000124128
-0.000125761
-0.000123831
-0.000123839
-0.000153756
-0.000153912
-0.000153763
-0.000128712
-0.000129325
-0.000128633
-0.000130973
-0.000152314
-0.000152684
-0.000149629
-0.000129654
-0.000130823
-0.000131396
-0.000131625
-0.000131028
-0.000129247
-0.000129873
-0.000126967
-0.000127284
-0.000127194
-0.000149891
-0.000129112
-0.000131069
-0.000126872
-0.000130218
-0.000154289
-0.000149568
-0.000152476
-0.000130936
-0.000129614
-0.000131905
-0.000131336
-0.00015306
-0.000153752
-0.000154265
-0.000129351
-0.000128894
-0.000130881
-0.000128929
-0.000149863
-0.000149954
-0.000150048
-0.000125744
-0.000124105
-0.000123876
-0.000123817
-0.000150548
-0.000150408
-0.00015111
-0.000123821
-0.000124695
-0.000124969
-0.00012631
-0.000151368
-0.000151721
-0.000152005
-0.000125557
-0.000125931
-0.000127299
-0.000127677
-0.000151026
-0.000151925
-0.000151544
-0.000125796
-0.00012524
-0.000127538
-0.000126918
-0.000150557
-0.000151018
-0.00015064
-0.000124807
-0.0001252
-0.000126104
-0.000125193
-0.000156169
-0.000155139
-0.00015372
-0.00012969
-0.00013044
-0.000129356
-0.000131119
-0.000153426
-0.000152524
-0.000132484
-0.000133647
-0.000132265
-0.000130863
-0.000132222
-0.000130595
-0.000130105
-0.000127309
-0.00012936
-0.000152574
-0.000130055
-0.000130348
-0.000125405
-0.000126327
-0.000154817
-0.000150177
-0.000130968
-0.000129892
-0.000127676
-0.000128768
-0.000153004
-0.000150103
-0.000151509
-0.000125567
-0.00012493
-0.000126855
-0.000128259
-0.000149384
-0.000151248
-0.000150663
-0.000125584
-0.00012518
-0.000129818
-0.000130042
-0.000148666
-0.00015183
-0.000152287
-0.000125096
-0.000126923
-0.000150205
-0.000153216
-0.000154283
-0.00012805
-0.000129516
-0.000151392
-0.000154999
-0.000155276
-0.000131099
-0.00013191
-0.000151118
-0.000155355
-0.000155105
-0.00013206
-0.000131547
-0.000149557
-0.000154449
-0.000153628
-0.000130465
-0.000128606
-0.000147967
-0.000152763
-0.000151512
-0.000126887
-0.00012521
-0.000148738
-0.000150531
-0.000149628
-0.000123944
-0.000123754
-0.000128775
-0.00015324
-0.000151246
-0.000150022
-0.000124266
-0.000123537
-0.000128511
-0.00012657
-0.000152955
-0.00014851
-0.000148057
-0.000124244
-0.000128653
-0.000125142
-0.000127419
-0.000151082
-0.000129783
-0.000131008
-0.000126425
-0.000126564
-0.000130418
-0.000129326
-0.000129639
-0.000130879
-0.000153013
-0.000131295
-0.000130276
-0.000127148
-0.000126813
-0.0001526
-0.000148807
-0.000148415
-0.000129236
-0.000124616
-0.000127703
-0.000125543
-0.000152615
-0.000149593
-0.000151174
-0.000124092
-0.000124604
-0.000126942
-0.000128431
-0.000148122
-0.000149518
-0.000150761
-0.000123902
-0.000123948
-0.000128274
-0.000148999
-0.000151767
-0.00015316
-0.000125243
-0.000126863
-0.000150807
-0.000154571
-0.000155344
-0.000128609
-0.000130527
-0.000151656
-0.000155476
-0.000155607
-0.000131693
-0.000132218
-0.000151074
-0.000155467
-0.000155131
-0.000132032
-0.000131224
-0.000149416
-0.000154619
-0.0001532
-0.000129627
-0.000128179
-0.000147947
-0.000151995
-0.000151068
-0.00012681
-0.000124301
-0.0001509
-0.000150272
-0.000150531
-0.000123887
-0.00012501
-0.000129006
-0.000128806
-0.000154016
-0.000151069
-0.000150492
-0.000124948
-0.000126117
-0.000127853
-0.000127626
-0.00015411
-0.00015014
-0.000129983
-0.000130351
-0.000129338
-0.000127273
-0.000149624
-0.00012988
-0.000129956
-0.000125398
-0.000124498
-0.000129592
-0.000127246
-8.08231e-05
-8.29962e-05
-0.000104174
-0.000106503
-7.94814e-05
-7.98717e-05
-8.3903e-05
-8.33527e-05
-0.000102963
-0.000107188
-0.000106334
-8.10969e-05
-7.97946e-05
-8.25946e-05
-7.86741e-05
-0.000102502
-0.000105504
-0.000101806
-8.10519e-05
-8.08859e-05
-7.76496e-05
-7.64369e-05
-0.000105966
-0.000101378
-0.00010197
-7.7403e-05
-7.96543e-05
-0.000101395
-0.000102201
-8.19458e-05
-0.000103886
-0.000105297
-0.000103925
-0.000102181
-0.000100191
-0.000104939
-9.96882e-05
-0.000101385
-8.00581e-05
-7.9037e-05
-0.000105844
-0.000102599
-0.000106488
-8.27891e-05
-8.25075e-05
-7.84179e-05
-7.89902e-05
-0.000104212
-0.000107599
-0.000108916
-8.16554e-05
-8.19725e-05
-7.96695e-05
-8.33947e-05
-0.000108041
-0.000106188
-7.99088e-05
-8.13427e-05
-8.41737e-05
-8.58507e-05
-8.4664e-05
-8.2684e-05
-8.33561e-05
-8.56704e-05
-0.000105912
-0.000107831
-8.162e-05
-8.16451e-05
-8.64872e-05
-8.49242e-05
-0.000104879
-0.000109053
-0.000108098
-8.32309e-05
-8.1749e-05
-8.41777e-05
-8.02133e-05
-0.000104127
-0.000107101
-0.000102858
-8.26267e-05
-8.28613e-05
-7.92248e-05
-7.82465e-05
-0.00010486
-0.000101713
-0.000100337
-7.89668e-05
-8.04467e-05
-0.000100585
-0.000102319
-0.000104194
-0.000105519
-0.000103944
-0.000106033
-0.000102208
-0.000101658
-8.20744e-05
-0.000104286
-0.00010182
-0.000101302
-7.93697e-05
-7.74616e-05
-0.000103731
-0.000102067
-0.000105396
-8.14781e-05
-8.13087e-05
-7.72526e-05
-7.83023e-05
-0.00010239
-0.000106026
-0.000107271
-7.9675e-05
-8.09964e-05
-7.88612e-05
-8.26319e-05
-0.000106741
-0.000104477
-8.00935e-05
-7.97246e-05
-8.37291e-05
-8.43889e-05
-8.34706e-05
-8.06767e-05
-8.33148e-05
-8.34111e-05
-8.50077e-05
-0.000107242
-0.000107242
-0.000109359
-8.50048e-05
-8.63948e-05
-8.72642e-05
-8.66578e-05
-0.000109654
-0.000111109
-0.000110041
-8.52028e-05
-8.32951e-05
-8.47729e-05
-8.3998e-05
-0.000101015
-0.000102502
-0.000102334
-7.83524e-05
-7.99551e-05
-7.63352e-05
-7.75556e-05
-0.000101603
-0.000100872
-9.96334e-05
-8.25576e-05
-7.94956e-05
-8.08361e-05
-0.000105755
-0.000101055
-0.000102592
-0.000104097
-0.00010487
-0.000106343
-0.000107355
-0.000107651
-0.00010696
-0.000105618
-0.000103923
-0.000103939
-0.000103034
-0.000101608
-0.000100488
-9.99834e-05
-0.000100167
-8.24091e-05
-8.01541e-05
-9.96313e-05
-0.000100341
-0.000102155
-8.04483e-05
-7.85062e-05
-7.86947e-05
-7.76132e-05
-0.000102842
-0.000102397
-0.000103057
-7.74104e-05
-7.78009e-05
-7.80573e-05
-7.89462e-05
-0.000103586
-0.000108119
-0.000105935
-8.52674e-05
-8.52405e-05
-8.31315e-05
-8.43078e-05
-0.000103626
-8.32817e-05
-7.97164e-05
-8.41755e-05
-8.183e-05
-8.01165e-05
-7.99343e-05
-0.000103735
-7.96755e-05
-8.34098e-05
-8.18984e-05
-8.43677e-05
-0.000107129
-0.000105847
-0.000108114
-8.55904e-05
-8.59052e-05
-8.44093e-05
-8.33747e-05
-0.000100304
-0.00010308
-0.000102417
-7.76267e-05
-7.75359e-05
-7.88475e-05
-7.80039e-05
-9.93256e-05
-0.000102084
-0.000100099
-7.83416e-05
-8.00949e-05
-7.74861e-05
-7.84478e-05
-0.00010184
-0.000100214
-0.000100402
-8.01532e-05
-8.27626e-05
-0.000105405
-0.000101486
-0.000102433
-0.000103623
-0.000105541
-0.0001069
-0.000107663
-0.000107527
-0.000106473
-0.000106844
-0.000104773
-0.000103913
-0.00010289
-0.000102646
-0.000101248
-0.000100981
-9.99505e-05
-0.000100956
-8.27026e-05
-8.0924e-05
-7.95824e-05
-0.000101084
-0.000102291
-0.000102405
-8.00964e-05
-7.84197e-05
-7.75186e-05
-7.61731e-05
-0.000108297
-0.00010977
-0.000110526
-8.34522e-05
-8.54152e-05
-8.39101e-05
-8.4603e-05
-0.000109031
-0.000107564
-8.6555e-05
-8.46756e-05
-8.66125e-05
-8.73051e-05
-8.28935e-05
-8.5097e-05
-8.33902e-05
-8.2018e-05
-7.91941e-05
-8.26345e-05
-0.000105862
-0.000103005
-0.000106417
-8.43315e-05
-8.61363e-05
-8.51489e-05
-8.49035e-05
-0.00011018
-0.000109032
-0.00010883
-8.60691e-05
-8.471e-05
-8.39686e-05
-8.40224e-05
-0.000100446
-0.000102177
-0.000102339
-7.70919e-05
-7.88285e-05
-7.59682e-05
-7.72378e-05
-0.000100556
-0.000102882
-0.000101563
-8.11217e-05
-8.31035e-05
-7.96218e-05
-8.19593e-05
-0.000102461
-9.97836e-05
-9.99766e-05
-8.19848e-05
-0.000104711
-0.000100506
-0.000101114
-0.000104571
-0.000101335
-0.000101345
-0.000101856
-0.000101254
-0.000100443
-8.35112e-05
-9.9526e-05
-0.000100432
-0.000100511
-8.10736e-05
-8.21039e-05
-8.01737e-05
-0.000102463
-0.000102347
-0.000102531
-8.02883e-05
-7.86987e-05
-7.82906e-05
-7.70846e-05
-0.000102705
-0.000102752
-0.000102964
-7.75096e-05
-7.8209e-05
-7.82605e-05
-7.95327e-05
-0.000107969
-0.000106357
-0.000108555
-8.27964e-05
-8.28587e-05
-8.27971e-05
-8.31334e-05
-0.000102036
-0.00010728
-0.000104748
-8.37479e-05
-8.406e-05
-8.30394e-05
-8.48593e-05
-8.30722e-05
-8.44389e-05
-8.27403e-05
-8.30837e-05
-8.2854e-05
-8.43365e-05
-0.000105368
-0.0001048
-0.000106973
-8.42927e-05
-8.39602e-05
-8.46098e-05
-8.29168e-05
-0.00010754
-0.000108115
-0.000106369
-8.28936e-05
-8.28972e-05
-8.29867e-05
-8.28202e-05
-0.000102404
-0.000102829
-0.000102636
-7.80936e-05
-7.74378e-05
-7.93705e-05
-7.81907e-05
-0.00010108
-0.000102525
-0.000102499
-7.87684e-05
-8.05154e-05
-7.70868e-05
-7.83526e-05
-0.00010051
-0.000100733
-0.000100634
-8.12865e-05
-8.03521e-05
-8.21986e-05
-0.000103295
-0.00010072
-0.000101523
-8.36668e-05
-0.000104945
-0.000101508
-0.000101417
-0.000103903
-0.000101198
-0.000100829
-0.000101338
-0.000100589
-9.99953e-05
-8.20812e-05
-0.000100694
-0.000101475
-0.000102928
-8.29681e-05
-8.13001e-05
-8.18933e-05
-7.96897e-05
-0.000102137
-0.000102368
-0.000102084
-7.90268e-05
-7.70202e-05
-7.71205e-05
-7.56575e-05
-0.000108178
-0.000108634
-0.000108899
-8.45914e-05
-8.62121e-05
-8.39072e-05
-8.39068e-05
-0.000106193
-0.000102953
-8.6443e-05
-8.43439e-05
-8.48289e-05
-8.50153e-05
-8.20862e-05
-8.24695e-05
-7.89971e-05
-0.000102226
-8.09255e-05
-8.33376e-05
-8.28991e-05
-8.45765e-05
-0.000107065
-0.000105706
-0.000108182
-8.47674e-05
-8.31366e-05
-8.44718e-05
-8.30502e-05
-0.000102521
-0.000102833
-0.000102727
-7.74448e-05
-7.6635e-05
-7.94963e-05
-7.8184e-05
-0.000103121
-0.000102659
-0.000102784
-7.8017e-05
-7.99139e-05
-7.69234e-05
-7.78877e-05
-0.000100527
-0.000103225
-0.000103763
-8.16136e-05
-8.26795e-05
-8.04681e-05
-8.27143e-05
-9.96324e-05
-0.000101937
-0.000101
-8.2955e-05
-8.34539e-05
-8.33128e-05
-0.000100538
-0.00010129
-0.000102709
-8.38409e-05
-8.38194e-05
-8.45541e-05
-0.000102172
-0.000104781
-0.00010415
-8.39762e-05
-8.32555e-05
-8.4113e-05
-8.19816e-05
-0.000102573
-0.000103243
-0.000102437
-8.14588e-05
-7.84822e-05
-7.92122e-05
-7.71521e-05
-0.000102252
-0.000102008
-0.000102155
-7.67403e-05
-7.68482e-05
-7.58257e-05
-7.69272e-05
-0.000106338
-0.000108889
-0.000107449
-8.33618e-05
-8.48929e-05
-8.34214e-05
-8.34366e-05
-0.000104344
-8.52303e-05
-8.28339e-05
-8.52494e-05
-8.3702e-05
-7.92936e-05
-8.03529e-05
-7.9181e-05
-8.02237e-05
-0.000102939
-0.00010423
-8.26511e-05
-8.51094e-05
-8.36076e-05
-8.52668e-05
-0.000108475
-0.000107326
-0.000108723
-8.46911e-05
-8.31546e-05
-8.34058e-05
-8.33597e-05
-0.000102232
-0.000102205
-0.000102073
-7.68133e-05
-7.67682e-05
-7.69674e-05
-7.57958e-05
-0.000103479
-0.0001025
-0.000103335
-7.8489e-05
-8.15421e-05
-7.70019e-05
-7.92238e-05
-0.000101973
-0.000104255
-0.000104826
-8.34694e-05
-8.42319e-05
-8.20355e-05
-8.4131e-05
-0.000100004
-0.000102518
-0.000101214
-8.37968e-05
-8.43573e-05
-8.36816e-05
-9.99182e-05
-0.000101137
-0.00010199
-8.30542e-05
-8.33544e-05
-8.35505e-05
-0.000101334
-0.000103889
-0.000103295
-8.28935e-05
-8.18943e-05
-8.27899e-05
-8.04728e-05
-0.000102896
-0.000102832
-0.000102695
-7.99241e-05
-7.80103e-05
-7.78843e-05
-7.69345e-05
-0.000102436
-0.000102737
-0.000102837
-7.65107e-05
-7.73433e-05
-7.81945e-05
-7.95518e-05
-0.000104836
-0.000108043
-0.000105666
-8.30284e-05
-8.48056e-05
-8.2969e-05
-8.45451e-05
-0.000102346
-8.32426e-05
-8.05789e-05
-8.46457e-05
-8.31417e-05
-8.00363e-05
-8.03638e-05
-0.000102831
-0.000104524
-8.27419e-05
-8.43406e-05
-8.3752e-05
-8.55609e-05
-0.000108245
-0.000107959
-0.000109579
-8.30382e-05
-8.33269e-05
-8.38311e-05
-8.40516e-05
-0.000102094
-0.000101947
-0.000101629
-7.67781e-05
-7.63836e-05
-7.62815e-05
-7.54607e-05
-0.000103797
-0.000102199
-0.000103236
-7.86793e-05
-8.10502e-05
-7.69739e-05
-7.94775e-05
-0.000105132
-0.000104435
-0.000105264
-8.30628e-05
-8.4183e-05
-8.16371e-05
-8.29823e-05
-0.000105303
-0.000105485
-0.000104992
-8.45125e-05
-8.39505e-05
-8.32894e-05
-8.24655e-05
-0.000103562
-0.000103875
-0.000102569
-8.2379e-05
-8.00353e-05
-8.06589e-05
-7.82485e-05
-0.000102228
-0.000101786
-0.000101903
-7.74869e-05
-7.6435e-05
-7.6169e-05
-7.65983e-05
-0.000108339
-0.000108018
-0.000108485
-8.34183e-05
-8.35345e-05
-8.29885e-05
-8.30734e-05
-0.000105898
-0.000102149
-8.56088e-05
-8.45965e-05
-8.4581e-05
-8.4845e-05
-8.23225e-05
-8.3594e-05
-8.21515e-05
-8.33436e-05
-0.000106102
-0.0001024
-0.000105769
-8.45134e-05
-8.57215e-05
-8.47555e-05
-8.46546e-05
-0.000109254
-0.00010852
-0.00010827
-8.35945e-05
-8.351e-05
-8.313e-05
-8.3102e-05
-0.000102687
-0.000101922
-0.000101789
-7.64785e-05
-7.75003e-05
-7.66172e-05
-7.6103e-05
-0.000104704
-0.000102612
-0.000103897
-8.00616e-05
-8.23911e-05
-7.83185e-05
-8.0677e-05
-0.000105346
-0.000104999
-0.000105484
-8.39394e-05
-8.45088e-05
-8.24628e-05
-8.32916e-05
-0.000104666
-0.000105263
-0.000104442
-8.41778e-05
-8.30519e-05
-8.29838e-05
-8.16194e-05
-0.000102805
-0.000103287
-0.000102251
-8.10735e-05
-7.85842e-05
-7.95512e-05
-7.69421e-05
-0.000102398
-0.000101814
-0.00010213
-7.67314e-05
-7.69818e-05
-7.57102e-05
-7.6455e-05
-0.000106289
-0.000109282
-0.000107615
-8.32191e-05
-8.30179e-05
-8.38734e-05
-8.368e-05
-0.000104389
-8.45781e-05
-8.35145e-05
-8.55732e-05
-8.38831e-05
-8.04563e-05
-8.04731e-05
-8.14315e-05
-8.21457e-05
-0.000105841
-0.000106448
-8.49446e-05
-8.6659e-05
-8.54958e-05
-8.71657e-05
-0.000110715
-0.000109568
-0.000111072
-8.4696e-05
-8.48015e-05
-8.50699e-05
-8.51428e-05
-0.000101729
-0.000102594
-0.000102003
-7.72255e-05
-7.54831e-05
-7.98929e-05
-7.68361e-05
-0.000102679
-0.000101757
-0.000102347
-7.63156e-05
-7.84516e-05
-7.61651e-05
-7.78842e-05
-0.000104727
-0.000103432
-0.000104313
-8.0466e-05
-8.18366e-05
-7.98029e-05
-8.11608e-05
-0.00010429
-0.000104495
-0.000103823
-8.21302e-05
-8.12362e-05
-8.14479e-05
-8.05439e-05
-0.000101662
-0.000102518
-0.000101139
-7.93984e-05
-7.69782e-05
-7.87012e-05
-7.62472e-05
-0.000101376
-0.000100515
-0.000101029
-7.49252e-05
-7.57366e-05
-7.42576e-05
-7.51891e-05
-0.000107175
-0.000105385
-0.000107163
-8.23945e-05
-8.23889e-05
-8.21356e-05
-8.21027e-05
-0.000101503
-0.000105365
-0.000101892
-8.20786e-05
-8.34752e-05
-8.17255e-05
-8.33642e-05
-8.25215e-05
-7.92486e-05
-8.16612e-05
-7.79475e-05
-7.92561e-05
-8.23994e-05
-7.80091e-05
-8.14213e-05
-0.000105275
-0.000101733
-0.00010542
-8.34996e-05
-8.20983e-05
-8.31984e-05
-8.17004e-05
-0.000105642
-0.000107223
-0.000105389
-8.24183e-05
-8.24432e-05
-8.21213e-05
-8.21593e-05
-0.000100959
-0.000100969
-0.000100484
-7.56865e-05
-7.48513e-05
-7.51063e-05
-7.41817e-05
-0.000103032
-0.000101194
-0.000102514
-7.70405e-05
-7.93875e-05
-7.64057e-05
-7.86648e-05
-0.000104926
-0.000103826
-0.000104498
-8.12423e-05
-8.21267e-05
-8.05472e-05
-8.14488e-05
-0.000103847
-0.00010432
-0.000103441
-8.18389e-05
-8.04662e-05
-8.11644e-05
-7.98078e-05
-0.00010193
-0.000102354
-0.000101781
-7.84796e-05
-7.61879e-05
-7.78505e-05
-7.61057e-05
-0.000102343
-0.000102057
-0.000102701
-7.55469e-05
-7.74856e-05
-7.67891e-05
-7.99961e-05
-0.000108806
-0.000111279
-0.000109752
-8.46345e-05
-8.44582e-05
-8.51713e-05
-8.50536e-05
-0.000106199
-8.62715e-05
-8.45183e-05
-8.68824e-05
-8.51187e-05
-8.15292e-05
-8.21166e-05
-8.21572e-05
-8.11782e-05
-0.000106358
-0.000105619
-8.54099e-05
-8.70846e-05
-8.45622e-05
-8.63642e-05
-0.000111025
-0.000108973
-0.00011056
-8.49949e-05
-8.50934e-05
-8.45135e-05
-8.46852e-05
-0.000101995
-0.000102154
-0.000101745
-7.99388e-05
-7.68438e-05
-7.74607e-05
-7.57425e-05
-0.000102365
-0.0001019
-0.00010272
-7.60916e-05
-7.79428e-05
-7.62991e-05
-7.8568e-05
-0.000104313
-0.000103846
-0.000104723
-7.98123e-05
-8.11603e-05
-8.04783e-05
-8.18301e-05
-0.000103823
-0.000104916
-0.000104286
-8.14493e-05
-8.05464e-05
-8.21277e-05
-8.12437e-05
-0.000101135
-0.000103008
-0.000101655
-7.86681e-05
-7.62254e-05
-7.93595e-05
-7.69242e-05
-0.000101051
-0.000101006
-0.00010141
-7.43306e-05
-7.52353e-05
-7.49595e-05
-7.57545e-05
-0.000107124
-0.000105483
-0.000107013
-8.21301e-05
-8.20992e-05
-8.23792e-05
-8.23761e-05
-0.000101935
-0.000105165
-0.000101727
-8.1737e-05
-8.33928e-05
-8.21307e-05
-8.35806e-05
-8.16377e-05
-7.7953e-05
-8.23616e-05
-7.92151e-05
-7.80987e-05
-8.13245e-05
-7.92936e-05
-8.21744e-05
-0.000105319
-0.000101448
-0.00010497
-8.31143e-05
-8.16502e-05
-8.32716e-05
-8.19808e-05
-0.000105376
-0.000106946
-0.000105578
-8.2101e-05
-8.2161e-05
-8.23615e-05
-8.24433e-05
-0.00010046
-0.000101307
-0.000100929
-7.51131e-05
-7.4132e-05
-7.56464e-05
-7.48466e-05
-0.000102498
-0.000101673
-0.000102999
-7.63777e-05
-7.86379e-05
-7.70353e-05
-7.9324e-05
-0.000104499
-0.00010429
-0.000104929
-8.05415e-05
-8.14497e-05
-8.12413e-05
-8.21295e-05
-0.000103443
-0.000104732
-0.000103843
-8.11641e-05
-7.98173e-05
-8.18362e-05
-8.04698e-05
-0.0001018
-0.00010268
-0.000101937
-7.78573e-05
-7.61782e-05
-7.83901e-05
-7.62453e-05
-0.000102699
-0.00010183
-0.0001023
-7.68667e-05
-7.9999e-05
-7.55911e-05
-7.74816e-05
-0.000109679
-0.000110491
-0.000108912
-8.51697e-05
-8.50919e-05
-8.4693e-05
-8.45756e-05
-0.000105806
-8.71613e-05
-8.547e-05
-8.66601e-05
-8.49525e-05
-8.2025e-05
-8.14005e-05
-8.00911e-05
-8.0288e-05
-0.000104344
-0.000102797
-8.3525e-05
-8.53293e-05
-8.3116e-05
-8.42425e-05
-0.000109552
-0.000106381
-0.000108185
-8.37094e-05
-8.39661e-05
-8.29479e-05
-8.32267e-05
-0.000101703
-0.000102246
-0.00010217
-7.65519e-05
-7.58575e-05
-7.68589e-05
-7.6603e-05
-0.000103281
-0.000102842
-0.000103868
-7.69855e-05
-7.95574e-05
-7.87657e-05
-8.11244e-05
-0.00010525
-0.000104655
-0.000105109
-8.16149e-05
-8.29734e-05
-8.30152e-05
-8.41755e-05
-0.000104965
-0.00010529
-0.000105172
-8.32775e-05
-8.24646e-05
-8.4472e-05
-8.38007e-05
-0.00010259
-0.000104628
-0.000103614
-8.06462e-05
-7.82692e-05
-8.23243e-05
-8.01437e-05
-0.000101958
-0.000102699
-0.000102327
-7.61347e-05
-7.66104e-05
-7.74435e-05
-7.63764e-05
-0.000108403
-0.000109081
-0.00010831
-8.30254e-05
-8.31323e-05
-8.34579e-05
-8.35907e-05
-0.000102493
-0.000106418
-8.48623e-05
-8.51586e-05
-8.57161e-05
-8.47415e-05
-8.35698e-05
-8.24255e-05
-8.33808e-05
-8.22257e-05
-0.000105644
-0.000106395
-8.47501e-05
-8.47335e-05
-8.45896e-05
-8.58586e-05
-0.000108235
-0.000108647
-0.00010939
-8.31725e-05
-8.31385e-05
-8.37498e-05
-8.36146e-05
-0.000101734
-0.000102163
-0.000102571
-7.65552e-05
-7.61018e-05
-7.64038e-05
-7.73696e-05
-0.000103868
-0.000103551
-0.000104676
-7.82908e-05
-8.06339e-05
-8.00324e-05
-8.23676e-05
-0.000105497
-0.000105301
-0.000105404
-8.24634e-05
-8.32899e-05
-8.38772e-05
-8.44922e-05
-0.000104434
-0.000105146
-0.000104635
-8.29828e-05
-8.16251e-05
-8.42293e-05
-8.30442e-05
-0.00010225
-0.00010382
-0.00010279
-7.9508e-05
-7.7034e-05
-8.11079e-05
-7.86977e-05
-0.000102046
-0.000102118
-0.000102259
-7.55499e-05
-7.6419e-05
-7.63874e-05
-7.67705e-05
-0.000107758
-0.000108104
-0.000106219
-8.39177e-05
-8.37262e-05
-8.31939e-05
-8.29034e-05
-0.000102845
-8.55903e-05
-8.38354e-05
-8.43824e-05
-8.30696e-05
-8.03804e-05
-8.01672e-05
-0.00010244
-8.2955e-05
-8.44152e-05
-8.06358e-05
-8.30717e-05
-0.000108018
-0.000104786
-0.000106616
-8.44185e-05
-8.28899e-05
-8.46599e-05
-8.28972e-05
-0.000102535
-0.000102262
-0.000102267
-7.9387e-05
-7.79221e-05
-7.72864e-05
-7.63344e-05
-0.000102814
-0.000102746
-0.000103103
-7.67866e-05
-7.79831e-05
-7.79025e-05
-7.99009e-05
-0.000103927
-0.000101323
-0.000101123
-8.057e-05
-8.27393e-05
-8.17058e-05
-8.29056e-05
-0.000101218
-0.000100057
-0.000100056
-8.34391e-05
-8.31738e-05
-8.33442e-05
-0.000102446
-0.000100197
-0.000100382
-8.35314e-05
-8.42213e-05
-8.36705e-05
-0.000104212
-0.00010175
-0.000102323
-8.40035e-05
-8.20208e-05
-8.3934e-05
-8.33539e-05
-0.000102566
-0.000103504
-0.00010276
-7.91806e-05
-7.70156e-05
-8.15375e-05
-7.85251e-05
-0.000102418
-0.000102401
-0.000102477
-7.59804e-05
-7.73037e-05
-7.70256e-05
-7.71921e-05
-0.000107279
-0.000109021
-0.000106377
-8.3394e-05
-8.33996e-05
-8.34018e-05
-8.49426e-05
-0.000103026
-8.51243e-05
-8.33739e-05
-8.51556e-05
-8.22554e-05
-8.01889e-05
-7.88968e-05
-8.02484e-05
-7.91818e-05
-0.000104305
-0.000102917
-8.36456e-05
-8.53433e-05
-8.2434e-05
-8.51901e-05
-0.00010884
-0.000106313
-0.000108914
-8.35106e-05
-8.34788e-05
-8.4806e-05
-8.33386e-05
-0.000101928
-0.000102164
-0.000102072
-7.69644e-05
-7.57489e-05
-7.67706e-05
-7.65983e-05
-0.000103223
-0.000102606
-0.000103353
-7.71078e-05
-7.91678e-05
-7.85394e-05
-8.14019e-05
-0.000104783
-0.000102144
-0.000101818
-8.1886e-05
-8.40423e-05
-8.31431e-05
-8.41569e-05
-0.00010145
-0.000100533
-0.000100259
-8.43724e-05
-8.37126e-05
-8.40729e-05
-0.000101893
-9.98314e-05
-9.96271e-05
-8.3424e-05
-8.34373e-05
-8.30024e-05
-0.000103225
-0.000100719
-0.000101215
-8.27032e-05
-8.0474e-05
-8.27688e-05
-8.17023e-05
-0.000102564
-0.000103055
-0.0001027
-7.79222e-05
-7.68184e-05
-7.99139e-05
-7.7771e-05
-0.000102694
-0.000102263
-0.000102257
-7.8032e-05
-7.94423e-05
-7.62901e-05
-7.72473e-05
-0.000105393
-0.000107162
-0.0001047
-8.29538e-05
-8.41282e-05
-8.31478e-05
-8.45857e-05
-8.43043e-05
-8.29066e-05
-8.31689e-05
-8.0897e-05
-7.89976e-05
-8.22987e-05
-8.20381e-05
-0.000105992
-0.000105968
-8.49759e-05
-8.48139e-05
-8.42611e-05
-8.63117e-05
-0.000108717
-0.000108057
-0.000110182
-8.37926e-05
-8.39142e-05
-8.6137e-05
-8.46066e-05
-0.000102082
-0.000101932
-0.000100173
-7.57086e-05
-7.70075e-05
-7.68986e-05
-7.87346e-05
-0.000101395
-0.00010024
-0.000100365
-7.95511e-05
-8.18192e-05
-8.09234e-05
-8.27977e-05
-0.000100586
-0.000101217
-0.000102312
-8.20132e-05
-0.000101361
-0.00010381
-0.000104693
-0.000101408
-0.000104941
-0.000104573
-0.000100642
-0.00010328
-0.000101998
-8.36336e-05
-0.000100784
-0.000100905
-9.97606e-05
-8.23143e-05
-8.04712e-05
-8.12465e-05
-0.00010262
-0.000100971
-0.000102489
-7.85335e-05
-7.72153e-05
-8.04469e-05
-7.88148e-05
-0.000102811
-0.000102339
-0.00010246
-7.8158e-05
-7.93669e-05
-7.72029e-05
-7.78791e-05
-0.000108227
-0.000107402
-0.000107649
-8.28234e-05
-8.30673e-05
-8.27691e-05
-8.27891e-05
-0.000105016
-0.00010537
-0.000102409
-8.31049e-05
-8.50188e-05
-8.40384e-05
-8.45379e-05
-8.44472e-05
-8.24509e-05
-8.32221e-05
-8.23205e-05
-8.39095e-05
-8.272e-05
-0.000107381
-0.000102226
-0.000105501
-8.45021e-05
-8.30199e-05
-8.42338e-05
-8.4053e-05
-0.000106293
-0.000107783
-0.000107376
-8.30541e-05
-8.2766e-05
-8.28622e-05
-8.28055e-05
-0.00010268
-0.000102688
-0.000102559
-7.95203e-05
-7.82441e-05
-7.82123e-05
-7.76086e-05
-0.000102322
-0.000102577
-0.000100856
-7.69634e-05
-7.81223e-05
-7.89104e-05
-8.0304e-05
-0.000100579
-9.9591e-05
-0.000100499
-8.03178e-05
-8.21443e-05
-8.10982e-05
-0.000101138
-0.000101683
-0.000103158
-8.34206e-05
-0.000101531
-0.000104567
-0.000104952
-0.000100666
-0.000104688
-0.00010386
-9.98828e-05
-0.000102378
-0.000101585
-8.20358e-05
-0.000102631
-0.000100501
-0.000100032
-8.19651e-05
-7.94938e-05
-8.30436e-05
-8.08186e-05
-0.000101843
-9.98777e-05
-0.000101785
-7.69561e-05
-7.55858e-05
-7.843e-05
-7.67709e-05
-0.000109124
-0.000110153
-0.000108236
-8.39607e-05
-8.40246e-05
-8.45523e-05
-8.61358e-05
-0.000103316
-0.000106107
-8.52213e-05
-8.53036e-05
-8.65381e-05
-8.4406e-05
-8.25124e-05
-7.91285e-05
-8.19271e-05
-8.33357e-05
-8.51079e-05
-8.32309e-05
-0.000108866
-0.00010661
-8.70268e-05
-8.62215e-05
-8.44463e-05
-8.59374e-05
-0.000110064
-0.000108079
-0.000109823
-8.45636e-05
-8.39775e-05
-8.50509e-05
-8.33768e-05
-0.000102156
-0.000100946
-0.000100983
-7.58967e-05
-7.73647e-05
-7.8345e-05
-8.00246e-05
-9.96526e-05
-0.000101031
-0.000101923
-7.96185e-05
-8.07622e-05
-8.26505e-05
-0.000102635
-0.000103144
-0.000106024
-0.000104574
-0.000106859
-0.000107382
-0.000107125
-0.000103904
-0.000101509
-0.000105331
-0.000103857
-0.000100093
-0.000101355
-0.000100659
-8.2561e-05
-8.01851e-05
-0.000101889
-9.92758e-05
-9.91516e-05
-7.84225e-05
-7.7436e-05
-8.01692e-05
-7.82959e-05
-0.00010285
-9.96959e-05
-0.000102623
-7.79607e-05
-7.8773e-05
-7.73269e-05
-7.76427e-05
-0.000105637
-0.000106999
-0.000103519
-8.3116e-05
-8.41736e-05
-8.5404e-05
-8.50418e-05
-8.44541e-05
-8.23144e-05
-8.32689e-05
-7.98674e-05
-8.0219e-05
-7.99896e-05
-0.000103951
-8.2278e-05
-8.4547e-05
-7.98654e-05
-8.34763e-05
-0.000108036
-0.000103506
-0.000107094
-8.43904e-05
-8.336e-05
-8.54296e-05
-8.61312e-05
-0.000102443
-0.000103067
-0.000100048
-7.91062e-05
-7.81078e-05
-7.80212e-05
-7.73905e-05
-0.000100513
-9.95533e-05
-9.95843e-05
-7.76619e-05
-7.88778e-05
-7.82648e-05
-8.03258e-05
-0.000100193
-0.000101003
-0.000101591
-8.02968e-05
-8.24065e-05
-0.000102588
-0.000103796
-0.000105233
-0.000105674
-0.000107629
-0.000106456
-0.000104076
-0.000107068
-0.000100513
-0.000105992
-0.000102817
-0.000100681
-0.000101496
-0.000100721
-8.05029e-05
-7.95114e-05
-8.25436e-05
-0.000102461
-0.000100978
-0.000101259
-7.75021e-05
-7.61536e-05
-8.00069e-05
-7.84444e-05
-0.000110587
-0.000109403
-0.000108031
-8.37373e-05
-8.44368e-05
-8.31781e-05
-8.50896e-05
-0.0001072
-0.000106916
-8.61492e-05
-8.68503e-05
-8.60011e-05
-8.42927e-05
-8.49861e-05
-8.34143e-05
-8.28506e-05
-8.06731e-05
-8.30095e-05
-0.000106816
-8.39811e-05
-8.36437e-05
-7.93822e-05
-8.00481e-05
-0.000106433
-0.0001028
-0.000102896
-8.28587e-05
-7.90261e-05
-8.12254e-05
-7.99115e-05
-0.000101961
-0.000104015
-0.000102537
-7.81068e-05
-7.6654e-05
-8.1225e-05
-8.08414e-05
-0.000102046
-0.00010452
-0.000105853
-7.77534e-05
-7.993e-05
-0.000101957
-0.000105881
-8.19636e-05
-0.000105636
-0.000103965
-9.95033e-05
-0.000101176
-0.000104369
-0.000104643
-8.00353e-05
-7.87938e-05
-0.000106493
-0.000103997
-0.000105674
-7.82783e-05
-7.93034e-05
-8.27641e-05
-8.28447e-05
-0.000109008
-0.000104546
-0.000104641
-8.02132e-05
-8.38971e-05
-8.21519e-05
-8.24698e-05
-0.00010602
-8.43483e-05
-8.56048e-05
-8.01641e-05
-8.12267e-05
-8.45248e-05
-8.26943e-05
-8.30472e-05
-8.5326e-05
-0.00010849
-8.6217e-05
-8.5195e-05
-8.14024e-05
-8.18161e-05
-0.000108084
-0.000104809
-0.000104876
-8.41746e-05
-8.00727e-05
-8.30635e-05
-8.14399e-05
-0.000102922
-0.000105893
-0.000104107
-7.94244e-05
-7.87692e-05
-8.25655e-05
-8.28637e-05
-9.97508e-05
-0.000105173
-0.000104828
-7.93704e-05
-8.03713e-05
-0.000102261
-0.000103809
-0.000101696
-0.00010627
-8.219e-05
-0.000101843
-0.000106459
-0.000104622
-8.01353e-05
-7.82655e-05
-0.00010559
-0.000102299
-0.000103812
-7.6633e-05
-7.80808e-05
-8.06377e-05
-8.10918e-05
-0.000107314
-0.000103096
-0.000102974
-7.93393e-05
-8.29154e-05
-8.0249e-05
-8.13884e-05
-0.000104098
-8.34759e-05
-8.41096e-05
-8.00483e-05
-7.96413e-05
-8.30848e-05
-8.0586e-05
-3.31908e-05
-3.60478e-05
-5.67913e-05
-5.92385e-05
-3.2975e-05
-3.29872e-05
-3.70356e-05
-3.6344e-05
-5.63216e-05
-6.0437e-05
-5.98242e-05
-3.43531e-05
-3.30863e-05
-3.58157e-05
-3.20885e-05
-5.64406e-05
-5.90828e-05
-5.55261e-05
-3.45827e-05
-3.49351e-05
-3.14276e-05
-3.11266e-05
-5.84107e-05
-5.50052e-05
-5.40615e-05
-3.22568e-05
-3.40533e-05
-5.49729e-05
-5.62263e-05
-5.86775e-05
-5.60348e-05
-5.87174e-05
-5.52176e-05
-5.57573e-05
-3.57806e-05
-3.32288e-05
-5.85909e-05
-5.63695e-05
-6.04399e-05
-3.61305e-05
-3.48e-05
-3.209e-05
-3.22409e-05
-5.74131e-05
-6.11446e-05
-6.23032e-05
-3.34393e-05
-3.59513e-05
-3.28459e-05
-3.73269e-05
-6.0934e-05
-5.87005e-05
-3.48232e-05
-3.44338e-05
-3.81061e-05
-3.8658e-05
-3.77269e-05
-3.60282e-05
-3.5516e-05
-3.74853e-05
-5.94631e-05
-6.10555e-05
-3.4372e-05
-3.45998e-05
-3.87854e-05
-3.7929e-05
-5.92349e-05
-6.2443e-05
-6.23163e-05
-3.61753e-05
-3.51964e-05
-3.71632e-05
-3.37213e-05
-5.91253e-05
-6.18402e-05
-5.76599e-05
-3.67721e-05
-3.7593e-05
-3.34098e-05
-3.31882e-05
-6.03226e-05
-5.67453e-05
-5.57048e-05
-3.38864e-05
-3.60278e-05
-5.64787e-05
-5.85034e-05
-5.67578e-05
-5.54911e-05
-5.80658e-05
-5.42493e-05
-5.50685e-05
-3.37693e-05
-3.20906e-05
-5.80885e-05
-5.60294e-05
-5.98112e-05
-3.53648e-05
-3.52421e-05
-3.09878e-05
-3.20744e-05
-5.62592e-05
-6.02713e-05
-6.06033e-05
-3.35222e-05
-3.47259e-05
-3.26268e-05
-3.61684e-05
-5.97029e-05
-5.70268e-05
-3.30807e-05
-3.22951e-05
-3.65483e-05
-3.67819e-05
-3.55285e-05
-3.27908e-05
-3.49017e-05
-3.29805e-05
-3.683e-05
-5.92706e-05
-5.92774e-05
-6.14104e-05
-3.68037e-05
-3.87676e-05
-3.92886e-05
-3.88712e-05
-6.24325e-05
-6.32191e-05
-6.25851e-05
-3.78516e-05
-3.6169e-05
-3.72348e-05
-3.67615e-05
-5.38559e-05
-5.59517e-05
-5.4454e-05
-3.30644e-05
-3.59732e-05
-3.11134e-05
-3.30044e-05
-5.74894e-05
-5.39836e-05
-5.54993e-05
-3.54994e-05
-5.62607e-05
-5.94947e-05
-5.68119e-05
-5.72713e-05
-5.4169e-05
-5.33713e-05
-5.24059e-05
-5.3392e-05
-3.29952e-05
-3.21176e-05
-3.07874e-05
-5.65257e-05
-5.53929e-05
-5.61021e-05
-3.21896e-05
-3.08096e-05
-2.97151e-05
-3.07384e-05
-5.62978e-05
-6.13164e-05
-5.90849e-05
-3.83241e-05
-3.85189e-05
-3.65898e-05
-3.80912e-05
-5.58544e-05
-3.80906e-05
-3.93354e-05
-3.86741e-05
-5.57361e-05
-3.82993e-05
-3.93171e-05
-3.97411e-05
-5.96472e-05
-5.88971e-05
-6.12327e-05
-3.83682e-05
-3.86053e-05
-3.81576e-05
-3.67062e-05
-5.47709e-05
-5.62401e-05
-5.53935e-05
-3.08265e-05
-3.19994e-05
-3.06e-05
-2.9423e-05
-5.45643e-05
-5.33594e-05
-5.20962e-05
-3.30683e-05
-3.08295e-05
-3.23122e-05
-6.05023e-05
-5.411e-05
-5.72024e-05
-5.95051e-05
-5.62838e-05
-5.52385e-05
-5.54982e-05
-5.42094e-05
-3.5634e-05
-5.4274e-05
-5.4805e-05
-5.62411e-05
-3.61499e-05
-3.31307e-05
-3.35048e-05
-3.15046e-05
-6.07002e-05
-6.24053e-05
-6.31362e-05
-3.60914e-05
-3.77317e-05
-3.66509e-05
-3.71003e-05
-6.1364e-05
-5.90704e-05
-3.84871e-05
-3.66386e-05
-3.86689e-05
-3.89398e-05
-3.50181e-05
-3.67217e-05
-3.3113e-05
-5.84287e-05
-6.02332e-05
-3.47309e-05
-3.85309e-05
-3.64662e-05
-3.8589e-05
-6.26637e-05
-6.15073e-05
-6.12994e-05
-3.84341e-05
-3.71436e-05
-3.65399e-05
-3.65806e-05
-5.54643e-05
-5.55859e-05
-5.52169e-05
-3.00695e-05
-3.04972e-05
-2.98546e-05
-2.86715e-05
-5.3445e-05
-5.5387e-05
-5.31065e-05
-3.32275e-05
-3.55919e-05
-3.1011e-05
-3.2808e-05
-5.64876e-05
-5.34615e-05
-5.54826e-05
-5.71134e-05
-5.96133e-05
-5.7124e-05
-5.78087e-05
-5.51706e-05
-5.22675e-05
-5.30038e-05
-5.36599e-05
-3.2625e-05
-3.42208e-05
-3.21297e-05
-5.49711e-05
-5.52686e-05
-5.54574e-05
-3.10068e-05
-2.94306e-05
-3.02154e-05
-3.07546e-05
-6.18466e-05
-6.23592e-05
-6.32996e-05
-3.68955e-05
-3.74874e-05
-3.70656e-05
-3.7656e-05
-6.12378e-05
-5.90698e-05
-3.95673e-05
-3.93131e-05
-3.95936e-05
-4.05415e-05
-3.79336e-05
-3.84246e-05
-3.52337e-05
-3.77918e-05
-3.49678e-05
-3.79902e-05
-5.99289e-05
-5.90623e-05
-6.15356e-05
-3.97975e-05
-3.99511e-05
-4.06395e-05
-3.98191e-05
-6.25552e-05
-6.3542e-05
-6.26253e-05
-3.76841e-05
-3.70662e-05
-3.78526e-05
-3.72421e-05
-5.30744e-05
-5.56207e-05
-5.53347e-05
-2.97278e-05
-3.12788e-05
-3.11423e-05
-3.0585e-05
-5.42168e-05
-5.35342e-05
-5.28401e-05
-3.25401e-05
-3.21767e-05
-3.42195e-05
-5.92219e-05
-5.50173e-05
-5.77735e-05
-5.96037e-05
-5.68821e-05
-5.48883e-05
-5.53079e-05
-5.35452e-05
-5.45112e-05
-5.3288e-05
-5.56233e-05
-3.55764e-05
-3.34751e-05
-3.30198e-05
-3.13798e-05
-5.60406e-05
-5.55558e-05
-5.58265e-05
-3.12885e-05
-3.05165e-05
-2.94078e-05
-3.01991e-05
-6.01247e-05
-6.12161e-05
-6.13108e-05
-3.69941e-05
-3.80449e-05
-3.65003e-05
-3.64588e-05
-6.02811e-05
-3.83329e-05
-3.4941e-05
-3.882e-05
-3.68557e-05
-6.02386e-05
-5.6009e-05
-6.02325e-05
-3.62311e-05
-3.77753e-05
-3.2584e-05
-3.48413e-05
-5.34326e-05
-5.60419e-05
-5.59645e-05
-3.01269e-05
-3.18736e-05
-3.09183e-05
-3.17191e-05
-5.4688e-05
-5.4743e-05
-5.3921e-05
-3.39613e-05
-3.43095e-05
-3.65825e-05
-5.83745e-05
-5.56737e-05
-5.87284e-05
-6.01226e-05
-5.78633e-05
-5.76936e-05
-5.66598e-05
-5.40429e-05
-5.47272e-05
-5.40807e-05
-3.66264e-05
-3.55532e-05
-5.58376e-05
-5.60972e-05
-5.59531e-05
-3.40782e-05
-3.16912e-05
-3.28394e-05
-3.05171e-05
-6.05734e-05
-6.20128e-05
-6.11077e-05
-3.77742e-05
-4.03156e-05
-3.75973e-05
-3.98033e-05
-5.82863e-05
-3.91988e-05
-3.66632e-05
-4.0165e-05
-3.73059e-05
-3.40992e-05
-3.42707e-05
-5.81373e-05
-3.68086e-05
-3.88136e-05
-3.7388e-05
-3.99276e-05
-6.18751e-05
-6.07853e-05
-6.18465e-05
-4.00658e-05
-3.76894e-05
-3.95732e-05
-3.74451e-05
-5.43438e-05
-5.57994e-05
-5.58707e-05
-3.15746e-05
-3.39363e-05
-3.03575e-05
-3.2684e-05
-5.591e-05
-5.34821e-05
-5.42468e-05
-3.63112e-05
-3.52149e-05
-5.67967e-05
-5.76904e-05
-6.00499e-05
-5.66714e-05
-5.87602e-05
-5.58383e-05
-5.28268e-05
-5.39022e-05
-5.4715e-05
-3.40881e-05
-3.6468e-05
-3.4398e-05
-5.57571e-05
-5.61503e-05
-5.61802e-05
-3.21086e-05
-3.03534e-05
-3.20006e-05
-3.10727e-05
-5.58129e-05
-6.08686e-05
-5.61451e-05
-3.82194e-05
-3.6666e-05
-3.53045e-05
-3.28776e-05
-6.10731e-05
-5.81687e-05
-6.07898e-05
-3.24938e-05
-3.45191e-05
-3.29372e-05
-3.46144e-05
-5.64699e-05
-5.69604e-05
-5.66869e-05
-3.17079e-05
-3.11904e-05
-3.40111e-05
-3.205e-05
-5.39296e-05
-5.63391e-05
-5.30674e-05
-3.36694e-05
-3.59327e-05
-3.29035e-05
-3.45476e-05
-5.78744e-05
-5.33578e-05
-5.64716e-05
-5.77297e-05
-5.97762e-05
-5.96643e-05
-5.58331e-05
-5.8395e-05
-5.48349e-05
-5.30277e-05
-5.26168e-05
-5.34856e-05
-3.35543e-05
-3.52254e-05
-3.32573e-05
-5.56583e-05
-5.52728e-05
-5.53339e-05
-3.15909e-05
-3.05383e-05
-3.04648e-05
-2.96448e-05
-6.14836e-05
-6.31132e-05
-6.22978e-05
-3.75256e-05
-3.77381e-05
-3.75479e-05
-3.78167e-05
-5.9908e-05
-3.953e-05
-3.78415e-05
-4.02006e-05
-3.90833e-05
-3.48941e-05
-3.66291e-05
-3.49929e-05
-3.64475e-05
-5.86328e-05
-6.03558e-05
-3.80603e-05
-3.96626e-05
-3.94801e-05
-4.05126e-05
-6.24451e-05
-6.2168e-05
-6.28274e-05
-3.76515e-05
-3.734e-05
-3.77596e-05
-3.73625e-05
-5.5405e-05
-5.51963e-05
-5.51747e-05
-3.04938e-05
-3.14932e-05
-2.96204e-05
-3.04947e-05
-5.3207e-05
-5.3498e-05
-5.26445e-05
-3.34245e-05
-3.33763e-05
-3.53433e-05
-5.86261e-05
-5.48417e-05
-5.8397e-05
-5.96793e-05
-5.94814e-05
-5.79857e-05
-5.46399e-05
-5.65757e-05
-5.3538e-05
-5.66081e-05
-5.32083e-05
-5.6324e-05
-3.59472e-05
-3.37841e-05
-3.46043e-05
-3.27302e-05
-5.66467e-05
-5.66814e-05
-5.70082e-05
-3.14594e-05
-3.18883e-05
-3.19467e-05
-3.4059e-05
-5.7452e-05
-6.09819e-05
-5.83535e-05
-3.49478e-05
-3.27389e-05
-3.48549e-05
-3.31387e-05
-6.16171e-05
-5.99875e-05
-6.21681e-05
-3.362e-05
-3.50539e-05
-3.40702e-05
-3.53897e-05
-5.65773e-05
-5.7014e-05
-5.64432e-05
-3.40855e-05
-3.15955e-05
-3.39156e-05
-3.11505e-05
-5.30886e-05
-5.60818e-05
-5.41811e-05
-3.21274e-05
-3.36306e-05
-3.16937e-05
-3.45882e-05
-5.56186e-05
-5.35643e-05
-5.5725e-05
-3.64885e-05
-5.89242e-05
-5.88932e-05
-5.99672e-05
-5.86584e-05
-5.79798e-05
-5.44253e-05
-5.70574e-05
-5.40111e-05
-5.59549e-05
-5.3573e-05
-5.63112e-05
-3.58876e-05
-3.33129e-05
-3.54699e-05
-3.33077e-05
-5.52617e-05
-5.58762e-05
-5.54604e-05
-3.03948e-05
-2.94468e-05
-3.06771e-05
-3.04333e-05
-6.22546e-05
-5.89994e-05
-6.03926e-05
-3.71142e-05
-3.7562e-05
-3.64875e-05
-3.68946e-05
-5.94173e-05
-5.63142e-05
-4.03832e-05
-3.97952e-05
-3.91829e-05
-3.94977e-05
-3.78567e-05
-3.79246e-05
-3.75176e-05
-3.79022e-05
-6.06874e-05
-5.62652e-05
-5.91018e-05
-3.9414e-05
-4.01379e-05
-3.91512e-05
-3.88742e-05
-6.16397e-05
-6.02754e-05
-5.88368e-05
-3.73414e-05
-3.6915e-05
-3.67382e-05
-3.63518e-05
-5.5367e-05
-5.52309e-05
-5.5686e-05
-2.94638e-05
-3.03137e-05
-3.03031e-05
-3.04445e-05
-5.3644e-05
-5.62545e-05
-5.34906e-05
-3.34287e-05
-3.58522e-05
-3.32996e-05
-3.54582e-05
-5.75197e-05
-5.3841e-05
-5.69321e-05
-5.78388e-05
-5.82409e-05
-6.00914e-05
-5.89836e-05
-5.32615e-05
-5.57352e-05
-5.34912e-05
-3.65279e-05
-5.60471e-05
-5.41281e-05
-5.61032e-05
-3.37449e-05
-3.19114e-05
-3.45068e-05
-3.1687e-05
-5.70853e-05
-5.64593e-05
-5.70595e-05
-3.13858e-05
-3.41103e-05
-3.11433e-05
-3.39887e-05
-5.94125e-05
-6.2132e-05
-5.99312e-05
-3.51598e-05
-3.37259e-05
-3.54105e-05
-3.40798e-05
-6.21549e-05
-5.90555e-05
-6.13127e-05
-3.40808e-05
-3.53746e-05
-3.35968e-05
-3.49711e-05
-5.64246e-05
-5.69682e-05
-5.64688e-05
-3.38771e-05
-3.11692e-05
-3.39731e-05
-3.14204e-05
-5.42229e-05
-5.59956e-05
-5.30745e-05
-3.1698e-05
-3.45069e-05
-3.19858e-05
-3.3593e-05
-5.58123e-05
-5.33354e-05
-5.58501e-05
-3.65872e-05
-6.00021e-05
-5.83524e-05
-5.91868e-05
-5.79867e-05
-5.86198e-05
-5.38933e-05
-5.75769e-05
-5.44241e-05
-5.63219e-05
-5.38352e-05
-5.60828e-05
-3.53598e-05
-3.33251e-05
-3.58224e-05
-3.34318e-05
-5.54102e-05
-5.54977e-05
-5.52452e-05
-3.0541e-05
-3.0391e-05
-3.02812e-05
-2.95001e-05
-6.03321e-05
-6.16406e-05
-6.19184e-05
-3.64346e-05
-3.68376e-05
-3.69521e-05
-3.73561e-05
-5.62665e-05
-6.07153e-05
-3.9144e-05
-3.94786e-05
-4.0127e-05
-3.95812e-05
-3.79515e-05
-3.77275e-05
-3.80887e-05
-3.78147e-05
-5.95798e-05
-6.07713e-05
-3.9842e-05
-3.93926e-05
-3.9889e-05
-4.02634e-05
-5.88447e-05
-6.20514e-05
-6.16607e-05
-3.68945e-05
-3.64076e-05
-3.74742e-05
-3.70173e-05
-5.56943e-05
-5.50648e-05
-5.53785e-05
-3.01869e-05
-3.04058e-05
-2.92126e-05
-3.01439e-05
-5.36232e-05
-5.60478e-05
-5.39392e-05
-3.33353e-05
-3.5583e-05
-3.34913e-05
-3.59317e-05
-5.69532e-05
-5.45931e-05
-5.75604e-05
-5.85374e-05
-5.90192e-05
-5.913e-05
-5.83685e-05
-5.35847e-05
-5.56973e-05
-5.33246e-05
-3.65061e-05
-5.60997e-05
-5.3052e-05
-5.603e-05
-3.45361e-05
-3.17396e-05
-3.37629e-05
-3.19939e-05
-5.70349e-05
-5.65338e-05
-5.70496e-05
-3.12008e-05
-3.39087e-05
-3.14401e-05
-3.40386e-05
-5.99348e-05
-6.15497e-05
-5.92696e-05
-3.53845e-05
-3.40705e-05
-3.50571e-05
-3.36482e-05
-6.05238e-05
-5.76095e-05
-6.15032e-05
-3.3137e-05
-3.46351e-05
-3.28125e-05
-3.47809e-05
-5.65474e-05
-5.63768e-05
-5.63422e-05
-3.38794e-05
-3.18595e-05
-3.16548e-05
-3.11214e-05
-5.3128e-05
-5.64888e-05
-5.39873e-05
-3.27727e-05
-3.45773e-05
-3.36198e-05
-3.60304e-05
-5.65967e-05
-5.45715e-05
-5.78879e-05
-5.93788e-05
-5.96952e-05
-5.97928e-05
-5.50848e-05
-5.8669e-05
-5.59643e-05
-5.39012e-05
-5.37231e-05
-5.33492e-05
-3.55417e-05
-3.36543e-05
-3.37122e-05
-5.54144e-05
-5.56684e-05
-5.57148e-05
-3.05999e-05
-2.98138e-05
-3.16818e-05
-3.06213e-05
-6.2142e-05
-6.28746e-05
-6.1626e-05
-3.74326e-05
-3.77244e-05
-3.74465e-05
-3.76891e-05
-5.86172e-05
-4.02008e-05
-3.90889e-05
-3.96575e-05
-3.81087e-05
-3.63395e-05
-3.48178e-05
-3.65094e-05
-3.49683e-05
-5.99125e-05
-5.86565e-05
-3.90991e-05
-4.01532e-05
-3.81891e-05
-3.97197e-05
-6.28565e-05
-6.1425e-05
-6.26424e-05
-3.7747e-05
-3.74406e-05
-3.76855e-05
-3.74093e-05
-5.52408e-05
-5.56845e-05
-5.55125e-05
-2.95606e-05
-3.0426e-05
-3.06238e-05
-3.15346e-05
-5.3001e-05
-5.28424e-05
-5.33011e-05
-3.35088e-05
-3.52434e-05
-3.33727e-05
-5.83123e-05
-5.58937e-05
-5.85847e-05
-5.96911e-05
-5.77883e-05
-5.92234e-05
-5.33489e-05
-5.78791e-05
-5.45238e-05
-5.63025e-05
-5.39258e-05
-5.65081e-05
-3.45489e-05
-3.28421e-05
-3.58486e-05
-3.36328e-05
-5.69917e-05
-5.65675e-05
-5.66185e-05
-3.20249e-05
-3.40727e-05
-3.14702e-05
-3.19747e-05
-5.82635e-05
-6.11949e-05
-5.73225e-05
-3.46725e-05
-3.3008e-05
-3.45714e-05
-3.25167e-05
-6.0758e-05
-5.62592e-05
-6.01913e-05
-3.29566e-05
-3.51055e-05
-3.65127e-05
-3.78088e-05
-5.5834e-05
-5.55373e-05
-5.35073e-05
-3.07729e-05
-3.15615e-05
-3.01924e-05
-3.17651e-05
-5.38943e-05
-5.26631e-05
-5.45492e-05
-3.4289e-05
-3.6562e-05
-3.39828e-05
-5.86413e-05
-5.66712e-05
-5.82433e-05
-5.67964e-05
-5.78933e-05
-5.37692e-05
-5.59987e-05
-5.38027e-05
-3.5491e-05
-3.64008e-05
-5.58822e-05
-5.44225e-05
-5.57323e-05
-3.27984e-05
-3.03633e-05
-3.39741e-05
-3.15078e-05
-6.06472e-05
-6.15168e-05
-6.02745e-05
-3.73505e-05
-3.93326e-05
-3.7467e-05
-3.99453e-05
-3.98178e-05
-3.77156e-05
-3.88204e-05
-3.68762e-05
-3.44753e-05
-3.42919e-05
-5.81476e-05
-3.75294e-05
-3.98466e-05
-3.66618e-05
-3.87463e-05
-6.18122e-05
-6.0394e-05
-6.17893e-05
-3.94207e-05
-3.73725e-05
-4.0018e-05
-3.75675e-05
-5.60677e-05
-5.60188e-05
-5.46326e-05
-3.06204e-05
-3.28907e-05
-3.18664e-05
-3.41771e-05
-5.42365e-05
-5.4013e-05
-5.60952e-05
-3.53474e-05
-3.66174e-05
-5.77473e-05
-5.76505e-05
-5.99087e-05
-5.57724e-05
-5.83882e-05
-5.6684e-05
-5.45382e-05
-5.45351e-05
-5.25349e-05
-3.64281e-05
-3.41342e-05
-3.38102e-05
-5.61412e-05
-5.34232e-05
-5.55966e-05
-3.20384e-05
-3.12128e-05
-3.1947e-05
-3.02311e-05
-5.60796e-05
-6.01856e-05
-5.58955e-05
-3.48538e-05
-3.2614e-05
-3.75583e-05
-3.60195e-05
-6.00242e-05
-5.79658e-05
-3.64394e-05
-3.83998e-05
-3.46878e-05
-3.83196e-05
-6.10503e-05
-6.0078e-05
-6.24482e-05
-3.63034e-05
-3.6418e-05
-3.81722e-05
-3.69974e-05
-5.52193e-05
-5.5563e-05
-5.53997e-05
-2.95776e-05
-2.89622e-05
-2.9729e-05
-3.04566e-05
-5.30001e-05
-5.42468e-05
-5.33211e-05
-3.13702e-05
-3.29428e-05
-3.32506e-05
-3.5576e-05
-5.52453e-05
-5.46739e-05
-5.61463e-05
-5.96193e-05
-5.50183e-05
-5.89239e-05
-5.70357e-05
-5.35316e-05
-5.42824e-05
-5.21578e-05
-3.43269e-05
-3.20937e-05
-3.22105e-05
-5.5571e-05
-5.29092e-05
-5.50922e-05
-3.03141e-05
-3.09785e-05
-3.09833e-05
-2.97839e-05
-6.29471e-05
-6.22845e-05
-6.15047e-05
-3.69913e-05
-3.74954e-05
-3.68483e-05
-3.74055e-05
-5.90513e-05
-5.97199e-05
-3.95403e-05
-4.06018e-05
-3.9737e-05
-3.97479e-05
-3.82849e-05
-3.50117e-05
-3.79715e-05
-3.50074e-05
-3.82855e-05
-3.76203e-05
-6.14213e-05
-5.98879e-05
-4.08033e-05
-3.97037e-05
-3.95266e-05
-3.98174e-05
-6.20656e-05
-6.11643e-05
-6.19903e-05
-3.74631e-05
-3.69054e-05
-3.73675e-05
-3.68214e-05
-5.56767e-05
-5.52717e-05
-5.34394e-05
-3.13167e-05
-3.07938e-05
-2.99264e-05
-3.16749e-05
-5.33775e-05
-5.28099e-05
-5.47942e-05
-3.25338e-05
-3.46424e-05
-3.28796e-05
-5.78494e-05
-5.72738e-05
-5.92667e-05
-5.68334e-05
-5.3566e-05
-5.63545e-05
-5.50316e-05
-5.54896e-05
-5.37137e-05
-5.44632e-05
-3.29947e-05
-3.11851e-05
-3.57895e-05
-3.31907e-05
-5.53485e-05
-5.53783e-05
-5.54841e-05
-2.86826e-05
-2.93933e-05
-3.01313e-05
-2.93979e-05
-6.12751e-05
-6.25388e-05
-6.04123e-05
-3.64228e-05
-3.62988e-05
-3.69759e-05
-3.81734e-05
-5.80705e-05
-3.83177e-05
-3.61743e-05
-3.83907e-05
-3.44933e-05
-3.29304e-05
-3.67571e-05
-3.50302e-05
-6.13387e-05
-5.93077e-05
-3.91678e-05
-3.88387e-05
-3.67519e-05
-3.86521e-05
-6.25072e-05
-6.05996e-05
-6.22296e-05
-3.72052e-05
-3.67303e-05
-3.77871e-05
-3.61229e-05
-5.44692e-05
-5.39471e-05
-5.38619e-05
-3.11144e-05
-3.31964e-05
-3.29004e-05
-3.59375e-05
-5.52497e-05
-5.53102e-05
-5.74703e-05
-3.54307e-05
-5.93926e-05
-5.39445e-05
-6.07544e-05
-5.6896e-05
-5.35678e-05
-5.49667e-05
-5.3745e-05
-3.21283e-05
-3.12584e-05
-3.336e-05
-5.60774e-05
-5.48176e-05
-5.65625e-05
-2.9543e-05
-3.04911e-05
-3.20138e-05
-3.06328e-05
-5.89334e-05
-5.9485e-05
-5.59935e-05
-3.65654e-05
-3.79282e-05
-3.82617e-05
-3.79554e-05
-3.93804e-05
-3.9318e-05
-3.77094e-05
-5.59835e-05
-3.88606e-05
-3.94305e-05
-3.79398e-05
-6.15606e-05
-5.61519e-05
-6.01602e-05
-3.81209e-05
-3.68457e-05
-3.84215e-05
-3.89533e-05
-5.5582e-05
-5.69895e-05
-5.50443e-05
-3.06688e-05
-2.97377e-05
-3.10573e-05
-3.24888e-05
-5.24444e-05
-5.37331e-05
-5.49135e-05
-3.1048e-05
-3.23478e-05
-3.333e-05
-5.7221e-05
-5.69145e-05
-6.05866e-05
-5.62834e-05
-5.418e-05
-5.73174e-05
-5.52399e-05
-3.54808e-05
-5.59456e-05
-5.4045e-05
-5.407e-05
-3.31541e-05
-3.10948e-05
-3.6085e-05
-3.30497e-05
-6.30613e-05
-6.22503e-05
-6.06848e-05
-3.66622e-05
-3.70924e-05
-3.60773e-05
-3.78268e-05
-5.92861e-05
-5.92626e-05
-3.86916e-05
-3.907e-05
-3.86642e-05
-3.65417e-05
-3.67283e-05
-3.26482e-05
-3.47218e-05
-3.29339e-05
-3.59176e-05
-5.9582e-05
-3.69931e-05
-3.65579e-05
-3.27629e-05
-3.31289e-05
-5.97728e-05
-5.60756e-05
-5.63335e-05
-3.59302e-05
-3.2204e-05
-3.4441e-05
-3.32561e-05
-5.54906e-05
-5.78235e-05
-5.65512e-05
-3.17919e-05
-3.06385e-05
-3.51945e-05
-3.54762e-05
-5.41598e-05
-5.81546e-05
-5.85634e-05
-3.13367e-05
-3.36711e-05
-5.6203e-05
-5.65403e-05
-5.58247e-05
-6.04414e-05
-5.88698e-05
-3.58648e-05
-3.329e-05
-6.04094e-05
-5.76503e-05
-5.86957e-05
-3.21265e-05
-3.25776e-05
-3.5991e-05
-3.51056e-05
-6.19634e-05
-5.66292e-05
-5.70974e-05
-3.32637e-05
-3.69156e-05
-3.39329e-05
-3.5744e-05
-5.91156e-05
-3.76071e-05
-3.81572e-05
-3.44955e-05
-3.40585e-05
-3.70092e-05
-3.53341e-05
-3.56671e-05
-3.78082e-05
-6.17318e-05
-3.90669e-05
-3.81726e-05
-3.43358e-05
-3.50336e-05
-6.18805e-05
-5.80484e-05
-5.84699e-05
-3.77281e-05
-3.40343e-05
-3.67841e-05
-3.54727e-05
-5.74616e-05
-6.0226e-05
-5.88681e-05
-3.35699e-05
-3.31391e-05
-3.69433e-05
-3.75625e-05
-5.58163e-05
-6.00675e-05
-6.03084e-05
-3.37896e-05
-3.61497e-05
-5.8812e-05
-5.52179e-05
-5.47887e-05
-5.88514e-05
-5.79164e-05
-3.37683e-05
-3.15781e-05
-5.92737e-05
-5.63424e-05
-5.78801e-05
-3.03438e-05
-3.13427e-05
-3.50594e-05
-3.46322e-05
-6.02085e-05
-5.6507e-05
-5.60857e-05
-3.18482e-05
-3.57184e-05
-3.29191e-05
-3.4234e-05
-5.68985e-05
-3.63136e-05
-3.68739e-05
-3.26613e-05
-3.21278e-05
-3.57577e-05
-3.27273e-05
-6.96257e-06
-1.14582e-05
1.15018e-05
1.09696e-05
9.84722e-06
-1.12588e-05
-1.37361e-05
-1.4021e-05
1.03393e-05
1.05951e-05
9.63439e-06
1.24566e-05
-1.03879e-05
-1.34296e-05
-9.20032e-06
9.55322e-06
1.09295e-05
1.37925e-05
1.59762e-05
-1.19677e-05
-8.62061e-06
-7.68413e-06
1.4985e-05
1.25159e-05
-8.74337e-06
-1.10402e-05
-1.24891e-05
-9.60562e-06
-1.28701e-05
-8.79314e-06
-9.50806e-06
1.07104e-05
1.33187e-05
-1.3224e-05
-1.02778e-05
-1.42234e-05
9.81533e-06
1.03736e-05
1.42632e-05
1.38526e-05
-1.15155e-05
-1.49976e-05
-1.55392e-05
1.17208e-05
1.06803e-05
1.32297e-05
9.4826e-06
-1.44411e-05
-1.21755e-05
1.20614e-05
1.22442e-05
8.67046e-06
7.51138e-06
8.46217e-06
1.11831e-05
1.15034e-05
8.98214e-06
-1.2491e-05
-1.51923e-05
1.24783e-05
1.15604e-05
7.95951e-06
8.24548e-06
-1.10351e-05
-1.56891e-05
-1.41506e-05
1.03664e-05
1.26706e-05
9.18446e-06
1.40841e-05
-1.14523e-05
-1.35449e-05
-9.92133e-06
1.14407e-05
1.02219e-05
1.47025e-05
1.47099e-05
-1.39611e-05
-9.46065e-06
-9.07164e-06
1.33981e-05
1.05732e-05
-1.01289e-05
-1.3009e-05
-1.06372e-05
-8.894e-06
-1.12833e-05
-7.7442e-06
-8.07285e-06
1.28915e-05
1.49156e-05
-1.08333e-05
-8.7304e-06
-1.23398e-05
1.16376e-05
1.18774e-05
1.62426e-05
1.50487e-05
-8.29032e-06
-1.25445e-05
-1.28847e-05
1.30781e-05
1.14918e-05
1.39803e-05
1.04935e-05
-1.11242e-05
-6.90855e-06
1.2034e-05
1.00587e-05
1.07332e-05
-1.4147e-05
-1.19007e-05
-1.3666e-05
1.31964e-05
1.17237e-05
1.33768e-05
1.21195e-05
-8.66255e-06
-9.87522e-06
-8.82658e-06
1.32974e-05
9.80621e-06
1.50938e-05
1.27425e-05
-1.356e-05
-8.39219e-06
-1.07083e-05
1.0072e-05
-1.29585e-05
-1.03385e-05
-9.8415e-06
-8.27534e-06
-6.75538e-06
-6.22124e-06
-6.79216e-06
1.32515e-05
1.37893e-05
1.5578e-05
-9.83527e-06
-8.69964e-06
-9.26214e-06
1.45254e-05
1.62756e-05
1.71328e-05
1.64146e-05
-1.70385e-05
-1.54506e-05
5.86929e-06
7.24764e-06
5.56666e-06
4.59934e-06
8.67222e-06
6.53406e-06
8.02951e-06
8.8177e-06
7.66163e-06
6.72157e-06
-1.48191e-05
-1.49915e-05
-1.69997e-05
7.77448e-06
5.86971e-06
5.1502e-06
5.74365e-06
-8.28849e-06
-9.34364e-06
-8.96247e-06
1.62814e-05
1.46325e-05
1.6538e-05
1.70366e-05
-9.26915e-06
-7.4845e-06
-6.83611e-06
1.3111e-05
1.49223e-05
1.28976e-05
-8.40002e-06
-9.62545e-06
-1.31098e-05
-1.00169e-05
-1.04903e-05
-8.19415e-06
9.97094e-06
-7.91244e-06
-8.65503e-06
-9.77323e-06
9.92919e-06
1.33742e-05
1.28169e-05
1.51714e-05
-1.10081e-05
-1.38027e-05
-1.21943e-05
1.1711e-05
1.29852e-05
1.20453e-05
1.31801e-05
-9.22353e-06
-9.28299e-06
-8.89551e-06
1.62008e-05
1.54328e-05
1.63333e-05
1.71602e-05
-7.64343e-06
-6.96577e-06
-6.27402e-06
1.37299e-05
1.54133e-05
1.30843e-05
-7.91625e-06
-9.27322e-06
-1.04189e-05
-1.27721e-05
-9.7886e-06
-6.8362e-06
-7.57584e-06
-7.98919e-06
1.23479e-05
9.93035e-06
1.30878e-05
-8.74809e-06
-9.29651e-06
-9.38391e-06
1.44087e-05
1.64878e-05
1.52649e-05
1.49711e-05
-1.64358e-05
-1.69606e-05
-1.72217e-05
7.25637e-06
5.46996e-06
7.95595e-06
7.80293e-06
-1.471e-05
-1.1793e-05
5.06027e-06
6.99607e-06
6.59849e-06
6.20633e-06
8.74534e-06
8.24187e-06
1.09214e-05
8.44294e-06
1.10031e-05
8.35471e-06
-1.42094e-05
-1.17628e-05
-1.4907e-05
6.37627e-06
5.20074e-06
6.12556e-06
6.541e-06
-1.81155e-05
-1.7006e-05
-1.6613e-05
5.95175e-06
7.46245e-06
7.97271e-06
8.16364e-06
-7.79187e-06
-9.53496e-06
-9.49788e-06
1.63295e-05
1.39918e-05
1.50305e-05
1.52718e-05
-8.83247e-06
-8.31633e-06
-7.86845e-06
1.19393e-05
1.27345e-05
9.66338e-06
-1.0073e-05
-1.29753e-05
-9.62294e-06
-9.64746e-06
-8.07756e-06
-7.27429e-06
-6.46961e-06
-7.0709e-06
1.377e-05
1.31933e-05
1.52158e-05
-9.3644e-06
-8.81845e-06
-9.13701e-06
1.56601e-05
1.63789e-05
1.71914e-05
1.64924e-05
-8.10089e-06
-9.77611e-06
-9.85706e-06
1.55347e-05
1.28318e-05
1.52628e-05
1.36454e-05
-9.68441e-06
-8.00281e-06
-9.25204e-06
9.83665e-06
1.0866e-05
-1.15392e-05
-1.28193e-05
-8.4885e-06
-9.9116e-06
-6.94079e-06
-9.21822e-06
-5.98363e-06
-8.60052e-06
1.18135e-05
1.43013e-05
1.44943e-05
1.58944e-05
-1.3622e-05
-1.62027e-05
-1.42959e-05
8.50535e-06
6.40325e-06
8.75997e-06
6.81333e-06
-1.13575e-05
7.42321e-06
9.35676e-06
6.36681e-06
8.683e-06
1.10317e-05
1.10782e-05
-1.13073e-05
9.26442e-06
7.51875e-06
8.56424e-06
6.48088e-06
-1.52924e-05
-1.42934e-05
-1.6493e-05
6.43166e-06
8.46571e-06
6.9269e-06
8.65651e-06
-7.25179e-06
-8.46267e-06
-5.99285e-06
1.45112e-05
1.15107e-05
1.64262e-05
1.44695e-05
-1.12386e-05
-6.9726e-06
-9.89214e-06
-1.26584e-05
-1.23705e-05
-1.1546e-05
-7.53493e-06
-9.39308e-06
-8.12118e-06
9.86978e-06
1.08081e-05
-9.37301e-06
-9.95734e-06
-9.8691e-06
1.3084e-05
1.5524e-05
1.35092e-05
1.50963e-05
-9.83023e-06
-1.03662e-05
-1.03659e-05
1.55689e-05
1.45913e-05
1.44273e-05
1.47011e-05
-8.4595e-06
-8.60416e-06
-8.22011e-06
1.28846e-05
1.24923e-05
9.57733e-06
-1.39478e-05
-1.09918e-05
-1.41082e-05
-1.21394e-05
-1.07082e-05
-6.16273e-06
-8.10246e-06
-6.66518e-06
1.18378e-05
1.18395e-05
-8.39807e-06
-8.51444e-06
-8.53412e-06
1.48933e-05
1.70932e-05
1.4891e-05
1.64314e-05
-1.4725e-05
-1.7487e-05
-1.61824e-05
8.66631e-06
8.6369e-06
8.18359e-06
8.16628e-06
-1.31553e-05
6.83576e-06
8.25835e-06
6.10121e-06
7.4648e-06
1.04549e-05
1.08891e-05
1.37298e-05
1.06998e-05
1.38381e-05
1.10792e-05
-1.16761e-05
-1.32624e-05
8.43446e-06
6.96853e-06
7.39022e-06
5.99021e-06
-1.63845e-05
-1.60209e-05
-1.72925e-05
8.63744e-06
8.61841e-06
8.19526e-06
8.2521e-06
-6.51765e-06
-8.5926e-06
-8.60238e-06
1.71786e-05
1.48238e-05
1.62668e-05
1.46396e-05
-9.02116e-06
-6.65229e-06
-8.0253e-06
1.19129e-05
1.18407e-05
-1.06299e-05
-1.11113e-05
-1.37601e-05
-1.09236e-05
-7.88463e-06
-8.45956e-06
-9.00708e-06
1.25251e-05
9.32623e-06
1.23011e-05
-1.0009e-05
-1.05887e-05
-1.05026e-05
1.44265e-05
1.55464e-05
1.47376e-05
1.45667e-05
-1.11193e-05
-1.14113e-05
-1.13898e-05
1.19146e-05
1.34221e-05
1.16261e-05
1.34781e-05
-9.41188e-06
-1.15085e-05
-9.32132e-06
1.17842e-05
8.78821e-06
1.20346e-05
9.13055e-06
-1.33173e-05
-1.03299e-05
-1.2736e-05
-9.81839e-06
-1.34405e-05
-1.06534e-05
-6.10418e-06
-6.82637e-06
-5.6444e-06
1.27679e-05
1.33651e-05
-8.37541e-06
-8.08165e-06
-8.18934e-06
1.56019e-05
1.69747e-05
1.59968e-05
1.73132e-05
-1.69726e-05
-1.82863e-05
-1.71275e-05
7.83783e-06
7.86594e-06
7.82267e-06
7.94175e-06
-1.35292e-05
-9.85372e-06
6.21906e-06
7.68576e-06
7.16923e-06
7.77368e-06
1.10507e-05
1.43463e-05
1.09395e-05
1.40795e-05
1.43599e-05
1.10477e-05
1.41681e-05
1.09274e-05
-1.45972e-05
-1.02968e-05
-1.39039e-05
6.93269e-06
5.52284e-06
7.2021e-06
6.54118e-06
-1.78886e-05
-1.71443e-05
-1.82534e-05
7.79206e-06
7.91474e-06
7.81207e-06
7.80725e-06
-8.27881e-06
-8.06429e-06
-7.90505e-06
1.69236e-05
1.5527e-05
1.74935e-05
1.62276e-05
-7.00341e-06
-5.31291e-06
-6.44973e-06
1.28299e-05
1.35685e-05
-1.04389e-05
-1.33697e-05
-1.08388e-05
-1.27371e-05
-1.0484e-05
-1.14874e-05
-9.47866e-06
-1.16797e-05
8.64795e-06
1.15882e-05
9.01757e-06
1.18197e-05
-1.12288e-05
-1.15575e-05
-1.15465e-05
1.33034e-05
1.18278e-05
1.32836e-05
1.14629e-05
-1.13931e-05
-1.11075e-05
-1.10994e-05
1.16299e-05
1.34386e-05
1.1885e-05
1.34458e-05
-9.23638e-06
-1.11984e-05
-9.31915e-06
1.19634e-05
9.20613e-06
1.18459e-05
8.94507e-06
-1.27073e-05
-1.06642e-05
-1.32211e-05
-1.0584e-05
-9.62261e-06
-5.58003e-06
-7.14904e-06
-6.03255e-06
1.33413e-05
1.27652e-05
-8.15463e-06
-8.29389e-06
-8.35161e-06
1.61089e-05
1.74135e-05
1.56864e-05
1.70503e-05
-1.72721e-05
-1.7978e-05
-1.69766e-05
7.83568e-06
7.84905e-06
7.91906e-06
7.81741e-06
-1.02487e-05
-1.44143e-05
6.68928e-06
7.35996e-06
5.72434e-06
7.20774e-06
1.09778e-05
1.4143e-05
1.10678e-05
1.44085e-05
1.42234e-05
1.09252e-05
1.43995e-05
1.10164e-05
-1.39189e-05
-1.44232e-05
7.19417e-06
6.55762e-06
7.00041e-06
5.61653e-06
-1.84226e-05
-1.72594e-05
-1.82011e-05
7.71097e-06
7.72188e-06
7.63429e-06
7.7433e-06
-7.89183e-06
-8.25766e-06
-8.22576e-06
1.75574e-05
1.62946e-05
1.71798e-05
1.58005e-05
-6.50941e-06
-6.03542e-06
-7.17083e-06
1.35107e-05
1.26916e-05
-1.32721e-05
-9.52984e-06
-1.01857e-05
-1.31039e-05
-1.06605e-05
-1.15575e-05
-9.45422e-06
-1.13014e-05
9.23646e-06
1.20098e-05
8.86526e-06
1.18204e-05
-1.14936e-05
-1.11336e-05
-1.11248e-05
1.343e-05
1.15436e-05
1.34869e-05
1.19108e-05
-1.03457e-05
-9.82736e-06
-9.70542e-06
1.4279e-05
1.46332e-05
1.56427e-05
1.4756e-05
-8.083e-06
-7.45345e-06
-8.22722e-06
1.25863e-05
9.54347e-06
1.29361e-05
-1.39781e-05
-1.09843e-05
-1.39917e-05
-1.06826e-05
-1.21464e-05
-6.73673e-06
-9.10167e-06
-6.29452e-06
1.1774e-05
1.16496e-05
-8.633e-06
-6.80376e-06
-8.63679e-06
1.47318e-05
1.62699e-05
1.46111e-05
1.67711e-05
-1.56562e-05
-1.59577e-05
-1.43434e-05
8.38883e-06
8.34953e-06
8.8222e-06
8.85301e-06
-1.17792e-05
6.03106e-06
7.50679e-06
6.92626e-06
8.35013e-06
1.10907e-05
1.37775e-05
1.08656e-05
1.39658e-05
1.11024e-05
1.07348e-05
-1.31216e-05
-1.16308e-05
7.56557e-06
6.17229e-06
8.50046e-06
7.10518e-06
-1.74535e-05
-1.48884e-05
-1.63885e-05
8.12109e-06
8.12681e-06
8.60756e-06
8.56485e-06
-8.6552e-06
-8.54291e-06
-6.86593e-06
1.64852e-05
1.48042e-05
1.7034e-05
1.45144e-05
-8.20653e-06
-6.35133e-06
-9.03367e-06
1.1753e-05
1.17491e-05
-1.21467e-05
-1.10864e-05
-1.40343e-05
-1.12686e-05
-8.69218e-06
-8.28657e-06
-7.36174e-06
9.36365e-06
1.25482e-05
1.28519e-05
-1.03719e-05
-9.7407e-06
-9.83351e-06
1.49595e-05
1.4614e-05
1.47064e-05
1.56294e-05
-9.56287e-06
-9.28885e-06
-7.66542e-06
1.54939e-05
1.41197e-05
1.55056e-05
1.33513e-05
-9.03113e-06
-7.28903e-06
-9.78406e-06
1.10008e-05
1.00859e-05
-1.25183e-05
-1.25541e-05
-7.23846e-06
-1.11032e-05
-8.63154e-06
-8.92758e-06
-7.37829e-06
-9.42074e-06
1.42815e-05
1.55903e-05
1.14829e-05
1.41357e-05
-1.39567e-05
-1.53994e-05
-1.33978e-05
8.77554e-06
7.18773e-06
8.55567e-06
6.72631e-06
6.57921e-06
8.44942e-06
7.65637e-06
9.22184e-06
1.09552e-05
1.11339e-05
-1.13425e-05
8.7062e-06
6.41027e-06
9.31047e-06
7.33969e-06
-1.63971e-05
-1.36218e-05
-1.52794e-05
6.72512e-06
8.62761e-06
6.27575e-06
8.41088e-06
-6.43863e-06
-9.34214e-06
-7.29888e-06
1.60725e-05
1.41467e-05
1.41669e-05
1.14604e-05
-1.00156e-05
-8.77261e-06
-1.12898e-05
-1.16687e-05
-1.2609e-05
-7.84302e-06
-9.63308e-06
-7.50493e-06
1.09506e-05
9.74223e-06
-9.62746e-06
-7.82884e-06
-9.07792e-06
1.37969e-05
1.53636e-05
1.30562e-05
1.58125e-05
-8.98182e-06
-9.41828e-06
-9.20859e-06
1.61678e-05
1.67337e-05
1.62478e-05
1.53759e-05
-6.00383e-06
-7.38107e-06
-7.96072e-06
1.48431e-05
1.32539e-05
1.35749e-05
-9.45395e-06
-9.07019e-06
-9.93188e-06
-1.05879e-05
-8.15581e-06
-8.73105e-06
-7.14801e-06
9.82416e-06
1.30727e-05
1.21373e-05
-9.41684e-06
-7.56284e-06
-8.84769e-06
1.53856e-05
1.51006e-05
1.41193e-05
1.6528e-05
-1.70067e-05
-1.86863e-05
-1.61994e-05
7.97577e-06
7.91149e-06
7.13254e-06
5.61131e-06
-1.16378e-05
-1.41255e-05
6.77931e-06
6.21041e-06
5.23778e-06
6.91828e-06
8.04475e-06
1.08432e-05
8.54527e-06
1.09333e-05
8.2401e-06
9.03484e-06
-1.47521e-05
-1.44892e-05
5.99845e-06
6.42834e-06
7.21338e-06
5.02788e-06
-1.66401e-05
-1.63293e-05
-1.78498e-05
7.86787e-06
8.16376e-06
5.55727e-06
7.51534e-06
-9.34534e-06
-8.8693e-06
-7.3251e-06
1.51473e-05
1.53815e-05
1.65716e-05
1.44097e-05
-7.76921e-06
-6.91261e-06
-8.82767e-06
1.2913e-05
9.8931e-06
1.223e-05
-1.27292e-05
-1.08446e-05
-7.31591e-06
-8.87668e-06
-6.39832e-06
-7.11369e-06
-6.60596e-06
1.34802e-05
1.58392e-05
1.40877e-05
-9.40285e-06
-9.12357e-06
-9.61446e-06
1.70116e-05
1.58397e-05
1.52557e-05
1.56324e-05
-1.36485e-05
-1.10368e-05
-1.39067e-05
1.32321e-05
1.20861e-05
1.29868e-05
1.17413e-05
-8.52962e-06
-7.87527e-06
-7.93452e-06
1.5211e-05
1.28506e-05
1.34697e-05
9.81744e-06
-1.05093e-05
-9.74055e-06
-1.34281e-05
9.97372e-06
-8.39544e-06
-1.02924e-05
-7.04885e-06
-8.9945e-06
-7.3193e-06
1.32247e-05
1.54962e-05
1.33705e-05
-9.1584e-06
-8.21338e-06
-9.75834e-06
1.74095e-05
1.67039e-05
1.47941e-05
1.64605e-05
-1.5395e-05
-1.51343e-05
5.30391e-06
4.52322e-06
5.88917e-06
7.41652e-06
6.25884e-06
7.69213e-06
8.71965e-06
8.19051e-06
6.3382e-06
8.47495e-06
-1.67417e-05
-1.48918e-05
4.74133e-06
5.77113e-06
7.35556e-06
5.84762e-06
-8.87761e-06
-1.0027e-05
-8.34908e-06
1.64563e-05
1.72381e-05
1.63792e-05
1.46241e-05
-6.61255e-06
-7.5751e-06
-9.1709e-06
1.54061e-05
1.34958e-05
1.30506e-05
-9.76446e-06
-1.04991e-05
-1.28888e-05
-8.06505e-06
-1.34745e-05
-9.8869e-06
1.00464e-05
-9.72796e-06
-7.91664e-06
-7.62965e-06
1.27532e-05
1.50801e-05
1.00229e-05
1.34578e-05
-1.16678e-05
-1.37787e-05
-1.06687e-05
1.23368e-05
1.35124e-05
1.19959e-05
1.33211e-05
-1.12884e-05
1.06712e-05
9.78074e-06
1.15264e-05
-1.37253e-05
-1.00997e-05
-1.1247e-05
9.61983e-06
1.25532e-05
1.03631e-05
1.05667e-05
-8.78125e-06
-1.24355e-05
-1.01372e-05
1.40347e-05
1.66001e-05
9.52871e-06
1.0998e-05
-7.26618e-06
-1.12509e-05
-1.17456e-05
1.58353e-05
1.32164e-05
-1.06555e-05
-1.00679e-05
-9.42695e-06
-1.3387e-05
-1.27618e-05
1.06618e-05
1.35424e-05
-1.34595e-05
-1.13231e-05
-1.25946e-05
1.44772e-05
1.38448e-05
9.96195e-06
1.03221e-05
-1.53129e-05
-1.11306e-05
-1.13969e-05
1.34051e-05
9.43418e-06
1.18718e-05
1.05357e-05
-1.19401e-05
8.75898e-06
7.92566e-06
1.19989e-05
1.24643e-05
8.96996e-06
1.14149e-05
1.1158e-05
8.93628e-06
-1.46207e-05
8.18261e-06
8.3991e-06
1.23009e-05
1.16267e-05
-1.44746e-05
-1.14457e-05
-1.1459e-05
9.21486e-06
1.34114e-05
1.04479e-05
1.20742e-05
-1.05374e-05
-1.28313e-05
-1.19785e-05
1.3889e-05
1.4301e-05
1.06158e-05
9.64747e-06
-9.26749e-06
-1.33567e-05
-1.38175e-05
1.32888e-05
1.07523e-05
-1.31661e-05
-8.24829e-06
-8.1232e-06
-1.17727e-05
-1.12452e-05
1.30861e-05
1.48776e-05
-1.25893e-05
-9.61084e-06
-1.09528e-05
1.56555e-05
1.46228e-05
1.16599e-05
1.16573e-05
-1.30845e-05
-9.52871e-06
-8.83348e-06
1.38252e-05
1.02557e-05
1.29647e-05
1.1356e-05
-7.00373e-06
1.01506e-05
1.11608e-05
1.20854e-05
3.38631e-05
3.32109e-05
3.4575e-05
5.85631e-05
5.70763e-05
6.07468e-05
6.00668e-05
3.27614e-05
3.64774e-05
3.64839e-05
6.0671e-05
5.80138e-05
3.73227e-05
3.65729e-05
5.53125e-05
3.44454e-05
3.68101e-05
3.41323e-05
3.81656e-05
3.74554e-05
5.84793e-05
6.11438e-05
3.38132e-05
3.66407e-05
3.23704e-05
5.76004e-05
5.81912e-05
6.17985e-05
6.12459e-05
3.59847e-05
3.17327e-05
3.15873e-05
5.92754e-05
5.76759e-05
6.05122e-05
5.63138e-05
3.22953e-05
3.43798e-05
5.91035e-05
5.92252e-05
5.56588e-05
5.4748e-05
5.49797e-05
5.71109e-05
5.73125e-05
5.51429e-05
3.43851e-05
3.21163e-05
5.91435e-05
5.8602e-05
5.44533e-05
5.50057e-05
3.54654e-05
3.13223e-05
3.21736e-05
5.76205e-05
5.88186e-05
5.58584e-05
5.96751e-05
3.52372e-05
3.26927e-05
3.63694e-05
5.74685e-05
5.7458e-05
6.03566e-05
6.13361e-05
3.39555e-05
3.72844e-05
3.88766e-05
6.06336e-05
5.86092e-05
3.79667e-05
3.47067e-05
3.62916e-05
3.76093e-05
5.5243e-05
3.33581e-05
3.66712e-05
3.6584e-05
5.72593e-05
5.9597e-05
3.50558e-05
3.43024e-05
3.27736e-05
5.57525e-05
5.78442e-05
5.95014e-05
6.01564e-05
3.87842e-05
3.62749e-05
3.78001e-05
5.91042e-05
5.70761e-05
6.14275e-05
5.91654e-05
3.34782e-05
3.81896e-05
3.60247e-05
5.7466e-05
3.39369e-05
3.69268e-05
3.72821e-05
3.88852e-05
3.99849e-05
4.09892e-05
4.02598e-05
6.08266e-05
6.12152e-05
6.29707e-05
3.67199e-05
3.82311e-05
3.69295e-05
6.23343e-05
6.38488e-05
6.47187e-05
6.33744e-05
3.07542e-05
2.91124e-05
2.82582e-05
5.57744e-05
5.37429e-05
5.52051e-05
5.45285e-05
2.99528e-05
3.24022e-05
5.23061e-05
5.39308e-05
5.25996e-05
5.29904e-05
3.63472e-05
5.57472e-05
5.84866e-05
5.38244e-05
5.60718e-05
5.79044e-05
5.77178e-05
3.60679e-05
5.87031e-05
5.57947e-05
5.59628e-05
5.36336e-05
3.13893e-05
3.20578e-05
2.90175e-05
5.37666e-05
5.21869e-05
5.26087e-05
5.20901e-05
2.93403e-05
2.76624e-05
2.90301e-05
5.34628e-05
5.54552e-05
5.40852e-05
5.49461e-05
3.93717e-05
3.68629e-05
3.84067e-05
6.33482e-05
6.26368e-05
6.32186e-05
6.50488e-05
3.84316e-05
4.02906e-05
4.0972e-05
6.10652e-05
6.32303e-05
6.12968e-05
3.92539e-05
3.73518e-05
3.3924e-05
3.7215e-05
3.58807e-05
3.82909e-05
5.76382e-05
3.74165e-05
3.79408e-05
3.63071e-05
5.72954e-05
5.90848e-05
5.95915e-05
6.14068e-05
3.81783e-05
3.68089e-05
3.84923e-05
5.91327e-05
5.60964e-05
6.10257e-05
5.85954e-05
3.81902e-05
3.68485e-05
3.58401e-05
3.30753e-05
3.61471e-05
4.03814e-05
3.90086e-05
3.89813e-05
5.99929e-05
5.69464e-05
6.03095e-05
3.86125e-05
3.79354e-05
3.78727e-05
6.21351e-05
6.42827e-05
6.28787e-05
6.27248e-05
3.06789e-05
2.97058e-05
2.89379e-05
5.45201e-05
5.47327e-05
5.48495e-05
5.46155e-05
3.07741e-05
3.27389e-05
5.30328e-05
5.38639e-05
5.27367e-05
5.18707e-05
5.58162e-05
5.76991e-05
5.38781e-05
5.67386e-05
5.84424e-05
5.86166e-05
5.75484e-05
5.56523e-05
5.65663e-05
5.39262e-05
3.27158e-05
3.29407e-05
3.10051e-05
5.36776e-05
5.29971e-05
5.23006e-05
5.31491e-05
2.80137e-05
2.91622e-05
2.975e-05
5.46111e-05
5.4162e-05
5.47325e-05
5.47803e-05
4.00558e-05
3.77754e-05
3.77983e-05
6.42913e-05
6.21735e-05
6.2551e-05
6.27689e-05
3.81815e-05
3.88951e-05
3.89717e-05
5.98796e-05
6.03379e-05
5.68577e-05
3.63447e-05
3.31378e-05
3.71374e-05
3.68384e-05
3.84376e-05
3.78784e-05
3.88042e-05
3.69986e-05
5.61355e-05
5.93631e-05
5.87226e-05
6.11525e-05
3.84059e-05
3.72137e-05
3.706e-05
6.26609e-05
5.99416e-05
6.25715e-05
6.10367e-05
3.64857e-05
3.86846e-05
3.71399e-05
5.66549e-05
5.7914e-05
3.42453e-05
3.70222e-05
3.72178e-05
3.84941e-05
5.60654e-05
3.71063e-05
3.82979e-05
3.6988e-05
5.86869e-05
6.11237e-05
5.94668e-05
6.23196e-05
3.23562e-05
2.93067e-05
3.14363e-05
5.48022e-05
5.33399e-05
5.51839e-05
5.52792e-05
3.39475e-05
5.28491e-05
5.51208e-05
5.31455e-05
5.38493e-05
5.80364e-05
5.94352e-05
5.65269e-05
5.82851e-05
5.95993e-05
5.82534e-05
5.82793e-05
5.64929e-05
3.49528e-05
3.40888e-05
5.49519e-05
5.27648e-05
5.40099e-05
5.33116e-05
3.02609e-05
3.15099e-05
2.92614e-05
5.36212e-05
5.5006e-05
5.54105e-05
5.52581e-05
3.86032e-05
3.70257e-05
3.84246e-05
6.11626e-05
5.87482e-05
6.23233e-05
5.95996e-05
3.51405e-05
3.88026e-05
3.75941e-05
5.60981e-05
3.31279e-05
3.4055e-05
3.91307e-05
3.73932e-05
3.91057e-05
5.69179e-05
5.81167e-05
3.72939e-05
3.72623e-05
3.7298e-05
6.02193e-05
6.28636e-05
6.11681e-05
6.26735e-05
3.72501e-05
3.68843e-05
3.68114e-05
6.28925e-05
6.1964e-05
6.19034e-05
6.21908e-05
3.82723e-05
3.82971e-05
3.84214e-05
5.9983e-05
5.96778e-05
5.6051e-05
3.56136e-05
3.2224e-05
3.48728e-05
3.48822e-05
3.83556e-05
3.79562e-05
3.93966e-05
5.65616e-05
5.82583e-05
3.70562e-05
3.7543e-05
3.76378e-05
5.99922e-05
6.18929e-05
6.15623e-05
6.30934e-05
3.09466e-05
3.11365e-05
3.09597e-05
5.55058e-05
5.56043e-05
5.60455e-05
5.61986e-05
3.56511e-05
3.3502e-05
3.56818e-05
5.39294e-05
5.30623e-05
5.6304e-05
5.36765e-05
5.5129e-05
5.77006e-05
5.42699e-05
5.74742e-05
5.86771e-05
5.8773e-05
5.86334e-05
5.86894e-05
5.77241e-05
5.50556e-05
5.74351e-05
5.41489e-05
3.3678e-05
3.56615e-05
3.34174e-05
5.33246e-05
5.42148e-05
5.36162e-05
5.62947e-05
3.01706e-05
3.0922e-05
3.12134e-05
5.56818e-05
5.55386e-05
5.61643e-05
5.60197e-05
3.69779e-05
3.7668e-05
3.76125e-05
6.20646e-05
6.0239e-05
6.30577e-05
6.15519e-05
3.76502e-05
3.95591e-05
3.80392e-05
5.66838e-05
5.8285e-05
3.46558e-05
3.60361e-05
3.24775e-05
3.58953e-05
3.97395e-05
3.87134e-05
3.85991e-05
6.03734e-05
5.63707e-05
5.9878e-05
3.72509e-05
3.6797e-05
3.67977e-05
6.19295e-05
6.28311e-05
6.20428e-05
6.17654e-05
3.60866e-05
3.60028e-05
3.58015e-05
5.94697e-05
6.08332e-05
5.92972e-05
6.08693e-05
3.69757e-05
3.53234e-05
3.70303e-05
5.88712e-05
5.54239e-05
5.90252e-05
5.57641e-05
3.16284e-05
3.52747e-05
3.20181e-05
3.58423e-05
3.63369e-05
4.04386e-05
3.93276e-05
4.08484e-05
5.94922e-05
6.0024e-05
3.82627e-05
3.87907e-05
3.86078e-05
6.27537e-05
6.40289e-05
6.34388e-05
6.44876e-05
3.21831e-05
3.40659e-05
3.20467e-05
5.66463e-05
5.66138e-05
5.68982e-05
5.66924e-05
3.47744e-05
3.27517e-05
3.43049e-05
5.63275e-05
5.3044e-05
5.61742e-05
5.26372e-05
5.33236e-05
5.68961e-05
5.28884e-05
5.65352e-05
5.94172e-05
6.0336e-05
6.00501e-05
6.12971e-05
6.03891e-05
5.94482e-05
6.12709e-05
6.0072e-05
5.6884e-05
5.30794e-05
5.64705e-05
5.26273e-05
3.30437e-05
3.41347e-05
3.27557e-05
5.28177e-05
5.62227e-05
5.24216e-05
5.61069e-05
3.36475e-05
3.21155e-05
3.40421e-05
5.65469e-05
5.66023e-05
5.66838e-05
5.68755e-05
3.83614e-05
3.8625e-05
3.88975e-05
6.38684e-05
6.26251e-05
6.43953e-05
6.34766e-05
3.89804e-05
4.12361e-05
3.98153e-05
5.95464e-05
6.0434e-05
3.63997e-05
3.49499e-05
3.185e-05
3.49746e-05
3.56494e-05
3.68042e-05
3.52767e-05
5.54153e-05
5.8826e-05
5.55744e-05
5.90513e-05
3.62135e-05
3.57939e-05
3.59819e-05
6.07914e-05
5.94207e-05
6.09247e-05
5.92556e-05
3.57941e-05
3.62107e-05
3.60158e-05
5.92414e-05
6.09293e-05
5.94212e-05
6.07969e-05
3.70696e-05
3.55617e-05
3.70067e-05
5.91298e-05
5.57679e-05
5.87903e-05
5.54167e-05
3.19837e-05
3.50627e-05
3.16317e-05
3.63866e-05
3.58779e-05
4.0995e-05
3.91007e-05
4.05325e-05
6.0208e-05
5.96436e-05
3.86325e-05
3.84134e-05
3.83003e-05
6.35247e-05
6.45038e-05
6.28464e-05
6.40231e-05
3.20328e-05
3.3741e-05
3.21178e-05
5.69145e-05
5.66964e-05
5.66977e-05
5.66265e-05
3.43408e-05
3.30956e-05
3.48051e-05
5.61817e-05
5.26691e-05
5.63073e-05
5.30322e-05
5.29387e-05
5.6485e-05
5.33388e-05
5.68033e-05
6.01159e-05
6.14189e-05
5.93768e-05
6.01926e-05
6.12283e-05
6.00484e-05
6.03921e-05
5.94261e-05
5.64181e-05
5.2596e-05
5.67511e-05
5.32364e-05
3.28278e-05
3.47521e-05
3.31996e-05
5.24276e-05
5.61461e-05
5.2957e-05
5.63204e-05
3.40575e-05
3.22708e-05
3.37611e-05
5.67202e-05
5.69006e-05
5.66613e-05
5.66909e-05
3.88622e-05
3.8295e-05
3.83934e-05
6.43113e-05
6.33603e-05
6.39697e-05
6.27296e-05
3.98015e-05
4.0525e-05
3.90859e-05
6.03052e-05
5.94564e-05
3.60106e-05
3.51336e-05
3.16923e-05
3.50511e-05
3.52742e-05
3.69724e-05
3.55765e-05
5.56399e-05
5.90344e-05
5.54321e-05
5.87011e-05
3.60095e-05
3.60722e-05
3.62923e-05
6.09125e-05
5.92679e-05
6.07489e-05
5.9448e-05
3.67422e-05
3.74002e-05
3.73485e-05
6.21383e-05
6.22781e-05
6.33154e-05
6.23741e-05
3.81833e-05
3.93011e-05
3.81743e-05
5.94272e-05
5.6035e-05
5.98359e-05
3.21548e-05
3.62269e-05
3.49399e-05
3.47669e-05
3.93952e-05
3.71563e-05
3.83121e-05
5.82835e-05
5.66758e-05
3.77094e-05
3.69008e-05
3.7126e-05
6.173e-05
6.32128e-05
6.01948e-05
6.20511e-05
3.10757e-05
3.02033e-05
3.119e-05
5.61785e-05
5.62951e-05
5.56329e-05
5.57455e-05
3.56903e-05
3.35505e-05
3.56683e-05
5.63026e-05
5.36619e-05
5.40265e-05
5.31814e-05
5.4201e-05
5.7462e-05
5.50488e-05
5.77843e-05
5.88352e-05
5.88717e-05
5.88024e-05
5.87358e-05
5.74414e-05
5.43214e-05
5.77748e-05
5.50616e-05
3.35105e-05
3.56825e-05
3.35913e-05
5.36609e-05
5.6357e-05
5.31555e-05
5.41707e-05
3.15289e-05
3.12429e-05
3.04418e-05
5.63281e-05
5.61895e-05
5.57892e-05
5.56803e-05
3.76881e-05
3.71191e-05
3.69413e-05
6.32771e-05
6.17777e-05
6.1978e-05
6.01224e-05
3.8209e-05
3.85726e-05
3.77179e-05
5.83577e-05
5.67272e-05
3.4815e-05
3.58112e-05
3.61821e-05
3.82565e-05
3.81541e-05
3.91528e-05
5.62313e-05
5.94436e-05
5.97816e-05
3.69633e-05
3.72674e-05
3.73615e-05
6.21927e-05
6.20458e-05
6.21251e-05
6.3089e-05
3.72746e-05
3.73179e-05
3.87849e-05
6.2803e-05
6.12952e-05
6.29987e-05
6.02639e-05
3.73941e-05
3.90509e-05
3.63533e-05
5.80229e-05
5.70493e-05
3.30987e-05
3.85601e-05
3.49333e-05
3.70882e-05
5.62308e-05
3.69752e-05
3.84794e-05
3.69848e-05
5.95131e-05
6.22196e-05
5.86106e-05
6.09434e-05
3.15949e-05
3.00452e-05
3.2395e-05
5.51787e-05
5.53368e-05
5.47572e-05
5.32429e-05
3.47889e-05
5.31288e-05
5.39059e-05
5.25947e-05
5.50028e-05
5.64744e-05
5.81641e-05
5.81001e-05
5.94707e-05
5.83214e-05
5.64327e-05
5.95644e-05
5.79966e-05
3.40445e-05
3.49403e-05
5.38242e-05
5.32324e-05
5.49371e-05
5.27855e-05
2.93328e-05
3.24485e-05
3.02461e-05
5.53677e-05
5.52582e-05
5.33752e-05
5.48336e-05
3.83591e-05
3.70121e-05
3.85126e-05
6.21912e-05
5.95134e-05
6.0966e-05
5.87336e-05
3.73817e-05
3.71625e-05
3.49293e-05
5.60939e-05
3.41359e-05
3.32647e-05
3.86564e-05
3.65675e-05
3.89917e-05
5.77637e-05
5.67287e-05
3.72191e-05
3.85186e-05
3.71443e-05
6.10046e-05
6.25723e-05
6.00161e-05
6.27542e-05
3.85865e-05
3.76667e-05
3.79736e-05
6.10741e-05
5.86928e-05
5.90521e-05
5.59946e-05
3.64214e-05
3.68005e-05
3.63035e-05
3.60525e-05
3.86251e-05
3.81473e-05
4.01543e-05
5.65693e-05
6.00093e-05
5.97286e-05
3.7846e-05
4.00431e-05
3.86023e-05
6.27848e-05
6.27181e-05
6.20968e-05
6.42446e-05
2.88914e-05
2.81376e-05
3.04506e-05
5.4684e-05
5.45072e-05
5.42437e-05
5.45385e-05
3.26771e-05
3.25566e-05
5.26367e-05
5.17383e-05
5.27241e-05
5.35599e-05
5.38472e-05
5.65556e-05
5.61401e-05
5.77685e-05
5.83059e-05
5.82738e-05
5.64839e-05
5.41053e-05
5.76356e-05
5.60318e-05
3.06464e-05
3.26516e-05
5.19335e-05
5.26074e-05
5.37663e-05
5.27755e-05
2.97173e-05
3.05853e-05
2.8618e-05
5.45984e-05
5.48462e-05
5.46352e-05
5.452e-05
3.7893e-05
3.84156e-05
4.00887e-05
6.29047e-05
6.30544e-05
6.41383e-05
6.22353e-05
3.90116e-05
4.03484e-05
3.8548e-05
6.0345e-05
5.69591e-05
5.99862e-05
3.30538e-05
3.61172e-05
3.80752e-05
3.69165e-05
3.67957e-05
3.82582e-05
3.76906e-05
5.88312e-05
6.10676e-05
5.62084e-05
5.90966e-05
3.77236e-05
3.7221e-05
3.88385e-05
6.13825e-05
5.91603e-05
5.9167e-05
5.69099e-05
3.58699e-05
3.73362e-05
3.34881e-05
5.73995e-05
3.9285e-05
3.70158e-05
4.05759e-05
3.88323e-05
4.0406e-05
6.15275e-05
6.34194e-05
6.1101e-05
3.70608e-05
3.91222e-05
3.68177e-05
6.50389e-05
6.35245e-05
6.26516e-05
6.38226e-05
2.77486e-05
2.92502e-05
3.02419e-05
5.49404e-05
5.41987e-05
5.54801e-05
5.34403e-05
3.24101e-05
3.16563e-05
5.24466e-05
5.28718e-05
5.22998e-05
5.37958e-05
5.36759e-05
5.60264e-05
5.56384e-05
5.86453e-05
5.80545e-05
5.81335e-05
3.61995e-05
5.63186e-05
5.37259e-05
5.86271e-05
5.55965e-05
3.02326e-05
3.20853e-05
5.29792e-05
5.27411e-05
5.38528e-05
5.26037e-05
2.90405e-05
3.10113e-05
2.93169e-05
5.46474e-05
5.5179e-05
5.39742e-05
5.57083e-05
3.79645e-05
3.65425e-05
3.86328e-05
6.31015e-05
6.44198e-05
6.36004e-05
6.18873e-05
4.0933e-05
3.9709e-05
3.84996e-05
6.25689e-05
6.09645e-05
6.06219e-05
3.73782e-05
3.71883e-05
3.37619e-05
3.79925e-05
3.37077e-05
3.68237e-05
5.76134e-05
3.6083e-05
3.79532e-05
3.71132e-05
5.93216e-05
6.13466e-05
5.71142e-05
5.90352e-05
3.47583e-05
3.56104e-05
3.41335e-05
6.06535e-05
6.03865e-05
5.85739e-05
5.74907e-05
3.60476e-05
3.2631e-05
3.25212e-05
6.03619e-05
5.74724e-05
3.67276e-05
5.54384e-05
3.68835e-05
3.7564e-05
3.3751e-05
3.43467e-05
5.85884e-05
6.11209e-05
3.25769e-05
3.56947e-05
3.41016e-05
6.14058e-05
6.01993e-05
5.73903e-05
5.73358e-05
3.15565e-05
3.5391e-05
3.59452e-05
5.95569e-05
5.5954e-05
5.85923e-05
5.74507e-05
3.4581e-05
5.52839e-05
5.43253e-05
5.87578e-05
5.89692e-05
5.47421e-05
5.70227e-05
5.72137e-05
5.53531e-05
3.2372e-05
5.46579e-05
5.55305e-05
5.88059e-05
5.89211e-05
3.20898e-05
3.59301e-05
3.54603e-05
5.63081e-05
5.99165e-05
5.79028e-05
5.90294e-05
3.66553e-05
3.4317e-05
3.54421e-05
6.06917e-05
6.17917e-05
5.76986e-05
5.74301e-05
3.80145e-05
3.39765e-05
3.35486e-05
6.10321e-05
5.81842e-05
3.47309e-05
3.7465e-05
5.50733e-05
3.63548e-05
3.28958e-05
3.32303e-05
5.68994e-05
5.94846e-05
3.2912e-05
3.40888e-05
3.52297e-05
5.95459e-05
6.00737e-05
5.57978e-05
5.77553e-05
8.41566e-05
8.16729e-05
0.000103188
7.90498e-05
8.18971e-05
8.42401e-05
8.06027e-05
8.53103e-05
8.39543e-05
0.000104998
0.000107182
8.07441e-05
8.33827e-05
7.94373e-05
0.000104016
0.000104298
0.000108307
0.000107642
8.15858e-05
7.84555e-05
7.74959e-05
0.000105057
0.000103544
0.000106569
0.000102482
7.8432e-05
8.07494e-05
0.00010515
0.000107098
0.000101827
0.000102665
8.30572e-05
0.000107813
0.000102667
0.000102796
0.000104793
0.000106754
0.000106824
0.000104482
8.29647e-05
0.000106367
0.000102269
0.000101859
8.05121e-05
7.80811e-05
0.000105405
0.000103779
0.000101714
0.00010089
8.1366e-05
7.7292e-05
7.82879e-05
0.00010292
0.000104419
0.000101945
0.000105859
8.23554e-05
7.90941e-05
8.31921e-05
0.00010331
0.000103641
0.000106876
0.000107989
8.03054e-05
8.38601e-05
8.44035e-05
0.000106979
0.00010479
8.31699e-05
8.16461e-05
7.8301e-05
7.86912e-05
8.11873e-05
8.3803e-05
0.000103149
8.51797e-05
8.53064e-05
8.55271e-05
0.000108631
0.000105406
0.00011133
0.000107624
8.15925e-05
8.56531e-05
8.35332e-05
0.000105558
8.14375e-05
8.44388e-05
8.51767e-05
8.56292e-05
0.000101877
8.48504e-05
8.42516e-05
8.28319e-05
0.000102155
0.000105538
0.000105052
0.000107367
7.93204e-05
7.67493e-05
7.73398e-05
0.0001015
9.97469e-05
0.000102383
9.97529e-05
7.89808e-05
8.14385e-05
0.000100983
0.000102035
9.9476e-05
9.93774e-05
0.000103243
0.000104725
0.000100691
0.000101868
0.000102883
0.000104866
0.000106585
0.000107519
0.000107441
0.000106543
0.000105046
0.000103204
0.000104903
0.000103515
0.000102235
0.000100785
8.12154e-05
7.92948e-05
0.000102467
0.000101435
9.95793e-05
0.000100222
7.92635e-05
7.79072e-05
7.6814e-05
9.99434e-05
0.000101345
0.00010031
0.000102472
8.42791e-05
8.26336e-05
8.40787e-05
0.000105421
0.000102074
0.000107416
0.00010505
8.54898e-05
8.51409e-05
0.000101797
8.14909e-05
8.30352e-05
8.35276e-05
8.59114e-05
0.000105872
8.56431e-05
8.58019e-05
8.52971e-05
0.000105728
0.00010851
0.000107987
0.000111342
8.56782e-05
8.46095e-05
8.63829e-05
0.000107098
0.000104222
0.000109014
0.000107101
7.99174e-05
8.49966e-05
8.27056e-05
8.38362e-05
8.10791e-05
8.41717e-05
8.57403e-05
8.65458e-05
8.55755e-05
0.000105712
0.000105005
0.000107216
8.29035e-05
8.35069e-05
8.30131e-05
0.000107335
0.000108125
0.000108857
0.000108133
7.94834e-05
7.67475e-05
7.77776e-05
0.000102077
0.000100355
0.000102319
0.000102147
7.92711e-05
8.11546e-05
9.88393e-05
9.97524e-05
0.000100225
0.00010011
8.26311e-05
0.000101022
0.000102563
9.98112e-05
0.000100752
0.000104151
0.000104899
0.000100951
0.000101377
0.000104839
0.000104121
0.00010141
0.000101008
8.24346e-05
0.000102675
0.000101047
0.000100679
9.96141e-05
8.00922e-05
8.11965e-05
7.94166e-05
0.000100064
9.87943e-05
9.99539e-05
0.000100095
7.80437e-05
7.81397e-05
7.69636e-05
0.00010029
0.000102235
0.000102208
0.000102444
8.33814e-05
8.31094e-05
8.34971e-05
0.000108417
0.000107262
0.000108375
0.000108842
8.55236e-05
8.54086e-05
8.63317e-05
0.000105622
0.00010722
0.00010499
8.39482e-05
8.09939e-05
8.32988e-05
8.29833e-05
8.49986e-05
8.55623e-05
8.62772e-05
8.45202e-05
0.000104513
0.000107362
0.000107089
0.000108922
8.64525e-05
8.4794e-05
8.44609e-05
0.000110743
0.000108447
0.00010997
0.000108585
8.41263e-05
8.59992e-05
8.46981e-05
0.000104961
0.000106179
8.22325e-05
8.02681e-05
8.49615e-05
8.36744e-05
8.61714e-05
0.000104273
8.36557e-05
8.57885e-05
8.36125e-05
0.000106454
0.000107817
0.000107027
0.000108008
7.67204e-05
7.93971e-05
7.68834e-05
0.000102504
0.000102319
0.000102607
0.000102221
8.06974e-05
7.66794e-05
7.84606e-05
0.000102415
0.000102901
0.000102207
0.000102846
8.33894e-05
8.12704e-05
8.34564e-05
0.00010165
0.000101331
0.000103708
0.000104383
8.41259e-05
8.36846e-05
0.000100272
0.000100039
0.000102564
0.000101331
8.35008e-05
8.35796e-05
8.40535e-05
0.000100004
0.000100191
0.000101264
0.000102387
8.24368e-05
8.34619e-05
8.12823e-05
0.000101155
0.000101461
0.000104326
0.000103687
7.79344e-05
7.84913e-05
7.6747e-05
0.000102823
0.000102362
0.000102857
0.000102253
7.81632e-05
7.68998e-05
7.94662e-05
0.000102404
0.000102648
0.000102278
0.000102684
8.61903e-05
8.37163e-05
8.58987e-05
0.000107923
0.000106466
0.000108111
0.000107169
8.2884e-05
8.63514e-05
8.37205e-05
0.000104414
8.0229e-05
8.10859e-05
8.22696e-05
8.66505e-05
8.44472e-05
8.57066e-05
0.000105094
0.000106032
8.48018e-05
8.43016e-05
8.46942e-05
0.000107903
0.000110544
0.000108647
0.000110055
8.40119e-05
8.40216e-05
8.35858e-05
0.000109197
0.000109104
0.00010707
0.000108278
8.53902e-05
8.30389e-05
8.43078e-05
0.000106294
0.000102657
0.000106219
0.000102489
8.29926e-05
8.00565e-05
8.06164e-05
8.22113e-05
8.57482e-05
8.53372e-05
8.65435e-05
0.000104726
0.000106365
8.37031e-05
8.39438e-05
8.3703e-05
0.000107742
0.000109103
0.000108332
0.000109279
7.69383e-05
7.697e-05
7.66691e-05
0.000102141
0.000102493
0.00010234
0.000102337
8.18553e-05
7.79746e-05
8.02704e-05
0.000103369
0.00010444
0.000102963
0.000103912
8.44591e-05
8.21573e-05
8.32117e-05
0.000105153
0.000105401
0.000104919
0.000105516
8.35086e-05
8.32025e-05
8.21639e-05
0.000105346
0.000105076
0.000105505
0.000104902
7.94586e-05
8.025e-05
7.78752e-05
0.000104409
0.000103355
0.000103879
0.000102898
7.60118e-05
7.67062e-05
7.70329e-05
0.000102526
0.000102226
0.000102361
0.000102416
8.40657e-05
8.39437e-05
8.41626e-05
0.000109287
0.000107979
0.000109508
0.000108643
8.4099e-05
8.66273e-05
8.53297e-05
0.00010477
0.000106323
8.22009e-05
8.36442e-05
7.99342e-05
8.29826e-05
8.48182e-05
8.43171e-05
8.29079e-05
0.000102484
0.000105921
0.000102544
0.000106097
8.43865e-05
8.34925e-05
8.39659e-05
0.000109312
0.000109441
0.000108239
0.000107085
8.47398e-05
8.32582e-05
8.51086e-05
0.000106938
0.000103435
0.000107455
0.000104126
7.93607e-05
8.33812e-05
7.9723e-05
8.36587e-05
8.41564e-05
8.66843e-05
8.58234e-05
8.5518e-05
0.000107064
0.000102726
0.000105665
8.31673e-05
8.30389e-05
8.26553e-05
0.000108008
0.000107708
0.000106612
0.000105179
7.6676e-05
8.06355e-05
7.78693e-05
0.000102804
0.00010256
0.000103272
0.000102867
7.9178e-05
7.72257e-05
7.86349e-05
0.000102726
0.00010336
0.000102634
0.000103046
8.20674e-05
8.03618e-05
8.13928e-05
0.00010433
0.000104987
0.000103938
0.00010458
8.09944e-05
8.13966e-05
8.03241e-05
0.000104983
0.000104317
0.000104578
0.000103919
7.71874e-05
7.8746e-05
7.70668e-05
0.000103342
0.000102665
0.000103049
0.000102555
7.82395e-05
7.77985e-05
8.0646e-05
0.00010258
0.00010287
0.000102831
0.00010328
8.38233e-05
8.28553e-05
8.31668e-05
0.0001081
0.000108379
0.000105324
0.000106564
8.59028e-05
8.53976e-05
8.57165e-05
0.00010709
0.000105598
0.000102659
8.4009e-05
8.29254e-05
7.98062e-05
8.32189e-05
8.29354e-05
8.49756e-05
8.30687e-05
0.00010345
0.000106785
0.000103994
0.000107073
8.49235e-05
8.29688e-05
8.45943e-05
0.000107466
0.000103981
0.000106875
0.000103327
7.97719e-05
8.28497e-05
7.93348e-05
8.41225e-05
8.36339e-05
8.50312e-05
8.5376e-05
8.60106e-05
0.000102385
0.0001053
0.000106652
8.26768e-05
8.35323e-05
8.328e-05
0.000106622
0.000105256
0.000108367
0.000108101
7.79113e-05
7.8114e-05
7.6591e-05
0.000103298
0.000102891
0.000102852
0.000102593
7.87021e-05
7.72455e-05
7.92415e-05
0.000102666
0.000103066
0.000102735
0.000103374
8.13929e-05
8.09977e-05
8.2057e-05
0.000103939
0.000104578
0.000104322
0.000104973
8.03275e-05
8.20628e-05
8.09916e-05
0.000104576
0.000103919
0.000104972
0.000104313
7.71623e-05
7.92421e-05
7.72439e-05
0.000103048
0.000102566
0.000103361
0.000102692
8.06385e-05
7.66861e-05
7.82823e-05
0.000102825
0.000103271
0.00010257
0.000102862
8.31391e-05
8.34611e-05
8.37664e-05
0.000105351
0.000106583
0.000108232
0.000108463
8.5562e-05
8.6424e-05
8.57245e-05
0.000105501
0.000102592
0.000107002
8.35731e-05
8.32188e-05
7.93304e-05
8.28706e-05
8.31252e-05
8.4594e-05
8.29561e-05
0.000103948
0.000107256
0.000103421
0.000106863
8.34434e-05
8.41677e-05
8.38065e-05
0.000106951
0.00010814
0.000108893
0.000108878
8.43873e-05
8.51437e-05
8.53004e-05
0.00010611
0.000102512
0.000106215
0.000102665
8.02338e-05
8.39843e-05
8.23644e-05
8.08516e-05
8.61305e-05
8.3932e-05
8.55593e-05
0.000106112
0.000104571
8.37426e-05
8.38002e-05
8.36942e-05
0.000108488
0.000109394
0.000107705
0.000109117
7.65994e-05
7.60103e-05
7.70914e-05
0.000102404
0.000102356
0.00010218
0.000102516
8.02443e-05
7.94055e-05
8.17999e-05
0.000102907
0.000103882
0.000103331
0.000104374
8.32003e-05
8.3492e-05
8.43969e-05
0.000104879
0.000105478
0.000105025
0.000105291
8.21436e-05
8.44234e-05
8.35188e-05
0.000105482
0.000104885
0.000105312
0.00010505
7.78592e-05
8.18272e-05
7.94216e-05
0.000103896
0.000102924
0.000104387
0.000103338
7.71168e-05
7.70092e-05
7.59154e-05
0.00010236
0.000102411
0.000102511
0.000102179
8.40922e-05
8.38303e-05
8.39769e-05
0.000109587
0.000108654
0.000109193
0.000107819
8.53092e-05
8.56805e-05
8.38885e-05
0.000106201
0.000104588
8.06878e-05
8.31631e-05
8.38077e-05
8.29319e-05
8.53096e-05
8.52544e-05
0.000102489
0.000106008
0.000102711
0.000106313
8.38955e-05
8.39113e-05
8.42705e-05
0.000108096
0.000106987
0.000109025
0.000109097
8.42118e-05
8.48043e-05
8.59789e-05
0.000109833
0.000108399
0.000110769
0.000107967
8.45547e-05
8.62573e-05
8.4056e-05
0.000106068
0.000104631
8.12592e-05
8.02283e-05
8.59236e-05
8.27757e-05
8.48957e-05
0.000104058
8.36146e-05
8.60855e-05
8.37547e-05
0.000106853
0.000108058
0.000106677
0.000108034
7.68972e-05
7.79203e-05
7.68556e-05
0.000102585
0.000102218
0.00010247
0.000102313
7.86187e-05
7.80213e-05
8.06804e-05
0.000102223
0.00010285
0.000102326
0.000102797
8.33346e-05
8.2408e-05
8.34473e-05
0.000103639
0.000104272
0.000101547
0.000101265
8.36395e-05
8.34943e-05
0.000102213
0.000101298
0.000100102
9.99953e-05
8.38152e-05
8.3318e-05
0.000101223
0.000102125
9.98559e-05
9.98401e-05
8.11794e-05
8.33693e-05
8.23347e-05
0.000104239
0.000103615
0.000100964
0.00010136
7.66565e-05
8.06257e-05
7.80154e-05
0.000102813
0.000102218
0.000102841
0.000102413
7.938e-05
7.67469e-05
7.78121e-05
0.000102238
0.000102588
0.000102313
0.000102456
8.59931e-05
8.37747e-05
8.64175e-05
0.000108129
0.000107242
0.000107961
0.000106664
8.35174e-05
8.54386e-05
8.2812e-05
0.000104458
8.21729e-05
8.0989e-05
8.61584e-05
8.43446e-05
8.68156e-05
0.000106403
0.000105234
8.46361e-05
8.63958e-05
8.46978e-05
0.000108695
0.000109928
0.000108242
0.000110246
8.59878e-05
8.55765e-05
8.58556e-05
0.000109181
0.000106948
0.000107508
0.000104531
8.28106e-05
8.31131e-05
7.99503e-05
8.44435e-05
8.38497e-05
8.57437e-05
8.5629e-05
8.58936e-05
0.000105549
0.000107402
0.000105612
8.3201e-05
8.34786e-05
8.29389e-05
0.00010918
0.000108545
0.000107396
0.000108245
7.78897e-05
7.77275e-05
7.9366e-05
0.000102204
0.000102054
0.000101926
0.000100165
8.1004e-05
8.00114e-05
9.99086e-05
9.97572e-05
9.85083e-05
9.9407e-05
9.96746e-05
0.000100644
0.000101003
0.000102621
0.000101032
0.000101314
0.000104126
0.000104884
0.000101333
0.000100883
0.000104953
0.000104127
8.24527e-05
0.000100365
9.94356e-05
0.000102536
0.000100893
7.95011e-05
8.01863e-05
0.000100123
0.000100286
9.99333e-05
9.86919e-05
7.65e-05
7.92476e-05
7.77044e-05
0.000102074
0.000102174
0.000100096
0.000101913
8.36383e-05
8.30746e-05
8.35323e-05
0.000108442
0.000108989
0.000108501
0.000107512
8.65465e-05
8.56277e-05
8.53964e-05
0.000107268
0.000105153
0.000105642
8.10863e-05
8.40896e-05
8.51805e-05
7.99469e-05
8.30314e-05
8.44645e-05
8.57996e-05
8.54693e-05
0.000107131
0.00010872
0.000104484
0.000107373
8.55559e-05
8.5634e-05
8.52734e-05
0.000110904
0.000107788
0.000108199
0.000105498
8.36977e-05
8.30581e-05
8.13374e-05
0.000105757
8.55677e-05
8.41465e-05
0.000101701
8.26711e-05
8.41267e-05
8.44638e-05
0.000104919
0.000107395
0.000101931
0.000105523
7.75462e-05
7.92081e-05
7.929e-05
0.000102444
9.97846e-05
0.0001015
9.97276e-05
8.14024e-05
9.94799e-05
9.95878e-05
0.000100912
0.00010245
0.000100787
0.000101666
0.000103404
0.000104525
0.000102912
0.000105064
0.000106583
0.000107494
0.000107549
0.000106634
0.00010497
0.000102779
0.000101609
0.000100395
0.000104555
0.000103218
7.90606e-05
9.93397e-05
9.95503e-05
0.000102164
0.000100959
7.69755e-05
7.93526e-05
7.92049e-05
9.9834e-05
0.00010238
9.95417e-05
0.000101147
8.42717e-05
8.45629e-05
8.47942e-05
0.000107378
0.000105066
0.000105438
0.000102206
8.47487e-05
8.4452e-05
0.000101832
8.14315e-05
8.55024e-05
8.12796e-05
8.2731e-05
0.000105566
8.50263e-05
8.4767e-05
8.53683e-05
0.00010771
0.000111106
0.000105378
0.000108107
8.18642e-05
7.89158e-05
0.000102987
8.3258e-05
8.36313e-05
8.02753e-05
8.04145e-05
0.000105006
0.000106851
7.89871e-05
8.18177e-05
8.05862e-05
0.000108086
0.000107316
0.000104013
0.000104122
7.71525e-05
8.15625e-05
8.18194e-05
0.000106381
0.000102295
0.000105167
0.000103607
8.06823e-05
0.000101616
0.000102572
0.00010501
0.000107083
0.000102608
0.000102895
0.000107782
0.000104916
0.000107074
0.000106659
0.000104367
8.2794e-05
0.000102002
0.000101741
0.00010635
7.82003e-05
0.000101827
0.000101375
0.000105639
0.000104252
7.82255e-05
8.16392e-05
8.13974e-05
0.000102155
0.00010622
0.000103089
0.00010474
8.30492e-05
8.0591e-05
8.20465e-05
0.000107155
0.000107821
0.000103397
0.000103191
8.45946e-05
8.07202e-05
8.06232e-05
0.000106774
0.000105036
8.19914e-05
7.86645e-05
8.37629e-05
7.86561e-05
0.000103038
0.000128558
0.000130764
0.000126892
0.0001311
0.00013041
0.000150691
0.000153173
0.00012868
0.000130107
0.000128315
0.000148947
0.000149534
0.000153881
0.000153573
0.000129743
0.000126642
0.000126084
0.000150602
0.000152191
0.000153892
0.000153445
0.000131465
0.00012656
0.000125935
0.000152794
0.000152227
0.000152116
0.000150296
0.00012571
0.0001265
0.000152407
0.0001527
0.000149111
0.000148727
0.000128084
0.000130095
0.000153967
0.000154955
0.000149478
0.000150472
0.000131429
0.000132161
0.00015534
0.000155568
0.000151191
0.000151578
0.000132084
0.000131371
0.000155444
0.000155116
0.00015148
0.000151033
0.000130131
0.000128158
0.000154894
0.000153772
0.000150377
0.000149363
0.000126158
0.000124793
0.000152112
0.000151062
0.000148383
0.000147961
0.000129727
0.000124983
0.000125619
0.000150615
0.000150633
0.0001489
0.000150879
0.00012752
0.000125164
0.000125691
0.00015045
0.000150182
0.000152342
0.000153179
0.000126199
0.000127056
0.000128508
0.000148304
0.000146913
0.000152669
0.000152406
0.000125626
0.000129342
0.000130386
0.000152178
0.00015071
0.000130329
0.000128417
0.000130154
0.000125458
0.000129666
0.000128299
0.000131535
0.000149105
0.000133591
0.000132962
0.000133423
0.000154126
0.000153466
0.000156256
0.000129895
0.000131217
0.000130215
0.000154621
0.000155765
0.000157353
0.000155754
0.000125569
0.000123263
0.000123971
0.000150062
0.000150682
0.000149637
0.000150105
0.000127508
0.000125099
0.000125762
0.00015141
0.000151834
0.000150766
0.000151156
0.000126704
0.000125691
0.000125048
0.000151763
0.000151314
0.000151121
0.000150738
0.000124876
0.000124136
0.000123719
0.000150683
0.000150097
0.000150166
0.000149792
0.000131581
0.000129876
0.000130925
0.000155047
0.000154545
0.000155565
0.00015735
0.000131451
0.000132863
0.000132415
0.00015383
0.000155835
0.000153118
0.000125531
0.000131453
0.000128439
0.000149153
0.000125759
0.000130052
0.000128336
0.000133205
0.000130557
0.000149503
0.000129022
0.000128269
0.000130291
0.000132158
0.000132327
0.000132144
0.00015252
0.000151778
0.000154465
0.000131231
0.000130698
0.000130651
0.000154863
0.00015726
0.000156328
0.000155694
0.000130837
0.000130836
0.000131005
0.000157257
0.000155045
0.000156065
0.000156886
0.000130818
0.000132467
0.000132638
0.000152662
0.000154652
0.000151806
0.000130387
0.000128507
0.000131898
0.000130631
0.000133367
0.000149539
0.000131483
0.000134592
0.00013229
0.000151337
0.000154336
0.000130328
0.000125139
0.000126377
0.000130982
0.000129608
0.000131353
0.00014862
0.000149922
0.000130456
0.000129949
0.000130439
0.000152244
0.000155262
0.000153511
0.000156384
0.000131432
0.000130478
0.000130003
0.000155345
0.000152294
0.000156421
0.000153616
0.000128549
0.000131277
0.000129459
0.000148811
0.000149931
0.000126442
0.00012879
0.000130333
0.000133598
0.000132586
0.000134859
0.000151431
0.000154639
0.000133249
0.000133863
0.00013298
0.000155344
0.000150801
0.000156618
0.000151179
0.000126628
0.000130224
0.00012675
0.00012839
0.000129852
0.000132539
0.000131707
0.000132636
0.00015193
0.000153499
0.000130543
0.000130545
0.00013058
0.000154661
0.000156049
0.000155432
0.00015641
0.000130405
0.000130526
0.000130608
0.000155929
0.000154491
0.000156251
0.000155328
0.000131108
0.000132984
0.000132042
0.00015187
0.000153687
0.000129964
0.000130562
0.000126651
0.000130313
0.000135085
0.000133083
0.000134046
0.000150936
0.000155667
0.000151201
0.00015691
0.000133839
0.000135143
0.000134347
0.000158216
0.000152365
0.000158865
0.000152992
0.000127643
0.00013168
0.000128233
0.000128784
0.000124316
0.000127729
0.000131299
0.000129678
0.000128368
0.000149148
0.00015224
0.000147963
0.00015102
0.000129921
0.000128863
0.000129215
0.000154796
0.000154935
0.000153037
0.000152111
0.000129877
0.000129248
0.000128997
0.000154922
0.000154985
0.000152136
0.000153251
0.000131765
0.000128599
0.000129904
0.000152633
0.000149216
0.000151318
0.000148029
0.00012526
0.000127829
0.000124173
0.000131033
0.000127982
0.00013146
0.000134651
0.000134168
0.000135059
0.000152222
0.000158106
0.000152739
0.000158783
0.000134273
0.000134648
0.000133748
0.000158805
0.000152882
0.000158151
0.000152243
0.000128286
0.000131008
0.000127601
0.000127831
0.000125563
0.000128996
0.00012846
0.000131589
0.000131544
0.000147846
0.000151192
0.000149023
0.000152575
0.000129281
0.000129947
0.000130071
0.000153249
0.000152223
0.000155248
0.000155221
0.000128971
0.000129939
0.000129835
0.000152137
0.000153211
0.000154979
0.000154998
0.000129869
0.000131465
0.000131693
0.00015127
0.000147965
0.000152513
0.000149094
0.000124259
0.000129239
0.000125482
0.000131415
0.000127605
0.000130957
0.000135075
0.000133688
0.000134648
0.000152768
0.000158861
0.000152199
0.000158141
0.000133031
0.000134789
0.00013346
0.000156915
0.000151227
0.000155111
0.000150981
0.000126637
0.000130206
0.000126565
0.000129855
0.000128269
0.000133019
0.000131418
0.000132771
0.000153601
0.000152073
0.000130712
0.000130634
0.000130727
0.000155593
0.000156539
0.000155001
0.000156349
0.000130548
0.000130549
0.000130482
0.000156125
0.000155176
0.000156006
0.000154633
0.000132028
0.000132791
0.000131452
0.000153487
0.000152096
0.000128342
0.000130273
0.000126724
0.000130344
0.000134007
0.000133427
0.000134909
0.000151173
0.000156897
0.000150791
0.000155655
0.00013245
0.000133479
0.000131611
0.000153867
0.000151448
0.000129152
0.0001264
0.000125166
0.000131611
0.00012856
0.000131433
0.000150132
0.000148936
0.000130594
0.000131599
0.000130602
0.000153746
0.000156484
0.000152408
0.000155198
0.000130096
0.000130611
0.000131382
0.000156367
0.000153633
0.000155284
0.000152263
0.000129876
0.000131135
0.00012867
0.000150274
0.000148761
0.00012527
0.000130072
0.0001287
0.000134514
0.000131078
0.000133337
0.000154507
0.000151357
0.000130867
0.000131713
0.000128535
0.000149785
0.00013064
0.000129152
0.000132366
0.000131022
0.000132253
0.000151977
0.000154395
0.000152598
0.000130706
0.000130904
0.000131331
0.000156291
0.000155733
0.000154935
0.00015752
0.000130854
0.000131132
0.000130824
0.000155805
0.000156452
0.000157156
0.00015489
0.000132895
0.000132377
0.000131182
0.000154595
0.000151803
0.000152783
0.000128747
0.000129027
0.000133039
0.00012867
0.000131842
0.000149368
0.000125659
0.000131561
0.000125509
0.000129615
0.000149186
0.000133499
0.000132177
0.000133484
0.000153679
0.00015653
0.000153983
0.000130074
0.000131623
0.00012963
0.000157303
0.000155643
0.000154643
0.000155489
0.000124141
0.000124462
0.000125637
0.000149626
0.000150144
0.000150054
0.000150666
0.000125761
0.000126699
0.000127507
0.000150763
0.000151169
0.00015137
0.00015185
0.000125129
0.000127529
0.000126788
0.000151159
0.000150716
0.000151832
0.000151325
0.000123121
0.000125691
0.00012448
0.000149998
0.000149413
0.00015058
0.000149866
0.000130995
0.000129547
0.000131979
0.000155673
0.00015705
0.000155456
0.00015462
0.000132568
0.000133429
0.000131593
0.000155942
0.000153422
0.000154108
0.000128411
0.000129356
0.000125565
0.000149086
0.00013019
0.000130587
0.000130156
0.000126758
0.000126832
0.000150897
0.000152931
0.000128163
0.000128175
0.000128601
0.000153419
0.000153166
0.000148814
0.000149263
0.000126013
0.00012869
0.000129892
0.000154048
0.000153745
0.000150899
0.000152558
0.000125781
0.000131339
0.000131131
0.000152102
0.000149946
0.000152693
0.000151769
0.000126464
0.000148905
0.000148891
0.000152035
0.000152788
0.000129988
0.000149497
0.000150316
0.000153783
0.000154606
0.000132145
0.000151149
0.00015159
0.000155309
0.000155581
0.000131367
0.000151549
0.000151058
0.000155456
0.000155084
0.000128159
0.000150355
0.000149351
0.000154574
0.000153396
0.000125368
0.000148733
0.000148658
0.000152279
0.000151625
0.000125454
0.000129713
0.000129464
0.000149287
0.000150874
0.000150753
0.00015043
0.000125608
0.000128396
0.000127609
0.00015236
0.000153061
0.000150471
0.000150101
0.000128904
0.000126764
0.000126561
0.000152455
0.00015278
0.000148334
0.000147157
0.000130903
0.000125851
0.000125937
0.000152803
0.000150792
0.000128382
0.000172521
0.000174571
0.000172816
0.000176468
0.000176939
0.000195982
0.00017425
0.000176988
0.000177645
0.000197644
0.00019927
0.00017563
0.00017742
0.000176653
0.000195958
0.000200688
0.00020036
0.000176053
0.000175053
0.000175497
0.000195578
0.000196311
0.000199535
0.000200129
0.000175864
0.00017584
0.000175923
0.000196834
0.000197013
0.000200641
0.000200899
0.00017538
0.000175768
0.000175476
0.000196588
0.000196405
0.000200639
0.000200441
0.000174369
0.000175073
0.000174575
0.000195691
0.000194581
0.000199935
0.00019912
0.000174107
0.000176031
0.000177152
0.000195143
0.000200189
0.00020076
0.000171849
0.000177495
0.00017631
0.000199506
0.000197578
0.000176436
0.000176127
0.000195996
0.000174328
0.000171826
0.000175616
0.000176898
0.000177444
0.000177627
0.000178624
0.000177784
0.00019596
0.000197348
0.000198949
0.000177572
0.000176453
0.000176364
0.000198568
0.000199925
0.000200964
0.00020232
0.000175871
0.000175983
0.000175578
0.000200809
0.000200789
0.000200948
0.000199297
0.000175661
0.000175513
0.000175866
0.00020089
0.000200593
0.000199267
0.000200746
0.000177551
0.000176343
0.000176527
0.000199748
0.000198643
0.000202254
0.00020129
0.000175808
0.000177685
0.000178514
0.000195998
0.000199159
0.000197267
0.00017749
0.000176933
0.00017679
0.000174603
0.000177038
0.000179063
0.000178931
0.000178168
0.000197501
0.000196202
0.000198787
0.000176834
0.000176823
0.000176799
0.000199446
0.000201698
0.000201129
0.00020272
0.000178301
0.000177072
0.000176887
0.000201913
0.000199392
0.000203274
0.000201353
0.000178038
0.00017799
0.000178888
0.000197327
0.00019855
0.000196067
0.000177462
0.000175083
0.000174763
0.000177942
0.000177315
0.000179113
0.000196668
0.000176722
0.000178408
0.000176875
0.000197803
0.000200379
0.000199189
0.000201541
0.000176582
0.000176855
0.00017645
0.000202317
0.000201255
0.00020204
0.000199683
0.000176807
0.000176502
0.000176802
0.000201641
0.000202444
0.000199747
0.000201991
0.000178767
0.000176791
0.000178405
0.000200288
0.000197782
0.000201401
0.000199141
0.000176603
0.000179138
0.000177201
0.000196604
0.000174755
0.000175121
0.000176324
0.000179042
0.000178908
0.000179783
0.000197291
0.000198688
0.000176859
0.000177146
0.000176892
0.000200016
0.000202331
0.000200971
0.000201809
0.000176696
0.000176798
0.000177038
0.000202284
0.000199953
0.000201703
0.000200823
0.000177495
0.000179607
0.000178586
0.000197031
0.000198502
0.000176254
0.000175753
0.000171322
0.000174964
0.000179988
0.000178389
0.00017886
0.000199435
0.000195724
0.000198675
0.000177072
0.000177431
0.000177182
0.000201711
0.000202282
0.000202131
0.000202609
0.000177416
0.000177143
0.000177385
0.000202376
0.00020187
0.000202617
0.000202121
0.000178873
0.000178728
0.000178434
0.000199525
0.000198602
0.000195673
0.000172389
0.000174966
0.00017129
0.000175102
0.000172589
0.000175986
0.000178783
0.00017885
0.000179888
0.000195691
0.000198691
0.000199603
0.000177216
0.000177452
0.000177072
0.000202275
0.00020273
0.00020178
0.000202314
0.000177387
0.000177028
0.000177437
0.000202564
0.00020204
0.000202254
0.000201744
0.000178479
0.000179933
0.000178892
0.000198694
0.00019574
0.000199622
0.000171329
0.000175765
0.000172431
0.000176542
0.000175257
0.00017983
0.000177779
0.000178877
0.000198669
0.000197181
0.000176807
0.000176745
0.000176712
0.000200823
0.000201668
0.000200029
0.000202176
0.00017716
0.000176771
0.000176833
0.000201654
0.000200874
0.000202264
0.000200056
0.000179051
0.000179098
0.000177958
0.000198787
0.000197416
0.000174977
0.000174737
0.000179096
0.000176222
0.000177933
0.000196564
0.000176717
0.00017878
0.000176633
0.000199203
0.000201255
0.000198047
0.000200212
0.000176368
0.000176701
0.000176627
0.000201719
0.000199611
0.000202264
0.000201427
0.000176766
0.000176672
0.000176806
0.000199635
0.000201977
0.000201453
0.000202425
0.000178499
0.000176736
0.000178758
0.0002014
0.000199259
0.000200386
0.000198024
0.000177265
0.000177981
0.000176338
0.000196622
0.000177102
0.000176747
0.000178004
0.000178001
0.000178951
0.00019628
0.000198566
0.000197342
0.000176865
0.000178219
0.000176815
0.00020128
0.000202872
0.000199413
0.000201719
0.000176988
0.000176972
0.000178523
0.000203129
0.000201443
0.000201933
0.000199639
0.000178967
0.000179216
0.000177886
0.000198799
0.000196279
0.000197603
0.000174657
0.000176587
0.000177676
0.000175715
0.000177705
0.000176183
0.000177429
0.0001973
0.000199031
0.000195937
0.000176305
0.000177535
0.000177588
0.000201066
0.000202068
0.000198486
0.000199535
0.000175704
0.000176045
0.000176153
0.000200772
0.000199386
0.000200714
0.000201043
0.000175963
0.000175799
0.000175766
0.000199356
0.000201006
0.000200835
0.000200763
0.00017656
0.000177492
0.000177517
0.000202465
0.000201376
0.000200018
0.000198682
0.000178674
0.000177372
0.000176158
0.000199186
0.000197448
0.000195848
0.000176797
0.000175556
0.00017446
0.00017733
0.00017305
0.000196017
0.00017821
0.000173714
0.000174935
0.000197855
0.000199913
0.000177427
0.000175444
0.000176034
0.000201714
0.000201228
0.00019628
0.00017543
0.000175172
0.000175844
0.00019966
0.000200074
0.000195572
0.000196268
0.000176026
0.000176167
0.000176024
0.000200621
0.000201053
0.000196824
0.000197247
0.000175539
0.000175874
0.000175503
0.000200952
0.000200399
0.000197087
0.000196447
0.000174781
0.000175195
0.000174459
0.00019993
0.000199396
0.000195744
0.00019518
0.000177695
0.000175268
0.000174573
0.000200774
0.000201166
0.000196027
0.000176441
0.000173827
0.000172017
0.000199412
0.000197729
0.00017594
0.000171053
0.000196091
0.000172121
0.000218866
0.00021969
0.000220675
0.000221079
0.000221537
0.000221348
0.000221169
0.000220764
0.000219569
0.000218815
0.000221181
0.000220464
0.00022197
0.000223131
0.00022278
0.000224085
0.000224035
0.000241086
0.000242179
0.000223504
0.000224602
0.000223998
0.000241175
0.000244066
0.000244193
0.000222985
0.000222163
0.000222193
0.000240732
0.000241036
0.000244379
0.000244759
0.000222884
0.000222227
0.000222262
0.000241155
0.000240752
0.000244859
0.00024451
0.000223205
0.000224264
0.000224728
0.000241165
0.000244378
0.000244228
0.000222904
0.000224097
0.000224202
0.000242208
0.000241047
0.000218589
0.000223062
0.000221695
0.000221052
0.000221529
0.000223062
0.000223072
0.000224645
0.000225217
0.000225716
0.000224557
0.000243378
0.000243899
0.000244374
0.000222535
0.000222822
0.00022305
0.000243383
0.000244824
0.000246149
0.000247944
0.000223068
0.000223387
0.000223394
0.000246676
0.000247744
0.000248815
0.000249409
0.000223299
0.000223318
0.000223399
0.000248326
0.000248875
0.00024867
0.000249008
0.00022315
0.000223365
0.000223292
0.000248739
0.000248136
0.000248877
0.000248443
0.000223031
0.000223457
0.000223511
0.000247875
0.0002469
0.000249308
0.000249021
0.000223941
0.000223111
0.000222868
0.000244883
0.000243385
0.000248076
0.000246196
0.000224559
0.000224709
0.000226111
0.000243239
0.000244532
0.000244042
0.00022243
0.000224807
0.000223207
0.000221837
0.000221833
0.000221134
0.000223113
0.000225522
0.000224815
0.000224008
0.000243309
0.000241617
0.000243087
0.000222999
0.000222847
0.000223254
0.000244201
0.000246352
0.0002454
0.000248107
0.000223236
0.000223366
0.000223082
0.000247977
0.000248943
0.000249076
0.000247324
0.000223181
0.000222913
0.000223023
0.000248444
0.000247882
0.00024564
0.000245986
0.000223376
0.000223069
0.00022295
0.000247777
0.000248537
0.000246019
0.000245667
0.000223159
0.000223057
0.000223292
0.000248994
0.000248071
0.00024724
0.000248996
0.00022478
0.000223298
0.000222991
0.000246578
0.000244393
0.000248279
0.000245614
0.00022413
0.000224121
0.000224867
0.000243347
0.000243224
0.000241479
0.000220127
0.000223054
0.000221123
0.000219645
0.000219732
0.000223955
0.000222037
0.000224593
0.000222419
0.000224958
0.000222762
0.000242037
0.000243998
0.00024358
0.000245347
0.000223597
0.000223364
0.000223652
0.000247239
0.000248945
0.000248408
0.000249547
0.000222973
0.000223371
0.000223085
0.000248531
0.000245658
0.000247863
0.000245965
0.000223353
0.000223012
0.000223264
0.000245579
0.000248409
0.00024588
0.000247712
0.000223135
0.000223623
0.000223472
0.000248969
0.000247376
0.00024952
0.00024864
0.000224558
0.000222854
0.000225058
0.000244052
0.000242058
0.000245452
0.000243784
0.000221434
0.000224819
0.000222003
0.00021958
0.000220443
0.000220974
0.000224584
0.000222453
0.000223203
0.000241307
0.000240258
0.000222904
0.00022165
0.000222869
0.000243249
0.000246155
0.000242617
0.000246575
0.000223582
0.000223913
0.000223698
0.000249043
0.000248781
0.000249864
0.000249254
0.000223181
0.000223144
0.000223294
0.000245782
0.000246243
0.000245826
0.000246504
0.000223092
0.000223263
0.000223107
0.000246202
0.00024573
0.000246483
0.00024579
0.00022373
0.000223667
0.000223879
0.000248834
0.000249176
0.000249178
0.000249719
0.000224197
0.000222886
0.000221713
0.000246312
0.000243372
0.000246542
0.000242669
0.000222567
0.000223284
0.000222514
0.000241351
0.000240171
0.000220946
0.000221026
0.000220415
0.000223173
0.000222423
0.000224547
0.000240284
0.000241279
0.000222856
0.000224025
0.000222881
0.000242616
0.000246554
0.000243252
0.000246091
0.000223689
0.000223577
0.000223519
0.0002498
0.000249272
0.000248832
0.000248706
0.000223283
0.000223071
0.000223141
0.000245817
0.0002465
0.000245679
0.000246208
0.0002231
0.000223129
0.000223083
0.000246475
0.000245771
0.000246198
0.000245693
0.000223855
0.000223576
0.000223682
0.000249119
0.000249669
0.000248785
0.000249061
0.000221678
0.00022294
0.000223992
0.000246497
0.000242642
0.00024623
0.000243216
0.000222453
0.000224536
0.000222551
0.000240226
0.000241316
0.000220352
0.000219518
0.000219404
0.000224545
0.000221373
0.000223975
0.000222734
0.000224596
0.000222421
0.00024363
0.000245315
0.000242083
0.000244002
0.000223491
0.000223003
0.000223445
0.000248157
0.000249308
0.000247238
0.000248702
0.000223008
0.000223307
0.000222903
0.000247643
0.000245872
0.000248154
0.000245532
0.00022327
0.000222845
0.000223314
0.000245882
0.000247754
0.000245494
0.000248261
0.00022346
0.000223578
0.000223103
0.000249616
0.000248595
0.000249016
0.000247416
0.000225038
0.000222398
0.000224494
0.000245489
0.000243648
0.000244
0.000242034
0.000222022
0.000224018
0.000221377
0.000219469
0.00022307
0.000219927
0.000221965
0.000224082
0.000224157
0.000225457
0.000241678
0.000243139
0.000243295
0.0002232
0.000224596
0.000223014
0.000245606
0.000248016
0.000244239
0.000246413
0.000223078
0.000223168
0.000223289
0.000248709
0.000247246
0.000248027
0.00024912
0.000223028
0.000223221
0.000223165
0.00024563
0.000245976
0.000248114
0.000247586
0.000222797
0.000223088
0.000223124
0.000245917
0.000245523
0.000247679
0.000248171
0.000223214
0.000223059
0.000223057
0.000247169
0.000248829
0.000248676
0.00024794
0.000222851
0.000222964
0.000224439
0.000248122
0.000245584
0.00024636
0.000244174
0.000224584
0.000225173
0.000223836
0.000242951
0.000241292
0.000243132
0.000221039
0.000222052
0.00022002
0.000221712
0.000224769
0.000222233
0.000223198
0.000224548
0.000224384
0.000225166
0.00024389
0.000244381
0.000243285
0.000223082
0.00022395
0.000222611
0.000246256
0.00024807
0.000243503
0.000244873
0.000223409
0.000223003
0.000223212
0.000248453
0.000249248
0.000246831
0.000247979
0.000223535
0.000223317
0.00022349
0.000248752
0.000249199
0.000248532
0.00024918
0.000223333
0.00022342
0.000223214
0.000249093
0.000248668
0.000249002
0.000248395
0.000223297
0.000223102
0.000222967
0.000249288
0.000248687
0.000247819
0.000246784
0.000222848
0.000222551
0.000223922
0.000247809
0.000246236
0.000244883
0.000243435
0.000225802
0.000225339
0.000224707
0.000244467
0.000243977
0.000243342
0.000222989
0.000223464
0.000222268
0.000221095
0.000223168
0.000218597
0.000220585
0.000224184
0.000222861
0.000222972
0.000241097
0.000242235
0.000224184
0.000223251
0.000223743
0.000244242
0.000244344
0.000241141
0.000222345
0.000222853
0.000223074
0.000244509
0.000244976
0.000240729
0.000241074
0.000222271
0.000223081
0.000222837
0.000244992
0.000244551
0.000241103
0.000240796
0.000224861
0.000223683
0.000223364
0.000244391
0.000244159
0.000241159
0.000224132
0.000222788
0.000222598
0.000242269
0.000241003
0.000221984
0.000220453
0.000218704
0.000218943
0.000220638
0.000221652
0.000221017
0.000219716
0.000266206
0.000265739
0.000266279
0.000266185
0.000265734
0.000266123
0.000265571
0.000265635
0.000265453
0.000266477
0.000266406
0.000267923
0.000267046
0.000269147
0.000269809
0.000266564
0.000269794
0.000269147
0.000266148
0.000267945
0.000266372
0.000265318
0.000265825
0.000266173
0.000266323
0.00026635
0.00026776
0.000270242
0.000270156
0.000272307
0.000272537
0.000273983
0.000274802
0.000271785
0.000274798
0.000274006
0.000268266
0.000272279
0.000270127
0.000266274
0.000267687
0.00026618
0.000266149
0.000265701
0.000266269
0.000268747
0.000266681
0.000269343
0.000273751
0.000272139
0.000274517
0.000276323
0.000276259
0.000277129
0.000275489
0.000277129
0.000276271
0.000271424
0.000274539
0.000272142
0.000266214
0.000269344
0.000266665
0.000266162
0.000266282
0.000265576
0.000269353
0.000266176
0.000268743
0.00027452
0.000271442
0.00027377
0.000277137
0.000275481
0.000276325
0.000276258
0.000276333
0.000275482
0.00027215
0.000273793
0.000271433
0.000266631
0.000268725
0.000266162
0.000265677
0.000265961
0.000267717
0.000265969
0.000266314
0.000272309
0.000268297
0.000270234
0.00027481
0.000271772
0.000272536
0.000273971
0.000272537
0.000271764
0.000270117
0.000270204
0.000268274
0.000266302
0.000266245
0.000266048
0.000265498
0.000265742
0.000267908
0.000266193
0.000266196
0.000269786
0.000266556
0.000267093
0.000269126
0.000267075
0.000266534
0.000266364
0.000266329
0.000266113
0.000265431
0.00026554
0.000265829
0.000266387
0.000265758
-1.60346e-05
-1.70241e-05
-1.86656e-05
9.52482e-06
7.05247e-06
9.23294e-06
7.76493e-06
-1.77861e-05
-1.91477e-05
-1.75244e-05
6.89843e-06
9.14908e-06
7.55927e-06
8.92491e-06
-1.90166e-05
-1.72107e-05
-1.61455e-05
9.18118e-06
7.62379e-06
9.53395e-06
7.1611e-06
-1.71304e-05
-1.62481e-05
-1.73629e-05
7.86916e-06
9.18696e-06
7.15309e-06
9.40198e-06
)
;

boundaryField
{
    left
    {
        type            calculated;
        value           nonuniform List<scalar> 
122
(
-5.19517e-05
-5.40737e-05
-5.67786e-05
-5.76167e-05
-5.64686e-05
-5.309e-05
-8.80894e-06
2.91462e-06
2.72963e-06
2.77211e-06
2.21024e-06
2.1435e-06
2.5031e-06
2.42909e-06
2.78178e-06
-1.03299e-05
-4.95672e-06
3.58428e-05
4.92386e-05
4.96766e-05
4.98223e-05
5.0017e-05
5.00483e-05
4.99925e-05
4.98456e-05
4.9622e-05
4.94681e-05
4.89802e-05
3.28091e-05
7.89403e-05
8.55204e-05
9.77848e-05
9.7445e-05
9.82499e-05
9.89933e-05
9.89608e-05
9.81546e-05
9.73379e-05
9.76253e-05
8.55943e-05
8.40282e-05
0.000134415
0.000132673
0.000134542
0.000136441
0.000136874
0.000135552
0.000133238
0.000134768
0.000130936
-2.91803e-05
-3.15704e-05
-3.48246e-05
-3.46832e-05
-3.0837e-05
-5.21378e-05
-3.10298e-05
-3.16303e-05
-5.54123e-05
-3.24323e-05
-3.29373e-05
-5.75645e-05
-3.29726e-05
-3.25454e-05
-5.68794e-05
-3.21177e-05
-3.15462e-05
-5.47826e-05
-3.14413e-05
-3.50897e-05
-5.30849e-05
-3.49057e-05
-3.1856e-05
-2.9463e-05
1.21439e-05
-4.12901e-06
1.42762e-05
1.43497e-05
-1.027e-05
1.41896e-05
1.40132e-05
-8.9054e-06
1.17635e-05
5.79964e-05
5.96231e-05
3.30845e-05
5.94638e-05
5.79768e-05
3.56967e-05
0.000105076
8.43254e-05
0.00011102
0.000112678
8.6037e-05
0.000111768
0.000110052
8.50791e-05
0.000104493
7.85842e-05
0.000132163
0.000151706
0.000134477
0.000153151
0.000156049
0.000133578
0.000158245
0.000160175
0.00013544
0.000162097
0.00016281
0.000136916
0.000162722
0.000162045
0.000136403
0.000160566
0.000157393
0.000134289
0.000155044
0.000153276
0.000132691
0.000152
0.000133849
)
;
    }
    right
    {
        type            calculated;
        value           nonuniform List<scalar> 
122
(
-5.19241e-05
-5.434e-05
-5.68886e-05
-5.76366e-05
-5.55639e-05
-5.25555e-05
-8.72056e-06
2.76128e-06
2.57321e-06
2.62203e-06
2.14912e-06
2.16929e-06
2.71997e-06
2.662e-06
2.96319e-06
-1.03445e-05
-4.4623e-06
3.55374e-05
4.90091e-05
4.95639e-05
4.9744e-05
4.9947e-05
5.00151e-05
5.00162e-05
4.99564e-05
4.97323e-05
4.95555e-05
4.89945e-05
3.27321e-05
7.8782e-05
8.51764e-05
9.77292e-05
9.75322e-05
9.83193e-05
9.89805e-05
9.89687e-05
9.82769e-05
9.73693e-05
9.74803e-05
8.56774e-05
8.4151e-05
0.000134145
0.000132833
0.000134824
0.000136419
0.000136906
0.000135662
0.000133668
0.000134125
0.000131851
-2.93983e-05
-3.47401e-05
-3.21772e-05
-5.26322e-05
-3.11183e-05
-3.45378e-05
-5.57395e-05
-3.18558e-05
-3.12813e-05
-5.75379e-05
-3.29563e-05
-3.25409e-05
-5.69589e-05
-3.25252e-05
-3.29791e-05
-5.38867e-05
-3.10502e-05
-3.17246e-05
-5.24843e-05
-3.47489e-05
-3.10303e-05
-3.14931e-05
-3.48408e-05
-2.90468e-05
-3.97507e-06
1.21317e-05
-1.05654e-05
1.4144e-05
1.41454e-05
-8.8705e-06
1.42519e-05
1.43497e-05
1.22436e-05
3.27806e-05
5.9205e-05
5.75841e-05
3.54166e-05
5.74404e-05
5.91494e-05
8.4103e-05
0.000104826
8.58381e-05
0.000112297
0.000110392
8.49874e-05
0.000109886
0.000111959
7.87492e-05
0.000104696
0.000131747
0.000134697
0.000151808
0.000133842
0.000156289
0.000153256
0.000135685
0.000160643
0.000158585
0.000136872
0.000162783
0.000161993
0.000136445
0.000162089
0.000162883
0.000134768
0.00015859
0.000160645
0.00013259
0.000153202
0.000156245
0.000133852
0.000151422
)
;
    }
    yarn_to_fluid
    {
        type            calculated;
        value           nonuniform List<scalar> 
11952
(
-0.000271851
-0.000276132
-0.000277233
-0.000275205
-0.000270838
-0.000273012
-0.000276671
-0.000277147
-0.000274037
-0.000269435
-0.000271457
-0.000278462
-0.000283191
-0.000284435
-0.000282248
-0.00027686
-0.000269799
-0.000273161
-0.000279881
-0.000283826
-0.000284254
-0.000281138
-0.00027505
-0.000274766
-0.000282386
-0.000287182
-0.000288434
-0.000286227
-0.000280695
-0.000272885
-0.000276892
-0.000283837
-0.000287837
-0.000288261
-0.000285107
-0.000278872
-0.000270807
-0.000275562
-0.000283209
-0.000288004
-0.000289253
-0.000287061
-0.000281485
-0.000273219
-0.000269191
-0.000277565
-0.000284649
-0.00028866
-0.000289101
-0.000285895
-0.000279654
-0.000271388
-0.000273262
-0.000280859
-0.000285609
-0.000286877
-0.000284648
-0.000279155
-0.000271475
-0.000275453
-0.000282266
-0.000286264
-0.000286696
-0.000283518
-0.000277333
-0.000269633
-0.000269002
-0.000275437
-0.000280001
-0.000281212
-0.000279111
-0.000273913
-0.000270983
-0.000276818
-0.000280633
-0.00028109
-0.000277996
-0.000272382
-0.00027184
-0.000272859
-0.000270916
-0.000269357
-0.000272283
-0.000272734
-0.000270282
-0.000231737
-0.000244857
-0.000237025
-0.000248569
-0.000240998
-0.000244341
-0.000249107
-0.000241102
-0.000247336
-0.000239936
-0.000242776
-0.000243716
-0.000235486
-0.000230434
-0.000226281
-0.000241137
-0.000233016
-0.000242981
-0.000245366
-0.000237882
-0.000248526
-0.000240736
-0.000248889
-0.000241035
-0.000243949
-0.0002468
-0.000239233
-0.0002429
-0.000234554
-0.000228024
-0.000227012
-0.000242801
-0.000243551
-0.000237253
-0.000251584
-0.000245041
-0.000258443
-0.00026203
-0.00026334
-0.000261203
-0.000257262
-0.000249807
-0.000243973
-0.000244783
-0.00023522
-0.000224528
-0.000229397
-0.000245081
-0.000245788
-0.000239702
-0.000253333
-0.000259557
-0.000262631
-0.000263069
-0.000260457
-0.000255014
-0.000247827
-0.000242379
-0.000242807
-0.000232368
-0.000224537
-0.000242228
-0.000236265
-0.000252021
-0.000260858
-0.000259541
-0.000249944
-0.000245385
-0.000244838
-0.000233233
-0.000226976
-0.000244642
-0.000243694
-0.000238759
-0.00025459
-0.000262917
-0.000257175
-0.000247081
-0.000242465
-0.000242035
-0.000229896
-0.000229562
-0.000247888
-0.000243978
-0.000242495
-0.000258549
-0.000255893
-0.000244704
-0.000242928
-0.000239239
-0.000226849
-0.000233221
-0.000250187
-0.000244843
-0.000261378
-0.000262858
-0.000252937
-0.000242727
-0.000236591
-0.00023306
-0.000250925
-0.000245537
-0.00026208
-0.000259558
-0.000247596
-0.000242173
-0.000229349
-0.000242094
-0.000236063
-0.000253772
-0.000264272
-0.000256637
-0.000245413
-0.000239689
-0.000226478
-0.000233894
-0.000251596
-0.000246327
-0.000262463
-0.000260224
-0.000248482
-0.0002427
-0.000229957
-0.000223782
-0.00024295
-0.000236738
-0.000254427
-0.000257408
-0.000246139
-0.000240499
-0.00022685
-0.000231408
-0.000249556
-0.000244249
-0.000260877
-0.00025804
-0.000246588
-0.000241195
-0.000243056
-0.000228548
-0.000241174
-0.000235303
-0.000252042
-0.000263108
-0.000255246
-0.000244223
-0.000238464
-0.000225536
-0.000227267
-0.00024389
-0.000244981
-0.000239556
-0.000255857
-0.000262958
-0.00025308
-0.000243112
-0.000236826
-0.000224372
-0.000230242
-0.000248413
-0.000242948
-0.000243747
-0.000258588
-0.000260793
-0.000250383
-0.000244934
-0.000233998
-0.000231952
-0.000248038
-0.000242932
-0.000243027
-0.000257178
-0.000263284
-0.000262215
-0.00025473
-0.000245382
-0.000245678
-0.000240267
-0.000228895
-0.000235329
-0.000250686
-0.000245596
-0.000245484
-0.000259134
-0.000260667
-0.000252531
-0.000242636
-0.000242853
-0.00023738
-0.000226052
-0.000231232
-0.000245163
-0.000244243
-0.000238791
-0.000251862
-0.00024499
-0.00025521
-0.000256414
-0.000254327
-0.000250392
-0.000243609
-0.00024393
-0.000242602
-0.000237347
-0.000228184
-0.000224015
-0.000233121
-0.000247934
-0.000242792
-0.000241406
-0.000252429
-0.000245534
-0.000255992
-0.000256466
-0.000253621
-0.000246538
-0.000249344
-0.000244351
-0.000242892
-0.00024186
-0.000234737
-0.000226669
-0.000228522
-0.000240704
-0.000232078
-0.000241231
-0.000232171
-0.000239902
-0.00023147
-0.000226879
-0.000229879
-0.000240615
-0.000231843
-0.000241171
-0.000232165
-0.000230824
-0.000226202
-0.000196247
-0.000183919
-0.000197693
-0.000201383
-0.000188221
-0.000206677
-0.000192647
-0.000208775
-0.000193936
-0.000209309
-0.000194035
-0.00020809
-0.000193243
-0.000205634
-0.000190927
-0.000197782
-0.00019916
-0.000185854
-0.000194105
-0.00018274
-0.000197235
-0.000184643
-0.000197933
-0.00020222
-0.000189186
-0.00020734
-0.000193371
-0.000209114
-0.000193914
-0.00020942
-0.00019391
-0.000207764
-0.00019307
-0.000205296
-0.000191545
-0.000197548
-0.000199
-0.000186099
-0.00019226
-0.000182394
-0.000195709
-0.000187036
-0.000206978
-0.000197811
-0.000199578
-0.000215673
-0.000212747
-0.00020461
-0.000196037
-0.000197062
-0.00018423
-0.000178351
-0.000196824
-0.000198076
-0.000189164
-0.000208699
-0.000199436
-0.000211289
-0.000199289
-0.000199785
-0.000191094
-0.000182242
-0.000195769
-0.00018819
-0.000208356
-0.000205305
-0.000198728
-0.000198354
-0.000184791
-0.000198373
-0.000197781
-0.000191294
-0.000211488
-0.000214408
-0.000202665
-0.000195983
-0.000195858
-0.000181238
-0.000182656
-0.000204521
-0.000198938
-0.000197917
-0.000214358
-0.000201287
-0.000195652
-0.000194171
-0.000179849
-0.000194117
-0.000186633
-0.00020758
-0.000210875
-0.000197866
-0.000190696
-0.000196234
-0.000189083
-0.000209974
-0.000206092
-0.000198703
-0.000185141
-0.000198901
-0.000196516
-0.00019191
-0.000213742
-0.000216681
-0.000203238
-0.0001988
-0.000196489
-0.00018138
-0.000199322
-0.000192397
-0.000213482
-0.000209871
-0.0001952
-0.000187991
-0.000180105
-0.000202329
-0.000195239
-0.000216196
-0.000205999
-0.000199181
-0.000184435
-0.00020012
-0.000193204
-0.000213952
-0.000210643
-0.000195776
-0.000188684
-0.000180754
-0.000202818
-0.000195616
-0.000206736
-0.000199896
-0.000185147
-0.000198025
-0.000190886
-0.000212431
-0.000208049
-0.000194347
-0.000186704
-0.000178912
-0.000201142
-0.000194346
-0.000196582
-0.000215595
-0.000204973
-0.000198053
-0.000183077
-0.000186285
-0.000207245
-0.000200197
-0.000204229
-0.000196955
-0.000182563
-0.000196996
-0.00018997
-0.000211293
-0.000214364
-0.000198168
-0.000200011
-0.000193157
-0.000179029
-0.000178951
-0.000199386
-0.000199868
-0.000193382
-0.000213527
-0.000210131
-0.000195446
-0.000196814
-0.000189305
-0.000183158
-0.000203508
-0.000196227
-0.000197686
-0.000216497
-0.000207144
-0.000199916
-0.000186363
-0.000182322
-0.00020273
-0.000195752
-0.000195794
-0.000213051
-0.000210819
-0.000198969
-0.000198803
-0.000191779
-0.000178736
-0.000185425
-0.000205788
-0.000198653
-0.000198222
-0.000208168
-0.000200694
-0.000195607
-0.000195541
-0.000188244
-0.000197931
-0.000195089
-0.000187888
-0.000207279
-0.000196027
-0.000212565
-0.000201103
-0.000211365
-0.000199679
-0.000204909
-0.000196172
-0.000193807
-0.000196076
-0.000186141
-0.000181971
-0.000199669
-0.000196658
-0.000189121
-0.000209001
-0.000197863
-0.000213125
-0.000202076
-0.000210836
-0.000199284
-0.000194602
-0.000192167
-0.000202483
-0.000183968
-0.000192314
-0.000193792
-0.000194191
-0.000193591
-0.000190991
-0.000193132
-0.000194
-0.000194023
-0.00019259
-0.000191457
-0.000146914
-0.000135553
-0.000151981
-0.000156142
-0.000142539
-0.000163931
-0.000149369
-0.000151437
-0.000152614
-0.000136806
-0.000155919
-0.000140767
-0.000157596
-0.000143307
-0.000158252
-0.000144555
-0.000156233
-0.000142156
-0.000154947
-0.00013978
-0.000151221
-0.00013603
-0.000150369
-0.000161211
-0.000145444
-0.000150329
-0.000153784
-0.000140904
-0.000149347
-0.000138351
-0.000159334
-0.000145102
-0.000150527
-0.000164299
-0.000148845
-0.000149904
-0.000154078
-0.000138176
-0.000157416
-0.000141876
-0.00015797
-0.00014383
-0.000157878
-0.00014401
-0.00015741
-0.000142677
-0.000154263
-0.000138684
-0.000151325
-0.000149579
-0.000161385
-0.00014694
-0.000151794
-0.000150907
-0.000137788
-0.000152149
-0.000152785
-0.000143617
-0.000165737
-0.000162801
-0.000153402
-0.000148199
-0.000149275
-0.000140419
-0.000134804
-0.000157548
-0.000147954
-0.000148308
-0.000160732
-0.00015086
-0.000152343
-0.000138224
-0.000151508
-0.000150629
-0.000143421
-0.00016628
-0.000163015
-0.000148395
-0.000139921
-0.000132196
-0.000156142
-0.00014886
-0.000148587
-0.000169938
-0.000159818
-0.000152513
-0.000151719
-0.000136717
-0.000137443
-0.000160685
-0.00015231
-0.00015691
-0.000150798
-0.000149613
-0.000133304
-0.00014919
-0.000140938
-0.00016412
-0.00016789
-0.000152264
-0.00015059
-0.000144747
-0.000151058
-0.000143125
-0.000166319
-0.000162249
-0.000146984
-0.000138788
-0.000154497
-0.00014992
-0.000147164
-0.000170014
-0.00015846
-0.000150873
-0.000135033
-0.000154238
-0.000146629
-0.000169955
-0.000165297
-0.000149619
-0.000141907
-0.000133438
-0.000157124
-0.000149499
-0.000161782
-0.000154015
-0.000138353
-0.000154846
-0.000147297
-0.000170691
-0.000166034
-0.000150167
-0.000142599
-0.000134084
-0.000157971
-0.000150279
-0.000162397
-0.000154729
-0.000139066
-0.000152958
-0.000145203
-0.000168545
-0.000164528
-0.000148064
-0.000140106
-0.000132836
-0.000155995
-0.000148211
-0.00016041
-0.000152756
-0.000136847
-0.000148996
-0.000140266
-0.000163594
-0.000159475
-0.000151541
-0.00013691
-0.0001496
-0.000151877
-0.00014416
-0.000167646
-0.000156238
-0.000148869
-0.000150411
-0.000132631
-0.000133664
-0.000156883
-0.000149579
-0.000150416
-0.000167968
-0.000151183
-0.000152442
-0.000144942
-0.000137283
-0.000160652
-0.000152088
-0.00016402
-0.000149348
-0.000141232
-0.000138519
-0.000160848
-0.000152965
-0.000152658
-0.000156799
-0.000149075
-0.000148985
-0.000134613
-0.000148407
-0.00014902
-0.000140787
-0.000163629
-0.000167047
-0.000152337
-0.000152866
-0.000144512
-0.00013605
-0.000158558
-0.000148805
-0.000147
-0.00016659
-0.000155574
-0.000164171
-0.000153247
-0.000153874
-0.00015123
-0.000142469
-0.0001479
-0.000138599
-0.000160604
-0.000151452
-0.000149325
-0.000162916
-0.000151356
-0.00015103
-0.000148521
-0.00014083
-0.000149076
-0.000151329
-0.00015257
-0.00015608
-0.000157184
-0.000157684
-0.000156763
-0.000155023
-0.000151533
-0.000150392
-0.000145487
-0.000145389
-0.000148886
-0.000149963
-0.000154109
-0.00015742
-0.000157754
-0.000157387
-0.000157075
-0.000153962
-0.000151312
-0.000149472
-0.000147012
-0.000101409
-9.0518e-05
-0.00011295
-9.82557e-05
-0.000103406
-0.000103125
-0.000105344
-8.97726e-05
-0.000109914
-0.000104449
-9.56779e-05
-0.000117422
-0.00010452
-0.00011556
-0.000102966
-0.000108754
-0.000103233
-9.41205e-05
-0.000105101
-0.000118241
-0.000103857
-0.00010515
-0.000108243
-9.47378e-05
-0.000103992
-9.25725e-05
-0.000115558
-0.00010092
-0.000105916
-0.000104918
-0.000106123
-9.11845e-05
-0.000113177
-0.000103021
-9.99449e-05
-0.00011767
-0.000106681
-0.000118568
-0.000108055
-0.000114042
-0.000104458
-0.000101305
-0.000108965
-9.30445e-05
-0.000102323
-0.000115733
-0.000100979
-0.000103403
-0.000106497
-9.35723e-05
-0.000106453
-0.000106835
-9.77091e-05
-0.000121189
-0.000102501
-9.37833e-05
-0.000108509
-0.00010646
-0.000100857
-0.000112837
-0.000105254
-0.000114119
-0.000106621
-0.000112055
-0.000104394
-0.000106768
-0.000104935
-9.89854e-05
-0.000100648
-9.16316e-05
-0.000117602
-0.000108173
-0.000101899
-0.000102908
-9.38974e-05
-8.7911e-05
-0.000111205
-0.000101983
-0.000101878
-8.77059e-05
-0.00010405
-9.48798e-05
-0.000109788
-0.000104703
-0.000102424
-0.000113401
-0.000105846
-0.000114004
-0.000106579
-0.000111195
-0.000106034
-0.000103866
-0.000105669
-9.732e-05
-8.97198e-05
-0.000114937
-0.000105363
-0.000106408
-9.14329e-05
-0.000104585
-0.000103333
-9.61054e-05
-0.000120157
-8.72876e-05
-9.21716e-05
-9.37193e-05
-9.10788e-05
-8.58459e-05
-0.000116562
-0.000100768
-9.23424e-05
-0.000108933
-0.000101876
-0.000101151
-8.86997e-05
-9.29723e-05
-9.34583e-05
-8.98056e-05
-0.000113237
-0.000105773
-0.000104517
-8.90708e-05
-8.97807e-05
-0.000113375
-0.000104772
-8.39609e-05
-0.000109735
-0.000103668
-0.000102051
-8.57711e-05
-0.00010198
-9.32711e-05
-0.000117499
-8.39045e-05
-0.000120851
-0.000104767
-0.000103297
-9.72201e-05
-0.00010298
-9.44386e-05
-0.000119226
-0.000115071
-0.000106563
-9.13664e-05
-0.000106657
-0.000103878
-9.90137e-05
-0.000123007
-0.000110851
-0.000102968
-8.67312e-05
-0.000106275
-9.84434e-05
-0.000122767
-0.000117949
-0.000101651
-9.31115e-05
-8.53892e-05
-0.000109757
-0.000101673
-0.000114174
-0.000106026
-8.99193e-05
-0.000106864
-9.90887e-05
-0.000123117
-0.000118497
-0.000102043
-9.42108e-05
-8.63302e-05
-0.000110249
-0.000102041
-0.000114797
-0.000107007
-9.04526e-05
-0.000104783
-9.66819e-05
-0.000121295
-0.000116669
-0.000100896
-9.26639e-05
-0.000108749
-0.000100802
-0.00010426
-0.000112856
-0.00010506
-8.85007e-05
-0.000100955
-9.21711e-05
-0.000116626
-0.000112562
-0.00010444
-8.83034e-05
-0.000104595
-9.68576e-05
-0.000120836
-0.000108703
-0.000100994
-0.000102927
-8.57001e-05
-0.000110234
-0.000102324
-0.000103749
-8.70437e-05
-8.83307e-05
-8.61117e-05
-0.000121225
-0.000103601
-0.00010501
-9.69892e-05
-8.95151e-05
-0.000113659
-0.000104777
-8.76193e-05
-8.77393e-05
-8.48566e-05
-0.000117511
-0.000102274
-9.35712e-05
-9.10447e-05
-0.000114877
-0.000106269
-0.00010642
-8.63225e-05
-9.36565e-05
-0.000105378
-9.87736e-05
-0.000106555
-0.000100192
-0.000104703
-9.7622e-05
-9.21687e-05
-0.000110799
-0.000102358
-0.000102556
-8.77106e-05
-0.000102018
-0.000102874
-9.38828e-05
-0.00011773
-8.79388e-05
-0.000102625
-9.55038e-05
-0.000106043
-9.93183e-05
-0.000106446
-9.9939e-05
-0.000103902
-9.69426e-05
-8.99367e-05
-0.000121401
-0.000105589
-0.000106135
-9.74851e-05
-8.9632e-05
-0.000113463
-0.000103154
-0.000101745
-0.000104597
-9.33721e-05
-0.000112926
-0.000102911
-0.000105882
-0.000117455
-0.000108392
-0.000121778
-0.000123023
-0.000120768
-0.000115772
-0.00010646
-0.000111415
-0.000100788
-0.000104312
-0.000102603
-9.10982e-05
-0.000120011
-0.000108638
-0.000108171
-0.000106127
-9.66957e-05
-0.000101858
-9.2477e-05
-0.00011604
-0.000106691
-0.000104121
-9.94428e-05
-8.77179e-05
-0.000104666
-0.000106677
-9.54353e-05
-0.00011354
-0.000103541
-0.000118412
-0.000122359
-0.000122709
-0.000119583
-0.000115228
-0.000105603
-0.000105762
-0.000108376
-9.74385e-05
-0.000101411
-9.04483e-05
-0.000117847
-0.000106832
-0.00010547
-0.000103248
-9.48449e-05
-9.86452e-05
-0.000102899
-0.000105313
-0.000109841
-0.000108165
-0.000104984
-0.000103894
-0.000101407
-0.000105046
-0.000105913
-0.000108977
-0.000102417
-0.000101141
-5.41253e-05
-4.29917e-05
-6.67383e-05
-5.1861e-05
-5.68533e-05
-5.70053e-05
-5.92746e-05
-4.40936e-05
-6.71778e-05
-5.70049e-05
-5.41194e-05
-7.22013e-05
-6.13899e-05
-6.39533e-05
-5.89569e-05
-4.93072e-05
-5.7345e-05
-7.17042e-05
-5.42679e-05
-5.94292e-05
-6.20032e-05
-4.89794e-05
-5.72952e-05
-4.59469e-05
-6.97128e-05
-5.47489e-05
-5.95936e-05
-5.94065e-05
-6.18852e-05
-4.7113e-05
-6.9392e-05
-5.92167e-05
-5.659e-05
-6.98157e-05
-5.8982e-05
-6.16287e-05
-5.70001e-05
-4.70528e-05
-5.73064e-05
-7.00835e-05
-5.50247e-05
-5.73093e-05
-6.01611e-05
-4.66053e-05
-5.83443e-05
-5.8454e-05
-4.9306e-05
-7.355e-05
-5.38553e-05
-4.48177e-05
-6.57205e-05
-5.78569e-05
-5.6838e-05
-7.60204e-05
-7.29211e-05
-6.18965e-05
-6.16896e-05
-5.32663e-05
-4.19229e-05
-6.97022e-05
-6.06404e-05
-5.42297e-05
-5.45152e-05
-4.65939e-05
-6.37455e-05
-5.4254e-05
-5.41539e-05
-5.7018e-05
-4.73969e-05
-6.84641e-05
-6.17781e-05
-6.04832e-05
-7.06377e-05
-5.81787e-05
-5.74439e-05
-4.93007e-05
-6.7279e-05
-5.76644e-05
-5.84598e-05
-4.26119e-05
-5.74221e-05
-4.84939e-05
-7.22741e-05
-4.34495e-05
-6.27172e-05
-5.65962e-05
-5.67026e-05
-7.3414e-05
-7.0519e-05
-5.97665e-05
-5.94463e-05
-5.32666e-05
-4.01103e-05
-6.87227e-05
-5.99385e-05
-4.48451e-05
-5.99066e-05
-5.93392e-05
-5.17985e-05
-7.63127e-05
-4.6773e-05
-6.55214e-05
-5.94826e-05
-5.9609e-05
-7.5615e-05
-7.76058e-05
-6.80332e-05
-5.64207e-05
-5.63854e-05
-4.98261e-05
-6.53107e-05
-5.73617e-05
-5.70218e-05
-6.36956e-05
-5.83243e-05
-4.67565e-05
-6.37734e-05
-5.85646e-05
-5.94686e-05
-7.30233e-05
-7.84158e-05
-7.73368e-05
-7.07381e-05
-6.16139e-05
-5.66076e-05
-5.65664e-05
-4.38959e-05
-6.1103e-05
-5.92455e-05
-5.34084e-05
-4.55233e-05
-6.93074e-05
-6.07382e-05
-5.62444e-05
-5.01678e-05
-6.5806e-05
-7.49316e-05
-7.92038e-05
-7.62465e-05
-6.81412e-05
-5.77181e-05
-5.87264e-05
-5.30453e-05
-4.07307e-05
-7.20507e-05
-7.10304e-05
-4.07504e-05
-5.76147e-05
-5.28398e-05
-6.60494e-05
-7.25992e-05
-7.4589e-05
-7.13067e-05
-6.38907e-05
-5.93684e-05
-5.01346e-05
-3.82708e-05
-6.67656e-05
-5.87644e-05
-4.30135e-05
-5.90554e-05
-5.11305e-05
-7.46848e-05
-4.39231e-05
-5.85314e-05
-5.9644e-05
-5.51771e-05
-6.79694e-05
-7.35899e-05
-7.42309e-05
-6.96886e-05
-6.19206e-05
-5.75435e-05
-4.72036e-05
-7.43484e-05
-3.77462e-05
-4.95666e-05
-6.24383e-05
-5.85053e-05
-6.87257e-05
-7.07582e-05
-6.74608e-05
-6.0291e-05
-5.64829e-05
-4.66141e-05
-6.97277e-05
-6.16595e-05
-4.66956e-05
-6.15582e-05
-5.80111e-05
-5.40026e-05
-4.05809e-05
-5.61972e-05
-5.18459e-05
-6.42156e-05
-6.9734e-05
-7.04121e-05
-6.5956e-05
-5.69543e-05
-5.84215e-05
-5.44086e-05
-4.33556e-05
-7.52417e-05
-4.87514e-05
-6.18698e-05
-5.79644e-05
-6.79236e-05
-6.99598e-05
-6.66497e-05
-5.95032e-05
-5.55808e-05
-4.59823e-05
-6.96781e-05
-5.44293e-05
-4.67399e-05
-6.18135e-05
-5.44311e-05
-5.8163e-05
-3.99988e-05
-5.55844e-05
-5.12915e-05
-6.34268e-05
-6.8929e-05
-6.96062e-05
-6.51492e-05
-5.81883e-05
-5.3992e-05
-4.26876e-05
-7.30817e-05
-3.89579e-05
-5.61752e-05
-5.08821e-05
-6.37138e-05
-7.0227e-05
-7.22911e-05
-6.89639e-05
-6.17774e-05
-5.79065e-05
-4.80158e-05
-6.92181e-05
-6.06462e-05
-4.53124e-05
-6.06101e-05
-5.27105e-05
-7.6608e-05
-4.18187e-05
-5.77301e-05
-5.33328e-05
-6.56738e-05
-7.12527e-05
-7.19325e-05
-6.73827e-05
-6.00567e-05
-5.7041e-05
-5.59132e-05
-4.49883e-05
-6.86218e-05
-4.33694e-05
-5.96593e-05
-5.88383e-05
-5.47445e-05
-6.90724e-05
-7.53384e-05
-7.69949e-05
-7.42155e-05
-6.66237e-05
-5.74826e-05
-5.67756e-05
-5.2481e-05
-4.06426e-05
-6.47483e-05
-5.72411e-05
-5.89355e-05
-4.08834e-05
-5.71297e-05
-4.87202e-05
-7.20511e-05
-4.71288e-05
-6.2596e-05
-5.84544e-05
-5.76352e-05
-7.09119e-05
-7.64132e-05
-7.69337e-05
-7.26946e-05
-6.45471e-05
-5.96585e-05
-5.00561e-05
-7.58427e-05
-5.8447e-05
-6.07727e-05
-5.32708e-05
-3.85778e-05
-5.70703e-05
-5.64123e-05
-5.10401e-05
-6.77179e-05
-7.68142e-05
-7.51933e-05
-6.55661e-05
-5.97247e-05
-4.79444e-05
-7.29399e-05
-5.77544e-05
-4.93714e-05
-4.18527e-05
-6.60483e-05
-5.79736e-05
-5.92943e-05
-4.15116e-05
-5.9437e-05
-5.94913e-05
-5.38537e-05
-7.08222e-05
-7.8541e-05
-7.28991e-05
-6.27174e-05
-5.7655e-05
-5.69351e-05
-4.49743e-05
-6.92058e-05
-6.06451e-05
-4.24306e-05
-6.65427e-05
-5.7946e-05
-5.84258e-05
-5.6274e-05
-5.65805e-05
-4.89747e-05
-6.91195e-05
-7.63838e-05
-6.67395e-05
-5.9165e-05
-5.97287e-05
-4.68451e-05
-6.31594e-05
-5.48093e-05
-5.48495e-05
-5.46406e-05
-4.66339e-05
-6.99923e-05
-4.02446e-05
-5.95051e-05
-6.00817e-05
-5.26011e-05
-7.15079e-05
-7.44167e-05
-6.33879e-05
-5.63647e-05
-5.66315e-05
-4.3868e-05
-7.34464e-05
-5.76364e-05
-5.82153e-05
-4.94972e-05
-4.20305e-05
-6.60581e-05
-5.58247e-05
-5.42457e-05
-5.39954e-05
-4.28162e-05
-6.51224e-05
-5.39895e-05
-5.59771e-05
-7.30115e-05
-7.13383e-05
-6.26216e-05
-5.93522e-05
-6.10712e-05
-4.94381e-05
-7.29667e-05
-6.18832e-05
-6.03628e-05
-5.90493e-05
-4.94156e-05
-5.43512e-05
-4.50061e-05
-6.86053e-05
-5.93854e-05
-5.7052e-05
-5.60624e-05
-4.53619e-05
-6.76651e-05
-5.71859e-05
-5.94823e-05
-6.84119e-05
-5.84339e-05
-5.62404e-05
-5.83371e-05
-4.69713e-05
-7.10636e-05
-5.96688e-05
-5.75966e-05
-5.56799e-05
-4.72457e-05
-5.24217e-05
-5.69269e-05
-5.92075e-05
-6.43828e-05
-5.77683e-05
-5.46149e-05
-5.43618e-05
-5.94915e-05
-6.18737e-05
-6.20276e-05
-5.74644e-05
-5.51346e-05
-5.60912e-06
-1.96593e-05
-6.48866e-06
-1.03947e-05
-1.22901e-05
-1.27187e-05
1.92923e-06
-2.06747e-05
-1.04658e-05
-7.80386e-06
-2.51893e-05
-1.50115e-05
-1.66006e-05
-1.17808e-05
-2.90891e-06
-1.25492e-05
-2.60326e-05
-1.04837e-05
-1.24602e-05
-1.48174e-05
-1.7136e-06
-9.62736e-06
1.07799e-06
-2.21316e-05
-7.67623e-06
-1.23983e-05
-1.19471e-05
-1.5016e-05
3.24995e-07
-2.34218e-05
-1.30014e-05
-1.01207e-05
-2.43653e-05
-1.25908e-05
-1.50467e-05
-1.06392e-05
-4.07949e-07
-1.02918e-05
-2.18153e-05
-7.5008e-06
-9.10602e-06
-1.08357e-05
1.29296e-06
-2.54036e-05
-9.25906e-06
3.9701e-07
-2.29728e-05
-1.53242e-05
-1.37196e-05
-1.98193e-05
-1.11707e-05
-1.08392e-05
4.01596e-06
-2.27898e-05
-1.3323e-05
-1.42966e-05
6.36541e-07
-1.409e-05
-1.44475e-05
-4.94952e-06
-2.97313e-05
-1.22672e-05
-1.12145e-05
-2.75359e-06
-2.51125e-05
-2.84208e-05
-1.48932e-05
-1.48426e-05
-5.52385e-06
-8.33712e-06
-4.34951e-07
-2.27208e-05
-1.92982e-05
-1.15707e-05
-1.24948e-05
2.93331e-06
-2.14275e-05
-1.41714e-05
-1.3178e-05
1.52061e-06
-1.30848e-05
-1.20958e-05
-5.07964e-06
-2.79238e-05
-1.07228e-05
-1.17595e-05
-3.51361e-06
-2.58528e-05
-2.92039e-05
-1.6645e-05
-8.99063e-06
-9.34392e-06
6.3435e-06
-1.16536e-05
-1.3235e-05
-6.40282e-06
-2.78392e-05
-2.42135e-05
-1.08824e-05
-3.33873e-06
-2.91824e-05
-1.39847e-05
-1.24102e-05
-6.51517e-06
5.33276e-07
-2.19563e-05
-1.35591e-05
4.58283e-06
-1.74758e-05
-1.04752e-05
-1.18991e-05
-3.07372e-05
-2.09606e-05
-1.32435e-05
8.97745e-07
-9.93748e-07
-2.1549e-05
-1.49972e-05
-1.83422e-05
-1.13737e-05
3.48759e-06
-1.98787e-05
-1.23427e-05
2.78765e-06
-1.22238e-05
-4.52605e-06
-2.77242e-05
-1.15254e-05
-4.45466e-06
-2.5762e-05
-2.85811e-05
-1.27501e-05
-1.45033e-05
-7.82397e-06
6.08675e-06
2.12141e-06
-1.89559e-05
-1.22e-05
-2.89254e-05
-1.52426e-05
-8.78939e-06
-1.15503e-05
6.14343e-06
-2.24932e-05
-1.45722e-05
-5.34229e-07
7.06486e-06
-1.52472e-05
-1.22289e-05
-8.07297e-06
-3.0728e-05
-8.67776e-06
-1.76782e-06
-2.19082e-05
-2.6092e-05
-1.18892e-05
-5.18371e-06
2.84074e-06
-1.82388e-05
-1.15832e-05
-3.09944e-05
-2.78984e-05
-1.45897e-05
-1.16258e-05
-8.22895e-06
6.84262e-06
-2.36289e-05
-8.83859e-06
-1.32869e-06
6.63162e-06
-1.58133e-05
-8.69378e-06
-1.21363e-05
-3.19025e-05
-1.1212e-06
-2.11049e-05
-1.46569e-05
-2.54083e-05
-1.15266e-05
-4.61478e-06
1.27826e-06
-1.99145e-05
-1.34609e-05
-2.97162e-05
-1.66482e-05
-9.82122e-06
5.04829e-06
-2.17051e-05
-1.39942e-05
1.49759e-06
8.02718e-06
-1.38816e-05
-6.43556e-06
-2.96527e-05
-9.56346e-06
-2.62674e-06
-2.37273e-05
-2.68261e-05
-1.34484e-05
-6.45117e-06
-1.09858e-05
-3.8357e-06
-2.44085e-05
-2.0519e-05
-1.32339e-05
5.05105e-07
-1.75894e-05
-1.02879e-05
-1.19777e-05
4.92868e-06
-1.01267e-05
-2.13031e-06
-2.50262e-05
7.72866e-06
-1.35602e-05
-1.19317e-05
-6.70529e-06
-2.79032e-05
-3.06974e-05
-1.79257e-05
-1.27858e-05
-1.09976e-05
3.99893e-06
4.51012e-06
-1.76996e-05
-1.19936e-05
-1.05793e-05
-2.82727e-05
-1.37614e-05
-1.2695e-05
-6.71662e-06
-2.55723e-05
-1.0833e-05
-2.73062e-06
4.51686e-06
-1.81486e-05
-1.06854e-05
-1.22007e-05
7.88741e-07
-2.13119e-05
-1.32451e-05
-2.45181e-05
-1.02587e-05
-8.54223e-06
-2.68789e-06
-1.34125e-05
-1.37518e-05
-5.97428e-06
-2.91361e-05
-2.48359e-05
-1.05623e-05
-1.03471e-05
-2.24557e-06
-3.00266e-05
-1.39498e-05
-1.40789e-05
-5.66956e-06
3.27936e-07
-2.27399e-05
-1.43279e-05
-1.44781e-05
3.9921e-06
-1.87316e-05
-1.10693e-05
-1.03466e-05
-2.20253e-05
-1.34739e-05
6.54535e-07
-1.72058e-05
-5.37808e-06
-8.16023e-06
3.30089e-06
-1.95167e-05
-8.59974e-06
-1.02683e-05
-2.69783e-05
-1.35452e-05
-1.48339e-05
-3.60704e-06
-2.61416e-05
-1.50819e-05
-1.31057e-05
-1.09989e-05
-2.64853e-06
2.29831e-06
-2.11603e-05
-1.1071e-05
-9.49495e-06
-1.06796e-05
7.34547e-07
-2.23306e-05
-1.21283e-05
-1.41887e-05
-2.43711e-05
-1.53044e-05
-1.05727e-05
-1.28268e-05
-8.05682e-07
-2.28169e-05
-1.10566e-05
-6.58333e-06
-1.22727e-05
-1.28399e-05
-1.70637e-05
-1.26168e-05
-1.0235e-05
-7.72795e-06
-1.23539e-05
-1.48117e-05
-1.52685e-05
-1.02477e-05
-7.58114e-06
2.0814e-05
3.62017e-05
3.10333e-05
4.69117e-05
2.41529e-05
3.38345e-05
3.86941e-05
2.05074e-05
3.20654e-05
2.96785e-05
3.45476e-05
4.44919e-05
3.47986e-05
2.12788e-05
3.70054e-05
3.51061e-05
3.21227e-05
4.54493e-05
3.71597e-05
4.85254e-05
2.52618e-05
3.97717e-05
3.46865e-05
3.49991e-05
3.26271e-05
4.77037e-05
2.47978e-05
3.49179e-05
3.78829e-05
2.29029e-05
3.4837e-05
2.96632e-05
3.47688e-05
4.36445e-05
3.27356e-05
3.83333e-05
4.74317e-05
2.3968e-05
3.23837e-05
3.28947e-05
2.69085e-05
3.60207e-05
3.63633e-05
5.10767e-05
2.36466e-05
3.31453e-05
3.22123e-05
3.69934e-05
4.61551e-05
5.15555e-05
3.20222e-05
3.16482e-05
4.06394e-05
1.79249e-05
3.52763e-05
3.61729e-05
4.48738e-05
2.12824e-05
1.74986e-05
3.1924e-05
3.18345e-05
4.16279e-05
3.79082e-05
4.63051e-05
2.30064e-05
2.59357e-05
3.42266e-05
3.31549e-05
5.01409e-05
2.42803e-05
3.22978e-05
4.52904e-05
5.13842e-05
3.21841e-05
3.25174e-05
3.90744e-05
1.71695e-05
3.54933e-05
3.44842e-05
4.31732e-05
1.95587e-05
3.03816e-05
3.8093e-05
3.729e-05
3.35074e-05
3.19383e-05
3.93219e-05
1.65348e-05
2.00873e-05
3.56086e-05
4.39959e-05
1.55715e-05
2.92066e-05
3.43596e-05
3.55335e-05
4.87751e-05
5.41437e-05
3.53239e-05
4.19507e-05
2.24094e-05
5.10778e-05
2.78224e-05
3.5687e-05
2.3633e-05
3.19415e-05
4.72285e-05
3.66086e-05
4.49343e-05
2.16124e-05
2.5659e-05
3.38295e-05
4.83942e-05
2.36908e-05
3.62605e-05
4.23498e-05
5.37434e-05
4.86391e-05
3.01629e-05
3.44923e-05
3.6077e-05
1.66829e-05
3.62975e-05
3.36241e-05
4.08348e-05
1.80605e-05
2.91107e-05
3.64627e-05
3.41065e-05
5.32073e-05
4.76098e-05
2.44512e-05
3.173e-05
2.88943e-05
3.63799e-05
5.23837e-05
2.05403e-05
3.30426e-05
3.90666e-05
5.10667e-05
5.59364e-05
4.53136e-05
2.73214e-05
3.30757e-05
3.6319e-05
4.40918e-05
2.09232e-05
1.65089e-05
3.18812e-05
3.95909e-05
4.84479e-05
2.50324e-05
3.28206e-05
2.95306e-05
3.70004e-05
5.30445e-05
1.98064e-05
3.26338e-05
3.83422e-05
5.02877e-05
5.52199e-05
4.44034e-05
2.65919e-05
3.23741e-05
3.71207e-05
4.4711e-05
2.15091e-05
1.71452e-05
3.25024e-05
4.00845e-05
4.65988e-05
2.3399e-05
3.11037e-05
2.75288e-05
3.54255e-05
5.08356e-05
2.13304e-05
3.45152e-05
4.03517e-05
5.21883e-05
4.65152e-05
2.86079e-05
3.47935e-05
3.51627e-05
4.27015e-05
1.9927e-05
1.54718e-05
3.12305e-05
3.41952e-05
3.86615e-05
3.47962e-05
4.23383e-05
1.9244e-05
2.31288e-05
3.79432e-05
4.65232e-05
2.63774e-05
3.29362e-05
4.48278e-05
5.13831e-05
3.43125e-05
3.30291e-05
3.8909e-05
1.8711e-05
3.07716e-05
3.61894e-05
3.82328e-05
2.69541e-05
3.45963e-05
5.02454e-05
5.04092e-05
2.70345e-05
3.35873e-05
3.52315e-05
1.59361e-05
3.21471e-05
3.31776e-05
3.95477e-05
1.95973e-05
3.43739e-05
3.33747e-05
3.97939e-05
5.27033e-05
4.63804e-05
2.6519e-05
3.35422e-05
3.23356e-05
4.7148e-05
2.36786e-05
3.21532e-05
2.02549e-05
3.57444e-05
3.67388e-05
4.38937e-05
3.32414e-05
3.28932e-05
4.14289e-05
1.65727e-05
2.09418e-05
3.63308e-05
3.66696e-05
4.45684e-05
1.70112e-05
2.99245e-05
3.69911e-05
3.72611e-05
5.14716e-05
3.69213e-05
4.52773e-05
2.30678e-05
3.15045e-05
5.14835e-05
2.77163e-05
3.58e-05
3.62458e-05
2.40532e-05
3.28286e-05
4.77452e-05
3.86031e-05
2.78235e-05
3.87499e-05
3.6916e-05
1.94372e-05
3.3248e-05
3.17322e-05
4.33416e-05
2.1012e-05
3.22372e-05
3.31392e-05
3.53472e-05
4.35143e-05
4.78898e-05
2.57313e-05
3.57564e-05
3.73524e-05
3.74946e-05
4.84154e-05
2.49915e-05
3.55805e-05
3.3405e-05
2.27183e-05
3.21373e-05
3.65664e-05
3.5342e-05
4.60707e-05
3.64232e-05
3.10834e-05
2.96891e-05
3.47195e-05
3.70951e-05
3.97004e-05
3.50722e-05
3.2672e-05
2.98641e-05
3.27496e-05
7.98883e-05
8.90636e-05
7.53464e-05
7.62443e-05
6.90848e-05
7.95719e-05
7.69195e-05
8.19643e-05
9.1209e-05
8.15081e-05
6.79247e-05
8.29143e-05
8.03813e-05
7.76783e-05
9.10059e-05
8.59294e-05
9.70486e-05
8.11809e-05
9.30666e-05
7.08841e-05
8.50143e-05
8.03433e-05
8.13024e-05
7.96053e-05
9.4613e-05
7.129e-05
8.15693e-05
8.42408e-05
6.77545e-05
7.94284e-05
8.04207e-05
9.55301e-05
7.1642e-05
8.06043e-05
8.08113e-05
7.54988e-05
8.50316e-05
8.52778e-05
6.71116e-05
7.88938e-05
7.80397e-05
8.58777e-05
9.44982e-05
9.79959e-05
8.18084e-05
9.05754e-05
7.18373e-05
8.06797e-05
7.9414e-05
8.37875e-05
8.48105e-05
9.26443e-05
6.90659e-05
6.50285e-05
7.96051e-05
8.04361e-05
8.92554e-05
9.45592e-05
7.02197e-05
7.90819e-05
7.41596e-05
8.26567e-05
8.14714e-05
9.78178e-05
6.43927e-05
7.42592e-05
8.01582e-05
7.96703e-05
8.20473e-05
8.77492e-05
9.26068e-05
9.36542e-05
9.04178e-05
7.97137e-05
7.92055e-05
8.49664e-05
6.94246e-05
8.40371e-05
8.25233e-05
9.13427e-05
6.68023e-05
6.303e-05
7.94589e-05
7.89564e-05
8.68577e-05
8.17865e-05
8.0054e-05
8.7928e-05
6.33766e-05
6.71018e-05
8.30843e-05
9.16434e-05
6.49155e-05
7.38295e-05
7.88582e-05
8.23555e-05
8.20143e-05
8.19242e-05
8.05727e-05
8.41796e-05
7.68809e-05
8.09639e-05
6.96841e-05
9.93679e-05
7.52618e-05
8.29062e-05
8.12325e-05
7.11924e-05
7.97882e-05
9.56428e-05
8.45694e-05
9.29429e-05
6.87624e-05
7.27797e-05
8.10296e-05
9.7098e-05
6.7057e-05
7.30994e-05
7.43521e-05
7.05932e-05
6.29944e-05
8.10982e-05
8.89249e-05
6.46018e-05
7.66587e-05
8.43256e-05
8.17165e-05
9.58984e-05
7.15876e-05
7.96415e-05
7.63929e-05
8.44154e-05
0.00010054
6.34317e-05
6.92713e-05
7.06223e-05
6.67732e-05
8.41817e-05
9.25267e-05
6.78299e-05
6.3476e-05
7.92472e-05
8.72965e-05
9.65206e-05
7.23222e-05
8.02019e-05
7.72629e-05
8.5125e-05
6.30378e-05
6.84867e-05
6.9823e-05
6.61238e-05
8.49541e-05
9.31904e-05
6.85533e-05
6.41029e-05
8.02338e-05
8.81973e-05
9.42695e-05
7.03768e-05
7.88632e-05
7.50902e-05
8.2951e-05
9.87838e-05
6.4565e-05
7.07963e-05
7.21539e-05
6.82749e-05
6.13377e-05
8.3078e-05
9.08751e-05
6.66955e-05
6.26375e-05
7.86543e-05
8.15334e-05
8.64539e-05
8.27029e-05
9.10047e-05
6.6553e-05
7.03052e-05
7.90244e-05
9.4537e-05
6.18241e-05
7.00192e-05
7.59189e-05
7.72028e-05
8.0625e-05
7.36021e-05
6.55468e-05
7.8871e-05
8.10866e-05
8.65857e-05
6.21307e-05
7.44704e-05
8.26452e-05
9.87388e-05
9.90658e-05
7.52974e-05
8.17498e-05
8.30513e-05
6.32718e-05
7.9933e-05
8.12541e-05
8.78358e-05
6.9293e-05
7.73159e-05
8.17381e-05
8.18195e-05
8.26791e-05
8.71263e-05
8.79622e-05
8.10941e-05
8.1436e-05
8.50903e-05
7.42559e-05
7.95304e-05
6.40585e-05
9.55894e-05
7.1236e-05
7.95823e-05
6.73437e-05
8.30404e-05
9.17704e-05
8.01198e-05
8.09604e-05
8.91735e-05
6.51617e-05
6.88046e-05
8.43101e-05
8.56239e-05
9.2811e-05
7.02813e-05
7.81001e-05
8.00572e-05
8.13055e-05
8.69293e-05
9.4762e-05
9.91012e-05
0.000100069
9.69219e-05
9.09439e-05
7.49288e-05
8.08028e-05
8.17067e-05
6.54635e-05
7.54242e-05
8.36473e-05
8.40613e-05
7.15207e-05
7.94996e-05
8.00031e-05
9.58299e-05
7.80688e-05
7.59694e-05
8.7521e-05
6.43548e-05
6.78065e-05
8.17751e-05
7.95078e-05
9.1288e-05
6.60663e-05
7.73996e-05
8.35693e-05
8.55886e-05
7.42776e-05
9.46061e-05
9.93358e-05
8.04355e-05
8.38862e-05
9.05357e-05
6.96503e-05
8.12041e-05
8.45174e-05
9.55023e-05
7.2994e-05
8.41575e-05
8.20406e-05
6.95667e-05
7.97879e-05
7.87747e-05
8.06342e-05
9.30911e-05
7.54407e-05
7.70833e-05
8.1408e-05
8.30617e-05
8.48902e-05
8.14514e-05
7.97582e-05
0.00011517
0.000126031
0.000122854
0.000128076
0.00013722
0.000127211
0.000129528
0.000118075
0.000133817
0.000128733
0.00012493
0.000138356
0.000128782
0.000141132
0.000132313
0.000143296
0.000133011
0.000143776
0.000130791
0.000142924
0.000126528
0.000139418
0.000119757
0.000133615
0.000127927
0.00011478
0.000129497
0.000126441
0.000124151
0.000139209
0.000117386
0.000127404
0.000130262
0.000120515
0.000129285
0.000109884
0.000123927
0.000123827
0.000133586
0.000144909
0.000109289
0.000113115
0.000113891
0.000111526
0.000129225
0.000139258
0.000115817
0.000123819
0.00012498
0.00011295
0.00014269
0.00011843
0.000127022
0.00012165
0.000129437
0.000128618
0.000145268
0.000129602
0.000138211
0.000114666
0.000111569
0.000127914
0.000127216
0.00013553
0.000129972
0.000128357
0.000135829
0.000111582
0.000115537
0.000124015
0.000139103
0.000125854
0.000124049
0.000131772
0.00011935
0.000127843
0.000142835
0.000140878
0.000116776
0.000125307
0.000121147
0.000128995
0.000145028
0.000129229
0.000136688
0.000113121
0.000108517
0.000128529
0.000125642
0.000133273
0.000144255
0.000120207
0.000128083
0.000127219
0.000124018
0.000131585
0.000139671
0.000115892
0.000123786
0.00011178
0.000127888
0.000135796
0.000144941
0.000120929
0.000128757
0.000108111
0.000124131
0.000132119
0.000140271
0.000115913
0.000123994
0.000112391
0.000128618
0.00013657
0.000142871
0.000118871
0.000126863
0.000123171
0.000127713
0.000130642
0.000146567
0.000130589
0.000138708
0.000115272
0.000110731
0.000126641
0.000134743
0.000130299
0.000138726
0.000114852
0.000118286
0.000126634
0.000142622
0.000126493
0.000134405
0.000110832
0.000122776
0.000128102
0.000130254
0.000146259
0.000123607
0.000129781
0.00013128
0.000112514
0.000127256
0.000128615
0.000135452
0.000142553
0.00011922
0.000125808
0.000127768
0.00011591
0.000130778
0.000139477
0.000128309
0.000129177
0.000136043
0.000112929
0.000116002
0.000124889
0.000139416
0.000124557
0.000124627
0.000132301
0.000108452
0.000119953
0.000128071
0.000128596
0.000111054
0.000114367
0.000123738
0.000127456
0.000125836
0.00013715
0.000113872
0.000124263
0.000117713
0.000128767
0.000122284
0.000132307
0.000123177
0.000133125
0.000120519
0.00013076
0.000115175
0.000126681
0.000130345
0.000142366
0.000118721
0.000129259
0.000127237
0.000122878
0.000127404
0.000129658
0.000133876
0.000133222
0.000129365
0.000126508
0.00012411
0.000159097
0.000169571
0.000164323
0.000174469
0.000177508
0.000170969
0.000185023
0.000173864
0.000188657
0.000175489
0.000176091
0.000175442
0.000175071
0.000173961
0.000171837
0.000187014
0.000167262
0.000172872
0.00018218
0.000160656
0.00017343
0.000167038
0.000175332
0.000176132
0.000187912
0.000173721
0.000175357
0.000183077
0.000161918
0.000168452
0.000175797
0.000174928
0.000189545
0.000176501
0.000175949
0.00018368
0.000161324
0.000158075
0.000162572
0.000177182
0.000185053
0.000191975
0.000169941
0.000177369
0.000175838
0.000154749
0.000164628
0.000168228
0.000175883
0.000190894
0.000175833
0.000183413
0.000160572
0.000156666
0.000169492
0.00015564
0.000174438
0.000171324
0.000178826
0.000193695
0.000186211
0.000163217
0.000171293
0.000159377
0.000170138
0.000155766
0.000171061
0.000178847
0.000187088
0.000163643
0.000171232
0.000160242
0.000167758
0.000170279
0.000174664
0.00017743
0.000192641
0.000177099
0.000184585
0.00016227
0.000158425
0.000161163
0.000166289
0.000173946
0.000188125
0.000173829
0.00017561
0.000181039
0.000158381
0.000154686
0.00015832
0.000173808
0.000174949
0.000181003
0.000188113
0.00016585
0.000173955
0.000162629
0.000176923
0.000176174
0.000184216
0.000189631
0.000168441
0.00017644
0.000176361
0.000155568
0.000159681
0.000172271
0.000170208
0.000181531
0.000177276
0.000188123
0.000173213
0.000184926
0.000163916
0.000173932
0.000171664
0.000171099
0.00017386
0.000175252
0.000176133
0.000175672
0.000175146
0.000173761
0.000171118
0.000167232
0.00020725
0.000218702
0.000208984
0.000221074
0.000209084
0.000221289
0.000207771
0.000220255
0.000205765
0.000215791
0.000207811
0.000217073
0.000218806
0.000224969
0.000222882
0.00023218
0.000237283
0.000234552
0.000220555
0.000229361
0.000211864
0.000218759
0.000220092
0.000202581
0.000210106
0.000222233
0.00022244
0.000228682
0.000238371
0.00023353
0.000216284
0.000222534
0.00022248
0.000203615
0.000205731
0.000220366
0.000219606
0.000225676
0.000237714
0.000231799
0.000212927
0.000219753
0.000212309
0.000219079
0.000231099
0.000237585
0.000220871
0.000219153
0.000225143
0.000204905
0.000215005
0.000221739
0.000234874
0.000221733
0.00022799
0.000207497
0.000201106
0.000215905
0.000222522
0.000235177
0.000222335
0.000228758
0.000208032
0.0002139
0.000220462
0.000233765
0.000239697
0.000220399
0.000226708
0.00020669
0.000209344
0.000221889
0.000228553
0.000235241
0.000216033
0.00022091
0.000222123
0.000202272
0.000202615
0.000215127
0.000220528
0.000221613
0.000233468
0.000238527
0.000221632
0.000222382
0.000227791
0.000208801
0.000203937
0.000215172
0.00022236
0.000221427
0.000232102
0.000236432
0.000221639
0.000220479
0.000227473
0.000209762
0.000208042
0.000217486
0.000212944
0.000223175
0.000219492
0.000218604
0.000229384
0.000220999
0.000231604
0.000221617
0.000232088
0.000220156
0.000230967
0.00021942
0.000216316
0.000226621
0.000210573
0.000220444
0.000204405
0.000248301
0.000248995
0.000247048
0.000252255
0.000258981
0.000262338
0.000267748
0.000263098
0.000268289
0.000261051
0.000266549
0.000256066
0.000248525
0.000253233
0.00026215
0.000266508
0.000266531
0.000268327
0.000272502
0.000276406
0.000277222
0.000274651
0.000266314
0.000266175
0.000270126
0.00025852
0.000248541
0.000248912
0.000259859
0.000268486
0.000272555
0.000279225
0.000283504
0.000284355
0.000281684
0.000275958
0.000264162
0.000268938
0.000267699
0.000254522
0.000251833
0.000263274
0.000267877
0.000275871
0.000283133
0.000287507
0.000288374
0.00028567
0.000279836
0.000267799
0.000271898
0.000258099
0.000246038
0.000252826
0.000264365
0.000268764
0.000276717
0.000283975
0.000288336
0.000289194
0.000286515
0.000280621
0.000268484
0.000272518
0.000258759
0.000246733
0.000250611
0.000261713
0.000266648
0.00027437
0.000281607
0.000285961
0.000286797
0.000284128
0.000278297
0.000267089
0.000267777
0.000271143
0.00025675
0.000246906
0.000257096
0.000266086
0.000266665
0.000270644
0.000276293
0.000280347
0.000281164
0.000278554
0.000273165
0.000261663
0.000266144
0.000251587
0.000249331
0.000258184
0.000263786
0.000268259
0.000267345
0.000267772
0.000272056
0.000268535
0.000272816
0.000267692
0.000266749
0.000271057
0.000261365
0.000266309
0.000253612
0.000246655
0.00025211
0.000255696
0.000256565
0.000253949
0.000249693
-0.00024947
-0.000251946
-0.000253658
-0.000248963
-0.0002552
-0.000256474
-0.000248623
-0.000256582
-0.000255964
-0.000254299
-0.000252472
-0.000250466
-0.000247761
-0.000247631
-0.000250435
-0.000247481
-0.000252595
-0.000254415
-0.000248933
-0.000256099
-0.000256584
-0.000248254
-0.000256303
-0.000255019
-0.000253583
-0.000251932
-0.000249288
-0.000248254
-0.000248482
-0.000252669
-0.000255089
-0.0002571
-0.000265543
-0.000260677
-0.000270376
-0.000265988
-0.000260521
-0.000267097
-0.000267783
-0.000263438
-0.000271804
-0.000272691
-0.000267267
-0.000268288
-0.000263161
-0.00027279
-0.00027228
-0.000268446
-0.000267868
-0.000262696
-0.000270938
-0.000269337
-0.000266508
-0.000265132
-0.000259529
-0.000265988
-0.000253425
-0.00026648
-0.00026195
-0.000258952
-0.000254751
-0.000250577
-0.000249938
-0.000250758
-0.000254686
-0.000257094
-0.000259058
-0.000265788
-0.000266737
-0.000262097
-0.000269376
-0.000271087
-0.000265158
-0.000266577
-0.000261256
-0.000272333
-0.000272883
-0.000267834
-0.000268506
-0.000263312
-0.000272727
-0.0002719
-0.000268291
-0.000267299
-0.000261865
-0.000270529
-0.000266201
-0.000258553
-0.000267335
-0.000267533
-0.000263408
-0.000251366
-0.000265186
-0.000260607
-0.0002571
-0.000252453
-0.000248245
-0.000247437
-0.000250397
-0.000257056
-0.000255588
-0.000264933
-0.000260053
-0.000269694
-0.000269453
-0.000272411
-0.00026557
-0.00026544
-0.000274035
-0.00027546
-0.000277965
-0.000277088
-0.000280011
-0.000281089
-0.000276663
-0.000281249
-0.000280664
-0.00027294
-0.000279106
-0.000276762
-0.000273922
-0.000270892
-0.000267117
-0.000267295
-0.000262905
-0.000266976
-0.000254631
-0.000266466
-0.000262851
-0.000258703
-0.000252942
-0.00024804
-0.000249946
-0.000248091
-0.000253093
-0.000259378
-0.000258574
-0.000266923
-0.000266417
-0.00026267
-0.000270799
-0.000270883
-0.000273859
-0.000267275
-0.000267218
-0.000275289
-0.000276822
-0.000279118
-0.000277235
-0.000280654
-0.000281243
-0.000276151
-0.000281074
-0.000279999
-0.00027181
-0.000277969
-0.000275564
-0.000272395
-0.000269269
-0.000265441
-0.000265439
-0.000261145
-0.000265208
-0.000251834
-0.000260514
-0.000255645
-0.000250192
-0.000252945
-0.000249648
-0.000255391
-0.000269669
-0.000266799
-0.000267086
-0.000262676
-0.0002657
-0.000260877
-0.000275139
-0.000273297
-0.000277351
-0.000281134
-0.000280842
-0.000283548
-0.000284277
-0.000285627
-0.000286729
-0.000283842
-0.000286875
-0.000286256
-0.000279886
-0.000284656
-0.000282272
-0.000273172
-0.000279186
-0.000275451
-0.000271722
-0.00026596
-0.000261255
-0.000267669
-0.000263178
-0.000250104
-0.000258026
-0.000252041
-0.000246467
-0.000246987
-0.000255874
-0.00025226
-0.000257994
-0.000269672
-0.000271535
-0.000265937
-0.000267703
-0.000263248
-0.000276857
-0.00027541
-0.000279169
-0.00028223
-0.000282279
-0.000284683
-0.000284429
-0.000286247
-0.000286851
-0.00028317
-0.000286699
-0.000285616
-0.000278481
-0.000283548
-0.000280838
-0.000271422
-0.000277341
-0.000273336
-0.00026725
-0.00026971
-0.000266417
-0.000258654
-0.000265533
-0.000260832
-0.000247903
-0.000255322
-0.000249561
-0.000256789
-0.00025158
-0.000257499
-0.000270555
-0.000271231
-0.000266451
-0.00026702
-0.0002627
-0.000278887
-0.000275564
-0.000279681
-0.000285087
-0.000283204
-0.00028591
-0.000288285
-0.000287997
-0.0002891
-0.000287822
-0.000289257
-0.000288654
-0.000283828
-0.000287065
-0.000284648
-0.000276854
-0.000281486
-0.000277548
-0.000273373
-0.000269347
-0.000268596
-0.000266773
-0.000264097
-0.000264839
-0.000253686
-0.000260174
-0.000254461
-0.000248274
-0.000247936
-0.000248499
-0.000259613
-0.000254365
-0.000265078
-0.000260239
-0.000272704
-0.000269363
-0.000273329
-0.000268539
-0.000266911
-0.000280705
-0.000277622
-0.0002815
-0.000286235
-0.000284655
-0.000287056
-0.000288411
-0.000288654
-0.000289258
-0.000287175
-0.000289099
-0.000287996
-0.000282401
-0.000285933
-0.000283218
-0.000274826
-0.000279665
-0.000275545
-0.000271395
-0.000266666
-0.000262008
-0.000267318
-0.000262774
-0.000250898
-0.000257396
-0.000251625
-0.000257421
-0.000250907
-0.00025662
-0.000271323
-0.000270714
-0.000266919
-0.000266417
-0.000261812
-0.000279681
-0.000274807
-0.00027887
-0.000285918
-0.000282403
-0.000285113
-0.0002891
-0.000287185
-0.000288281
-0.000288641
-0.000288437
-0.000287809
-0.000284658
-0.000286218
-0.000283845
-0.000277551
-0.000280692
-0.000276846
-0.000269364
-0.000272624
-0.000266941
-0.000265071
-0.000268501
-0.000264291
-0.000254488
-0.000259591
-0.000253686
-0.000247763
-0.000248663
-0.000247914
-0.000264846
-0.000260131
-0.000253653
-0.000259509
-0.000273291
-0.000272638
-0.000266701
-0.000268406
-0.000264066
-0.000281497
-0.000276819
-0.0002807
-0.000287065
-0.000283837
-0.000286239
-0.000289259
-0.000287834
-0.000288419
-0.000287992
-0.000288274
-0.000287162
-0.00028319
-0.000285062
-0.000282357
-0.000275484
-0.000278846
-0.000274717
-0.000270669
-0.000267385
-0.000262788
-0.000266594
-0.00026195
-0.00025164
-0.000256645
-0.000250844
-0.00025526
-0.000247837
-0.000252851
-0.000269772
-0.000265732
-0.00026656
-0.000258835
-0.000267177
-0.000263208
-0.000277335
-0.000271172
-0.000275079
-0.000283555
-0.000278488
-0.000281117
-0.000286711
-0.000283172
-0.000284253
-0.000286263
-0.000284406
-0.000283822
-0.000282273
-0.000282239
-0.000279863
-0.000275383
-0.000276842
-0.000273057
-0.000269763
-0.000267588
-0.000263283
-0.000266142
-0.000266691
-0.000261486
-0.000251918
-0.000255988
-0.00025047
-0.000246581
-0.000258031
-0.00025046
-0.000256015
-0.000271485
-0.000269824
-0.000267408
-0.000265875
-0.000261362
-0.00026639
-0.000279195
-0.000273304
-0.000276905
-0.00028467
-0.000279869
-0.000282235
-0.00028685
-0.000283807
-0.000284431
-0.000285601
-0.000284266
-0.000283156
-0.000280833
-0.000281129
-0.00027848
-0.00027319
-0.000275055
-0.000271211
-0.0002672
-0.000265572
-0.000266539
-0.000260785
-0.000262966
-0.000258651
-0.000249459
-0.000252857
-0.000247729
-0.000250298
-0.000247338
-0.000265376
-0.000260946
-0.000252
-0.000257275
-0.000272123
-0.000269184
-0.000265363
-0.000265269
-0.00026108
-0.000265409
-0.000277985
-0.000271661
-0.000273976
-0.000267547
-0.000281073
-0.000276075
-0.000277121
-0.000280636
-0.000277219
-0.000276666
-0.000276757
-0.000275184
-0.000272927
-0.000271019
-0.000270746
-0.000267588
-0.000267117
-0.000267352
-0.000266696
-0.000263306
-0.00025867
-0.000259547
-0.000254583
-0.000248546
-0.000250086
-0.000253135
-0.000249861
-0.000266897
-0.00026263
-0.000254561
-0.000259454
-0.000273893
-0.000270791
-0.000267214
-0.000267237
-0.000263096
-0.000266773
-0.000279087
-0.000272907
-0.000275174
-0.000281246
-0.000276618
-0.000277223
-0.000279995
-0.00027708
-0.000276095
-0.000275575
-0.000274015
-0.00027183
-0.000267498
-0.000269486
-0.000269443
-0.000265834
-0.000265674
-0.000265448
-0.000265284
-0.000261179
-0.000255722
-0.000257265
-0.000252035
-0.000247593
-0.000252397
-0.00024782
-0.000260609
-0.000251436
-0.000254886
-0.000270509
-0.000267316
-0.000266415
-0.000258422
-0.000260737
-0.000272753
-0.000267541
-0.000268454
-0.000262328
-0.000263125
-0.000272282
-0.000268526
-0.000267877
-0.000263223
-0.000262749
-0.000269148
-0.00026662
-0.000265008
-0.000265805
-0.000261384
-0.000259627
-0.000259214
-0.000257076
-0.000253243
-0.000250625
-0.000249755
-0.000254792
-0.000249782
-0.000265803
-0.000262137
-0.000253247
-0.000257017
-0.000271176
-0.000265026
-0.000266641
-0.000259298
-0.00026108
-0.000272819
-0.000267966
-0.000268483
-0.000262753
-0.000263348
-0.000271781
-0.00026833
-0.000267357
-0.00026313
-0.000262159
-0.000267095
-0.000265993
-0.000263405
-0.000260668
-0.00025854
-0.00025722
-0.000255022
-0.000251475
-0.000248037
-0.000248107
-0.000249373
-0.000253665
-0.000256242
-0.000248145
-0.000248915
-0.000255981
-0.00024913
-0.000248392
-0.000252532
-0.000247278
-0.000247613
-0.000250439
-0.000254207
-0.000246938
-0.000256634
-0.000248504
-0.000249236
-0.000255176
-0.000249083
-0.000248219
-0.000251935
-0.00020724
-0.000220191
-0.000210615
-0.0002258
-0.000215543
-0.000205821
-0.000218497
-0.000222272
-0.000212134
-0.000228285
-0.000230857
-0.000218104
-0.000220079
-0.000207938
-0.000232124
-0.00023208
-0.000240979
-0.000221171
-0.000221287
-0.000209063
-0.000232076
-0.000231832
-0.000240844
-0.00022152
-0.000221397
-0.000209207
-0.000231264
-0.000229634
-0.000220231
-0.00021862
-0.000206513
-0.000227084
-0.000216561
-0.000220065
-0.000223909
-0.000213673
-0.000221299
-0.000211318
-0.000218005
-0.000208686
-0.000205345
-0.000205033
-0.000218502
-0.000208787
-0.000221813
-0.00021162
-0.000227082
-0.00021661
-0.000206299
-0.000220074
-0.00022407
-0.00021351
-0.000229777
-0.000231535
-0.000240012
-0.000218969
-0.000220674
-0.000208431
-0.000231844
-0.000232157
-0.000241041
-0.000221355
-0.0002215
-0.000209251
-0.000232076
-0.000231952
-0.000240682
-0.000221625
-0.000221089
-0.000208767
-0.000230632
-0.000228266
-0.000219747
-0.000217931
-0.000206354
-0.00022598
-0.000215797
-0.000219143
-0.000222738
-0.000212771
-0.00022015
-0.000210703
-0.000207105
-0.000202525
-0.000208367
-0.000226409
-0.000219771
-0.000211359
-0.000220123
-0.000220563
-0.000213367
-0.000228388
-0.000231019
-0.000234838
-0.000241946
-0.000222045
-0.000223456
-0.000243056
-0.000234676
-0.000244366
-0.000238801
-0.000246606
-0.00023918
-0.000245563
-0.000238176
-0.000241156
-0.000233015
-0.000242615
-0.000226119
-0.0002374
-0.00023316
-0.000219629
-0.000228285
-0.000223781
-0.000220878
-0.0002171
-0.000208578
-0.0002176
-0.000218183
-0.00021079
-0.00020592
-0.000204452
-0.000205903
-0.000217627
-0.00021804
-0.000210691
-0.000224041
-0.000228189
-0.00021715
-0.000220932
-0.000219652
-0.000212776
-0.000230684
-0.000233163
-0.000237588
-0.000242721
-0.000244165
-0.000243335
-0.000235101
-0.000245195
-0.000237199
-0.000231493
-0.000244343
-0.000239151
-0.000245385
-0.000235179
-0.000231224
-0.000221864
-0.00022343
-0.000215637
-0.000226532
-0.000219881
-0.000206831
-0.000220116
-0.000220539
-0.000213209
-0.000208236
-0.000202644
-0.000202391
-0.000207189
-0.000226401
-0.000220811
-0.000220834
-0.000214367
-0.000219974
-0.000219233
-0.000213463
-0.000232269
-0.000231981
-0.000237294
-0.000243082
-0.000242389
-0.000245388
-0.000239465
-0.000245615
-0.000229353
-0.000240412
-0.000235179
-0.000228864
-0.000218527
-0.000211383
-0.000222346
-0.000221859
-0.000216166
-0.00021021
-0.000203722
-0.00020548
-0.000203531
-0.000210262
-0.000224414
-0.00022876
-0.000218429
-0.000222463
-0.000221943
-0.000216694
-0.000235212
-0.000234999
-0.000240168
-0.000245742
-0.000245234
-0.000243394
-0.000237468
-0.000243169
-0.000227081
-0.000237682
-0.00023202
-0.000220774
-0.000226213
-0.000220649
-0.000208671
-0.000220092
-0.000219072
-0.000213674
-0.000207232
-0.000218359
-0.000210999
-0.0002072
-0.000220912
-0.000214267
-0.000229971
-0.000227367
-0.00023395
-0.000244911
-0.00023949
-0.000244009
-0.00023937
-0.000242897
-0.000227117
-0.000237028
-0.000230239
-0.000220744
-0.000224353
-0.000219434
-0.000207914
-0.000218167
-0.00021144
-0.000204271
-0.000200712
-0.000204055
-0.00022437
-0.000219904
-0.000220863
-0.000214538
-0.000218428
-0.000211456
-0.000233044
-0.000229994
-0.00023689
-0.000242826
-0.00023632
-0.000244631
-0.000239349
-0.000244001
-0.000224409
-0.000234005
-0.000227538
-0.000218273
-0.00022108
-0.000204328
-0.000214366
-0.000207191
-0.000202989
-0.000204886
-0.00022517
-0.00022126
-0.000223029
-0.000216688
-0.000219189
-0.000212421
-0.000236499
-0.000231363
-0.000238304
-0.000244154
-0.00023335
-0.000241231
-0.000235367
-0.000228588
-0.000220393
-0.000213489
-0.000221894
-0.00021508
-0.000207909
-0.000200873
-0.000206223
-0.000201346
-0.000207943
-0.000226441
-0.000228531
-0.000220269
-0.000221816
-0.000215079
-0.00024314
-0.000239167
-0.000241295
-0.000235158
-0.000244147
-0.000229473
-0.000238308
-0.000231424
-0.000223021
-0.00022534
-0.000221103
-0.000210046
-0.00021929
-0.000212363
-0.000204942
-0.000206015
-0.000206661
-0.000226158
-0.000226977
-0.000219946
-0.000220642
-0.000214054
-0.000239853
-0.000233899
-0.000240763
-0.000246313
-0.000236357
-0.000242611
-0.000236798
-0.000229836
-0.000223533
-0.000222791
-0.000220254
-0.000216422
-0.000217326
-0.00020231
-0.000210562
-0.00020281
-0.000209848
-0.000202876
-0.000217239
-0.000210553
-0.000229445
-0.000223587
-0.000229928
-0.000222638
-0.000220126
-0.000242803
-0.000236682
-0.00024619
-0.000233096
-0.000240474
-0.000233795
-0.000226781
-0.000219999
-0.00021323
-0.00022032
-0.000213937
-0.000206673
-0.000206721
-0.000206054
-0.000226913
-0.000226162
-0.000220526
-0.000219811
-0.000213311
-0.000240771
-0.000233108
-0.000239862
-0.000245531
-0.000236685
-0.000241976
-0.00023603
-0.000223459
-0.00022939
-0.000220083
-0.000217081
-0.000223092
-0.000216863
-0.000202891
-0.000210051
-0.000202319
-0.000217302
-0.000210502
-0.000202209
-0.000209907
-0.000229936
-0.000229325
-0.000220238
-0.000223
-0.000216675
-0.000242288
-0.000236147
-0.000245413
-0.000233954
-0.000239799
-0.000233253
-0.000226644
-0.000220464
-0.000214091
-0.000220227
-0.000213413
-0.000206071
-0.000205011
-0.000203333
-0.000225151
-0.000219044
-0.000221163
-0.000210185
-0.000222962
-0.000216891
-0.000238417
-0.000229426
-0.000236536
-0.000242608
-0.000244951
-0.000235192
-0.000239117
-0.00023336
-0.000226763
-0.000222175
-0.000215541
-0.000220365
-0.000213512
-0.000201217
-0.000205971
-0.000208097
-0.000206166
-0.000228472
-0.000226591
-0.000222086
-0.000220171
-0.0002136
-0.000242758
-0.000233463
-0.00023896
-0.000244581
-0.000242671
-0.000243952
-0.000231382
-0.000236646
-0.000229475
-0.000222836
-0.000219416
-0.000221032
-0.00021228
-0.000216664
-0.000210047
-0.000203215
-0.000220852
-0.000214447
-0.000204482
-0.000218258
-0.000210999
-0.000233869
-0.000224332
-0.000229895
-0.000219002
-0.000242369
-0.000236394
-0.000242573
-0.000243694
-0.000244621
-0.000238873
-0.000230085
-0.000233158
-0.000227016
-0.000220568
-0.000221904
-0.000218415
-0.000219541
-0.000211454
-0.000214187
-0.000207815
-0.000201317
-0.000203902
-0.000200823
-0.000224203
-0.00021814
-0.000219652
-0.000207647
-0.000220918
-0.000214594
-0.000236804
-0.000227055
-0.000233201
-0.000222014
-0.000244573
-0.000239029
-0.000245384
-0.00023949
-0.000242454
-0.000236377
-0.0002274
-0.000229835
-0.000224079
-0.000220886
-0.000218099
-0.000218695
-0.000207365
-0.000210983
-0.000204715
-0.000207166
-0.000202377
-0.000225929
-0.000219741
-0.000220579
-0.000208656
-0.000220691
-0.000214488
-0.000237448
-0.000226828
-0.000232211
-0.000220295
-0.000242656
-0.000237362
-0.000242198
-0.000245488
-0.000244872
-0.000239776
-0.000235107
-0.000235379
-0.00022921
-0.000224254
-0.000222468
-0.000216402
-0.000218589
-0.000218024
-0.000211411
-0.00020368
-0.000205244
-0.000210306
-0.000205483
-0.000228803
-0.000224203
-0.000222379
-0.000218147
-0.000211391
-0.000217745
-0.000240491
-0.000229511
-0.000235279
-0.00024473
-0.000239676
-0.000243792
-0.000245049
-0.000243142
-0.000242679
-0.000237314
-0.000231942
-0.000232353
-0.000226761
-0.000220524
-0.000220204
-0.000219719
-0.000220666
-0.000213496
-0.000214511
-0.000208414
-0.000202383
-0.000208297
-0.000226389
-0.000219715
-0.000219816
-0.000206837
-0.000211272
-0.000235127
-0.000228258
-0.000223855
-0.00022234
-0.000216095
-0.00022034
-0.000242922
-0.000231662
-0.000234559
-0.000222558
-0.000246743
-0.000237197
-0.000239475
-0.000244138
-0.00024104
-0.00024066
-0.000245469
-0.000242902
-0.000238031
-0.000241349
-0.000235312
-0.000233092
-0.000223932
-0.000233196
-0.00023044
-0.000226046
-0.000221398
-0.000219653
-0.000218262
-0.000223957
-0.000220757
-0.000217134
-0.000217599
-0.000212646
-0.000208713
-0.000205955
-0.000204827
-0.000217655
-0.000210672
-0.000204633
-0.000228166
-0.000217231
-0.000220812
-0.000208759
-0.00021988
-0.000212802
-0.000237407
-0.00022622
-0.00023048
-0.000218374
-0.000221543
-0.000243627
-0.000233067
-0.000235332
-0.00022378
-0.000242649
-0.000238127
-0.000239638
-0.000241162
-0.000243781
-0.000240705
-0.000244887
-0.00023912
-0.000237203
-0.000238692
-0.000234475
-0.000231631
-0.000222545
-0.000231007
-0.000228169
-0.000223642
-0.000222356
-0.000220346
-0.000216178
-0.000220011
-0.000219857
-0.000213003
-0.000211292
-0.000206718
-0.000202558
-0.000210778
-0.000226132
-0.000219055
-0.000215951
-0.000205863
-0.000230975
-0.000218166
-0.000219883
-0.000206322
-0.000207303
-0.000232099
-0.000221089
-0.000221525
-0.000208525
-0.000209245
-0.000231946
-0.000221609
-0.00022119
-0.000209365
-0.000209026
-0.000229815
-0.000220323
-0.000218972
-0.000208101
-0.000206514
-0.000219898
-0.000216483
-0.000213574
-0.000205711
-0.00020887
-0.000205446
-0.0002115
-0.00022707
-0.000219666
-0.000216808
-0.000206516
-0.000231348
-0.000219101
-0.000220295
-0.000207419
-0.000208212
-0.000232145
-0.000221309
-0.000221607
-0.000209134
-0.000209322
-0.000232097
-0.000221426
-0.000221188
-0.00020907
-0.000208491
-0.000228313
-0.000219973
-0.000217904
-0.000207465
-0.000206554
-0.00021906
-0.000215699
-0.000212459
-0.000205359
-0.000207452
-0.000169392
-0.000170696
-0.000192325
-0.000173109
-0.000174441
-0.000193395
-0.000174596
-0.000175366
-0.000194115
-0.000175676
-0.000175472
-0.000193708
-0.00017536
-0.000175133
-0.00019167
-0.000174815
-0.000173488
-0.000173532
-0.000172925
-0.000170506
-0.000169004
-0.000168167
-0.000168363
-0.000169341
-0.000170933
-0.000192774
-0.000173606
-0.000175257
-0.000193604
-0.000175834
-0.000176031
-0.000193979
-0.000175676
-0.000175489
-0.000193836
-0.000175419
-0.000175682
-0.000191759
-0.000174987
-0.000173605
-0.000173641
-0.000172815
-0.000170768
-0.000169781
-0.00015852
-0.00017305
-0.000163034
-0.000184117
-0.000172267
-0.000161058
-0.000174807
-0.00017733
-0.000166711
-0.000192495
-0.000182425
-0.000194734
-0.000187761
-0.000202773
-0.00017374
-0.00017676
-0.00016896
-0.000198853
-0.000185872
-0.000201735
-0.000188279
-0.000197095
-0.000184359
-0.000196401
-0.000188949
-0.000199198
-0.000173737
-0.000177664
-0.000163725
-0.000186243
-0.000181629
-0.000174146
-0.000170029
-0.000159024
-0.000172178
-0.000174342
-0.000164089
-0.000169223
-0.000160476
-0.00016964
-0.000160587
-0.000172481
-0.000174607
-0.000164608
-0.000181698
-0.00018605
-0.000195701
-0.000170442
-0.000174692
-0.000161905
-0.00019386
-0.000182763
-0.000196405
-0.000189075
-0.000173868
-0.000177748
-0.000199896
-0.000186937
-0.000201598
-0.000188425
-0.000196078
-0.000184193
-0.000195079
-0.000202575
-0.000188204
-0.000198067
-0.000173596
-0.00016864
-0.000176652
-0.000163894
-0.00018403
-0.000172569
-0.000174633
-0.000177386
-0.000166714
-0.0001735
-0.000163181
-0.000158048
-0.000160266
-0.000160887
-0.000175023
-0.000174755
-0.000167083
-0.000182232
-0.000182829
-0.000187869
-0.000195298
-0.000195373
-0.000174087
-0.000174712
-0.000200292
-0.000191574
-0.000198033
-0.000189238
-0.000198955
-0.000178087
-0.000191811
-0.00018514
-0.000170019
-0.000178837
-0.000171397
-0.000157208
-0.000172104
-0.000163879
-0.000156885
-0.000157034
-0.000178846
-0.000171275
-0.000169991
-0.000162712
-0.000172083
-0.000163701
-0.000184123
-0.000185067
-0.000191805
-0.000198781
-0.000199109
-0.000195313
-0.000186801
-0.000195885
-0.000188321
-0.000182628
-0.000173904
-0.000174673
-0.000165665
-0.000174787
-0.000174541
-0.000166874
-0.000161001
-0.000159711
-0.000156971
-0.000171966
-0.000164018
-0.000181138
-0.000179239
-0.000186334
-0.00017396
-0.000173277
-0.000199846
-0.000193119
-0.000197929
-0.000191427
-0.000196853
-0.000189307
-0.000182967
-0.000176921
-0.000176724
-0.000170043
-0.000175379
-0.00015565
-0.000173984
-0.000168012
-0.000160668
-0.000162811
-0.000160564
-0.000175622
-0.000173954
-0.000168175
-0.000184796
-0.000183018
-0.000189515
-0.000196828
-0.000195343
-0.000176973
-0.000176788
-0.000188064
-0.000199758
-0.000193076
-0.000198825
-0.000186382
-0.000179289
-0.000173793
-0.000173069
-0.000166122
-0.000172047
-0.000164046
-0.000156968
-0.000156065
-0.000178612
-0.000173404
-0.000174909
-0.000167891
-0.000171482
-0.000163666
-0.000190727
-0.000186174
-0.000193653
-0.000200464
-0.00019848
-0.000186491
-0.000196775
-0.000189559
-0.00018273
-0.000172564
-0.000164288
-0.000175062
-0.00016722
-0.000159532
-0.000156891
-0.000159438
-0.000179607
-0.000182521
-0.000172377
-0.000174979
-0.000167549
-0.000197115
-0.000189967
-0.000200546
-0.000182535
-0.000193801
-0.000186219
-0.000174986
-0.000178942
-0.000173488
-0.000160705
-0.000171962
-0.000163768
-0.000156025
-0.000158541
-0.000160422
-0.00018116
-0.000183163
-0.000173804
-0.000175973
-0.000168631
-0.00019804
-0.000191043
-0.00019638
-0.000192022
-0.000194119
-0.000186787
-0.000179292
-0.000177165
-0.000174933
-0.00016968
-0.000172114
-0.0001546
-0.000164497
-0.000156101
-0.000162337
-0.000155868
-0.000172199
-0.000164656
-0.000184892
-0.000179242
-0.000186597
-0.000194384
-0.000177051
-0.000174786
-0.000189139
-0.000197945
-0.000190847
-0.000183066
-0.000173928
-0.000166403
-0.000175828
-0.000168572
-0.00016054
-0.00016169
-0.000162508
-0.00018438
-0.000185178
-0.000177253
-0.000177875
-0.000170661
-0.000200088
-0.000193262
-0.000195796
-0.000180315
-0.000188699
-0.000180818
-0.000172845
-0.000173397
-0.000157265
-0.000166007
-0.000157879
-0.00017288
-0.000165493
-0.000157977
-0.00017349
-0.00016613
-0.000187916
-0.000180723
-0.000188563
-0.000195689
-0.000192248
-0.000199793
-0.000192893
-0.000185215
-0.000177247
-0.000169847
-0.000178037
-0.000170667
-0.000162408
-0.000162444
-0.000161703
-0.00018515
-0.000184335
-0.000177943
-0.000177136
-0.000169881
-0.000199137
-0.000192156
-0.000195199
-0.000180733
-0.000187986
-0.000180136
-0.000173383
-0.000172789
-0.000157776
-0.000165427
-0.000157098
-0.000173484
-0.000166072
-0.000157145
-0.000172943
-0.000165444
-0.00018854
-0.000180243
-0.000187957
-0.000195135
-0.000192972
-0.000199299
-0.000192325
-0.000184454
-0.000178255
-0.000170888
-0.000177197
-0.000169881
-0.000161718
-0.00016049
-0.000158405
-0.000183068
-0.0001813
-0.000175911
-0.000173888
-0.000166463
-0.000196596
-0.000189362
-0.000198744
-0.000196837
-0.000198941
-0.000192222
-0.000179106
-0.000184957
-0.000174514
-0.000171928
-0.000177137
-0.000169932
-0.000155991
-0.000162264
-0.000154298
-0.000171912
-0.000164506
-0.000154489
-0.000162265
-0.000186762
-0.000185063
-0.00017449
-0.000177252
-0.00017008
-0.000198857
-0.000192089
-0.000190911
-0.000196465
-0.000189216
-0.000181297
-0.000175608
-0.000168339
-0.000173871
-0.000166464
-0.000158593
-0.000156478
-0.000179032
-0.000171779
-0.000173729
-0.000160715
-0.000174963
-0.000167905
-0.000193573
-0.000182427
-0.000190531
-0.000197856
-0.00018979
-0.000194405
-0.000186523
-0.000179366
-0.000175195
-0.000167721
-0.000172476
-0.000173642
-0.00016439
-0.000156994
-0.000159752
-0.000156981
-0.000182546
-0.000179831
-0.000175163
-0.00017276
-0.000164359
-0.000174198
-0.000194288
-0.000186695
-0.000195285
-0.000198009
-0.000199362
-0.000186293
-0.00019057
-0.0001829
-0.000175206
-0.000171815
-0.000173565
-0.000163698
-0.000167694
-0.000160471
-0.000171766
-0.000164161
-0.000159688
-0.000186566
-0.000181237
-0.000173014
-0.000173909
-0.000166159
-0.000174459
-0.000195718
-0.000188078
-0.000195734
-0.000198002
-0.000198519
-0.000191613
-0.000183076
-0.000184847
-0.000176841
-0.000175393
-0.000176877
-0.000169782
-0.000160579
-0.000163089
-0.00015622
-0.000175407
-0.000168002
-0.00015571
-0.000162902
-0.000189027
-0.000184779
-0.000176835
-0.000176969
-0.000169764
-0.000198684
-0.00019157
-0.000198983
-0.000193387
-0.00019578
-0.000188089
-0.000179437
-0.000181489
-0.000173336
-0.000172229
-0.000174137
-0.000174847
-0.000166134
-0.000156637
-0.000159704
-0.000174604
-0.000166923
-0.000160213
-0.000188211
-0.000181869
-0.0001745
-0.000173894
-0.000165912
-0.000173157
-0.000200467
-0.00018699
-0.000191945
-0.000199671
-0.000177151
-0.000199394
-0.000198205
-0.000197164
-0.000189299
-0.000185561
-0.000184224
-0.000179052
-0.000174556
-0.000170629
-0.000169688
-0.000171817
-0.000171279
-0.000163892
-0.000162821
-0.00015736
-0.000156824
-0.000178963
-0.000171784
-0.000171344
-0.000157349
-0.000170321
-0.000162731
-0.000191649
-0.000178435
-0.000184361
-0.000169631
-0.000174582
-0.000197064
-0.000189419
-0.000195879
-0.000199693
-0.000197894
-0.000195792
-0.000192099
-0.000187237
-0.000177134
-0.000182514
-0.000182411
-0.000174743
-0.000174893
-0.000174343
-0.000173255
-0.000165847
-0.000161005
-0.000160398
-0.000163258
-0.000184175
-0.000174552
-0.000172424
-0.000161229
-0.000192304
-0.000202956
-0.00018256
-0.0001767
-0.000173785
-0.000163946
-0.000169077
-0.00019878
-0.000184145
-0.000185844
-0.00016957
-0.000170645
-0.000197535
-0.000187958
-0.000192255
-0.000173015
-0.000174377
-0.000193111
-0.000174563
-0.000175357
-0.000194157
-0.000175807
-0.000175733
-0.000193998
-0.000175617
-0.000175355
-0.000191584
-0.000175126
-0.000173734
-0.000202115
-0.000197679
-0.000188471
-0.000173524
-0.000173045
-0.000197137
-0.000186585
-0.000184307
-0.000170668
-0.000169026
-0.000188946
-0.000182663
-0.000177913
-0.00017397
-0.000168162
-0.000164248
-0.000181386
-0.000174385
-0.000169982
-0.000172129
-0.000161471
-0.000159138
-0.000160324
-0.000172542
-0.000164568
-0.000186184
-0.000170548
-0.000174069
-0.000159563
-0.00016113
-0.000194146
-0.000182845
-0.000177133
-0.000174156
-0.000163922
-0.00016878
-0.000200242
-0.000185132
-0.000187286
-0.00016942
-0.000171038
-0.000198134
-0.000189066
-0.000192943
-0.000173633
-0.000175086
-0.000193663
-0.000175579
-0.000176026
-0.0001941
-0.000175693
-0.000175639
-0.000193636
-0.000175634
-0.000175754
-0.000191954
-0.000175155
-0.000173454
-0.000201551
-0.000196947
-0.000188358
-0.000173302
-0.000172842
-0.000196186
-0.000186499
-0.000183443
-0.000170945
-0.000169069
-0.000187857
-0.000181491
-0.00017729
-0.000173675
-0.000167881
-0.000164533
-0.000174518
-0.000172403
-0.000166388
-0.000161236
-0.00015808
-0.000121235
-0.000122733
-0.00014681
-0.000126112
-0.000128225
-0.000151052
-0.000128279
-0.000130032
-0.000151552
-0.000132633
-0.000133398
-0.00015466
-0.000157116
-0.000158232
-0.000157228
-0.000155449
-0.000153806
-0.000149683
-0.000132155
-0.000148509
-0.000131222
-0.000128218
-0.00014456
-0.00012607
-0.000126498
-0.00012572
-0.000123881
-0.000123648
-0.000125726
-0.000146179
-0.000126989
-0.000126581
-0.000150237
-0.000128189
-0.000130715
-0.000151474
-0.000131845
-0.00015589
-0.000158357
-0.000157727
-0.000157691
-0.000155847
-0.000152408
-0.000150288
-0.000132291
-0.000130516
-0.000149116
-0.000128637
-0.000128449
-0.000128645
-0.000125963
-0.00012211
-0.000120641
-0.000113162
-0.000126373
-0.00012864
-0.000118072
-0.000136302
-0.000140504
-0.000148716
-0.000151031
-0.000124671
-0.000129355
-0.000126325
-0.000116197
-0.000151733
-0.000138742
-0.000114325
-0.000127469
-0.000119045
-0.000139134
-0.000123606
-0.000126413
-0.000112429
-0.000114968
-0.000142336
-0.000128337
-0.000129973
-0.00011716
-0.000119236
-0.00014434
-0.000131373
-0.000132415
-0.000121434
-0.000122517
-0.000143466
-0.000132904
-0.000132577
-0.000123037
-0.000122576
-0.000141014
-0.000130973
-0.000129138
-0.000120763
-0.00011808
-0.000137654
-0.000127221
-0.000124667
-0.000115917
-0.000113636
-0.000126631
-0.000122553
-0.000117829
-0.000111076
-0.000112717
-0.000149308
-0.000138584
-0.000151691
-0.000128889
-0.000142599
-0.000139034
-0.000147847
-0.000131512
-0.000127041
-0.000115606
-0.00012958
-0.000131799
-0.000120499
-0.000125227
-0.000116218
-0.000125159
-0.00011578
-0.000129519
-0.000131414
-0.000120196
-0.000138698
-0.000142693
-0.000151794
-0.000153601
-0.000126965
-0.000131842
-0.000128851
-0.000118563
-0.00015373
-0.000141028
-0.000115558
-0.000136071
-0.000126645
-0.000122754
-0.000111826
-0.000140249
-0.000125047
-0.000127132
-0.0001139
-0.000115817
-0.000143277
-0.000129291
-0.000131147
-0.000118204
-0.00012082
-0.000143929
-0.000132417
-0.000132723
-0.000122454
-0.000122818
-0.000143475
-0.000132454
-0.000131622
-0.000122497
-0.000121573
-0.000141121
-0.000130142
-0.000128399
-0.000119263
-0.000117181
-0.000137104
-0.000126006
-0.000123804
-0.000127974
-0.000115225
-0.000112851
-0.000116301
-0.000154825
-0.000141206
-0.000146601
-0.0001357
-0.000148393
-0.000126158
-0.000140294
-0.00013646
-0.000129112
-0.000124698
-0.000112625
-0.000126665
-0.000128971
-0.000118174
-0.000113294
-0.000114919
-0.000114889
-0.000129908
-0.000129548
-0.000121526
-0.000138045
-0.000138184
-0.000144606
-0.000152806
-0.000152493
-0.000129841
-0.000130174
-0.000111495
-0.000113806
-0.000113475
-0.0001103
-0.000134404
-0.000148948
-0.000140679
-0.000148505
-0.000125232
-0.000134349
-0.000126242
-0.000111544
-0.000126082
-0.000125573
-0.000117761
-0.000111193
-0.000111088
-0.000134279
-0.000126071
-0.000125392
-0.000117345
-0.000125951
-0.000125253
-0.000117664
-0.000149428
-0.000140612
-0.000149305
-0.00014073
-0.000111981
-0.000114107
-0.000113028
-0.000152961
-0.000143795
-0.000152729
-0.000144464
-0.00013832
-0.000129865
-0.00013016
-0.000120791
-0.000129599
-0.000129153
-0.000121047
-0.000114969
-0.00011338
-0.000109718
-0.000125979
-0.000117561
-0.000137006
-0.000133703
-0.000141224
-0.000149381
-0.000128715
-0.000127503
-0.000151915
-0.000132568
-0.000144453
-0.000137381
-0.00012504
-0.000129074
-0.000108484
-0.000127603
-0.000121592
-0.000113532
-0.00012502
-0.000116665
-0.000113755
-0.000128879
-0.000127177
-0.000121149
-0.000139887
-0.000137396
-0.000144719
-0.000152339
-0.00015093
-0.00015058
-0.00014345
-0.000149574
-0.000141139
-0.000133694
-0.000128538
-0.000127287
-0.000120059
-0.000126002
-0.000117374
-0.000109714
-0.000108481
-0.000132597
-0.000126981
-0.000128877
-0.000121096
-0.000124865
-0.000116483
-0.0001506
-0.000144791
-0.000148743
-0.000140449
-0.000141149
-0.00015199
-0.000144491
-0.000149902
-0.000136927
-0.000125958
-0.000117488
-0.000128731
-0.00012083
-0.000112477
-0.000109931
-0.000112711
-0.000133402
-0.00013707
-0.000125862
-0.000128828
-0.000120752
-0.000151723
-0.000144501
-0.000137497
-0.000148735
-0.000140457
-0.000128735
-0.000132691
-0.000126792
-0.00011317
-0.000125001
-0.000116381
-0.000108628
-0.000110979
-0.000112831
-0.000134799
-0.000136726
-0.00012702
-0.000129049
-0.00012128
-0.000152872
-0.000145093
-0.000148322
-0.000140224
-0.000132442
-0.000130542
-0.000127802
-0.000123039
-0.000125012
-0.000116837
-0.000108587
-0.000114795
-0.000108568
-0.000124919
-0.000116629
-0.000138908
-0.000132557
-0.000140176
-0.000148044
-0.000130879
-0.000127966
-0.000143096
-0.0001529
-0.000145131
-0.000136988
-0.000127077
-0.00011906
-0.000129051
-0.000120966
-0.00011281
-0.000114011
-0.000114672
-0.000138175
-0.000138908
-0.000130639
-0.000131087
-0.000123206
-0.000155053
-0.000147417
-0.000150288
-0.00013356
-0.000142633
-0.000134152
-0.000125771
-0.00012637
-0.000109693
-0.000118535
-0.000110031
-0.000125722
-0.000118049
-0.000110311
-0.000126434
-0.000118664
-0.000141859
-0.000134133
-0.000142514
-0.000150317
-0.00014631
-0.00015454
-0.000147015
-0.000138989
-0.000130401
-0.000122453
-0.000131215
-0.000123511
-0.000114963
-0.000114767
-0.000114176
-0.000138868
-0.000138194
-0.000130827
-0.000130376
-0.000122606
-0.000154197
-0.000146665
-0.000149324
-0.000134181
-0.000141757
-0.000133825
-0.000126336
-0.000125934
-0.000109934
-0.000117843
-0.000109596
-0.00012631
-0.000118563
-0.000109515
-0.000125641
-0.000117671
-0.000142486
-0.000133658
-0.000141873
-0.000149511
-0.000147232
-0.000154117
-0.000146595
-0.000138348
-0.000131171
-0.000123344
-0.000130316
-0.000122425
-0.000114079
-0.000112916
-0.000111096
-0.000136799
-0.000134719
-0.000129099
-0.000127016
-0.000119303
-0.000150801
-0.000142976
-0.000146841
-0.000149533
-0.000132925
-0.000138791
-0.000128028
-0.000125267
-0.000130528
-0.000122969
-0.00010857
-0.000115029
-0.000124961
-0.000116441
-0.000114961
-0.000140158
-0.000138825
-0.000147047
-0.000127957
-0.000130834
-0.000123228
-0.000145147
-0.00015087
-0.000143036
-0.000134729
-0.000128904
-0.00012107
-0.000126889
-0.000119099
-0.000111121
-0.000109252
-0.000132383
-0.00012485
-0.000126763
-0.000113608
-0.000128399
-0.000120682
-0.000151179
-0.000137304
-0.000145067
-0.000152706
-0.000144202
-0.000149479
-0.000141088
-0.000133686
-0.000128545
-0.000120636
-0.000126012
-0.000127796
-0.000117271
-0.000109586
-0.000112468
-0.000109774
-0.000137061
-0.000133286
-0.000128784
-0.000125819
-0.000117381
-0.00012737
-0.000149495
-0.000141024
-0.000150919
-0.000152074
-0.000140509
-0.000144681
-0.000137446
-0.000129217
-0.000124833
-0.000127282
-0.000116424
-0.000121279
-0.00011343
-0.000125724
-0.000117094
-0.000113119
-0.000141214
-0.000136853
-0.000127356
-0.000128437
-0.000120026
-0.000129416
-0.000151474
-0.000143318
-0.000152714
-0.000148583
-0.000148973
-0.000137555
-0.000140043
-0.000132657
-0.000129205
-0.000125003
-0.000125462
-0.000113371
-0.000116262
-0.000108972
-0.00012887
-0.000121416
-0.000108989
-0.000125017
-0.000116465
-0.000144577
-0.000132671
-0.000139595
-0.000148079
-0.000125514
-0.000150512
-0.000151318
-0.000143336
-0.000133689
-0.000136971
-0.000127529
-0.000126199
-0.000128596
-0.000129485
-0.000120237
-0.000109946
-0.000112895
-0.000129981
-0.000121374
-0.000114811
-0.000145013
-0.000137909
-0.000130216
-0.000129695
-0.000120869
-0.000128632
-0.000152105
-0.000143705
-0.000150886
-0.000110767
-0.000112768
-0.000113913
-0.000114047
-0.000113568
-0.000112381
-0.000110001
-0.000148027
-0.000148001
-0.000140846
-0.000140063
-0.000134834
-0.000131214
-0.000125595
-0.000125188
-0.000126117
-0.000126473
-0.000117509
-0.000117426
-0.00011149
-0.000111458
-0.000134205
-0.000125777
-0.000126185
-0.000111724
-0.000125548
-0.000117404
-0.000149094
-0.000134841
-0.000140154
-0.000148097
-0.000125169
-0.000131509
-0.000153306
-0.000109852
-0.000112133
-0.000113571
-0.000114109
-0.000113894
-0.00011291
-0.000111226
-0.000152784
-0.00015202
-0.000143516
-0.000138136
-0.000138088
-0.000130125
-0.000129873
-0.000129443
-0.000128374
-0.00012083
-0.000115025
-0.000115221
-0.000126294
-0.000118254
-0.000140631
-0.000124434
-0.000129503
-0.000113254
-0.000126475
-0.000116159
-0.000151956
-0.00013576
-0.000138907
-0.00012121
-0.000122689
-0.000151794
-0.000141922
-0.000146751
-0.00012604
-0.000128109
-0.000150876
-0.000128128
-0.000129858
-0.000113902
-0.000151431
-0.000132519
-0.000117122
-0.000128192
-0.000133829
-0.000119537
-0.000137628
-0.000139086
-0.000154747
-0.000124222
-0.000126569
-0.000115506
-0.000140797
-0.000142259
-0.000156908
-0.00012833
-0.000130388
-0.000119585
-0.000142858
-0.000143204
-0.000157219
-0.000131856
-0.000132655
-0.000122903
-0.000143713
-0.000143612
-0.000157598
-0.000132754
-0.000132106
-0.000122141
-0.0001425
-0.00014142
-0.000155952
-0.000130967
-0.000129245
-0.000118241
-0.000140077
-0.00013807
-0.00015379
-0.000127333
-0.000125228
-0.000113535
-0.000136443
-0.000150043
-0.000123203
-0.000127051
-0.000132676
-0.000117996
-0.000148594
-0.000131508
-0.000115725
-0.000128294
-0.000112375
-0.000149876
-0.000144492
-0.000125906
-0.000126384
-0.000148941
-0.000140058
-0.00013787
-0.000125425
-0.000128406
-0.000123453
-0.000138833
-0.00013125
-0.000126936
-0.000129121
-0.000118371
-0.000115904
-0.000116002
-0.000129598
-0.000120524
-0.000142262
-0.000127051
-0.000131793
-0.000116112
-0.000128569
-0.000118684
-0.000153466
-0.000137842
-0.000140622
-0.000150553
-0.000123295
-0.000125546
-0.000146096
-0.000126794
-0.000126591
-0.000150479
-0.000128364
-0.000113071
-0.000130788
-0.000115693
-0.000136258
-0.000151353
-0.000122874
-0.000111724
-0.000126668
-0.000131572
-0.000117389
-0.00013824
-0.000140117
-0.000155637
-0.000125228
-0.000127533
-0.000115719
-0.000141967
-0.000143022
-0.000158007
-0.000129669
-0.000131389
-0.000120999
-0.00014366
-0.000143813
-0.000157676
-0.00013241
-0.00013299
-0.000123016
-0.000143521
-0.000143153
-0.00015743
-0.000132665
-0.0001318
-0.000121594
-0.000142279
-0.000140925
-0.000155415
-0.000130408
-0.000128569
-0.000117326
-0.000139162
-0.00013649
-0.000152375
-0.000126596
-0.000123734
-0.000112543
-0.000127255
-0.000150293
-0.000132558
-0.000118922
-0.000130961
-0.000116782
-0.00014912
-0.000128488
-0.000113979
-0.000128285
-0.000155161
-0.00015152
-0.000141324
-0.000128676
-0.000126107
-0.000146582
-0.000138378
-0.000135424
-0.000122141
-0.000125965
-0.000120526
-0.000135957
-0.000129582
-0.000124696
-0.000126189
-0.000116124
-0.000113901
-0.00011328
-7.59739e-05
-7.84446e-05
-0.000101251
-8.02634e-05
-8.04893e-05
-0.000103149
-8.23544e-05
-8.45295e-05
-0.000108575
-0.00010636
-0.000105515
-8.67391e-05
-8.45587e-05
-0.000100979
-8.31423e-05
-8.12409e-05
-7.85801e-05
-7.78619e-05
-7.81052e-05
-8.0645e-05
-0.000103423
-8.25807e-05
-8.2677e-05
-0.000104716
-8.43194e-05
-8.63013e-05
-0.000107959
-0.00010977
-0.000105271
-0.000102322
-8.39916e-05
-8.19699e-05
-9.84493e-05
-8.02253e-05
-8.01608e-05
-7.8344e-05
-7.6042e-05
-6.61528e-05
-7.93952e-05
-8.16637e-05
-7.10923e-05
-8.95785e-05
-9.47278e-05
-0.000102951
-0.000105261
-7.79132e-05
-8.30685e-05
-8.06447e-05
-6.97697e-05
-0.000106486
-9.34013e-05
-7.88394e-05
-6.9265e-05
-9.31231e-05
-7.58892e-05
-8.01835e-05
-6.48552e-05
-6.86162e-05
-0.000101281
-9.03555e-05
-8.46146e-05
-8.26395e-05
-7.33493e-05
-8.02762e-05
-0.000108324
-9.3056e-05
-9.72554e-05
-0.000105856
-8.40502e-05
-0.000105786
-0.000103843
-0.000106855
-0.000104095
-9.54041e-05
-9.94026e-05
-9.15698e-05
-8.80177e-05
-8.15598e-05
-7.96999e-05
-7.71062e-05
-9.12243e-05
-8.24945e-05
-7.82023e-05
-8.13003e-05
-7.13206e-05
-6.77928e-05
-6.91264e-05
-0.000104005
-9.27473e-05
-0.000106051
-8.24807e-05
-9.65181e-05
-9.23747e-05
-0.000102046
-8.57605e-05
-8.05923e-05
-6.89508e-05
-8.23893e-05
-8.4429e-05
-7.31123e-05
-7.82798e-05
-6.88133e-05
-7.82531e-05
-6.88972e-05
-8.29856e-05
-8.47323e-05
-7.33644e-05
-9.2909e-05
-9.70558e-05
-0.000106511
-0.000108513
-8.08362e-05
-8.64925e-05
-8.33666e-05
-7.30502e-05
-0.000108544
-9.54043e-05
-8.1433e-05
-7.22992e-05
-9.37949e-05
-7.84944e-05
-8.2871e-05
-6.72558e-05
-7.99901e-05
-7.1231e-05
-0.000102854
-8.81528e-05
-9.11443e-05
-7.70321e-05
-8.1412e-05
-0.000104319
-9.51545e-05
-0.00010122
-0.000106963
-0.00010818
-0.000105841
-0.000102721
-0.000104487
-9.69144e-05
-9.32743e-05
-8.39478e-05
-9.55536e-05
-9.06344e-05
-8.5053e-05
-8.27645e-05
-8.02365e-05
-7.3587e-05
-9.02047e-05
-8.01913e-05
-7.65863e-05
-7.91826e-05
-6.87305e-05
-6.48903e-05
-6.77571e-05
-0.000101499
-9.07501e-05
-0.000103354
-8.09049e-05
-9.49001e-05
-9.00032e-05
-8.34513e-05
-7.82328e-05
-6.71228e-05
-7.97356e-05
-8.14738e-05
-7.08728e-05
-6.61093e-05
-6.72955e-05
-6.69148e-05
-8.22029e-05
-8.14599e-05
-7.36851e-05
-9.12634e-05
-9.07591e-05
-9.72875e-05
-0.000106114
-0.000105574
-8.24514e-05
-8.2747e-05
-7.0802e-05
-6.3385e-05
-8.97669e-05
-8.27946e-05
-8.15096e-05
-6.87717e-05
-8.07776e-05
-7.4286e-05
-9.75449e-05
-8.65049e-05
-8.97449e-05
-7.98998e-05
-8.3074e-05
-0.000104031
-9.36015e-05
-9.68415e-05
-0.000106408
-9.86509e-05
-0.00010003
-0.000105804
-0.000100162
-9.91145e-05
-0.000102813
-9.7614e-05
-9.55689e-05
-9.49815e-05
-9.22231e-05
-8.80719e-05
-8.21336e-05
-8.14138e-05
-8.79651e-05
-8.31089e-05
-7.94976e-05
-8.04971e-05
-7.62184e-05
-7.16076e-05
-6.85393e-05
-6.68768e-05
-8.80498e-05
-0.000102479
-9.36547e-05
-0.000101418
-7.83089e-05
-8.7897e-05
-7.93461e-05
-6.35755e-05
-7.93133e-05
-7.00625e-05
-6.29288e-05
-6.22e-05
-8.74059e-05
-7.89535e-05
-7.81314e-05
-6.98485e-05
-7.89947e-05
-7.00293e-05
-0.000102848
-9.37608e-05
-0.000102555
-9.3676e-05
-8.01762e-05
-7.28242e-05
-6.69e-05
-9.15864e-05
-7.9492e-05
-8.34209e-05
-7.16407e-05
-8.2505e-05
-7.64992e-05
-9.92672e-05
-8.79695e-05
-9.18737e-05
-8.15438e-05
-0.000104385
-9.54076e-05
-9.76505e-05
-0.00010659
-9.93289e-05
-0.000100148
-0.0001055
-0.000100008
-9.87254e-05
-0.000100509
-9.68595e-05
-9.37142e-05
-9.34835e-05
-8.98255e-05
-8.66001e-05
-8.3136e-05
-8.08583e-05
-8.01902e-05
-8.29554e-05
-8.14882e-05
-7.59033e-05
-7.44073e-05
-6.90094e-05
-6.57632e-05
-6.33574e-05
-0.000106816
-9.75517e-05
-0.000106396
-9.76749e-05
-9.07884e-05
-8.23578e-05
-8.23867e-05
-7.32271e-05
-8.23066e-05
-8.17326e-05
-7.38163e-05
-6.6781e-05
-6.55543e-05
-7.77549e-05
-6.92605e-05
-8.91127e-05
-8.55705e-05
-9.35425e-05
-0.0001019
-8.05497e-05
-7.93106e-05
-6.79905e-05
-6.27382e-05
-8.26719e-05
-7.74371e-05
-6.76953e-05
-7.30683e-05
-8.98191e-05
-8.46152e-05
-8.17625e-05
-8.09502e-05
-7.68917e-05
-8.04673e-05
-9.34743e-05
-8.6478e-05
-8.76421e-05
-8.22018e-05
-9.29575e-05
-8.79204e-05
-8.74295e-05
-8.24295e-05
-8.86924e-05
-8.62552e-05
-8.3239e-05
-8.27224e-05
-8.12711e-05
-7.8661e-05
-8.09501e-05
-8.04354e-05
-7.53599e-05
-7.53184e-05
-7.08296e-05
-6.54324e-05
-6.54257e-05
-0.000104684
-9.6595e-05
-8.97203e-05
-8.36822e-05
-8.28391e-05
-7.60263e-05
-8.15359e-05
-7.98534e-05
-7.32006e-05
-6.62276e-05
-6.8617e-05
-6.6071e-05
-8.15772e-05
-7.9712e-05
-7.3365e-05
-9.23698e-05
-8.9673e-05
-9.64037e-05
-0.00010492
-0.000103416
-8.37791e-05
-8.33719e-05
-7.05826e-05
-6.53738e-05
-8.56633e-05
-8.08488e-05
-8.02896e-05
-7.07479e-05
-7.50828e-05
-9.11076e-05
-8.64836e-05
-8.30122e-05
-8.28765e-05
-7.84949e-05
-8.19172e-05
-9.37264e-05
-8.75582e-05
-8.79981e-05
-8.28955e-05
-9.2138e-05
-8.77156e-05
-8.67756e-05
-8.21326e-05
-8.71716e-05
-8.51575e-05
-8.16475e-05
-8.26003e-05
-8.11376e-05
-8.06755e-05
-7.68509e-05
-7.35747e-05
-7.30603e-05
-6.7727e-05
-6.25411e-05
-6.26445e-05
-0.000103306
-9.61422e-05
-0.000101778
-9.33869e-05
-8.59031e-05
-8.05215e-05
-7.94743e-05
-7.21571e-05
-7.79326e-05
-6.9129e-05
-8.12506e-05
-7.23468e-05
-6.83391e-05
-8.3532e-05
-8.1509e-05
-7.56916e-05
-0.000102936
-9.7184e-05
-0.000100837
-9.24272e-05
-6.81681e-05
-6.44966e-05
-7.65585e-05
-6.90581e-05
-7.27852e-05
-8.36053e-05
-8.12184e-05
-8.00908e-05
-7.54042e-05
-7.69719e-05
-8.21441e-05
-8.08099e-05
-7.90483e-05
-7.76112e-05
-7.67112e-05
-7.48562e-05
-7.43473e-05
-7.10609e-05
-6.59293e-05
-6.67906e-05
-6.25767e-05
-9.34816e-05
-0.000104691
-9.6855e-05
-8.86452e-05
-7.79059e-05
-6.93366e-05
-8.05307e-05
-7.20966e-05
-6.45986e-05
-6.44841e-05
-8.54419e-05
-8.84254e-05
-7.76859e-05
-8.03978e-05
-7.19978e-05
-0.000104759
-9.67467e-05
-6.15061e-05
-7.07123e-05
-6.23584e-05
-6.6691e-05
-7.76932e-05
-7.10296e-05
-7.43029e-05
-8.40819e-05
-8.18379e-05
-8.04434e-05
-7.65074e-05
-7.72515e-05
-8.12377e-05
-8.01737e-05
-7.81067e-05
-7.68616e-05
-7.54452e-05
-7.29189e-05
-7.26715e-05
-6.8967e-05
-6.37757e-05
-6.44102e-05
-8.97781e-05
-0.000100941
-9.23279e-05
-8.08524e-05
-8.37115e-05
-6.35593e-05
-8.18013e-05
-7.59499e-05
-6.8235e-05
-8.68699e-05
-8.84456e-05
-7.94389e-05
-8.07919e-05
-7.28196e-05
-0.000104912
-9.69721e-05
-6.19254e-05
-5.99049e-05
-6.97087e-05
-6.35878e-05
-6.73823e-05
-7.42474e-05
-7.02495e-05
-7.19271e-05
-7.36067e-05
-7.22711e-05
-7.12505e-05
-6.79503e-05
-6.8964e-05
-6.56628e-05
-6.17669e-05
-0.000103688
-9.8928e-05
-0.000100852
-9.25762e-05
-8.29693e-05
-7.49045e-05
-8.4504e-05
-8.14515e-05
-7.68723e-05
-6.90575e-05
-6.70786e-05
-6.92406e-05
-9.13529e-05
-9.2569e-05
-0.00010086
-8.26759e-05
-8.40769e-05
-8.14912e-05
-7.66762e-05
-6.39048e-05
-6.17922e-05
-7.13194e-05
-6.57135e-05
-6.89772e-05
-7.45714e-05
-7.12637e-05
-7.22711e-05
-7.25514e-05
-7.19219e-05
-7.02362e-05
-6.59078e-05
-6.74267e-05
-6.35817e-05
-5.99877e-05
-9.44612e-05
-0.000104908
-9.69162e-05
-8.86843e-05
-7.92169e-05
-7.12115e-05
-8.10092e-05
-7.29351e-05
-8.95957e-05
-9.04253e-05
-8.1983e-05
-8.2821e-05
-7.52347e-05
-0.000106862
-9.91308e-05
-6.59761e-05
-6.18825e-05
-6.51911e-05
-7.04055e-05
-6.792e-05
-6.96073e-05
-6.97359e-05
-6.99602e-05
-6.89328e-05
-6.41607e-05
-6.66658e-05
-6.33463e-05
-5.94754e-05
-0.000102065
-8.52336e-05
-9.41174e-05
-8.59084e-05
-7.7742e-05
-7.79463e-05
-6.96851e-05
-6.19766e-05
-7.78215e-05
-6.98672e-05
-6.20134e-05
-7.80599e-05
-6.98144e-05
-9.32048e-05
-8.6035e-05
-9.40164e-05
-0.000102183
-6.02936e-05
-5.95395e-05
-6.74519e-05
-6.34438e-05
-6.66422e-05
-7.07612e-05
-6.89321e-05
-6.99593e-05
-6.87226e-05
-6.96081e-05
-6.79221e-05
-6.22897e-05
-6.51289e-05
-6.17236e-05
-9.80688e-05
-0.000106735
-9.88208e-05
-9.05034e-05
-8.22971e-05
-7.44642e-05
-8.28221e-05
-7.51274e-05
-9.05591e-05
-8.97803e-05
-8.29229e-05
-8.17935e-05
-7.40674e-05
-0.000106164
-9.81789e-05
-6.52361e-05
-6.25227e-05
-6.60825e-05
-6.96068e-05
-6.87299e-05
-7.04116e-05
-6.89343e-05
-7.07641e-05
-6.97407e-05
-6.33141e-05
-6.74363e-05
-6.40722e-05
-6.02334e-05
-0.0001016
-8.57947e-05
-9.32663e-05
-8.53348e-05
-7.77942e-05
-7.77474e-05
-8.1475e-05
-6.19569e-05
-6.97434e-05
-7.83924e-05
-6.97088e-05
-7.80682e-05
-6.9653e-05
-9.38763e-05
-8.57016e-05
-9.29156e-05
-0.000101309
-8.13851e-05
-5.95033e-05
-6.02782e-05
-6.66278e-05
-6.41569e-05
-6.74149e-05
-6.99591e-05
-6.97279e-05
-7.07588e-05
-6.79284e-05
-7.04101e-05
-6.87263e-05
-6.17732e-05
-6.58895e-05
-6.22673e-05
-9.91435e-05
-0.000106354
-9.84949e-05
-8.97841e-05
-8.27146e-05
-7.51662e-05
-8.20636e-05
-7.43809e-05
-8.85105e-05
-8.66698e-05
-8.04604e-05
-7.92149e-05
-7.13308e-05
-8.1769e-05
-0.000102825
-9.41609e-05
-6.03623e-05
-6.21469e-05
-6.74747e-05
-6.61574e-05
-6.97146e-05
-7.19189e-05
-7.24926e-05
-7.41434e-05
-7.12653e-05
-7.45475e-05
-7.34816e-05
-6.56774e-05
-7.12178e-05
-6.80903e-05
-6.38622e-05
-0.000103922
-0.000106746
-9.91379e-05
-9.12714e-05
-8.4412e-05
-7.68734e-05
-8.29707e-05
-7.51551e-05
-6.70203e-05
-6.91368e-05
-6.69702e-05
-9.2451e-05
-9.12686e-05
-8.42622e-05
-8.27295e-05
-7.48501e-05
-0.000106924
-9.91428e-05
-6.17868e-05
-6.38352e-05
-6.89548e-05
-6.79755e-05
-7.12853e-05
-7.2275e-05
-7.35104e-05
-7.45357e-05
-7.02482e-05
-7.42806e-05
-7.26172e-05
-6.36254e-05
-6.97588e-05
-6.60801e-05
-6.18448e-05
-9.69806e-05
-0.000103031
-9.44304e-05
-8.64502e-05
-8.08423e-05
-7.29043e-05
-7.91325e-05
-8.13982e-05
-7.09697e-05
-8.37308e-05
-7.60024e-05
-6.41922e-05
-8.09093e-05
-7.21001e-05
-0.000103597
-8.97063e-05
-9.70716e-05
-0.000105127
-6.4664e-05
-6.37032e-05
-6.81844e-05
-7.25704e-05
-7.27645e-05
-8.0899e-05
-7.62329e-05
-8.44134e-05
-8.01119e-05
-7.66122e-05
-8.15543e-05
-8.27601e-05
-7.83889e-05
-8.46661e-05
-8.04346e-05
-7.63138e-05
-8.20516e-05
-8.26451e-05
-7.88114e-05
-7.10593e-05
-8.14231e-05
-7.73598e-05
-7.48873e-05
-6.22359e-05
-7.06788e-05
-6.58134e-05
-6.18366e-05
-9.65098e-05
-0.00010174
-9.31681e-05
-8.5727e-05
-8.03214e-05
-7.21094e-05
-7.78582e-05
-7.96105e-05
-6.92699e-05
-6.45805e-05
-8.84349e-05
-8.53474e-05
-8.04237e-05
-7.77515e-05
-6.93016e-05
-7.96247e-05
-0.000101768
-9.32298e-05
-0.00010356
-6.14753e-05
-6.66848e-05
-6.59438e-05
-7.06271e-05
-7.41895e-05
-7.48279e-05
-8.2004e-05
-7.7851e-05
-8.43852e-05
-8.05096e-05
-7.71967e-05
-8.22202e-05
-8.32525e-05
-7.94672e-05
-8.39269e-05
-8.02134e-05
-7.55249e-05
-8.13777e-05
-8.2095e-05
-7.83882e-05
-6.90325e-05
-8.05606e-05
-7.62813e-05
-7.29194e-05
-6.81727e-05
-6.36036e-05
-0.000104921
-9.22968e-05
-9.70772e-05
-8.97416e-05
-8.35892e-05
-8.11094e-05
-6.83215e-05
-7.23539e-05
-6.38826e-05
-7.78376e-05
-6.91735e-05
-6.52076e-05
-9.33658e-05
-8.92518e-05
-7.93253e-05
-8.04877e-05
-7.1862e-05
-8.16973e-05
-0.000104633
-9.60831e-05
-0.000105724
-6.27945e-05
-6.27002e-05
-6.81879e-05
-7.2962e-05
-7.96468e-05
-7.33229e-05
-8.26904e-05
-8.29712e-05
-7.75186e-05
-8.51698e-05
-8.71047e-05
-8.97713e-05
-8.11058e-05
-8.17107e-05
-8.80787e-05
-9.20954e-05
-9.33889e-05
-8.75513e-05
-9.37056e-05
-9.2998e-05
-9.0985e-05
-8.88427e-05
-8.26203e-05
-8.30855e-05
-7.84936e-05
-8.6134e-05
-8.05508e-05
-7.08343e-05
-8.0853e-05
-8.14672e-05
-7.551e-05
-7.06226e-05
-6.54565e-05
-0.000101266
-0.000102064
-8.97513e-05
-9.25968e-05
-8.31512e-05
-8.12256e-05
-8.37926e-05
-7.59844e-05
-6.58831e-05
-6.8774e-05
-8.12018e-05
-7.30687e-05
-6.84967e-05
-9.64845e-05
-9.20819e-05
-0.000100967
-8.26669e-05
-8.34467e-05
-7.55364e-05
-6.52212e-05
-6.56016e-05
-7.04352e-05
-8.58075e-05
-8.04842e-05
-7.52487e-05
-8.10146e-05
-8.12248e-05
-7.54129e-05
-8.60623e-05
-8.84581e-05
-9.08944e-05
-8.25124e-05
-8.28672e-05
-8.82174e-05
-9.29699e-05
-9.37014e-05
-8.65243e-05
-9.33767e-05
-9.21094e-05
-8.98334e-05
-8.74291e-05
-8.1161e-05
-8.15642e-05
-7.66285e-05
-8.26932e-05
-6.77302e-05
-8.3214e-05
-7.75506e-05
-7.96548e-05
-7.3598e-05
-6.81647e-05
-6.26521e-05
-0.000103666
-0.000104673
-9.6416e-05
-8.57865e-05
-8.92845e-05
-7.94445e-05
-7.78515e-05
-8.05126e-05
-8.15371e-05
-7.20797e-05
-6.543e-05
-8.23252e-05
-7.34603e-05
-6.73925e-05
-9.75568e-05
-9.15869e-05
-8.24465e-05
-8.26575e-05
-7.32829e-05
-8.19186e-05
-0.000105987
-9.70932e-05
-0.000105171
-6.3219e-05
-6.56261e-05
-8.02969e-05
-7.06481e-05
-8.98694e-05
-8.14883e-05
-8.04488e-05
-7.43522e-05
-8.27836e-05
-8.38792e-05
-7.56483e-05
-8.98647e-05
-9.35964e-05
-9.73297e-05
-0.000105825
-0.000103537
-9.6833e-05
-0.000105795
-0.000100559
-0.000106508
-9.99731e-05
-0.000106059
-9.9391e-05
-0.000102647
-9.55545e-05
-0.000104659
-8.80763e-05
-9.87346e-05
-9.48291e-05
-0.000103569
-8.25398e-05
-9.16438e-05
-8.78314e-05
-8.31948e-05
-7.94047e-05
-7.15588e-05
-8.03264e-05
-8.12951e-05
-7.28595e-05
-7.68927e-05
-6.87053e-05
-0.000102105
-0.000101925
-9.42295e-05
-9.36748e-05
-8.79775e-05
-8.46193e-05
-7.85333e-05
-7.81883e-05
-7.91726e-05
-7.94803e-05
-7.03126e-05
-6.98913e-05
-6.36758e-05
-6.28009e-05
-8.70519e-05
-7.88348e-05
-7.87349e-05
-6.34665e-05
-7.86338e-05
-7.01284e-05
-0.000103138
-8.82595e-05
-9.39173e-05
-0.000102278
-7.85184e-05
-8.47807e-05
-0.000108298
-6.7009e-05
-7.68339e-05
-6.85395e-05
-8.05431e-05
-8.12579e-05
-7.28912e-05
-8.80938e-05
-9.16059e-05
-0.000101024
-7.95421e-05
-8.30508e-05
-8.21366e-05
-7.60188e-05
-9.20301e-05
-9.477e-05
-9.89998e-05
-0.000104759
-0.000106457
-0.000104534
-9.76381e-05
-0.00010667
-0.000100199
-0.000105331
-9.86113e-05
-9.3907e-05
-0.000106203
-0.000100399
-0.000107869
-8.60022e-05
-9.71397e-05
-9.37533e-05
-0.000102572
-8.04345e-05
-8.98093e-05
-8.14826e-05
-6.89985e-05
-8.28539e-05
-8.38501e-05
-7.58798e-05
-8.0263e-05
-7.08189e-05
-6.58289e-05
-0.000106336
-0.000106231
-9.70397e-05
-9.11775e-05
-9.1208e-05
-8.26641e-05
-8.23798e-05
-8.24663e-05
-8.15145e-05
-7.31901e-05
-6.67219e-05
-6.72271e-05
-7.95294e-05
-7.10224e-05
-9.46366e-05
-7.80951e-05
-8.32753e-05
-6.6928e-05
-8.03045e-05
-6.97809e-05
-0.000106859
-9.03954e-05
-9.37074e-05
-0.000103908
-7.56182e-05
-7.8381e-05
-0.00010128
-8.02602e-05
-8.04412e-05
-0.000103011
-8.21404e-05
-6.75698e-05
-7.96201e-05
-8.46683e-05
-6.97901e-05
-9.01411e-05
-9.31806e-05
-0.000108353
-7.65616e-05
-8.0418e-05
-6.88045e-05
-0.000100705
-9.05741e-05
-0.000104486
-9.57184e-05
-8.24773e-05
-8.43175e-05
-0.000108255
-9.71277e-05
-0.000106702
-9.52676e-05
-9.87861e-05
-8.76476e-05
-0.00010269
-7.95989e-05
-9.37369e-05
-9.08914e-05
-0.000106058
-8.2549e-05
-7.81206e-05
-6.75802e-05
-8.15431e-05
-0.000105222
-8.69294e-05
-7.27225e-05
-8.4487e-05
-6.95995e-05
-0.000105596
-0.000101412
-8.30546e-05
-8.12201e-05
-0.000103747
-9.51737e-05
-9.21383e-05
-7.88654e-05
-8.21327e-05
-7.78153e-05
-9.26952e-05
-8.5473e-05
-8.05717e-05
-8.26531e-05
-7.17489e-05
-6.89547e-05
-6.88237e-05
-8.2972e-05
-7.343e-05
-9.72854e-05
-8.10699e-05
-8.57741e-05
-6.91012e-05
-8.25573e-05
-7.23655e-05
-0.000108871
-9.27643e-05
-9.5933e-05
-0.000106167
-7.8248e-05
-8.08578e-05
-0.000103441
-8.2481e-05
-8.26136e-05
-0.000104639
-8.43396e-05
-6.93093e-05
-8.14735e-05
-8.65384e-05
-7.23865e-05
-9.14544e-05
-9.4267e-05
-0.000103176
-0.000108551
-7.86493e-05
-8.29629e-05
-7.98417e-05
-7.13541e-05
-0.000102839
-9.08607e-05
-0.000104722
-9.3449e-05
-0.000104684
-9.60712e-05
-0.000110358
-8.29922e-05
-8.48492e-05
-7.34738e-05
-9.42155e-05
-9.06657e-05
-0.0001055
-8.09769e-05
-7.71287e-05
-6.51306e-05
-7.9385e-05
-0.000102255
-8.43489e-05
-6.95223e-05
-8.19662e-05
-6.75513e-05
-0.000104206
-9.9131e-05
-8.04066e-05
-8.03718e-05
-0.000101615
-9.36242e-05
-9.06564e-05
-7.85637e-05
-8.07552e-05
-7.61691e-05
-8.94469e-05
-8.34349e-05
-7.78453e-05
-7.92919e-05
-6.99891e-05
-6.71269e-05
-6.58466e-05
-2.9458e-05
-3.15332e-05
-5.49794e-05
-3.37253e-05
-3.40142e-05
-5.73447e-05
-3.59853e-05
-3.86107e-05
-6.18482e-05
-5.92069e-05
-5.70418e-05
-3.8736e-05
-3.51462e-05
-5.34494e-05
-3.3625e-05
-3.47535e-05
-3.35316e-05
-3.10242e-05
-3.10908e-05
-3.38221e-05
-5.72368e-05
-3.58862e-05
-3.63744e-05
-5.97897e-05
-3.87594e-05
-4.13499e-05
-6.44029e-05
-5.92086e-05
-5.70461e-05
-3.90349e-05
-3.6006e-05
-5.24767e-05
-3.39877e-05
-3.35927e-05
-3.12202e-05
-2.85295e-05
-1.72943e-05
-3.19212e-05
-3.36313e-05
-2.31957e-05
-4.20509e-05
-4.70429e-05
-5.59047e-05
-5.749e-05
-3.05102e-05
-3.63424e-05
-3.42414e-05
-2.36558e-05
-5.92635e-05
-4.59089e-05
-3.35493e-05
-2.39336e-05
-4.74347e-05
-3.09445e-05
-3.63377e-05
-2.0555e-05
-3.39207e-05
-2.44996e-05
-5.80469e-05
-4.3021e-05
-4.67725e-05
-5.57132e-05
-3.18494e-05
-3.78844e-05
-5.87611e-05
-5.96635e-05
-5.72936e-05
-5.59573e-05
-4.96644e-05
-4.49278e-05
-3.68028e-05
-3.44789e-05
-4.52648e-05
-3.85052e-05
-3.29181e-05
-3.46213e-05
-2.70735e-05
-2.20963e-05
-2.16485e-05
-5.68614e-05
-4.52682e-05
-5.87539e-05
-3.5947e-05
-4.92601e-05
-4.54634e-05
-5.42899e-05
-3.88903e-05
-3.36249e-05
-2.27483e-05
-3.57224e-05
-3.7744e-05
-2.64139e-05
-2.12224e-05
-2.14956e-05
-3.56837e-05
-3.77285e-05
-2.65348e-05
-4.51576e-05
-4.98446e-05
-5.93632e-05
-6.08378e-05
-3.33088e-05
-3.83112e-05
-3.56004e-05
-2.50695e-05
-6.17791e-05
-4.86826e-05
-3.64739e-05
-2.68309e-05
-4.98681e-05
-3.37762e-05
-3.87696e-05
-2.25273e-05
-3.70045e-05
-2.72007e-05
-6.14509e-05
-4.51838e-05
-4.96484e-05
-5.91041e-05
-3.47136e-05
-6.19821e-05
-5.6002e-05
-5.36719e-05
-5.46309e-05
-4.70912e-05
-4.30893e-05
-3.78818e-05
-3.37934e-05
-3.19585e-05
-4.42377e-05
-3.60293e-05
-3.11767e-05
-3.41173e-05
-2.44195e-05
-2.00778e-05
-2.13712e-05
-5.46239e-05
-4.34191e-05
-5.57279e-05
-3.323e-05
-4.71432e-05
-4.20426e-05
-3.55217e-05
-3.00235e-05
-1.84029e-05
-3.16743e-05
-3.35103e-05
-2.29143e-05
-1.72864e-05
-4.26748e-05
-4.25551e-05
-4.94756e-05
-5.80346e-05
-5.80533e-05
-3.41696e-05
-3.41759e-05
-3.73507e-05
-2.8436e-05
-2.18508e-05
-4.98818e-05
-4.3805e-05
-3.63418e-05
-3.63493e-05
-2.90776e-05
-3.61904e-05
-5.66111e-05
-4.91836e-05
-5.6468e-05
-6.04766e-05
-6.00789e-05
-5.32449e-05
-4.72921e-05
-4.68612e-05
-4.00418e-05
-3.26294e-05
-3.28917e-05
-3.37321e-05
-3.28209e-05
-2.53894e-05
-2.47877e-05
-1.86183e-05
-5.47311e-05
-4.65197e-05
-3.87178e-05
-3.87119e-05
-2.90747e-05
-3.78097e-05
-3.75027e-05
-2.93105e-05
-2.31361e-05
-2.32492e-05
-2.2932e-05
-3.83155e-05
-3.76982e-05
-2.97832e-05
-5.40118e-05
-4.63477e-05
-5.41227e-05
-4.65943e-05
-3.89726e-05
-3.91827e-05
-1.95943e-05
-4.21094e-05
-3.36124e-05
-3.29911e-05
-1.85351e-05
-3.27034e-05
-2.48305e-05
-5.33668e-05
-4.01028e-05
-4.68199e-05
-3.27788e-05
-6.00456e-05
-5.31859e-05
-5.95762e-05
-5.70523e-05
-5.66854e-05
-4.93813e-05
-4.50176e-05
-4.37978e-05
-3.63359e-05
-3.75524e-05
-3.6231e-05
-3.62354e-05
-2.88259e-05
-2.27569e-05
-2.21874e-05
-5.82512e-05
-4.92146e-05
-5.77567e-05
-4.90362e-05
-4.20549e-05
-3.42105e-05
-3.35627e-05
-2.58631e-05
-6.08296e-05
-5.32919e-05
-1.57117e-05
-3.61266e-05
-2.94668e-05
-1.73255e-05
-3.21101e-05
-2.46492e-05
-4.97937e-05
-3.85334e-05
-4.46772e-05
-3.29242e-05
-5.6984e-05
-5.10362e-05
-5.75338e-05
-5.90954e-05
-5.96078e-05
-5.36389e-05
-4.67787e-05
-4.80596e-05
-4.15159e-05
-3.46371e-05
-3.62477e-05
-3.32512e-05
-3.35483e-05
-2.56932e-05
-2.80652e-05
-2.13685e-05
-5.9209e-05
-5.14499e-05
-5.80463e-05
-4.94284e-05
-4.16655e-05
-3.66532e-05
-3.54346e-05
-2.82474e-05
-3.39905e-05
-2.57351e-05
-1.84942e-05
-2.14224e-05
-1.82289e-05
-3.41707e-05
-2.58609e-05
-4.51329e-05
-4.16234e-05
-4.93719e-05
-5.78709e-05
-3.62887e-05
-3.51434e-05
-1.97754e-05
-4.01249e-05
-3.32552e-05
-3.36322e-05
-2.15459e-05
-3.47571e-05
-2.81944e-05
-5.29327e-05
-4.13971e-05
-4.80835e-05
-3.59953e-05
-5.94872e-05
-5.398e-05
-5.63552e-05
-5.69525e-05
-5.09801e-05
-4.36737e-05
-4.47764e-05
-3.87937e-05
-3.59877e-05
-3.22769e-05
-3.31747e-05
-2.30865e-05
-2.44611e-05
-1.76578e-05
-4.90312e-05
-6.11076e-05
-5.37622e-05
-5.84198e-05
-2.08779e-05
-1.76019e-05
-4.08658e-05
-3.45956e-05
-3.60798e-05
-2.43811e-05
-3.70479e-05
-3.10913e-05
-5.2722e-05
-4.30992e-05
-4.98532e-05
-5.9976e-05
-5.53824e-05
-5.75086e-05
-5.85119e-05
-5.04667e-05
-5.2365e-05
-4.70949e-05
-4.10683e-05
-3.73554e-05
-3.08516e-05
-3.4749e-05
-2.77192e-05
-1.76444e-05
-2.04542e-05
-4.54183e-05
-5.70261e-05
-4.85614e-05
-3.67339e-05
-4.06796e-05
-3.49403e-05
-2.20965e-05
-3.3008e-05
-2.49377e-05
-1.7507e-05
-1.73125e-05
-4.06355e-05
-3.50284e-05
-3.70753e-05
-2.93276e-05
-3.30574e-05
-2.4999e-05
-5.90752e-05
-5.3114e-05
-5.69534e-05
-4.84933e-05
-2.42338e-05
-2.04623e-05
-4.36301e-05
-4.06115e-05
-3.69541e-05
-3.4157e-05
-2.77923e-05
-5.66377e-05
-4.72567e-05
-5.25064e-05
-5.75587e-05
-5.92594e-05
-5.95782e-05
-5.4982e-05
-4.69916e-05
-4.99466e-05
-4.33435e-05
-3.68081e-05
-3.43056e-05
-3.55745e-05
-2.78297e-05
-3.06185e-05
-2.44706e-05
-1.78406e-05
-3.48083e-05
-2.86349e-05
-2.0092e-05
-3.29824e-05
-2.69075e-05
-4.70712e-05
-3.87417e-05
-4.49669e-05
-5.57913e-05
-5.09659e-05
-5.67361e-05
-5.49133e-05
-5.7667e-05
-5.32321e-05
-4.3848e-05
-4.79715e-05
-4.16254e-05
-3.56137e-05
-3.25182e-05
-3.37503e-05
-2.56685e-05
-2.99041e-05
-2.3727e-05
-1.64693e-05
-5.09375e-05
-6.05882e-05
-5.28399e-05
-4.50056e-05
-3.51601e-05
-2.75299e-05
-3.73009e-05
-2.96264e-05
-2.17157e-05
-1.99739e-05
-2.18065e-05
-4.31376e-05
-4.51339e-05
-3.54211e-05
-3.72936e-05
-2.95473e-05
-6.10867e-05
-5.32257e-05
-1.84422e-05
-1.671e-05
-3.81924e-05
-3.21977e-05
-3.39365e-05
-2.38876e-05
-3.56291e-05
-2.99764e-05
-5.0225e-05
-4.16606e-05
-4.80217e-05
-5.77387e-05
-5.33619e-05
-5.26532e-05
-5.61315e-05
-5.09754e-05
-4.09181e-05
-4.49623e-05
-3.8958e-05
-3.47657e-05
-3.30483e-05
-2.16953e-05
-2.68725e-05
-1.98944e-05
-3.21524e-05
-2.59533e-05
-1.82433e-05
-2.54728e-05
-4.33686e-05
-4.27675e-05
-3.47374e-05
-3.65266e-05
-3.10767e-05
-5.42088e-05
-4.86456e-05
-5.37937e-05
-5.81995e-05
-5.21055e-05
-5.56742e-05
-5.13321e-05
-4.05617e-05
-4.59498e-05
-3.99657e-05
-3.48829e-05
-3.41184e-05
-2.17363e-05
-2.80208e-05
-2.10449e-05
-5.81705e-05
-5.42934e-05
-5.44522e-05
-4.68185e-05
-3.86741e-05
-3.08736e-05
-3.88031e-05
-3.18276e-05
-2.36695e-05
-1.56834e-05
-2.25306e-05
-1.59291e-05
-2.34107e-05
-4.66414e-05
-4.68235e-05
-5.44985e-05
-3.83744e-05
-3.88148e-05
-3.17791e-05
-1.54455e-05
-3.46294e-05
-2.86959e-05
-2.11254e-05
-3.40063e-05
-2.80938e-05
-4.66103e-05
-3.98084e-05
-4.58562e-05
-5.55692e-05
-5.11988e-05
-5.81635e-05
-4.96283e-05
-5.39295e-05
-4.86693e-05
-3.775e-05
-4.27317e-05
-3.49132e-05
-3.23264e-05
-3.71805e-05
-3.1698e-05
-1.87399e-05
-2.55174e-05
-1.82885e-05
-2.53672e-05
-1.87851e-05
-3.22542e-05
-2.58833e-05
-4.28562e-05
-3.80833e-05
-4.35614e-05
-3.6712e-05
-3.49511e-05
-5.37605e-05
-4.9616e-05
-5.43442e-05
-5.84816e-05
-5.72031e-05
-5.11797e-05
-5.63801e-05
-5.20222e-05
-3.99056e-05
-4.66214e-05
-4.06506e-05
-3.38549e-05
-3.45593e-05
-2.10942e-05
-2.84804e-05
-2.17459e-05
-1.53244e-05
-5.80759e-05
-6.15046e-05
-5.40643e-05
-4.67452e-05
-3.8821e-05
-3.17665e-05
-3.8551e-05
-3.07996e-05
-1.61092e-05
-2.25455e-05
-2.34763e-05
-2.25023e-05
-4.67755e-05
-4.65391e-05
-3.90191e-05
-3.86614e-05
-3.09801e-05
-6.15706e-05
-5.41087e-05
-1.51258e-05
-3.42857e-05
-2.8172e-05
-2.18347e-05
-3.48494e-05
-2.85703e-05
-4.58785e-05
-4.08983e-05
-4.65992e-05
-5.64119e-05
-5.1991e-05
-5.8472e-05
-4.87355e-05
-5.44604e-05
-4.97169e-05
-4.33778e-05
-3.78593e-05
-3.69197e-05
-3.46793e-05
-3.13484e-05
-3.22648e-05
-1.83173e-05
-2.5956e-05
-1.88252e-05
-3.29885e-05
-2.6771e-05
-2.15326e-05
-3.48336e-05
-2.86664e-05
-4.50412e-05
-4.08868e-05
-4.70941e-05
-5.76566e-05
-5.27012e-05
-5.35816e-05
-5.94427e-05
-5.52178e-05
-5.83223e-05
-4.19176e-05
-5.03178e-05
-4.3921e-05
-3.57795e-05
-3.85968e-05
-3.42658e-05
-2.37233e-05
-3.24984e-05
-2.56873e-05
-1.8503e-05
-5.29405e-05
-5.91481e-05
-5.12437e-05
-4.32267e-05
-3.69894e-05
-2.92242e-05
-3.50562e-05
-2.7253e-05
-1.99508e-05
-2.1734e-05
-2.00611e-05
-4.50331e-05
-4.31679e-05
-3.73683e-05
-3.54637e-05
-2.77205e-05
-5.91669e-05
-5.12518e-05
-1.64238e-05
-1.83876e-05
-3.81743e-05
-3.36573e-05
-3.54276e-05
-2.941e-05
-3.205e-05
-2.5592e-05
-4.79203e-05
-4.3914e-05
-5.0043e-05
-5.94759e-05
-5.49352e-05
-5.095e-05
-5.7371e-05
-5.26242e-05
-3.88614e-05
-4.71489e-05
-4.08522e-05
-3.29391e-05
-3.4817e-05
-2.00267e-05
-2.85403e-05
-2.15026e-05
-1.74983e-05
-2.07439e-05
-4.08019e-05
-3.5573e-05
-3.67594e-05
-3.06948e-05
-3.45849e-05
-3.3102e-05
-2.7953e-05
-4.9885e-05
-4.70125e-05
-5.29231e-05
-5.82279e-05
-5.76483e-05
-4.7024e-05
-5.67159e-05
-5.02165e-05
-4.35595e-05
-3.44609e-05
-2.78176e-05
-3.70034e-05
-3.60062e-05
-3.09882e-05
-2.42811e-05
-1.7365e-05
-6.07429e-05
-4.86553e-05
-5.29504e-05
-4.56898e-05
-3.72261e-05
-3.31851e-05
-3.53961e-05
-2.49512e-05
-2.94463e-05
-2.19332e-05
-1.74263e-05
-4.09012e-05
-3.32341e-05
-3.5157e-05
-2.18079e-05
-3.6707e-05
-2.91219e-05
-5.91305e-05
-4.55239e-05
-5.31475e-05
-6.076e-05
-2.05983e-05
-1.75796e-05
-2.43347e-05
-4.05771e-05
-4.37951e-05
-3.4451e-05
-3.74919e-05
-3.618e-05
-3.10892e-05
-5.67943e-05
-5.24107e-05
-5.62645e-05
-5.02623e-05
-5.91716e-05
-5.50053e-05
-5.85155e-05
-4.33911e-05
-5.30861e-05
-4.70615e-05
-3.70935e-05
-4.08682e-05
-3.56695e-05
-2.41139e-05
-3.41427e-05
-3.27878e-05
-2.74505e-05
-2.10166e-05
-5.83019e-05
-5.68758e-05
-4.89309e-05
-5.74324e-05
-1.57282e-05
-3.22229e-05
-2.45291e-05
-2.28077e-05
-3.61773e-05
-3.62071e-05
-2.94638e-05
-4.47787e-05
-4.36232e-05
-4.99053e-05
-5.65457e-05
-5.63318e-05
-5.92538e-05
-5.36594e-05
-5.91464e-05
-4.13886e-05
-5.28495e-05
-4.68834e-05
-3.4922e-05
-4.02084e-05
-3.37577e-05
-2.13104e-05
-3.30342e-05
-3.24019e-05
-2.56553e-05
-1.95502e-05
-5.89191e-05
-5.98881e-05
-5.1462e-05
-4.17775e-05
-4.48356e-05
-3.53303e-05
-3.41784e-05
-3.6529e-05
-3.78991e-05
-2.8055e-05
-1.82099e-05
-2.13848e-05
-3.40295e-05
-2.55583e-05
-2.12851e-05
-4.95957e-05
-4.51965e-05
-3.54411e-05
-3.64491e-05
-2.79663e-05
-3.73703e-05
-5.9936e-05
-5.19712e-05
-1.98893e-05
-4.06625e-05
-3.4189e-05
-3.50722e-05
-2.83277e-05
-3.35545e-05
-3.28627e-05
-2.57901e-05
-4.8024e-05
-4.68363e-05
-5.32071e-05
-5.97049e-05
-5.96794e-05
-5.63134e-05
-5.0945e-05
-5.63919e-05
-3.89223e-05
-4.99281e-05
-4.39334e-05
-3.22075e-05
-3.6263e-05
-1.74919e-05
-3.60679e-05
-2.90468e-05
-2.24519e-05
-1.52624e-05
-5.32041e-05
-5.70152e-05
-4.84726e-05
-4.91749e-05
-4.28622e-05
-3.36121e-05
-3.42498e-05
-2.6069e-05
-3.34796e-05
-5.86155e-05
-4.93694e-05
-5.78288e-05
-2.20458e-05
-3.19317e-05
-2.28741e-05
-3.75468e-05
-3.79445e-05
-2.87645e-05
-4.37257e-05
-4.47129e-05
-4.97488e-05
-5.78537e-05
-5.86972e-05
-3.62253e-05
-3.64714e-05
-6.05856e-05
-5.31323e-05
-6.21907e-05
-3.98545e-05
-5.41251e-05
-4.76223e-05
-5.74036e-05
-3.25955e-05
-4.22616e-05
-3.31018e-05
-1.88278e-05
-3.3922e-05
-3.47679e-05
-2.53285e-05
-1.94121e-05
-5.44e-05
-5.38783e-05
-4.66353e-05
-4.63409e-05
-3.91354e-05
-3.86279e-05
-3.84757e-05
-3.73636e-05
-2.92041e-05
-2.2894e-05
-2.29604e-05
-3.81485e-05
-2.9279e-05
-2.34495e-05
-5.46318e-05
-4.63997e-05
-5.3919e-05
-3.9177e-05
-3.84633e-05
-2.93771e-05
-3.7428e-05
-6.12893e-05
-1.97004e-05
-4.20746e-05
-3.29229e-05
-3.27452e-05
-2.49358e-05
-3.37747e-05
-3.50126e-05
-2.51707e-05
-4.67012e-05
-4.73306e-05
-5.32237e-05
-6.15892e-05
-6.19657e-05
-5.69379e-05
-4.91527e-05
-5.78436e-05
-4.98552e-05
-4.49014e-05
-5.38278e-05
-3.61645e-05
-3.64641e-05
-2.89129e-05
-3.77185e-05
-3.79456e-05
-2.88164e-05
-3.19674e-05
-2.2959e-05
-5.86188e-05
-5.83272e-05
-4.92371e-05
-4.19675e-05
-4.29779e-05
-3.37003e-05
-3.39138e-05
-3.32751e-05
-2.55541e-05
-3.15896e-05
-2.29209e-05
-4.71398e-05
-3.06498e-05
-3.63084e-05
-1.97884e-05
-3.39247e-05
-2.34938e-05
-5.97472e-05
-4.32306e-05
-4.63628e-05
-5.71447e-05
-2.91757e-05
-3.14347e-05
-5.47946e-05
-3.35647e-05
-3.39156e-05
-5.72807e-05
-3.59827e-05
-2.14238e-05
-3.37333e-05
-3.84869e-05
-2.42944e-05
-4.39994e-05
-4.70252e-05
-5.7357e-05
-6.17153e-05
-3.07267e-05
-3.58337e-05
-3.38134e-05
-2.43063e-05
-5.83285e-05
-4.68017e-05
-5.62333e-05
-4.49201e-05
-5.89699e-05
-3.6844e-05
-4.9465e-05
-4.58178e-05
-5.97306e-05
-3.84014e-05
-3.2805e-05
-2.21392e-05
-3.48718e-05
-5.73138e-05
-3.96269e-05
-2.57512e-05
-3.55186e-05
-2.24712e-05
-5.89801e-05
-5.36732e-05
-3.37243e-05
-3.49763e-05
-5.69244e-05
-4.84679e-05
-4.55349e-05
-3.34476e-05
-3.51916e-05
-3.07829e-05
-4.45696e-05
-3.80705e-05
-3.32481e-05
-3.52285e-05
-2.48099e-05
-2.27615e-05
-2.13335e-05
-3.5498e-05
-2.63025e-05
-5.01702e-05
-3.31877e-05
-3.81628e-05
-2.23279e-05
-3.55124e-05
-2.51277e-05
-6.24651e-05
-4.57868e-05
-4.89425e-05
-5.92486e-05
-3.10091e-05
-3.38731e-05
-5.72464e-05
-3.59061e-05
-3.62964e-05
-5.97787e-05
-3.86717e-05
-2.38102e-05
-3.62989e-05
-4.12726e-05
-2.68658e-05
-4.6906e-05
-5.01185e-05
-5.92955e-05
-6.44604e-05
-3.35213e-05
-3.85452e-05
-3.69522e-05
-2.69336e-05
-6.11748e-05
-4.96436e-05
-5.43251e-05
-4.2818e-05
-5.748e-05
-3.3647e-05
-4.74908e-05
-4.3695e-05
-5.92612e-05
-3.60902e-05
-3.09145e-05
-1.99383e-05
-3.36298e-05
-5.72045e-05
-3.84584e-05
-2.39887e-05
-3.60509e-05
-2.07134e-05
-5.72405e-05
-5.25817e-05
-3.40449e-05
-3.35183e-05
-5.41399e-05
-4.60862e-05
-4.28591e-05
-3.11345e-05
-3.30921e-05
-2.82161e-05
-4.17527e-05
-3.57901e-05
-3.01372e-05
-3.13895e-05
-2.22473e-05
-1.91195e-05
-1.73777e-05
1.28369e-05
-1.04364e-05
1.06339e-05
9.73467e-06
-1.11703e-05
8.09667e-06
6.90902e-06
-1.52119e-05
-1.45e-05
-1.23721e-05
5.88562e-06
8.84024e-06
-7.88033e-06
1.09761e-05
1.12834e-05
1.33338e-05
1.59489e-05
1.5926e-05
1.33613e-05
-1.01086e-05
1.13637e-05
1.12448e-05
-1.25998e-05
9.25382e-06
6.39172e-06
-1.79697e-05
-1.24284e-05
-9.97804e-06
8.42331e-06
1.05273e-05
-4.6152e-06
1.23612e-05
1.21999e-05
1.42878e-05
-1.12431e-05
-4.79882e-08
1.1032e-05
7.63891e-06
1.2163e-05
2.23165e-05
-8.93426e-07
1.52608e-05
1.03594e-05
2.73994e-05
1.27334e-05
2.24434e-05
-1.26565e-05
3.04188e-06
-1.15156e-06
-1.08529e-05
1.43549e-05
8.08625e-06
-1.52521e-05
-1.3448e-05
-1.17676e-05
-9.48164e-06
-3.47076e-06
1.25655e-06
9.3797e-06
1.1442e-05
1.55444e-07
7.83341e-06
1.34345e-05
1.09066e-05
1.92193e-05
2.47476e-05
2.39619e-05
-9.53055e-06
1.34878e-06
-1.09538e-05
1.10151e-05
-2.63894e-06
1.99221e-06
8.17649e-06
1.37716e-05
2.54452e-05
1.22094e-05
1.01378e-05
2.06546e-05
2.52758e-05
2.53989e-05
1.25795e-05
1.02652e-05
2.05811e-05
2.65764e-06
-2.6975e-06
-1.12442e-05
-1.33916e-05
1.41397e-05
8.80056e-06
1.14588e-05
2.21934e-05
-1.53686e-05
-2.2972e-06
1.11625e-05
2.09755e-05
-3.41193e-06
1.36321e-05
7.71601e-06
2.48136e-05
9.34894e-06
1.95438e-05
-1.53702e-05
1.0319e-06
-3.31908e-06
-1.36774e-05
1.18085e-05
-1.0593e-05
-8.82611e-06
-7.86465e-06
-9.47037e-07
3.37669e-06
8.09184e-06
1.29636e-05
1.45316e-05
2.83938e-06
1.08784e-05
1.57362e-05
1.33615e-05
2.2546e-05
2.70349e-05
2.54198e-05
-5.49624e-06
1.12071e-05
7.47902e-06
2.05919e-05
8.37173e-06
1.79142e-05
2.4075e-05
-5.87134e-06
7.09407e-07
9.00855e-06
9.44592e-06
1.6832e-05
-1.32172e-05
-5.87947e-06
-1.06316e-05
-1.08209e-05
-2.29731e-06
-2.52498e-06
4.08254e-06
1.24764e-05
1.19234e-05
1.25362e-05
1.29498e-05
2.09266e-05
2.09062e-05
2.75814e-05
-1.4613e-05
-5.34161e-06
-1.45727e-05
-5.89652e-06
2.79656e-07
9.27724e-06
8.77547e-06
1.81295e-05
8.835e-06
9.0554e-06
1.72766e-05
2.33938e-05
2.96703e-05
2.97841e-05
2.35608e-05
2.33024e-05
8.59411e-06
8.55129e-06
1.65047e-05
8.60212e-07
5.59332e-07
-5.57239e-06
-1.39503e-05
-1.38991e-05
9.17175e-06
8.9137e-06
2.72041e-05
3.30874e-06
1.24455e-05
1.24666e-05
2.74092e-05
1.20883e-05
2.0775e-05
-1.04711e-05
3.69237e-06
-2.54787e-06
-1.05186e-05
1.17776e-05
-1.37522e-05
-1.36002e-05
-5.73542e-06
3.90156e-07
7.22827e-07
9.12599e-06
8.10882e-06
9.21594e-06
1.67931e-05
2.36667e-05
2.41594e-05
3.0159e-05
6.70773e-06
1.43522e-05
1.34632e-05
2.7408e-05
1.16084e-05
1.99996e-05
-8.79114e-06
3.85872e-06
-2.56903e-06
-1.0044e-05
1.06078e-05
-1.37874e-05
-3.64345e-06
-6.61805e-06
6.17276e-07
9.00442e-06
1.08327e-05
9.92074e-06
1.9187e-05
1.63726e-05
2.368e-05
-1.2186e-05
-4.85712e-06
-1.09552e-05
-2.64718e-06
4.58982e-06
9.63611e-06
1.05837e-05
1.7228e-05
1.15848e-05
1.93431e-05
2.65488e-05
2.39879e-05
2.65848e-05
1.15869e-05
1.95201e-05
1.61725e-06
4.53228e-06
-2.49686e-06
-1.06598e-05
9.78275e-06
1.07823e-05
2.60188e-05
2.58309e-06
1.10661e-05
9.97449e-06
2.37529e-05
8.90375e-06
1.62883e-05
-1.29573e-05
6.0338e-07
-6.6041e-06
-1.3804e-05
-1.04947e-05
-1.15666e-05
-3.46061e-07
-2.53487e-06
4.11411e-06
1.2166e-05
1.03766e-05
1.39935e-05
1.34834e-05
2.28713e-05
2.01609e-05
2.74496e-05
2.36125e-05
2.68058e-05
6.98037e-07
3.79044e-06
9.07362e-06
1.15273e-05
1.91958e-05
-1.08668e-05
-3.77629e-06
-1.2749e-05
-1.2338e-05
-1.36975e-05
-7.05488e-06
4.63688e-06
4.86624e-07
7.90086e-06
1.24564e-05
1.51676e-05
1.31127e-05
2.74758e-05
2.32105e-05
3.06613e-05
8.31711e-07
-1.0281e-05
-2.21785e-06
8.76128e-06
4.93165e-06
1.02843e-05
2.24318e-05
1.16012e-05
1.87965e-05
2.63584e-05
2.90215e-05
2.6308e-05
5.00788e-06
1.01528e-05
8.5937e-06
1.57416e-05
1.16829e-05
1.86984e-05
-1.20676e-05
-6.404e-06
-1.02599e-05
-2.36558e-06
1.21398e-05
1.98352e-05
3.11294e-05
1.50697e-05
2.32007e-05
-3.05307e-06
7.92165e-06
3.49395e-07
1.34402e-05
-1.35185e-05
-7.01413e-06
-6.04124e-06
-1.10215e-05
-3.71294e-06
3.78604e-06
8.81989e-06
1.61377e-05
1.14398e-05
1.93201e-05
2.67157e-05
2.90265e-05
6.21779e-06
1.36687e-05
1.13055e-05
2.32586e-05
8.53769e-06
1.57282e-05
-8.40219e-06
1.23236e-06
-6.44643e-06
-1.34557e-05
-4.24964e-06
-9.61979e-06
-2.48209e-06
5.04276e-06
1.05289e-05
1.76742e-05
1.22614e-05
1.96706e-05
2.76726e-05
-4.69714e-06
-1.40729e-05
-6.35261e-06
1.37482e-06
8.24286e-06
9.62257e-06
1.22937e-05
1.66254e-05
1.48747e-05
3.02281e-05
2.15398e-05
2.82595e-05
2.3587e-05
2.84417e-05
1.49222e-05
2.13453e-05
3.07577e-06
8.52532e-06
1.44725e-06
1.00373e-05
1.2658e-05
-1.40747e-05
-6.45515e-06
2.55294e-05
2.7375e-05
3.37251e-06
5.06103e-06
1.09325e-05
1.21929e-05
1.94923e-05
-9.66799e-06
-2.48206e-06
-1.27572e-05
-9.11649e-07
-5.97285e-06
1.30546e-06
8.59029e-06
1.31228e-05
1.0972e-05
2.16098e-05
1.55213e-05
2.31632e-05
9.08704e-06
1.64362e-05
2.50931e-05
9.74448e-06
1.70432e-05
-5.22233e-06
2.7863e-06
-4.54841e-06
-1.15195e-05
-1.46623e-05
-1.71313e-06
-8.36521e-06
-1.24358e-06
6.82741e-06
1.36394e-05
2.11369e-05
1.43397e-05
2.17643e-05
2.94292e-05
-1.14015e-05
-7.27624e-06
-8.423e-06
6.87653e-06
-1.37917e-06
6.21768e-06
1.36947e-05
1.30794e-05
2.70911e-05
1.9834e-05
2.65776e-05
1.38321e-05
2.04258e-05
2.6653e-05
1.34536e-05
1.99311e-05
-5.99866e-07
6.553e-06
-1.36609e-06
-8.96222e-06
2.87545e-05
2.95608e-05
6.26668e-06
7.04587e-06
1.36579e-05
1.4497e-05
2.15979e-05
-1.17999e-05
-1.14617e-06
-8.11647e-06
-1.46798e-05
-1.1514e-05
2.02499e-06
-4.60254e-06
2.63283e-06
9.17061e-06
9.81772e-06
2.4253e-05
1.71885e-05
2.48782e-05
9.80996e-06
1.7051e-05
2.45179e-05
9.26549e-06
1.65795e-05
-4.64956e-06
2.188e-06
-5.34044e-06
-1.21976e-05
-1.29782e-06
-8.83094e-06
-1.7802e-06
6.19345e-06
1.42028e-05
2.15597e-05
1.33648e-05
2.07564e-05
2.89833e-05
-1.2198e-05
-1.5178e-05
-7.88324e-06
6.5382e-06
-5.71428e-07
7.42149e-06
1.34152e-05
1.41379e-05
2.65934e-05
2.03891e-05
2.7226e-05
1.36743e-05
1.99859e-05
2.73029e-05
1.38596e-05
2.05201e-05
-1.41701e-06
6.9602e-06
-7.06104e-07
-1.51363e-05
-8.09956e-06
2.9613e-05
2.90408e-05
7.04989e-06
6.14954e-06
1.43561e-05
1.34592e-05
2.08827e-05
-1.16579e-05
-8.12916e-06
-8.54092e-06
-1.73143e-06
-1.21382e-05
2.91493e-06
-5.28782e-06
2.18163e-06
1.00484e-05
9.33106e-06
2.5021e-05
1.66319e-05
2.44278e-05
2.9072e-05
6.32842e-06
1.10101e-05
8.41287e-06
1.55414e-05
1.35429e-05
2.15398e-05
-6.66482e-06
-9.83826e-07
-8.40393e-06
-1.49687e-05
-1.27895e-05
-2.5934e-06
-1.14498e-05
-4.19829e-06
3.44198e-06
1.23686e-05
1.98e-05
1.09013e-05
1.30312e-05
1.8016e-05
2.55829e-05
-6.48704e-06
-1.2339e-05
-4.71497e-06
8.46402e-06
3.14491e-06
1.23923e-05
1.47844e-05
1.02698e-05
1.669e-05
2.85003e-05
2.36631e-05
3.01368e-05
1.47281e-05
2.13865e-05
3.01812e-05
2.36102e-05
1.13042e-06
2.79928e-06
1.269e-05
1.00097e-05
1.69246e-05
-1.21175e-05
-4.38876e-06
2.76515e-05
2.5465e-05
4.88052e-06
3.47144e-06
1.24192e-05
1.11466e-05
1.3168e-05
1.81506e-05
-1.15421e-05
-4.43949e-06
-1.50644e-05
1.20242e-06
-8.2005e-06
-8.2225e-07
8.28805e-06
6.44339e-06
1.09105e-05
2.32544e-05
1.35083e-05
2.15709e-05
2.9283e-05
2.71379e-05
2.37008e-05
4.0347e-06
8.24479e-07
1.16254e-05
8.97846e-06
1.05631e-05
1.62766e-05
-1.33833e-05
-6.57374e-06
-1.17783e-05
-6.49137e-06
-1.06954e-05
7.64735e-06
-3.27077e-06
4.60102e-06
1.49664e-05
1.20811e-05
3.01655e-05
1.96111e-05
2.73006e-05
-1.36611e-05
-2.32527e-06
-6.26461e-06
6.40165e-07
8.49168e-06
1.17997e-05
9.85058e-06
1.89153e-05
1.56171e-05
2.25956e-05
2.9307e-05
2.63984e-05
2.9135e-05
4.76396e-06
1.1477e-05
1.01189e-05
2.23705e-05
8.78464e-06
1.57414e-05
-1.22708e-05
7.2155e-07
-6.68619e-06
-1.38499e-05
1.49231e-05
2.30103e-05
2.7445e-05
1.21429e-05
1.97062e-05
4.72248e-07
4.56701e-06
-3.18447e-06
-1.05911e-05
-3.58966e-06
-1.34758e-05
-6.45673e-06
-1.18906e-05
7.6864e-07
1.15034e-05
1.91037e-05
8.53673e-06
1.00753e-05
1.58615e-05
2.36521e-05
2.99149e-05
6.54396e-06
1.35141e-05
1.23701e-05
2.01119e-05
1.4147e-05
2.26557e-05
-9.05093e-06
-2.76776e-06
-8.55905e-06
-2.42523e-07
7.22542e-07
-1.16524e-05
-3.60902e-06
-1.07862e-05
8.58144e-06
2.99068e-06
9.86074e-06
2.38349e-05
1.0894e-05
1.16319e-05
1.92339e-05
2.61147e-05
-1.17771e-05
-1.29304e-05
-4.67943e-06
4.52923e-06
1.56144e-06
1.04716e-05
1.1636e-05
9.54374e-06
8.83633e-06
1.70207e-05
2.66976e-05
2.41158e-05
1.17161e-05
1.95105e-05
2.42573e-05
-2.79294e-06
1.56073e-06
1.04749e-05
9.66725e-06
1.71669e-05
9.44105e-06
-1.31786e-05
-5.05378e-06
-1.40975e-05
2.60762e-05
2.73795e-06
1.00245e-05
8.86245e-06
1.63176e-05
1.08024e-05
1.18702e-05
1.93534e-05
-1.22679e-05
-5.9605e-06
-1.20505e-05
-3.68984e-06
4.12043e-06
-8.30419e-06
-3.51347e-07
1.20686e-05
7.23432e-06
1.40749e-05
2.74766e-05
1.44618e-05
2.28009e-05
2.96208e-05
2.41242e-05
1.4648e-05
2.3754e-05
8.16086e-06
7.94456e-06
1.76854e-05
7.40639e-07
1.73664e-07
-5.67254e-06
-1.49913e-05
-1.5246e-05
9.22537e-06
8.74946e-06
3.5935e-06
-1.07628e-05
-2.33875e-06
-1.18337e-05
1.2175e-05
3.55285e-06
1.26686e-05
2.77429e-05
1.2519e-05
1.15687e-05
2.12991e-05
2.73776e-05
-1.46222e-05
-1.43727e-05
-5.48895e-06
2.65902e-07
8.1633e-07
8.52178e-06
8.58706e-06
9.12579e-06
1.03886e-05
1.76972e-05
2.3526e-05
2.38654e-05
2.90917e-05
9.15895e-06
1.76626e-05
2.37674e-05
-5.97869e-06
5.23849e-07
8.82481e-06
8.98582e-06
1.79977e-05
1.0028e-05
-1.42384e-05
-5.21378e-06
-1.33339e-05
2.72294e-05
3.43732e-06
1.25199e-05
1.24851e-05
2.08811e-05
1.22414e-05
1.16766e-05
2.11299e-05
-1.03854e-05
-2.43873e-06
-1.10619e-05
-2.50282e-06
-1.38533e-05
-6.00522e-06
-1.50215e-05
-5.69241e-06
1.02315e-07
-8.86931e-06
9.13342e-06
9.04722e-06
1.6767e-05
8.20914e-06
8.19388e-06
1.76071e-05
1.46324e-05
2.38098e-05
-1.13159e-05
3.40724e-07
-1.02299e-05
7.37789e-06
1.1141e-05
2.07557e-05
1.33591e-05
-1.05502e-05
1.07276e-05
9.66343e-06
-1.12322e-05
7.9285e-06
2.41482e-05
1.2802e-05
7.12404e-06
2.27562e-05
2.47465e-06
-6.64333e-07
-1.07861e-05
-1.56035e-05
1.60733e-05
1.09236e-05
1.28231e-05
2.25427e-05
-1.29959e-05
-1.0212e-06
-9.95696e-06
1.1725e-06
-1.20603e-05
9.32425e-06
-3.08978e-06
3.62382e-07
-1.46137e-05
7.9639e-06
1.38191e-05
2.47671e-05
1.1049e-05
-1.22015e-05
6.24103e-06
2.07172e-05
8.84738e-06
2.3731e-05
-1.27394e-05
-8.09967e-06
1.09959e-05
1.13881e-05
-9.42132e-06
-1.88118e-06
1.58981e-06
1.3396e-05
1.13674e-05
1.62721e-05
1.95239e-06
8.63043e-06
1.37577e-05
1.23651e-05
2.18999e-05
2.45918e-05
2.54399e-05
1.22056e-05
2.0704e-05
-2.39159e-06
1.39294e-05
8.79376e-06
2.50633e-05
1.11762e-05
2.19818e-05
-1.5173e-05
9.49123e-07
-2.205e-06
-1.26549e-05
1.5509e-05
1.33659e-05
-1.0578e-05
1.12806e-05
1.0821e-05
-1.26407e-05
8.81329e-06
2.41541e-05
1.06817e-05
6.03859e-06
2.07105e-05
-1.01537e-07
-3.30742e-06
-1.30326e-05
-1.78711e-05
1.31655e-05
7.99177e-06
9.37531e-06
1.95125e-05
-1.61366e-05
-4.26689e-06
-7.45789e-06
3.40141e-06
-1.04825e-05
1.27842e-05
-6.36015e-07
2.60693e-06
-1.23901e-05
1.07372e-05
1.60726e-05
2.70175e-05
1.32458e-05
-9.98019e-06
8.05742e-06
2.2927e-05
1.03819e-05
2.51901e-05
-9.82223e-06
-4.94087e-06
1.21623e-05
1.22768e-05
-5.50317e-06
6.16254e-07
7.99002e-06
1.11638e-05
1.41174e-05
2.09322e-05
3.34299e-05
5.71626e-05
5.46691e-05
2.92361e-05
3.2798e-05
3.51224e-05
5.43791e-05
5.65212e-05
3.98119e-05
5.81536e-05
5.82473e-05
6.0241e-05
6.26468e-05
6.29545e-05
6.03855e-05
3.69869e-05
5.87058e-05
5.8383e-05
3.465e-05
5.63921e-05
5.40923e-05
2.98229e-05
3.08734e-05
3.57805e-05
5.31859e-05
5.64737e-05
5.70274e-05
6.9124e-05
4.4776e-05
6.21019e-05
5.79161e-05
7.00788e-05
3.50865e-05
4.60352e-05
3.6659e-05
5.25777e-05
5.45832e-05
6.40405e-05
5.55016e-05
3.20121e-05
3.37467e-05
3.52162e-05
3.70384e-05
4.38981e-05
4.83778e-05
5.7196e-05
5.92224e-05
4.79501e-05
5.57876e-05
6.12118e-05
5.86607e-05
6.76177e-05
7.29435e-05
7.23633e-05
3.69538e-05
4.793e-05
3.51073e-05
5.7678e-05
4.35974e-05
4.819e-05
5.48088e-05
5.98181e-05
7.0333e-05
5.81479e-05
5.58396e-05
6.6306e-05
5.97912e-05
6.99443e-05
6.02923e-05
7.01019e-05
5.80163e-05
5.5894e-05
6.61664e-05
4.83977e-05
4.36674e-05
3.55447e-05
3.3116e-05
5.9972e-05
5.50306e-05
5.81272e-05
6.8052e-05
3.17985e-05
4.49154e-05
5.88323e-05
6.9243e-05
4.46235e-05
6.10851e-05
5.584e-05
7.2459e-05
5.75445e-05
6.76794e-05
3.22107e-05
4.8888e-05
4.39569e-05
3.35421e-05
5.95046e-05
3.64704e-05
3.85028e-05
3.88796e-05
4.62267e-05
5.23831e-05
5.48623e-05
5.53324e-05
6.44149e-05
4.56305e-05
5.71031e-05
6.07861e-05
5.54219e-05
6.96825e-05
5.59076e-05
6.52578e-05
7.12491e-05
4.19665e-05
4.77324e-05
5.64029e-05
5.63788e-05
6.48605e-05
5.57067e-05
3.30997e-05
4.1441e-05
3.60964e-05
3.57485e-05
4.51258e-05
4.47046e-05
5.14009e-05
6.02069e-05
5.95428e-05
6.00006e-05
6.06134e-05
6.90344e-05
6.89192e-05
7.55024e-05
3.18889e-05
4.09981e-05
5.07743e-05
3.71146e-05
4.50954e-05
5.90784e-05
5.15076e-05
5.8787e-05
7.17155e-05
5.82413e-05
5.76429e-05
6.5191e-05
7.03302e-05
7.51367e-05
7.47241e-05
7.04616e-05
5.12268e-05
5.85279e-05
5.94911e-05
6.7026e-05
5.80937e-05
5.777e-05
6.52517e-05
3.70261e-05
4.59615e-05
3.68536e-05
4.4832e-05
7.54558e-05
5.11262e-05
6.00579e-05
6.02353e-05
7.58792e-05
6.00752e-05
6.8971e-05
3.64661e-05
5.15839e-05
4.47147e-05
3.60701e-05
5.93658e-05
3.28019e-05
3.32248e-05
4.14612e-05
4.76989e-05
4.76654e-05
5.64362e-05
5.56647e-05
5.62005e-05
5.59173e-05
6.45984e-05
7.14547e-05
7.14255e-05
5.49605e-05
6.2775e-05
7.52408e-05
5.84197e-05
6.73464e-05
3.74463e-05
5.0319e-05
4.38542e-05
3.57085e-05
5.71327e-05
3.22395e-05
4.30182e-05
3.97851e-05
4.72516e-05
5.54797e-05
5.85394e-05
5.71747e-05
6.71324e-05
6.3375e-05
7.117e-05
3.2359e-05
3.91926e-05
3.34191e-05
5.13317e-05
3.98352e-05
4.64156e-05
5.79541e-05
5.26708e-05
5.83232e-05
6.94487e-05
5.84445e-05
5.87313e-05
6.41193e-05
6.92392e-05
7.40085e-05
7.73488e-05
7.73755e-05
7.40696e-05
7.40232e-05
6.92843e-05
5.25218e-05
5.81677e-05
5.80352e-05
6.43619e-05
5.88361e-05
5.92183e-05
6.46236e-05
4.50266e-05
4.63608e-05
3.98271e-05
3.32402e-05
3.43936e-05
7.39519e-05
5.00073e-05
5.82098e-05
5.7166e-05
7.13787e-05
5.56046e-05
6.33737e-05
3.3054e-05
4.73228e-05
3.9269e-05
3.19342e-05
3.56006e-05
3.35822e-05
4.64198e-05
4.34455e-05
5.05198e-05
5.49634e-05
5.86872e-05
5.73393e-05
7.04828e-05
6.73786e-05
7.53245e-05
7.10548e-05
7.44407e-05
4.70997e-05
5.02405e-05
5.55577e-05
5.81252e-05
6.63363e-05
3.47942e-05
4.26468e-05
3.82268e-05
3.63301e-05
5.0908e-05
4.6571e-05
5.68702e-05
5.84987e-05
5.48761e-05
6.23566e-05
7.51878e-05
7.0253e-05
4.21503e-05
3.29803e-05
3.89936e-05
3.43392e-05
5.40218e-05
4.49482e-05
5.13023e-05
5.94785e-05
5.69213e-05
6.9627e-05
5.73621e-05
6.16458e-05
6.56823e-05
7.68563e-05
7.00528e-05
7.35067e-05
7.60709e-05
7.73266e-05
7.89075e-05
7.72482e-05
7.59321e-05
7.38573e-05
7.34721e-05
7.01171e-05
5.94421e-05
6.47658e-05
6.57221e-05
5.66458e-05
5.73607e-05
6.154e-05
4.87263e-05
5.12054e-05
4.48505e-05
3.30879e-05
3.91274e-05
5.85187e-05
6.7094e-05
7.03418e-05
4.37671e-05
4.65366e-05
3.8513e-05
5.68045e-05
5.46147e-05
6.22049e-05
3.94644e-05
3.44614e-05
4.25185e-05
5.06385e-05
5.56407e-05
6.33455e-05
5.85389e-05
6.64661e-05
7.45374e-05
7.66454e-05
5.26524e-05
6.03006e-05
5.75866e-05
7.04526e-05
5.47205e-05
6.24363e-05
3.38649e-05
4.64545e-05
3.85834e-05
3.11034e-05
4.10785e-05
3.51062e-05
4.27403e-05
5.08833e-05
5.66114e-05
6.46534e-05
5.86405e-05
6.65827e-05
7.49246e-05
3.43463e-05
4.87014e-05
4.0484e-05
4.65994e-05
5.22354e-05
5.83586e-05
6.28519e-05
5.71666e-05
5.83901e-05
6.13414e-05
7.05868e-05
6.47586e-05
6.8235e-05
7.4425e-05
7.08001e-05
7.215e-05
7.30472e-05
7.21385e-05
7.07879e-05
6.70741e-05
6.82331e-05
6.47456e-05
5.34415e-05
5.19521e-05
5.8287e-05
5.697e-05
5.83095e-05
6.13705e-05
4.22161e-05
4.64888e-05
4.03506e-05
3.44477e-05
7.29653e-05
7.48615e-05
4.85056e-05
5.09374e-05
5.6807e-05
5.87311e-05
6.65184e-05
3.48988e-05
4.26822e-05
3.12895e-05
4.49696e-05
3.87745e-05
4.661e-05
5.47658e-05
6.07844e-05
5.79916e-05
6.88783e-05
6.23953e-05
7.05255e-05
5.53855e-05
6.32776e-05
7.22445e-05
5.60367e-05
6.37836e-05
3.92955e-05
4.83579e-05
4.00806e-05
3.26404e-05
4.41128e-05
3.69172e-05
4.48019e-05
5.29032e-05
6.00724e-05
6.79546e-05
6.06138e-05
6.8629e-05
7.71989e-05
3.25342e-05
4.52873e-05
3.83162e-05
4.44709e-05
5.56554e-05
5.02414e-05
5.51801e-05
5.98369e-05
5.93283e-05
6.67262e-05
6.29033e-05
6.60107e-05
7.06236e-05
6.84876e-05
6.98228e-05
6.92674e-05
6.98253e-05
6.84624e-05
5.98949e-05
6.34348e-05
6.61065e-05
5.93918e-05
6.29165e-05
5.12244e-05
5.53645e-05
5.03429e-05
3.88269e-05
4.44597e-05
3.80798e-05
3.24042e-05
7.62086e-05
7.71687e-05
5.23494e-05
5.32708e-05
5.9971e-05
6.09339e-05
6.86142e-05
3.72151e-05
4.48708e-05
3.23866e-05
4.76107e-05
4.00726e-05
4.80954e-05
5.54955e-05
5.59502e-05
7.16518e-05
6.40525e-05
7.23816e-05
5.62048e-05
6.39173e-05
7.15457e-05
5.58093e-05
6.35569e-05
4.04193e-05
4.77963e-05
3.97082e-05
3.21326e-05
4.47413e-05
3.64883e-05
4.40305e-05
5.2408e-05
6.07606e-05
6.86472e-05
6.0127e-05
6.80151e-05
7.64738e-05
3.3238e-05
4.44436e-05
3.89651e-05
4.52005e-05
5.52539e-05
5.11176e-05
5.5583e-05
5.94195e-05
5.96283e-05
5.78311e-05
6.60976e-05
6.3438e-05
6.68162e-05
6.98229e-05
6.92685e-05
7.06228e-05
6.84611e-05
7.0625e-05
6.9269e-05
5.94274e-05
6.30189e-05
6.6811e-05
5.97378e-05
6.3472e-05
5.0204e-05
5.56679e-05
5.10518e-05
5.831e-05
3.80273e-05
4.51176e-05
3.88858e-05
3.32469e-05
7.69672e-05
7.6235e-05
5.32244e-05
5.23456e-05
6.0904e-05
5.99127e-05
6.7671e-05
3.66104e-05
4.40435e-05
3.18673e-05
4.82501e-05
3.94431e-05
4.77223e-05
5.62002e-05
5.58101e-05
7.22894e-05
6.37409e-05
7.14995e-05
7.70408e-05
5.28579e-05
5.75879e-05
5.49968e-05
6.23825e-05
6.02917e-05
6.8771e-05
3.34707e-05
3.82829e-05
3.64844e-05
4.50152e-05
4.30908e-05
3.40221e-05
4.1423e-05
3.60641e-05
4.84322e-05
5.86757e-05
6.67054e-05
5.68579e-05
6.48181e-05
7.29662e-05
3.5941e-05
3.41162e-05
4.65568e-05
4.22188e-05
4.88492e-05
5.38462e-05
5.70281e-05
6.11426e-05
5.86442e-05
5.75384e-05
6.30881e-05
6.82137e-05
6.69895e-05
7.0534e-05
7.21451e-05
7.30474e-05
7.44139e-05
7.08057e-05
7.44649e-05
7.31293e-05
6.4672e-05
7.0566e-05
6.70148e-05
5.21024e-05
5.36271e-05
5.71793e-05
5.82504e-05
6.28991e-05
5.72563e-05
4.04595e-05
4.88642e-05
4.22056e-05
3.61222e-05
7.51091e-05
7.28838e-05
5.10396e-05
4.85468e-05
5.89008e-05
5.69448e-05
6.48156e-05
3.34287e-05
4.09178e-05
4.65571e-05
3.6732e-05
4.49216e-05
5.50002e-05
5.26723e-05
5.7899e-05
7.0274e-05
6.02441e-05
6.86738e-05
7.67728e-05
7.46234e-05
7.12798e-05
5.05742e-05
4.71577e-05
5.87242e-05
5.60183e-05
5.74966e-05
6.36713e-05
3.19127e-05
3.9345e-05
3.55611e-05
4.39809e-05
5.10039e-05
5.51679e-05
5.73011e-05
6.27856e-05
5.86737e-05
6.72066e-05
7.50618e-05
3.8921e-05
3.5479e-05
4.20553e-05
5.08682e-05
4.88415e-05
5.3734e-05
5.6421e-05
5.91068e-05
5.91334e-05
6.58805e-05
6.50126e-05
6.97337e-05
7.34072e-05
7.38627e-05
7.7013e-05
7.71063e-05
7.88126e-05
7.60914e-05
7.89955e-05
7.00539e-05
7.72511e-05
7.40106e-05
5.69262e-05
6.14756e-05
6.96186e-05
5.95778e-05
6.47937e-05
4.4877e-05
5.43338e-05
4.89275e-05
5.89889e-05
3.53947e-05
4.2014e-05
3.43375e-05
7.02832e-05
7.49792e-05
5.86082e-05
6.72218e-05
4.64715e-05
5.10267e-05
4.37637e-05
3.5412e-05
5.45957e-05
5.68215e-05
4.23942e-05
3.18022e-05
3.94573e-05
3.38036e-05
4.73188e-05
5.80409e-05
6.61219e-05
5.53983e-05
5.72348e-05
6.32025e-05
7.11926e-05
5.84842e-05
6.7322e-05
7.025e-05
5.46054e-05
5.5718e-05
6.26907e-05
3.69221e-05
4.37138e-05
3.77172e-05
4.6105e-05
4.72611e-05
3.45101e-05
4.31199e-05
3.57109e-05
5.54755e-05
4.96625e-05
5.67789e-05
7.12532e-05
5.82989e-05
5.9583e-05
6.72233e-05
7.39314e-05
3.2456e-05
3.20025e-05
3.88889e-05
4.64661e-05
4.54172e-05
5.16888e-05
5.80795e-05
5.81516e-05
5.85553e-05
5.8008e-05
6.42849e-05
6.40558e-05
6.93388e-05
7.38472e-05
7.41468e-05
7.75582e-05
6.92873e-05
7.4455e-05
5.25263e-05
5.8484e-05
5.78167e-05
6.93083e-05
5.78275e-05
6.40562e-05
4.01178e-05
5.13421e-05
4.54443e-05
5.78876e-05
3.22467e-05
3.91077e-05
7.44037e-05
5.01302e-05
5.72599e-05
5.57491e-05
6.35629e-05
5.83981e-05
5.96287e-05
6.70851e-05
3.33028e-05
3.98153e-05
3.44171e-05
4.29903e-05
5.07034e-05
3.74136e-05
4.66031e-05
5.88834e-05
5.50648e-05
7.52824e-05
5.5646e-05
6.26584e-05
7.01912e-05
7.13675e-05
7.16623e-05
5.54409e-05
5.52406e-05
6.5185e-05
4.76803e-05
4.7208e-05
4.13832e-05
3.18839e-05
3.18253e-05
5.64546e-05
5.66374e-05
5.15002e-05
3.62895e-05
4.51979e-05
3.52931e-05
6.01105e-05
5.16419e-05
6.07475e-05
7.54437e-05
6.02988e-05
5.92994e-05
6.91889e-05
7.58842e-05
3.20072e-05
3.22196e-05
4.10329e-05
4.50274e-05
4.59779e-05
5.10233e-05
5.55752e-05
5.94043e-05
5.98594e-05
5.85074e-05
5.87205e-05
6.5631e-05
6.7116e-05
7.20351e-05
7.51703e-05
7.02938e-05
5.1364e-05
5.83257e-05
5.88143e-05
7.1787e-05
5.95509e-05
6.73785e-05
3.641e-05
5.14475e-05
4.58863e-05
5.99232e-05
5.55527e-05
3.20822e-05
4.06697e-05
3.34281e-05
7.52303e-05
5.10075e-05
6.02221e-05
6.01777e-05
6.8915e-05
6.04288e-05
5.94979e-05
6.93612e-05
3.63218e-05
4.47321e-05
3.61481e-05
4.50744e-05
3.2875e-05
4.12886e-05
3.21705e-05
4.16991e-05
4.74894e-05
3.80829e-05
5.64383e-05
5.67914e-05
6.50132e-05
5.59273e-05
5.52038e-05
6.52489e-05
7.16074e-05
3.36246e-05
5.72533e-05
5.77663e-05
5.48553e-05
6.95013e-05
4.70415e-05
4.4227e-05
3.4133e-05
2.9342e-05
6.19615e-05
5.73087e-05
6.96527e-05
3.51365e-05
4.60665e-05
5.4913e-05
5.25242e-05
3.71108e-05
4.84597e-05
3.4422e-05
5.74794e-05
4.45964e-05
4.82733e-05
3.27753e-05
5.59341e-05
6.16598e-05
7.25064e-05
5.87185e-05
3.50943e-05
5.42229e-05
6.85928e-05
5.64361e-05
7.10526e-05
3.43372e-05
3.9152e-05
5.8115e-05
5.83784e-05
3.74738e-05
4.53068e-05
4.81527e-05
6.02613e-05
5.74926e-05
6.24136e-05
4.81129e-05
5.47359e-05
5.96665e-05
5.80046e-05
6.76736e-05
7.09125e-05
6.9809e-05
5.80104e-05
6.6087e-05
4.39428e-05
5.96773e-05
5.48539e-05
7.06604e-05
5.74521e-05
6.76482e-05
3.22975e-05
4.81117e-05
4.54851e-05
3.5139e-05
6.25962e-05
6.03178e-05
3.69207e-05
5.84446e-05
5.81954e-05
3.47099e-05
5.6438e-05
7.14512e-05
5.86345e-05
5.4452e-05
6.90407e-05
4.78638e-05
4.46251e-05
3.45981e-05
3.00457e-05
6.10916e-05
5.57699e-05
5.70956e-05
6.74771e-05
3.16823e-05
4.36394e-05
3.9094e-05
3.45944e-05
5.48549e-05
5.25555e-05
6.46213e-05
4.36105e-05
4.54463e-05
3.10146e-05
5.66774e-05
6.07088e-05
5.57161e-05
3.57153e-05
5.31654e-05
6.79452e-05
5.64102e-05
7.94998e-05
8.14626e-05
0.000100383
0.000102681
8.4801e-05
0.00010418
0.000104128
0.000106278
0.000110178
0.000107655
0.000104855
8.26367e-05
0.000103422
0.000103608
8.14457e-05
0.000102476
0.000100342
7.70951e-05
8.11906e-05
9.28763e-05
9.94333e-05
0.000101156
0.000111031
0.000103485
7.87333e-05
8.82164e-05
7.99711e-05
8.18644e-05
8.42329e-05
8.50016e-05
9.08965e-05
9.54885e-05
0.000100442
0.000104837
0.000106682
9.43694e-05
0.000102539
0.000107627
0.000104859
0.000114394
0.000118861
0.000118106
8.15525e-05
9.43667e-05
8.347e-05
7.45367e-05
9.08697e-05
8.07184e-05
0.000105948
0.000111783
0.00010262
0.0001158
9.43598e-05
9.91358e-05
0.000105892
0.0001096
0.000119605
0.000106887
0.000103593
0.000113494
0.000105978
0.000115379
0.000117689
0.000120365
0.000122278
0.000123232
0.000123056
0.000122216
0.000120401
0.000117632
0.000105924
0.000115171
0.000106849
0.000103854
0.000113667
9.8521e-05
9.40811e-05
0.000109023
0.000105407
0.000117568
8.59146e-05
9.60196e-05
8.36472e-05
9.06753e-05
7.46816e-05
0.000105084
0.000101808
0.00010987
7.70717e-05
9.01415e-05
0.000105059
0.000114999
9.15877e-05
0.000107913
0.000102719
0.000118681
0.000104776
0.000114381
7.94991e-05
9.52575e-05
9.10089e-05
8.16216e-05
0.000106493
0.000100169
7.53458e-05
7.81505e-05
8.78578e-05
8.92156e-05
7.48666e-05
9.30065e-05
9.96783e-05
0.00010136
0.000103434
0.000110912
0.0001045
0.000113397
0.000119591
8.92722e-05
9.57201e-05
0.00010478
0.000104433
0.000113131
0.000103935
8.01303e-05
8.91332e-05
7.94879e-05
8.43231e-05
8.36775e-05
9.28078e-05
9.28631e-05
0.000100483
0.000100445
0.000100634
0.000108702
0.000115815
0.000115971
8.18818e-05
9.05399e-05
8.12999e-05
9.792e-05
8.67979e-05
9.08749e-05
0.000103686
9.46561e-05
9.69315e-05
0.000101716
0.000103678
0.000111339
9.89164e-05
0.000100214
0.000105431
0.000106558
0.000114022
0.000100148
9.90342e-05
0.000106439
0.000105492
0.000112994
9.71589e-05
9.4718e-05
0.000103942
0.000102105
0.00010405
0.000109602
9.44649e-05
9.11713e-05
8.68387e-05
8.06955e-05
8.01311e-05
7.8516e-05
8.64371e-05
9.99648e-05
0.000109245
0.000116001
8.52821e-05
9.28817e-05
8.45612e-05
0.000100378
0.000100705
0.000108778
8.08154e-05
8.04778e-05
8.92528e-05
9.56726e-05
9.5936e-05
0.000104814
0.000104362
0.000104434
0.000104177
0.000112945
0.000120023
0.000119812
0.000103311
0.000111186
0.000123392
0.000107208
0.0001158
8.69882e-05
9.9424e-05
9.16966e-05
8.30046e-05
0.000105603
8.00435e-05
9.12881e-05
8.79913e-05
9.53452e-05
0.000104034
0.00010596
0.000105357
0.000114475
0.000112487
0.000119012
7.93323e-05
8.47415e-05
9.03596e-05
8.1778e-05
8.55504e-05
8.10164e-05
9.37104e-05
8.69201e-05
8.80293e-05
9.26004e-05
8.80587e-05
8.70576e-05
8.25886e-05
8.18657e-05
8.76926e-05
8.14256e-05
8.54522e-05
0.00012163
9.76518e-05
0.0001059
0.000105308
0.000119173
0.000104339
0.000112698
8.13677e-05
9.53975e-05
8.76618e-05
7.99355e-05
8.31453e-05
8.15363e-05
9.46887e-05
9.17478e-05
9.93877e-05
0.000103596
0.000107409
0.000105847
0.000118425
0.000115903
0.000123259
0.000119602
0.000122584
9.52573e-05
9.87054e-05
0.000103751
0.000106281
0.000114545
0.000104113
8.26632e-05
9.11885e-05
8.1202e-05
7.90577e-05
8.67255e-05
9.92391e-05
9.44924e-05
0.000105429
0.000106972
0.000103034
0.000110867
0.000118153
8.07106e-05
8.4192e-05
0.000107136
0.000115568
0.000118174
9.13702e-05
9.45829e-05
0.000105361
0.000103304
0.000110737
7.91126e-05
8.67017e-05
8.75175e-05
8.26534e-05
9.11614e-05
9.85003e-05
0.000104322
0.000111722
0.00010624
0.000103608
0.000114685
0.000122842
0.00010135
0.000109018
0.000118954
0.000102612
0.00011064
8.16216e-05
9.41366e-05
8.64895e-05
7.88282e-05
8.91196e-05
8.28953e-05
9.08732e-05
9.90989e-05
0.000105115
0.000113066
0.000107119
0.000115361
0.000122791
0.000121346
0.000123103
9.71062e-05
9.90661e-05
0.000105185
0.000106946
0.000115212
8.29605e-05
9.08741e-05
7.86856e-05
9.304e-05
8.63252e-05
9.4331e-05
0.000100976
0.00010263
0.000116908
0.000110539
0.000118927
0.000103959
0.000111838
0.000120903
0.000104675
0.000112462
8.76304e-05
9.67273e-05
8.82606e-05
8.02479e-05
9.25875e-05
8.51866e-05
9.32623e-05
0.000101132
0.000108013
0.000104819
0.000115869
0.000108406
0.000115858
0.000100378
0.000108017
0.000104482
0.000115989
0.000101072
0.000108714
8.50468e-05
9.31608e-05
8.02215e-05
9.59597e-05
8.81515e-05
9.66057e-05
0.000103864
0.000104441
0.000120158
0.000112351
0.000120603
0.000104611
0.000112548
0.000120187
0.0001038
0.000111821
8.8104e-05
9.57508e-05
8.74352e-05
7.94058e-05
9.31972e-05
8.43299e-05
9.25503e-05
0.000100729
9.98651e-05
0.000104115
0.000115933
0.000107351
0.000115977
0.000100257
0.000104337
0.000101061
0.00010863
0.000107827
0.000115851
8.42858e-05
9.25721e-05
7.9513e-05
9.65516e-05
8.76975e-05
9.57789e-05
0.00010442
0.000103922
0.000120781
0.000111993
0.000120199
0.000102424
0.000110378
0.000116957
0.000101088
0.000104088
0.000108621
8.21796e-05
8.66802e-05
8.47445e-05
9.29614e-05
9.08657e-05
8.11213e-05
8.90403e-05
9.70051e-05
0.000106746
0.000115457
0.000105195
0.000113235
0.000121212
0.000123076
0.000121178
9.90495e-05
9.69611e-05
0.000106927
0.000105106
0.000113205
8.09337e-05
8.89151e-05
9.40729e-05
8.45758e-05
9.27924e-05
0.000102671
0.000101514
0.000118699
0.000104424
0.000109306
0.000116939
0.000122669
0.000119626
9.85988e-05
9.51779e-05
0.000106244
0.000103753
0.000105327
0.000111779
7.99802e-05
8.77392e-05
8.09635e-05
8.66847e-05
8.28966e-05
9.1514e-05
9.91138e-05
0.000103166
0.000104983
0.000110727
0.000107069
0.000115582
8.1288e-05
8.07405e-05
8.1673e-05
8.42813e-05
8.14468e-05
8.40762e-05
8.25106e-05
0.000118189
0.0001072
0.000115418
9.44824e-05
9.95978e-05
9.15081e-05
8.27436e-05
0.000103249
0.000105492
9.10923e-05
7.99375e-05
8.77356e-05
8.16889e-05
9.54981e-05
0.000106628
0.000114927
0.000104205
0.00010588
0.000111706
0.000119503
0.000107201
0.000115934
0.000118704
0.000103533
0.000104166
0.000111429
9.15789e-05
9.45614e-05
8.67396e-05
7.8866e-05
7.93973e-05
9.5797e-05
8.24474e-05
9.11785e-05
8.35439e-05
0.000104516
9.78746e-05
0.000105673
0.000119142
0.000105777
0.000114427
0.000121715
7.89856e-05
7.95032e-05
8.46566e-05
8.54963e-05
8.78293e-05
9.04035e-05
8.79429e-05
9.26189e-05
9.36826e-05
8.69386e-05
9.37604e-05
9.26102e-05
8.1906e-05
9.03078e-05
8.76807e-05
7.98875e-05
8.4953e-05
8.00718e-05
0.00012184
9.77808e-05
0.000105304
0.00010416
0.000112312
0.000105748
0.000114501
8.13902e-05
8.74057e-05
8.27712e-05
9.12577e-05
7.89831e-05
9.95834e-05
8.68066e-05
9.44672e-05
0.000107295
0.000103368
0.000123022
0.000103873
0.000110987
0.000118587
0.000119708
0.00011995
0.000104387
0.000103827
0.000113512
9.60061e-05
9.559e-05
8.96915e-05
8.08234e-05
7.99305e-05
0.000104354
0.000104604
8.52829e-05
9.27102e-05
8.38421e-05
0.000100526
0.000100191
0.000108596
0.00010014
0.000100183
0.000109863
0.000106582
0.0001157
7.90036e-05
8.07981e-05
8.20184e-05
8.59082e-05
9.06105e-05
9.10495e-05
9.43149e-05
9.79212e-05
0.000103508
0.000103588
0.000105806
9.7103e-05
0.000101637
0.000103903
0.000109167
0.000111558
0.000100103
0.00010552
0.000106493
0.00011305
0.000114016
9.89455e-05
0.000106434
0.000105435
0.000114023
0.000113109
9.4636e-05
0.000103796
0.000101593
0.000111655
0.000103732
0.000109406
8.65728e-05
9.78867e-05
9.43783e-05
0.000105804
0.000103414
7.81506e-05
9.04589e-05
8.59999e-05
7.88743e-05
0.000116053
0.000106597
0.000115763
0.000100638
0.000100662
0.000110082
8.49004e-05
9.275e-05
8.47915e-05
9.28093e-05
0.000100362
0.00010037
8.04559e-05
8.8813e-05
8.05374e-05
8.93793e-05
9.54147e-05
0.00010446
0.000104491
0.000113056
0.000104233
0.000103593
0.000113243
0.000119645
8.14403e-05
9.32296e-05
8.02202e-05
8.92899e-05
0.000101513
9.9488e-05
8.40985e-05
9.56428e-05
8.16266e-05
0.000105121
9.1835e-05
9.44482e-05
7.96014e-05
0.000102771
0.000107468
0.000119029
0.000104814
8.15598e-05
0.000100688
0.000115109
0.000102787
0.000117911
8.08026e-05
8.55444e-05
0.000104406
0.00010452
8.13256e-05
9.08855e-05
9.40993e-05
0.000106488
0.000110105
9.09934e-05
9.67502e-05
0.000102734
0.000105652
0.000111499
0.000115777
9.90786e-05
0.000106227
0.000109833
0.00010694
0.00011836
0.000120279
0.000115389
0.000120418
0.000123279
0.000122243
0.000117715
0.000106951
0.00011344
9.4234e-05
0.000109517
0.000105397
0.000119704
0.000117647
8.60573e-05
7.50194e-05
9.6177e-05
0.000101743
0.000105096
0.000114553
0.000110057
7.73372e-05
9.3282e-05
9.0629e-05
8.02929e-05
0.000107721
0.000104743
8.28391e-05
0.000103378
0.000103766
8.14725e-05
0.000102335
0.000117077
0.00010462
9.97974e-05
0.000114144
9.45722e-05
9.20074e-05
8.18032e-05
7.70705e-05
0.000107625
0.000103069
0.000105027
0.00011444
7.95552e-05
9.13754e-05
7.61427e-05
8.86199e-05
7.94498e-05
8.93e-05
7.50093e-05
0.000101473
9.98841e-05
0.000111094
0.000125086
0.000128936
0.000145455
0.000146914
0.000130754
0.000149636
0.000151592
0.000134689
0.000153397
0.000153375
0.000153512
0.000155496
0.000156817
0.000157445
0.000157515
0.000157588
0.000157635
0.000157458
0.000157561
0.000156821
0.000154912
0.000152959
0.000131968
0.000152191
0.000150485
0.000128726
0.000149323
0.000149123
0.000124729
0.000145504
0.000143152
0.000122385
0.000127297
0.000129476
0.00013102
0.000137296
0.000142027
0.000150181
0.000152522
0.000140255
0.000148041
0.000153056
0.000150386
0.000159652
0.000164243
0.000161673
0.000126652
0.000139509
0.000130762
0.000142416
0.000133137
0.000143646
0.000132283
0.000143396
0.000128871
0.000141788
0.000123584
0.00013671
0.000163325
0.000149235
0.000158287
0.000136931
0.00015243
0.000148046
0.000163598
0.000150152
0.000159695
0.000125704
0.000142116
0.00013752
0.000127257
0.000152729
0.000123704
0.000128096
0.000136268
0.000127663
0.000124547
0.00012471
0.000132406
0.000139393
0.00013946
0.00014834
0.000147996
0.000155687
0.000153549
0.000153921
0.0001619
0.00016238
0.000168733
0.000167203
0.000144728
0.000153609
0.000153695
0.000168568
0.000162216
0.000133367
0.000139676
0.000148342
0.000148047
0.000155581
0.000125068
0.000132786
0.00012946
0.00012856
0.000136541
0.000135245
0.000139223
0.000130854
0.000149526
0.000147368
0.000154427
0.000127113
0.000125455
0.000138143
0.0001357
0.000142514
0.000150555
0.000149062
0.000152637
0.000152202
0.000161358
0.000158514
0.000165987
0.000168582
0.000145294
0.000152834
0.000152228
0.000166105
0.000150705
0.000158372
0.000128748
0.000142629
0.000135499
0.000127304
0.000149089
0.00013094
0.000129561
0.000142537
0.000139503
0.000149586
0.000147245
0.000154253
0.000142637
0.000146225
0.000150534
0.000153594
0.000161801
0.000151899
0.000130434
0.000138622
0.00012795
0.000131523
0.000126676
0.00013477
0.000142501
0.000147446
0.000155115
0.000150271
0.000158034
0.000169999
0.000166074
0.000162641
0.00016628
0.000139091
0.000142311
0.000147165
0.000150104
0.000158108
0.000126599
0.000134598
0.000135469
0.000130518
0.00013865
0.000146506
0.000150556
0.000158127
0.00015368
0.000151869
0.000161726
0.000149454
0.000156856
0.000167439
0.000150641
0.000158448
0.000132969
0.000142825
0.00013467
0.000126938
0.000136982
0.00013024
0.000138892
0.000146592
0.000152763
0.000160579
0.000154129
0.000151394
0.000162261
0.000170041
0.000168211
0.00016989
0.000144585
0.000146411
0.000152535
0.000154215
0.000162357
0.000151205
0.000130621
0.000138538
0.000127278
0.00012677
0.00014098
0.0001346
0.000142927
0.000149512
0.000150623
0.000164709
0.00015831
0.000167652
0.000151866
0.000159705
0.000170253
0.000152437
0.000160249
0.000135867
0.000145002
0.000136517
0.00012869
0.000124363
0.000139691
0.000132385
0.000140254
0.000148261
0.000148335
0.000163022
0.000156133
0.000163476
0.000147792
0.000155327
0.000163738
0.000148274
0.000155964
0.000131464
0.000140215
0.000132177
0.000124158
0.000128415
0.000144247
0.000136605
0.000144917
0.000151644
0.000152288
0.000169297
0.000160078
0.000170131
0.00015252
0.00016034
0.00016944
0.000151989
0.000159893
0.00013652
0.00014419
0.000135865
0.000128024
0.000123858
0.000140339
0.000131512
0.000139569
0.000148067
0.0001476
0.000163639
0.000151163
0.000155169
0.000163219
0.000148222
0.000155795
0.000163152
0.000147904
0.000151257
0.000155285
0.000132038
0.000139742
0.00013148
0.000123883
0.000127548
0.000127939
0.000144836
0.000135831
0.000144168
0.00015234
0.000151909
0.000170237
0.000159829
0.00016941
0.000150559
0.000158308
0.000164059
0.000149126
0.000152015
0.000156503
0.000134725
0.000141044
0.000132928
0.000125412
0.000127931
0.000138523
0.000128989
0.000136762
0.000145048
0.000154231
0.000162291
0.000152913
0.000160517
0.000168522
0.000169867
0.000168158
0.000146697
0.000145129
0.000154142
0.000153128
0.000160639
0.000128983
0.000136813
0.000125382
0.000143
0.000133029
0.000141065
0.000150771
0.000149093
0.000167661
0.000151566
0.000156346
0.000164885
0.000146476
0.000142715
0.000153758
0.00015089
0.000158765
0.000128047
0.000135589
0.000134469
0.000123842
0.000131267
0.000125462
0.000139058
0.000150424
0.000158085
0.000147551
0.000149394
0.000155187
0.000162561
0.000169612
0.00016617
0.000169795
0.000162531
0.0001427
0.00013926
0.000150748
0.000147455
0.000148888
0.000155059
0.000123834
0.000131684
0.00013859
0.000128028
0.000135454
0.000129312
0.00014272
0.000153544
0.000161895
0.000150628
0.000158391
0.000139541
0.000142441
0.000135485
0.000127344
0.000127817
0.000147673
0.000149698
0.000142802
0.000129568
0.000138074
0.000150925
0.00014538
0.000152246
0.000165777
0.000152752
0.000161312
0.000168417
0.000168426
0.000145568
0.000152373
0.000150487
0.000158384
0.000153065
0.000161254
0.000129186
0.000136013
0.000129415
0.000138026
0.000127303
0.000135312
0.000142683
0.000147502
0.000149213
0.000154444
0.000124641
0.000132238
0.000123746
0.000133304
0.000139435
0.000129421
0.000148166
0.000148579
0.000156101
0.000145202
0.000154307
0.000168954
0.00015379
0.000152033
0.000162001
0.00016725
0.000166873
0.000144871
0.000153785
0.000162566
0.000153743
0.000152916
0.000161644
0.00013971
0.00013914
0.000133269
0.000123908
0.000123642
0.000147889
0.000148191
0.000129092
0.000137049
0.000131007
0.000141816
0.000127965
0.000149897
0.000137332
0.000140016
0.000125291
0.000148301
0.000152976
0.000164141
0.000150365
0.000128955
0.000145442
0.000159378
0.00014679
0.000161182
0.000131021
0.0001497
0.000164514
0.000151838
0.000128874
0.000134968
0.000153226
0.000153374
0.00012668
0.00013774
0.000139613
0.000153666
0.00015549
0.000130629
0.000141331
0.000142429
0.000156688
0.000157318
0.000133125
0.000143395
0.000143772
0.000157685
0.00015772
0.000132318
0.000143457
0.00014302
0.000157282
0.000157112
0.00012864
0.000142523
0.000141302
0.000157278
0.000156267
0.000124379
0.00013956
0.000137365
0.000127946
0.000154582
0.000152576
0.000132038
0.000151515
0.000150093
0.000128771
0.000149379
0.000149146
0.000163272
0.000124661
0.000145371
0.000160225
0.000149041
0.000143005
0.000157817
0.000139512
0.000136773
0.000127501
0.000121947
0.000152728
0.000148024
0.000150188
0.000159432
0.000125529
0.000137624
0.000169897
0.000172137
0.000175073
0.00019272
0.000176238
0.000193277
0.000193909
0.000175656
0.000194254
0.000194104
0.000175171
0.000193949
0.000193471
0.000174321
0.000192596
0.000192072
0.000173343
0.000191865
0.000169611
0.000171965
0.000174429
0.000173859
0.000180896
0.000185103
0.00019466
0.000183466
0.000188168
0.000193036
0.00019535
0.000198226
0.000203971
0.000186787
0.000196977
0.000199584
0.00020822
0.000210735
0.000197764
0.000201798
0.00020604
0.000212939
0.000208159
0.000209447
0.000208756
0.000206574
0.000188278
0.000197082
0.000201244
0.000212882
0.000184607
0.000199483
0.000196633
0.000210734
0.000207925
0.000176815
0.000188156
0.0001932
0.000195746
0.000204461
0.000198386
0.000169033
0.000185044
0.000180372
0.000170982
0.000194607
0.000176707
0.000176791
0.000183252
0.000184254
0.000189356
0.00019694
0.000197078
0.000195543
0.000196575
0.000202659
0.000204013
0.000209651
0.000212241
0.00021515
0.000207609
0.00021536
0.000187926
0.000195512
0.000196295
0.000209829
0.000196885
0.000203803
0.000176087
0.000189484
0.000184232
0.00017654
0.000197071
0.000173928
0.000183653
0.000181107
0.000188075
0.000195577
0.000196877
0.000196384
0.000203786
0.000202124
0.000208871
0.000216008
0.000215071
0.000210097
0.000215309
0.000189462
0.000196696
0.000196444
0.000208661
0.000195613
0.000202362
0.000175348
0.000188051
0.000181356
0.000174444
0.000175843
0.000173858
0.000181018
0.000191914
0.000188161
0.000197366
0.000198561
0.00019576
0.000202474
0.000213085
0.000209335
0.000215987
0.000198474
0.000205502
0.000215929
0.000209305
0.000185124
0.000188167
0.000197397
0.000195833
0.000202576
0.000174041
0.000181122
0.000183382
0.000177216
0.000184587
0.000192595
0.000197893
0.000204802
0.000199778
0.000206647
0.000213947
0.000212325
0.000213967
0.000190599
0.000192543
0.000197726
0.00019956
0.000206737
0.000177046
0.000184817
0.000174416
0.00017142
0.000186017
0.000179454
0.000187132
0.000194399
0.000200533
0.000197578
0.000207347
0.000201154
0.000207913
0.000215675
0.00021524
0.000215673
0.000193727
0.00020053
0.000197265
0.000208007
0.000194224
0.000201027
0.000178581
0.000187081
0.000179026
0.000171423
0.000171113
0.00018722
0.000178283
0.000186097
0.000194271
0.000193604
0.000197527
0.000208164
0.000200599
0.000207638
0.000215181
0.000215591
0.000215038
0.000193715
0.000197524
0.000194493
0.000201388
0.000200656
0.000207445
0.000178966
0.000186108
0.000178489
0.000171127
0.000174467
0.000184604
0.000175984
0.000183277
0.000190741
0.000199724
0.000206729
0.000197807
0.000204873
0.000212364
0.000213844
0.000212262
0.000192782
0.000190976
0.000199917
0.000198091
0.000204828
0.000175763
0.000183346
0.000175609
0.000181041
0.000176866
0.000184983
0.000191932
0.000195595
0.000197224
0.000202358
0.000198931
0.00021578
0.000206022
0.000212949
0.000209328
0.000213074
0.000198509
0.000205542
0.000188221
0.000191909
0.000184887
0.000176981
0.000195582
0.000197172
0.000188136
0.000175867
0.000183719
0.000176721
0.000195973
0.000189278
0.000196287
0.000208806
0.000196862
0.000197171
0.000203944
0.000209995
0.000215991
0.000215318
0.000216156
0.000210062
0.000189524
0.000196449
0.00019548
0.000202131
0.000197026
0.000197363
0.000203919
0.00017513
0.000181235
0.000175888
0.000183603
0.000189505
0.00017539
0.000183121
0.000174272
0.000196985
0.000187963
0.00019647
0.000209752
0.000195547
0.00019469
0.000202835
0.00019835
0.000207686
0.00021177
0.000215386
0.000212107
0.000198358
0.000207777
0.000187972
0.000196465
0.000196995
0.000203845
0.000195464
0.000194455
0.000202808
0.000176023
0.000184347
0.000175242
0.000183139
0.000173611
0.000184986
0.000174383
0.000182964
0.000169554
0.000195735
0.000193413
0.000204548
0.000185173
0.000187435
0.000172128
0.000197051
0.000199907
0.000210629
0.000189762
0.000174991
0.00020246
0.000198117
0.000192224
0.000205614
0.000175959
0.000192896
0.000206762
0.000193921
0.000208055
0.000175867
0.000194495
0.000209047
0.000194384
0.000209628
0.00017535
0.000194179
0.000209453
0.000193762
0.000208776
0.000174237
0.000192898
0.000207886
0.000192218
0.000206769
0.000188635
0.000172858
0.00020209
0.000212851
0.00019779
0.000191894
0.000205788
0.000186489
0.000184489
0.000169004
0.000199442
0.000196874
0.000207996
0.000176509
0.000188017
0.000172948
0.000181932
0.000195629
0.000193185
0.000169347
0.000180867
0.000220386
0.000216544
0.00021962
0.00022676
0.000220159
0.000229346
0.000230973
0.000239825
0.000221627
0.000231512
0.000231985
0.000240418
0.000241009
0.000221097
0.00023212
0.000231691
0.000241129
0.00024057
0.000218339
0.000231048
0.000229202
0.000239826
0.000219243
0.000226162
0.000223347
0.000217317
0.000220602
0.000221441
0.000227434
0.000229419
0.00023217
0.000236506
0.00024167
0.000243099
0.000234502
0.000240202
0.00024274
0.000246645
0.000249722
0.000242594
0.000244765
0.000247321
0.000251963
0.000253856
0.000249023
0.000255666
0.000256392
0.000248324
0.000256483
0.00025574
0.000237514
0.000242592
0.000244902
0.000253837
0.000251937
0.000232142
0.000242999
0.000240506
0.000249883
0.000241554
0.000246812
0.000225251
0.000236322
0.000232014
0.00024262
0.000221429
0.000227323
0.000222351
0.000222287
0.000221354
0.000227774
0.000233565
0.000233539
0.000238759
0.000244096
0.000244129
0.000244006
0.00024433
0.000248894
0.000249381
0.000253634
0.000256041
0.000258053
0.000261475
0.00026098
0.000264006
0.000263194
0.000262108
0.000259221
0.000264181
0.000252136
0.000261674
0.000258091
0.00023844
0.000243719
0.000244353
0.000253586
0.000244303
0.000249449
0.000228384
0.000238697
0.000233366
0.000243856
0.000221739
0.000227865
0.000220754
0.000222125
0.000220619
0.000231765
0.000228539
0.000235429
0.000241572
0.000243566
0.000242523
0.000248755
0.000246766
0.000251613
0.00025827
0.000256829
0.000261625
0.000262174
0.000253267
0.00026194
0.000256983
0.000237579
0.000243166
0.000242325
0.000251592
0.000241291
0.000246588
0.000225894
0.00023531
0.000228615
0.0002222
0.000225145
0.000220792
0.000227119
0.000237623
0.000233672
0.000239565
0.000243388
0.000244984
0.000243287
0.000254568
0.000250569
0.000256647
0.000263941
0.00026201
0.000260048
0.000262187
0.00024335
0.000248929
0.00025669
0.000245168
0.000250606
0.000230976
0.000239685
0.00023365
0.000243353
0.000220442
0.000226765
0.000228119
0.000222462
0.000228759
0.000235221
0.000240792
0.000246272
0.000241116
0.000246807
0.000257996
0.000252784
0.000258835
0.000264389
0.000263436
0.000264256
0.0002518
0.000258795
0.00025273
0.000234987
0.000235319
0.000240742
0.000241169
0.000246733
0.000222401
0.000228721
0.000228703
0.000221727
0.000228081
0.000234829
0.000241193
0.000246964
0.000241062
0.000243262
0.000246612
0.00025881
0.000251835
0.000257862
0.00026307
0.000264136
0.000263428
0.000252814
0.000258069
0.000251902
0.000235303
0.000235028
0.000241111
0.000240963
0.000243407
0.000246368
0.000221708
0.000228128
0.000226915
0.000218985
0.000225051
0.000220569
0.00023951
0.000231082
0.000237698
0.000244935
0.000243429
0.000256563
0.00024897
0.000254584
0.000259947
0.000263743
0.000262274
0.000264054
0.000260156
0.000245128
0.000250674
0.000254528
0.000243409
0.000248852
0.000233739
0.000237679
0.000230932
0.000219075
0.000225024
0.000219526
0.000235446
0.000225692
0.000231791
0.000241754
0.00023775
0.000242587
0.000251489
0.000243416
0.00024397
0.000248539
0.000261514
0.000253261
0.000258335
0.000262106
0.000262103
0.000257161
0.000258346
0.000253414
0.000237346
0.000242282
0.00024126
0.000246584
0.000243202
0.000243828
0.000248883
0.000228462
0.000231839
0.000225954
0.000219852
0.000220734
0.000222277
0.00022792
0.00022233
0.000238825
0.000228456
0.000233709
0.000244135
0.000238487
0.000244322
0.000253559
0.000243817
0.00024291
0.000248859
0.000261759
0.000252359
0.000256026
0.000259098
0.000261172
0.000262559
0.000263535
0.00026345
0.000262457
0.000263859
0.000261054
0.000259124
0.000258091
0.000256137
0.000252319
0.000238661
0.000244554
0.000244384
0.000249511
0.000243866
0.000242932
0.000248684
0.000233177
0.000233794
0.000228374
0.000222396
0.000222181
0.000220305
0.000227569
0.000218866
0.000236397
0.000225472
0.000229373
0.000220527
0.000241651
0.000232208
0.000234575
0.000240143
0.000242772
0.000249626
0.000237403
0.000244989
0.000253926
0.000242581
0.000239564
0.000247088
0.00025655
0.000240244
0.000248038
0.000240808
0.000248712
0.000255818
0.000240867
0.000248755
0.000240385
0.000248259
0.000237579
0.000244855
0.000251983
0.000242473
0.000239548
0.000247054
0.000234458
0.000232078
0.000222994
0.000242776
0.000239981
0.000241409
0.000246543
0.000232078
0.000229455
0.000225289
0.000218893
0.000217292
0.000216381
0.000226606
0.000220044
0.000230989
0.000221733
0.000232057
0.000220916
0.000231582
0.000218697
0.000229386
0.000266227
0.000266654
0.00026778
0.000270997
0.00026848
0.000272225
0.00027285
0.000267581
0.000272854
0.000272408
0.000267523
0.000270933
0.000268341
0.000266499
0.000270232
0.000270392
0.000273249
0.000274545
0.000276218
0.000278546
0.000277215
0.000280321
0.00028119
0.000276498
0.000281178
0.000280329
0.000272455
0.000278543
0.000276146
0.000266435
0.000272963
0.000270543
0.000267173
0.000267695
0.000266751
0.000270964
0.000276085
0.00027445
0.000278322
0.000281699
0.000281599
0.000284107
0.000284364
0.000285954
0.0002868
0.000283495
0.000286807
0.00028594
0.000279209
0.000284095
0.000281593
0.00027282
0.000278249
0.000274361
0.000266897
0.000270927
0.000272019
0.000268831
0.000272627
0.000279812
0.000276592
0.000280621
0.000285674
0.000283963
0.000286484
0.000288367
0.000288329
0.000289191
0.000287505
0.000289194
0.000288344
0.000283133
0.000286498
0.000283956
0.000275933
0.000280656
0.000276697
0.000268512
0.000272502
0.000272663
0.000267684
0.000271985
0.000280646
0.000275946
0.000279843
0.000286499
0.00028314
0.000285682
0.000289193
0.000287525
0.000288375
0.000288344
0.000288373
0.000287523
0.000283964
0.000285681
0.000283142
0.00027663
0.000279806
0.000275865
0.000268004
0.000272058
0.000267633
0.000270992
0.000268027
0.000278322
0.000272547
0.000276184
0.000284124
0.000279266
0.000281708
0.000286799
0.000283513
0.000284334
0.000285955
0.00028434
0.00028349
0.000281589
0.000281682
0.000279252
0.000274447
0.000276079
0.000272482
0.000268244
0.000273486
0.000266637
0.000270494
0.00026659
0.000278608
0.000272627
0.000274604
0.000281168
0.00027639
0.0002772
0.000280315
0.000277226
0.000276404
0.000276209
0.000274572
0.000272629
0.00026826
0.000266493
0.000270219
0.000266461
0.000270382
0.000266658
0.00027083
0.000268537
0.000272736
0.00026781
0.000272266
)
;
    }
}


// ************************************************************************* //
