/*--------------------------------*- C++ -*----------------------------------*\
  =========                 |
  \\      /  F ield         | OpenFOAM: The Open Source CFD Toolbox
   \\    /   O peration     | Website:  https://openfoam.org
    \\  /    A nd           | Version:  9
     \\/     M anipulation  |
\*---------------------------------------------------------------------------*/
FoamFile
{
    format      ascii;
    class       volScalarField;
    location    "0";
    object      V;
}
// * * * * * * * * * * * * * * * * * * * * * * * * * * * * * * * * * * * * * //

dimensions      [0 3 0 0 0 0 0];

internalField   nonuniform List<scalar> 
15188
(
3.98405e-15
6.68335e-15
3.75404e-15
6.09878e-15
6.30553e-15
6.99657e-15
1.17358e-14
1.25272e-14
1.32913e-14
1.25042e-14
1.14705e-14
4.38149e-15
9.13594e-15
1.25886e-14
1.24129e-14
1.34121e-14
1.23804e-14
1.00591e-14
3.78106e-15
9.45908e-15
1.25553e-14
1.43721e-14
9.7465e-14
9.77482e-14
1.17934e-14
1.45424e-14
1.24978e-14
4.09269e-15
9.88463e-15
1.25776e-14
1.45432e-14
9.75789e-14
9.72406e-14
1.46364e-14
1.5354e-14
1.19184e-14
3.91668e-15
3.84123e-15
1.28266e-14
1.46804e-14
9.85795e-14
1.02337e-13
1.0287e-13
9.98363e-14
1.18462e-14
1.55374e-14
1.06182e-14
6.44625e-15
1.37264e-14
1.41085e-14
1.00105e-13
1.02886e-13
1.02338e-13
9.83384e-14
1.16738e-14
1.28572e-14
9.96105e-15
6.80893e-15
1.26959e-14
1.16821e-14
1.01628e-13
1.06133e-13
1.06703e-13
1.03222e-13
9.78381e-14
1.4928e-14
1.29013e-14
6.02273e-15
1.02027e-14
1.27191e-14
9.73013e-14
1.03032e-13
1.06544e-13
1.061e-13
1.0141e-13
1.19875e-14
1.50491e-14
1.06919e-14
6.81623e-15
1.29465e-14
1.17427e-14
1.01636e-13
1.05978e-13
1.06728e-13
1.03123e-13
9.75693e-14
1.45896e-14
1.30619e-14
6.78207e-15
1.05048e-14
1.46574e-14
9.71109e-14
1.03116e-13
1.06497e-13
1.06333e-13
1.01593e-13
1.21223e-14
1.50288e-14
1.08665e-14
6.28276e-15
1.34984e-14
1.42146e-14
9.83275e-14
1.02451e-13
1.02871e-13
9.94651e-14
1.20312e-14
1.5274e-14
1.17182e-14
3.90998e-15
9.49058e-15
1.38648e-14
1.16656e-14
9.97325e-14
1.02715e-13
1.02207e-13
9.81376e-14
1.18739e-14
1.51037e-14
1.02699e-14
1.08778e-14
1.46335e-14
1.17368e-14
9.71525e-14
9.72487e-14
1.19894e-14
1.43774e-14
1.3187e-14
9.34368e-15
4.14896e-15
1.20135e-14
1.46763e-14
1.17955e-14
9.75194e-14
9.72967e-14
1.19144e-14
1.40627e-14
1.33649e-14
6.71953e-15
4.13347e-15
1.17527e-14
1.26842e-14
1.50228e-14
1.55926e-14
1.48514e-14
1.29817e-14
1.01683e-14
4.33815e-15
1.21911e-14
1.56277e-14
1.5394e-14
1.55667e-14
1.55749e-14
1.26866e-14
9.45785e-15
7.06395e-15
1.00825e-14
1.03929e-14
1.00281e-14
6.76361e-15
4.06349e-15
7.58613e-15
1.03644e-14
1.0415e-14
7.65661e-15
4.43364e-15
6.34045e-15
7.40605e-15
7.52464e-15
7.24086e-15
4.29082e-15
6.27251e-15
7.47733e-15
7.67503e-15
7.10842e-15
4.1205e-15
5.37958e-15
1.13912e-14
1.10334e-13
1.04546e-13
1.02616e-13
1.01462e-13
1.05102e-13
1.15448e-13
1.53701e-14
1.19012e-14
4.97149e-15
8.38114e-15
1.43451e-14
1.13543e-13
1.04153e-13
1.01218e-13
1.02448e-13
1.04961e-13
1.11465e-13
1.50869e-14
1.08407e-14
1.05828e-14
1.08929e-13
1.02407e-13
1.03635e-13
1.03625e-13
1.02947e-13
1.02259e-13
1.03213e-13
1.04647e-13
1.04051e-13
1.02828e-13
1.39513e-14
4.42994e-15
1.08525e-14
1.02501e-13
1.0439e-13
1.03996e-13
1.0279e-13
1.0185e-13
1.02539e-13
1.03378e-13
1.03561e-13
1.02141e-13
1.08643e-13
1.18259e-14
4.3036e-15
4.70261e-15
1.44044e-14
1.00167e-13
1.00472e-13
1.01505e-13
1.02079e-13
1.02437e-13
1.02174e-13
1.0195e-13
1.02592e-13
1.02723e-13
1.02161e-13
1.07988e-13
1.23503e-14
4.00259e-15
9.98869e-15
1.08642e-13
1.00542e-13
1.02677e-13
1.02307e-13
1.01738e-13
1.01972e-13
1.02166e-13
1.01903e-13
1.01611e-13
1.0064e-13
1.00406e-13
1.45062e-14
1.14446e-14
1.08352e-14
1.04981e-13
1.00459e-13
1.0074e-13
1.01212e-13
1.01837e-13
1.0288e-13
1.02998e-13
1.02318e-13
1.01991e-13
1.01833e-13
1.00251e-13
9.95398e-14
1.50044e-14
7.83214e-15
1.22554e-14
9.84716e-14
1.00627e-13
1.01881e-13
1.01789e-13
1.02264e-13
1.02957e-13
1.02829e-13
1.01681e-13
1.01224e-13
1.01254e-13
1.00471e-13
1.04857e-13
1.20283e-14
4.11513e-15
1.15948e-14
9.92826e-14
1.01414e-13
1.0116e-13
1.0123e-13
1.0285e-13
1.04568e-13
1.04911e-13
1.03923e-13
1.02718e-13
1.01632e-13
9.9313e-14
9.98846e-14
1.55974e-14
1.08766e-14
6.62684e-15
1.26008e-14
9.92266e-14
9.96617e-14
1.01765e-13
1.02521e-13
1.03823e-13
1.04822e-13
1.04561e-13
1.02757e-13
1.0122e-13
1.01611e-13
1.01923e-13
9.89577e-14
1.46993e-14
7.23823e-15
1.15062e-14
9.92233e-14
1.01422e-13
1.01322e-13
1.01238e-13
1.02829e-13
1.04549e-13
1.04911e-13
1.03872e-13
1.02622e-13
1.01719e-13
9.9353e-14
9.88329e-14
1.46883e-14
1.13343e-14
7.16576e-15
1.45196e-14
9.85857e-14
9.93248e-14
1.01905e-13
1.02619e-13
1.0386e-13
1.04856e-13
1.04617e-13
1.02788e-13
1.01222e-13
1.0157e-13
1.01894e-13
9.89107e-14
1.50676e-14
7.41605e-15
1.14006e-14
1.04797e-13
1.0071e-13
1.01105e-13
1.00951e-13
1.01645e-13
1.0289e-13
1.02973e-13
1.02095e-13
1.0194e-13
1.02106e-13
1.00092e-13
9.89019e-14
1.5381e-14
9.96041e-15
4.04706e-15
1.28296e-14
9.83151e-14
1.00202e-13
1.02219e-13
1.0216e-13
1.02245e-13
1.02918e-13
1.0285e-13
1.01653e-13
1.01105e-13
1.01286e-13
1.00663e-13
1.04929e-13
1.47675e-14
6.81956e-15
7.26988e-15
1.49843e-14
9.99542e-14
1.01178e-13
1.01329e-13
1.01963e-13
1.02365e-13
1.02099e-13
1.01674e-13
1.02659e-13
1.0335e-13
1.00623e-13
1.09319e-13
1.45144e-14
6.99374e-15
1.14693e-14
1.07228e-13
1.01505e-13
1.02812e-13
1.0278e-13
1.01749e-13
1.0211e-13
1.02427e-13
1.02159e-13
1.01634e-13
1.01441e-13
9.99936e-14
1.20545e-14
1.17649e-14
1.15452e-14
1.0816e-13
1.02606e-13
1.03635e-13
1.03576e-13
1.02866e-13
1.02524e-13
1.03427e-13
1.04824e-13
1.04728e-13
1.02594e-13
1.46237e-14
1.09088e-14
4.5189e-15
1.24394e-14
1.02658e-13
1.04501e-13
1.04508e-13
1.03069e-13
1.02279e-13
1.03135e-13
1.03802e-13
1.03111e-13
1.02743e-13
1.08394e-13
1.47411e-14
7.71658e-15
4.34843e-15
1.14502e-14
1.46648e-14
1.12323e-13
1.04909e-13
1.02674e-13
1.01391e-13
1.04725e-13
1.15357e-13
1.26725e-14
1.44662e-14
1.08422e-14
4.93833e-15
1.35128e-14
1.5223e-14
1.1434e-13
1.04302e-13
1.01221e-13
1.02475e-13
1.04691e-13
1.11386e-13
1.5162e-14
1.42006e-14
7.43211e-15
7.78853e-15
9.46585e-15
1.34793e-14
1.48361e-14
1.50298e-14
1.4568e-14
1.51619e-14
9.15724e-15
5.25851e-15
8.25733e-15
9.03308e-15
1.35892e-14
1.49193e-14
1.50102e-14
1.43628e-14
1.43073e-14
9.30295e-15
4.29991e-15
6.58768e-15
9.29756e-15
7.59262e-15
7.47586e-15
7.11301e-15
6.85609e-15
6.79168e-15
7.28351e-15
7.2533e-15
9.57845e-15
7.33278e-15
4.18182e-15
7.21662e-15
9.14824e-15
7.60105e-15
7.49411e-15
7.02609e-15
6.86305e-15
7.18838e-15
7.52375e-15
1.02275e-14
1.00477e-14
4.3517e-15
1.15042e-14
1.14003e-13
1.10568e-13
1.11833e-13
1.08592e-13
1.28332e-14
1.22282e-14
1.19615e-14
1.21686e-14
1.3117e-14
1.15755e-13
1.13095e-13
1.14061e-13
1.41663e-14
8.73339e-15
5.00539e-15
1.40664e-14
1.13675e-13
1.13432e-13
1.16785e-13
1.38716e-14
1.28183e-14
1.21985e-14
1.20027e-14
1.24758e-14
1.07962e-13
1.1251e-13
1.11709e-13
1.15763e-13
1.4924e-14
5.80428e-15
1.11195e-14
1.05577e-13
1.0512e-13
1.06497e-13
1.0567e-13
1.02777e-13
1.01975e-13
1.00234e-13
9.90728e-14
1.01183e-13
1.04625e-13
1.05498e-13
1.0639e-13
1.06783e-13
1.0535e-13
1.57107e-14
1.07398e-14
4.28761e-15
1.16498e-14
1.03949e-13
1.07323e-13
1.06819e-13
1.05651e-13
1.04265e-13
1.00436e-13
9.86538e-14
9.94504e-14
1.01199e-13
1.0295e-13
1.05734e-13
1.06669e-13
1.05589e-13
1.06545e-13
1.43933e-14
4.91193e-15
7.86768e-15
1.04344e-13
1.03441e-13
1.03499e-13
1.03598e-13
1.03211e-13
1.01987e-13
1.01238e-13
1.01733e-13
1.01126e-13
1.00039e-13
1.01917e-13
1.03971e-13
1.03906e-13
1.03515e-13
1.02885e-13
1.02943e-13
1.46201e-14
4.30898e-15
1.11628e-14
1.04173e-13
1.02525e-13
1.03833e-13
1.04034e-13
1.04193e-13
1.02193e-13
1.00237e-13
1.01276e-13
1.01613e-13
1.01528e-13
1.02112e-13
1.03554e-13
1.039e-13
1.03891e-13
1.03284e-13
1.04713e-13
1.13313e-14
1.11926e-14
9.9304e-14
1.01278e-13
1.02415e-13
1.02624e-13
1.0232e-13
1.02874e-13
1.01227e-13
9.93768e-14
9.90617e-14
1.00574e-13
1.02594e-13
1.02835e-13
1.0246e-13
1.02456e-13
1.01956e-13
1.00916e-13
1.5054e-14
1.081e-14
3.86196e-15
1.19821e-14
1.01073e-13
1.02012e-13
1.02413e-13
1.02604e-13
1.02749e-13
1.02754e-13
1.00658e-13
9.91958e-14
9.96624e-14
1.01233e-13
1.02515e-13
1.02619e-13
1.02831e-13
1.02679e-13
1.0165e-13
9.95462e-14
1.47596e-14
6.72115e-15
1.20172e-14
1.02068e-13
1.00954e-13
1.0215e-13
1.02908e-13
1.02204e-13
1.02861e-13
1.02637e-13
1.00684e-13
1.00406e-13
1.02951e-13
1.04319e-13
1.02728e-13
1.01858e-13
1.01997e-13
1.01338e-13
9.90947e-14
1.21378e-14
1.13164e-14
7.1139e-15
1.46002e-14
9.86195e-14
1.01599e-13
1.02066e-13
1.02014e-13
1.02694e-13
1.04577e-13
1.02915e-13
1.00452e-13
1.00773e-13
1.02612e-13
1.02859e-13
1.02271e-13
1.03022e-13
1.02158e-13
1.01178e-13
1.01423e-13
1.55782e-14
7.68293e-15
1.19384e-14
1.01783e-13
1.01061e-13
1.02198e-13
1.03003e-13
1.02475e-13
1.03045e-13
1.0272e-13
1.00665e-13
1.00423e-13
1.02961e-13
1.04158e-13
1.02592e-13
1.01768e-13
1.01838e-13
1.01503e-13
9.90101e-14
1.20791e-14
1.15809e-14
7.36213e-15
1.5169e-14
9.8803e-14
1.01646e-13
1.01906e-13
1.01933e-13
1.02767e-13
1.04567e-13
1.02921e-13
1.005e-13
1.00807e-13
1.02512e-13
1.0289e-13
1.02207e-13
1.0302e-13
1.02162e-13
1.01519e-13
1.01509e-13
1.53947e-14
7.5942e-15
1.18527e-14
9.88733e-14
1.0168e-13
1.02631e-13
1.02757e-13
1.0256e-13
1.02599e-13
1.01088e-13
9.94404e-14
9.90789e-14
1.00544e-13
1.02568e-13
1.0249e-13
1.02083e-13
1.02375e-13
1.02111e-13
1.01157e-13
1.50268e-14
1.12955e-14
6.58062e-15
1.51877e-14
1.00604e-13
1.02203e-13
1.02231e-13
1.02404e-13
1.02961e-13
1.02803e-13
1.00533e-13
9.90673e-14
9.96224e-14
1.01073e-13
1.02685e-13
1.02287e-13
1.02722e-13
1.02612e-13
1.02052e-13
9.95809e-14
1.56013e-14
7.313e-15
1.10998e-14
1.04627e-13
1.03542e-13
1.03625e-13
1.03501e-13
1.03461e-13
1.0197e-13
1.0137e-13
1.01884e-13
1.01328e-13
1.00124e-13
1.01994e-13
1.03849e-13
1.03493e-13
1.03708e-13
1.02447e-13
1.0273e-13
1.53175e-14
7.3818e-15
1.18733e-14
1.03343e-13
1.02652e-13
1.0336e-13
1.03913e-13
1.04331e-13
1.01963e-13
1.00078e-13
1.01043e-13
1.01925e-13
1.01463e-13
1.02074e-13
1.03449e-13
1.03641e-13
1.03545e-13
1.03077e-13
1.04441e-13
1.46023e-14
4.1603e-15
4.50244e-15
1.43083e-14
1.05852e-13
1.04965e-13
1.06477e-13
1.06104e-13
1.03015e-13
1.01181e-13
9.93223e-14
9.91889e-14
1.013e-13
1.03359e-13
1.05711e-13
1.06673e-13
1.07627e-13
1.0477e-13
1.57699e-14
1.1723e-14
8.01626e-15
1.55071e-14
1.03816e-13
1.06791e-13
1.06667e-13
1.06017e-13
1.04183e-13
1.01251e-13
9.92887e-14
9.98889e-14
1.01569e-13
1.02705e-13
1.05811e-13
1.06524e-13
1.05165e-13
1.07016e-13
1.47493e-14
1.09647e-14
4.98222e-15
1.50982e-14
1.16399e-13
1.11793e-13
1.1173e-13
1.09389e-13
1.27177e-14
1.24887e-14
1.22182e-14
1.2538e-14
1.2967e-14
1.16363e-13
1.13024e-13
1.15162e-13
1.27775e-14
1.39912e-14
4.58907e-15
1.12007e-14
1.41535e-14
1.12811e-13
1.13101e-13
1.16896e-13
1.34576e-14
1.29681e-14
1.23852e-14
1.22852e-14
1.25404e-14
1.10636e-13
1.13626e-13
1.11996e-13
1.15767e-13
1.51036e-14
1.18025e-14
5.04116e-15
8.90697e-15
1.49269e-14
1.29673e-14
1.55881e-14
1.4985e-14
1.39779e-14
1.36033e-14
1.3921e-14
1.55955e-14
1.69157e-14
1.66393e-14
1.57381e-14
8.15667e-15
5.98061e-15
1.49396e-14
1.62247e-14
1.68455e-14
1.68102e-14
1.48678e-14
1.38104e-14
1.37221e-14
1.44291e-14
1.58494e-14
1.68494e-14
1.68177e-14
1.54141e-14
8.53799e-15
4.73949e-15
9.21468e-15
7.65806e-15
4.10751e-15
4.22228e-15
9.54101e-15
6.84376e-15
4.18122e-15
9.65082e-15
6.94277e-15
7.51818e-15
8.59482e-15
7.16289e-15
1.17003e-14
1.13215e-13
1.17481e-13
1.12504e-13
1.57924e-14
1.3711e-14
8.13544e-15
4.32845e-15
4.41683e-15
8.84998e-15
1.51711e-14
1.6203e-14
1.13441e-13
1.17244e-13
1.18152e-13
8.32572e-15
4.96933e-15
1.16277e-13
1.16568e-13
1.14806e-13
1.37773e-14
1.50759e-14
1.21465e-14
8.09855e-15
7.54251e-15
1.13984e-14
1.46056e-14
1.1294e-13
1.16566e-13
1.13283e-13
1.4665e-14
5.1925e-15
1.17432e-14
1.07117e-13
1.07813e-13
1.081e-13
1.04537e-13
1.11139e-13
1.26253e-14
1.43076e-14
1.24323e-14
1.10527e-14
1.05944e-14
1.18436e-14
1.30487e-14
1.45623e-14
1.23536e-14
1.03384e-13
1.07787e-13
1.0725e-13
1.03156e-13
1.43532e-14
1.1111e-14
4.47019e-15
1.40063e-14
1.03198e-13
1.07384e-13
1.07985e-13
1.03573e-13
1.26229e-14
1.21521e-14
1.46588e-14
1.22595e-14
1.08569e-14
1.0903e-14
1.22714e-14
1.50869e-14
1.53151e-14
1.11187e-13
1.04372e-13
1.07849e-13
1.08172e-13
1.07542e-13
1.3367e-14
5.34207e-15
7.803e-15
1.04173e-13
1.02373e-13
1.04125e-13
1.04584e-13
1.03651e-13
1.01083e-13
1.2601e-14
1.21353e-14
1.47629e-14
1.53311e-14
1.28195e-14
1.39571e-14
1.19104e-14
1.23302e-14
9.99682e-14
1.02196e-13
1.03922e-13
1.04331e-13
1.02888e-13
1.02205e-13
1.48097e-14
4.20265e-15
1.16945e-14
1.02682e-13
1.03591e-13
1.04936e-13
1.03879e-13
1.02209e-13
1.0081e-13
1.25833e-14
1.21988e-14
1.46359e-14
1.4975e-14
1.24139e-14
1.44724e-14
1.21137e-14
1.2536e-14
1.01249e-13
1.03456e-13
1.04589e-13
1.04364e-13
1.02944e-13
1.04055e-13
1.10684e-14
1.10548e-14
9.94381e-14
1.01976e-13
1.02818e-13
1.02644e-13
1.02039e-13
1.00983e-13
9.809e-14
1.25283e-14
1.2254e-14
1.16867e-14
1.15978e-14
1.1792e-14
1.22114e-14
1.00015e-13
1.00937e-13
1.01939e-13
1.02723e-13
1.03247e-13
1.02343e-13
9.99418e-14
1.52285e-14
8.30537e-15
1.15267e-14
1.00261e-13
1.02439e-13
1.03394e-13
1.02596e-13
1.0191e-13
1.01103e-13
9.92765e-14
1.23716e-14
1.21231e-14
1.16129e-14
1.16905e-14
1.19641e-14
1.2246e-14
9.88468e-14
1.01141e-13
1.0182e-13
1.02647e-13
1.02886e-13
1.02144e-13
9.95972e-14
1.48601e-14
6.58591e-15
1.20327e-14
1.02782e-13
1.03571e-13
1.03181e-13
1.02271e-13
1.02033e-13
1.01341e-13
9.81429e-14
1.24014e-14
1.25003e-14
1.21267e-14
1.18688e-14
1.22174e-14
1.27035e-14
9.79148e-14
9.9635e-14
1.01295e-13
1.02387e-13
1.02365e-13
1.01519e-13
9.94237e-14
1.19887e-14
1.10691e-14
6.73182e-15
1.46794e-14
9.95746e-14
1.01365e-13
1.02238e-13
1.02318e-13
1.01401e-13
9.9493e-14
9.75089e-14
1.25749e-14
1.26074e-14
1.20078e-14
1.19404e-14
1.23247e-14
1.26182e-14
9.81676e-14
1.01314e-13
1.01806e-13
1.02053e-13
1.0289e-13
1.03722e-13
1.01731e-13
1.56493e-14
7.59965e-15
1.15691e-14
1.02848e-13
1.0353e-13
1.03172e-13
1.02401e-13
1.02164e-13
1.01488e-13
9.86071e-14
1.22808e-14
1.27263e-14
1.22341e-14
1.19955e-14
1.2361e-14
1.27087e-14
9.78898e-14
9.9582e-14
1.01465e-13
1.02231e-13
1.02308e-13
1.01503e-13
9.93602e-14
1.19853e-14
1.13763e-14
7.40385e-15
1.50718e-14
9.92721e-14
1.01374e-13
1.02246e-13
1.0231e-13
1.01634e-13
9.95126e-14
9.72758e-14
1.26595e-14
1.2639e-14
1.2135e-14
1.20647e-14
1.24517e-14
1.25287e-14
9.80328e-14
1.01463e-13
1.01908e-13
1.02215e-13
1.02935e-13
1.03671e-13
1.02115e-13
1.5764e-14
7.38968e-15
1.17419e-14
9.98936e-14
1.02148e-13
1.02917e-13
1.03032e-13
1.02337e-13
1.01058e-13
9.81648e-14
1.25271e-14
1.25326e-14
1.19094e-14
1.16654e-14
1.20671e-14
1.2565e-14
9.92529e-14
1.00146e-13
1.01892e-13
1.02478e-13
1.03205e-13
1.02471e-13
9.99828e-14
1.50629e-14
1.09782e-14
4.4107e-15
1.46388e-14
9.95483e-14
1.02569e-13
1.03218e-13
1.02528e-13
1.01834e-13
1.00333e-13
9.96052e-14
1.24031e-14
1.23551e-14
1.18289e-14
1.17765e-14
1.21428e-14
1.27487e-14
9.7741e-14
1.01026e-13
1.02002e-13
1.02966e-13
1.02815e-13
1.01699e-13
9.94835e-14
1.53971e-14
7.22962e-15
1.10211e-14
1.04304e-13
1.02845e-13
1.04412e-13
1.05114e-13
1.03784e-13
1.00446e-13
1.24004e-14
1.22879e-14
1.20402e-14
1.47649e-14
1.43123e-14
1.16094e-14
1.20844e-14
1.24083e-14
9.95932e-14
1.0208e-13
1.03407e-13
1.04098e-13
1.03288e-13
1.03382e-13
1.51467e-14
7.23818e-15
1.15152e-14
1.01692e-13
1.03087e-13
1.04505e-13
1.03646e-13
1.0184e-13
9.96028e-14
1.2509e-14
1.22746e-14
1.17885e-14
1.43759e-14
1.4714e-14
1.16776e-14
1.22181e-14
1.22342e-14
1.011e-13
1.03769e-13
1.04732e-13
1.03989e-13
1.0175e-13
1.04095e-13
1.47275e-14
4.31415e-15
4.66151e-15
1.4277e-14
1.08105e-13
1.0791e-13
1.084e-13
1.04889e-13
1.11014e-13
1.25046e-14
1.21429e-14
1.50705e-14
1.32692e-14
1.32231e-14
1.28558e-14
1.49314e-14
1.22489e-14
1.24316e-14
1.03129e-13
1.07058e-13
1.07189e-13
1.033e-13
1.20965e-14
1.1279e-14
7.57549e-15
1.45781e-14
1.03271e-13
1.07164e-13
1.07008e-13
1.02177e-13
1.25932e-14
1.23627e-14
1.47413e-14
1.51823e-14
1.32053e-14
1.35186e-14
1.3044e-14
1.46112e-14
1.22612e-14
1.10241e-13
1.04254e-13
1.08576e-13
1.08303e-13
1.07602e-13
1.46744e-14
1.09007e-14
5.39603e-15
1.47526e-14
1.14231e-13
1.17555e-13
1.14484e-13
1.31797e-14
1.47677e-14
1.19798e-14
1.07462e-14
7.14229e-15
6.90518e-15
7.78192e-15
1.08774e-14
1.45377e-14
1.53441e-14
1.29095e-14
1.1309e-13
1.16361e-13
1.18102e-13
1.39097e-14
4.93851e-15
1.07298e-14
1.14811e-13
1.15422e-13
1.12137e-13
1.31855e-14
1.26203e-14
1.43595e-14
1.16803e-14
7.98471e-15
7.25049e-15
7.03645e-15
7.57047e-15
1.19656e-14
1.48923e-14
1.2584e-14
1.1276e-13
1.18343e-13
1.13425e-13
1.58077e-14
1.1566e-14
5.36097e-15
1.49043e-14
1.61969e-14
1.54153e-14
1.41483e-14
8.26146e-15
8.54139e-15
1.50867e-14
1.62559e-14
1.50538e-14
8.69439e-15
5.48596e-15
1.59393e-14
1.60249e-14
1.48819e-14
9.52104e-15
5.25558e-15
4.83892e-15
9.26867e-15
1.4447e-14
1.63477e-14
1.43752e-14
8.33195e-15
4.62268e-15
9.06603e-15
6.66459e-15
4.3076e-15
9.85681e-15
8.41702e-15
4.29409e-15
1.01422e-14
7.04407e-15
4.31221e-15
9.53555e-15
7.19235e-15
1.14515e-14
1.14623e-13
1.16205e-13
1.13476e-13
1.44751e-14
8.36675e-15
4.31915e-15
1.24628e-14
1.52995e-14
1.12907e-13
1.16119e-13
1.1437e-13
7.77489e-15
4.95888e-15
1.14048e-13
1.16248e-13
1.1369e-13
1.34552e-14
1.47013e-14
7.92758e-15
5.3018e-15
1.43296e-14
1.14119e-13
1.15171e-13
1.14254e-13
1.43771e-14
5.09371e-15
1.09365e-14
1.04983e-13
1.07878e-13
1.08251e-13
1.04661e-13
1.26781e-14
1.48193e-14
1.20734e-14
4.47771e-15
1.23655e-14
1.52307e-14
1.04991e-13
1.05268e-13
1.0612e-13
1.03372e-13
1.48217e-14
7.77394e-15
1.1597e-14
1.0327e-13
1.06402e-13
1.06227e-13
1.04307e-13
1.28465e-14
1.47804e-14
1.08836e-14
4.89092e-15
1.41333e-14
1.23271e-14
1.04926e-13
1.08314e-13
1.07596e-13
1.0569e-13
1.44906e-14
4.98216e-15
7.93606e-15
1.03252e-13
1.01323e-13
1.03473e-13
1.042e-13
1.03173e-13
1.02416e-13
1.23874e-14
1.48381e-14
1.07797e-14
1.17895e-14
1.45275e-14
1.04262e-13
1.01986e-13
1.02994e-13
1.03351e-13
1.02809e-13
1.0191e-13
1.38866e-14
8.33882e-15
1.01084e-13
1.02832e-13
1.03633e-13
1.03769e-13
1.02621e-13
1.03823e-13
1.20733e-14
1.49954e-14
7.15489e-15
4.325e-15
1.20657e-14
1.52626e-14
1.02717e-13
1.03568e-13
1.04751e-13
1.03723e-13
1.01503e-13
1.04221e-13
1.1382e-14
1.42084e-14
1.06702e-13
1.0183e-13
1.02457e-13
1.02783e-13
1.02113e-13
9.97536e-14
1.24131e-14
1.19513e-14
1.29447e-14
6.23012e-15
8.97537e-15
1.26357e-14
1.21598e-14
9.9251e-14
1.02041e-13
1.02856e-13
1.02681e-13
1.02012e-13
1.00647e-13
1.54976e-14
7.22676e-15
1.10954e-14
1.00255e-13
1.0242e-13
1.02969e-13
1.03061e-13
1.01864e-13
9.85686e-14
1.22801e-14
1.4914e-14
1.19061e-14
3.59754e-15
1.01922e-14
1.52964e-14
1.20605e-14
9.93866e-14
1.02012e-13
1.0302e-13
1.02531e-13
1.01445e-13
1.04491e-13
1.53314e-14
1.35171e-14
1.02135e-13
1.02993e-13
1.03065e-13
1.02349e-13
1.00938e-13
9.90739e-14
1.23002e-14
1.20794e-14
1.27567e-14
9.29495e-15
1.04449e-14
1.51289e-14
1.20209e-14
1.01244e-13
1.02017e-13
1.02499e-13
1.02212e-13
1.00789e-13
9.81626e-14
1.46753e-14
8.65423e-15
1.36784e-14
9.84343e-14
1.01152e-13
1.02365e-13
1.02555e-13
1.01758e-13
1.00746e-13
1.23889e-14
1.17709e-14
1.29629e-14
6.44525e-15
3.80979e-15
1.23782e-14
1.52579e-14
1.22758e-14
9.83498e-14
1.00454e-13
1.02286e-13
1.02907e-13
1.02861e-13
1.0095e-13
1.59148e-14
1.35597e-14
1.0173e-13
1.02933e-13
1.03102e-13
1.0229e-13
1.00907e-13
9.91429e-14
1.23839e-14
1.212e-14
1.51631e-14
1.00257e-14
1.04074e-14
1.52759e-14
1.2051e-14
1.00741e-13
1.02108e-13
1.02583e-13
1.02304e-13
1.00766e-13
9.84203e-14
1.15942e-14
1.03527e-14
3.65683e-15
1.35101e-14
9.85265e-14
1.01274e-13
1.02291e-13
1.02469e-13
1.01972e-13
1.00586e-13
1.24435e-14
1.18078e-14
1.29288e-14
6.48487e-15
6.06102e-15
1.27041e-14
1.47069e-14
1.23913e-14
9.8745e-14
1.00634e-13
1.02167e-13
1.02905e-13
1.02925e-13
1.01942e-13
1.64145e-14
1.30229e-14
1.05088e-13
1.01606e-13
1.02659e-13
1.02767e-13
1.02091e-13
1.00051e-13
1.22562e-14
1.20842e-14
1.29997e-14
6.93735e-15
9.89879e-15
1.52617e-14
1.23769e-14
9.90133e-14
1.0219e-13
1.03004e-13
1.02906e-13
1.02094e-13
1.01087e-13
1.54414e-14
8.64609e-15
1.13924e-14
1.00435e-13
1.02598e-13
1.02717e-13
1.02877e-13
1.02171e-13
9.87383e-14
1.24501e-14
1.5288e-14
1.30365e-14
5.87827e-15
1.09716e-14
1.56983e-14
1.21428e-14
1.00683e-13
1.02296e-13
1.02584e-13
1.02377e-13
1.01524e-13
1.05173e-13
1.5532e-14
1.23409e-14
1.03358e-13
1.01337e-13
1.03725e-13
1.0438e-13
1.03064e-13
1.03482e-13
1.24283e-14
1.48318e-14
1.23086e-14
3.82063e-15
4.20904e-15
1.20954e-14
1.20241e-14
1.03332e-13
1.00941e-13
1.0292e-13
1.03433e-13
1.02846e-13
1.02462e-13
1.43835e-14
4.25973e-15
1.11277e-14
1.02063e-13
1.03008e-13
1.03128e-13
1.0355e-13
1.02313e-13
1.04392e-13
1.21487e-14
1.52702e-14
1.02199e-14
8.89913e-15
1.47145e-14
1.21715e-14
1.03074e-13
1.03352e-13
1.04133e-13
1.03328e-13
1.01572e-13
1.04967e-13
1.21777e-14
1.36495e-14
1.05551e-13
1.07414e-13
1.07963e-13
1.0394e-13
1.3041e-14
1.22457e-14
1.19965e-14
4.34993e-15
1.03596e-14
1.53098e-14
1.22599e-14
1.05925e-13
1.06206e-13
1.05973e-13
1.03554e-13
1.56356e-14
1.1159e-14
4.93356e-15
1.37689e-14
1.02928e-13
1.05596e-13
1.05888e-13
1.06332e-13
1.26593e-14
1.49701e-14
1.23786e-14
4.24426e-15
1.10704e-14
1.45552e-14
1.25888e-14
1.05268e-13
1.07535e-13
1.07096e-13
1.06681e-13
1.44387e-14
8.54908e-15
5.13324e-15
1.49454e-14
1.12566e-13
1.15843e-13
1.13233e-13
1.2704e-14
1.37686e-14
5.17163e-15
1.06443e-14
1.48823e-14
1.31064e-14
1.12735e-13
1.17594e-13
1.14095e-13
1.44362e-14
4.59139e-15
1.04441e-14
1.12263e-13
1.16722e-13
1.12392e-13
1.34184e-14
1.56492e-14
1.14436e-14
4.59444e-15
1.11466e-14
1.48776e-14
1.14193e-13
1.15881e-13
1.12904e-13
1.56496e-14
1.12599e-14
5.51842e-15
1.4684e-14
1.61767e-14
1.50671e-14
8.43746e-15
5.25427e-15
1.47067e-14
1.63607e-14
1.60881e-14
8.00195e-15
5.40244e-15
1.59766e-14
1.6262e-14
1.47888e-14
8.19179e-15
5.49003e-15
1.51609e-14
1.64291e-14
1.46969e-14
8.54886e-15
3.78948e-15
9.08168e-15
6.75273e-15
4.58623e-15
9.11933e-15
7.53791e-15
4.70021e-15
9.6009e-15
7.26694e-15
4.41465e-15
9.17292e-15
6.61758e-15
1.17419e-14
1.08976e-13
1.14672e-13
1.14374e-13
1.49721e-14
8.48384e-15
1.16656e-14
1.51177e-14
1.14538e-13
1.15292e-13
1.46683e-14
5.17033e-15
1.25329e-14
1.14575e-13
1.13811e-13
1.34715e-14
1.37937e-14
5.40832e-15
5.41492e-15
1.44348e-14
1.14371e-13
1.15767e-13
1.09157e-13
1.48516e-14
1.00355e-13
1.04796e-13
1.05117e-13
1.03154e-13
1.29336e-14
1.54479e-14
7.22968e-15
1.12713e-14
1.45984e-14
1.05558e-13
1.0851e-13
1.09902e-13
1.10566e-13
1.42396e-14
5.22234e-15
1.12085e-14
1.10386e-13
1.09564e-13
1.07449e-13
1.06837e-13
1.29441e-14
1.37145e-14
4.89074e-15
1.0763e-14
1.24716e-14
1.03437e-13
1.05159e-13
1.04656e-13
1.00481e-13
1.00284e-13
1.02795e-13
1.02917e-13
1.01983e-13
1.0214e-13
1.24493e-14
1.36995e-14
4.05046e-15
7.30063e-15
1.47433e-14
1.03434e-13
1.01167e-13
1.03916e-13
1.05293e-13
1.04667e-13
1.05582e-13
1.10234e-14
8.01063e-15
1.0428e-13
1.04692e-13
1.04939e-13
1.03642e-13
1.01411e-13
1.04818e-13
1.22898e-14
1.13683e-14
1.07635e-14
1.45011e-14
1.02766e-13
1.02426e-13
1.03146e-13
1.03246e-13
1.01713e-13
9.96468e-14
1.02145e-13
1.02556e-13
1.0175e-13
1.00512e-13
1.25114e-14
1.49227e-14
1.07676e-14
1.14352e-14
1.51422e-14
1.04105e-13
1.01132e-13
1.02615e-13
1.03534e-13
1.03133e-13
1.00523e-13
1.47155e-14
6.93007e-15
1.11635e-14
1.00889e-13
1.02836e-13
1.03433e-13
1.0277e-13
1.01319e-13
1.04327e-13
1.24495e-14
1.47837e-14
6.84826e-15
4.28026e-15
1.19038e-14
1.23022e-14
1.01499e-13
1.01889e-13
1.02438e-13
1.01881e-13
9.96813e-14
1.00492e-13
1.0168e-13
1.02085e-13
1.01007e-13
9.85362e-14
1.22189e-14
1.20004e-14
1.14204e-14
1.21712e-14
1.21056e-14
1.0069e-13
1.0266e-13
1.02748e-13
1.02422e-13
1.02073e-13
1.02073e-13
1.61081e-14
8.04224e-15
1.15353e-14
1.01544e-13
1.01807e-13
1.02578e-13
1.02966e-13
1.02379e-13
1.01075e-13
1.24385e-14
1.5372e-14
7.30821e-15
7.12271e-15
1.44985e-14
1.2011e-14
9.88828e-14
1.00922e-13
1.01932e-13
1.01478e-13
1.00385e-13
1.00302e-13
1.01514e-13
1.01931e-13
1.01056e-13
9.84067e-14
1.21792e-14
1.18494e-14
1.18833e-14
3.56806e-15
1.24729e-14
1.22378e-14
1.00994e-13
1.02843e-13
1.02762e-13
1.02433e-13
1.01719e-13
1.01323e-13
1.60585e-14
1.00151e-14
3.58629e-15
1.25992e-14
1.01745e-13
1.01977e-13
1.0262e-13
1.02961e-13
1.02405e-13
1.0062e-13
1.24869e-14
1.53991e-14
9.53882e-15
7.48704e-15
1.50314e-14
1.20572e-14
9.84588e-14
1.0109e-13
1.01905e-13
1.01469e-13
1.00223e-13
9.96132e-14
1.01792e-13
1.02392e-13
1.02587e-13
1.00038e-13
1.2371e-14
1.49081e-14
1.12468e-14
1.15139e-14
1.21834e-14
1.04752e-13
1.01572e-13
1.02644e-13
1.03552e-13
1.02946e-13
1.00973e-13
1.576e-14
7.90679e-15
1.19468e-14
1.0048e-13
1.02904e-13
1.03469e-13
1.02777e-13
1.01261e-13
1.03758e-13
1.23834e-14
1.49735e-14
7.29641e-15
6.7314e-15
1.465e-14
1.22267e-14
1.00137e-13
1.02235e-13
1.02309e-13
1.01694e-13
9.91971e-14
1.00717e-13
1.02734e-13
1.02926e-13
1.03367e-13
1.02249e-13
1.22519e-14
1.50289e-14
6.99082e-15
1.09909e-14
1.44394e-14
1.02617e-13
1.0107e-13
1.03827e-13
1.05085e-13
1.0383e-13
1.04569e-13
1.50305e-14
4.59767e-15
1.08835e-14
1.05408e-13
1.04214e-13
1.04793e-13
1.0372e-13
1.0099e-13
1.05726e-13
1.23859e-14
1.17894e-14
4.33875e-15
1.13728e-14
1.20425e-14
1.0286e-13
1.02458e-13
1.03061e-13
1.02976e-13
1.00193e-13
1.00099e-13
1.03847e-13
1.04507e-13
1.0345e-13
1.2933e-14
1.53232e-14
1.21451e-14
4.20073e-15
1.413e-14
1.23065e-14
1.05107e-13
1.07433e-13
1.0958e-13
1.08583e-13
1.49569e-14
1.10112e-14
4.41419e-15
1.46163e-14
1.10121e-13
1.09166e-13
1.07766e-13
1.04799e-13
1.24971e-14
1.43661e-14
1.10265e-14
4.86439e-15
1.47842e-14
1.24304e-14
1.02315e-13
1.04815e-13
1.04447e-13
9.99425e-14
1.57103e-14
1.07542e-13
1.15211e-13
1.12834e-13
1.24454e-14
1.38444e-14
4.39474e-15
5.25608e-15
1.47676e-14
1.28162e-14
1.14458e-13
1.16506e-13
1.59449e-14
1.19655e-14
5.14314e-15
1.51884e-14
1.15477e-13
1.13758e-13
1.34379e-14
1.51928e-14
1.18263e-14
1.0721e-14
1.43282e-14
1.1385e-13
1.12399e-13
1.0951e-13
1.601e-14
7.98562e-15
1.41625e-14
1.60058e-14
1.52942e-14
8.61864e-15
5.0628e-15
1.46575e-14
1.61971e-14
1.43763e-14
8.35269e-15
5.06109e-15
1.4478e-14
1.61284e-14
1.48077e-14
8.73678e-15
5.58682e-15
1.50093e-14
1.55332e-14
1.44877e-14
9.19638e-15
7.47136e-15
7.29924e-15
4.54439e-15
9.58222e-15
7.90206e-15
4.44982e-15
9.59555e-15
7.2321e-15
4.18622e-15
8.98642e-15
1.0778e-13
1.11084e-13
1.47608e-14
8.27803e-15
1.15432e-14
1.58168e-14
1.16476e-13
1.14784e-13
1.42563e-14
5.59865e-15
1.11626e-14
1.14136e-13
1.1638e-13
1.37682e-14
1.47103e-14
5.46165e-15
5.19272e-15
1.42606e-14
1.11915e-13
1.07602e-13
1.03389e-13
1.02209e-13
1.05954e-13
1.43306e-14
8.16113e-15
1.13047e-14
1.54859e-14
1.10075e-13
1.09775e-13
1.09541e-13
1.09149e-13
1.45319e-14
7.54355e-15
1.13401e-14
1.07099e-13
1.09419e-13
1.0987e-13
1.10027e-13
1.2834e-14
1.45685e-14
5.18313e-15
1.37436e-14
1.06054e-13
1.01581e-13
1.03002e-13
1.02177e-13
1.0159e-13
1.0359e-13
1.22964e-14
1.40792e-14
4.23167e-15
8.13319e-15
1.41788e-14
1.04678e-13
1.04579e-13
1.05553e-13
1.05211e-13
1.03602e-13
1.065e-13
1.15918e-14
4.00769e-15
1.03404e-14
1.06817e-13
1.03749e-13
1.05125e-13
1.05076e-13
1.04302e-13
1.04154e-13
1.203e-14
1.121e-14
1.04813e-14
1.46042e-14
1.03705e-13
1.02308e-13
1.02807e-13
1.01775e-13
1.00539e-13
1.00046e-13
1.247e-14
1.45792e-14
8.49123e-15
1.08779e-14
1.18574e-14
9.98729e-14
1.02684e-13
1.04032e-13
1.04113e-13
1.03149e-13
9.95872e-14
1.44355e-14
1.04515e-14
4.01724e-15
1.21808e-14
9.99138e-14
1.02996e-13
1.0401e-13
1.03721e-13
1.0295e-13
1.00203e-13
1.22665e-14
1.4212e-14
4.1377e-15
1.22813e-14
1.19798e-14
9.98571e-14
1.01067e-13
1.02087e-13
1.02057e-13
1.00378e-13
9.93759e-14
1.23153e-14
1.18092e-14
1.117e-14
1.16713e-14
1.2293e-14
1.01266e-13
1.01533e-13
1.02824e-13
1.04071e-13
1.03817e-13
9.90853e-14
1.16639e-14
1.13298e-14
6.92907e-15
1.44314e-14
1.00334e-13
1.03466e-13
1.03892e-13
1.02771e-13
1.01967e-13
1.01536e-13
1.26116e-14
1.55528e-14
7.38822e-15
6.71861e-15
1.47709e-14
1.20538e-14
9.90839e-14
1.00536e-13
1.02292e-13
1.02086e-13
1.00325e-13
9.90686e-14
1.22705e-14
1.18743e-14
1.16125e-14
1.16736e-14
1.24653e-14
1.00551e-13
1.01751e-13
1.0283e-13
1.04016e-13
1.03699e-13
9.96996e-14
1.16661e-14
1.15523e-14
7.17054e-15
1.48899e-14
1.00453e-13
1.03801e-13
1.0387e-13
1.02744e-13
1.01866e-13
1.01126e-13
1.26823e-14
1.54432e-14
7.33121e-15
7.10092e-15
1.49598e-14
1.21617e-14
9.88718e-14
1.00181e-13
1.02083e-13
1.01879e-13
1.00614e-13
9.95928e-14
1.25594e-14
1.48585e-14
1.14482e-14
1.12506e-14
1.22001e-14
9.93558e-14
1.02906e-13
1.03927e-13
1.04199e-13
1.03284e-13
1.00412e-13
1.45935e-14
1.13651e-14
6.83231e-15
1.47584e-14
9.98627e-14
1.03171e-13
1.03998e-13
1.03732e-13
1.02954e-13
1.00134e-13
1.24907e-14
1.50384e-14
6.74097e-15
4.17402e-15
1.45037e-14
1.22752e-14
9.93389e-14
1.00351e-13
1.01772e-13
1.0255e-13
1.02218e-13
1.03333e-13
1.24902e-14
1.51757e-14
6.84323e-15
8.85436e-15
1.48267e-14
1.04634e-13
1.0404e-13
1.05219e-13
1.05038e-13
1.0337e-13
1.06792e-13
1.51251e-14
7.13683e-15
1.23126e-14
1.05651e-13
1.04183e-13
1.05426e-13
1.05127e-13
1.04084e-13
1.05016e-13
1.21512e-14
1.43691e-14
1.10529e-14
1.2182e-14
1.04208e-13
1.0185e-13
1.02424e-13
1.03068e-13
1.01019e-13
1.04053e-13
1.21773e-14
1.14415e-14
4.32208e-15
1.39495e-14
1.22413e-14
1.1012e-13
1.09321e-13
1.09055e-13
1.08184e-13
1.44835e-14
1.15013e-14
4.5059e-15
1.45146e-14
1.10581e-13
1.09436e-13
1.09677e-13
1.09657e-13
1.28334e-14
1.4004e-14
1.0701e-14
5.53696e-15
1.36581e-14
1.06168e-13
1.01545e-13
1.02504e-13
1.07467e-13
1.12041e-13
1.26155e-14
1.31876e-14
4.75009e-15
5.12259e-15
1.4818e-14
1.33171e-14
1.15166e-13
1.14487e-13
1.5513e-14
1.22721e-14
3.91019e-15
7.39364e-15
1.45977e-14
1.14055e-13
1.15968e-13
1.4087e-14
1.57068e-14
1.13406e-14
1.06917e-14
1.46792e-14
1.12411e-13
1.06334e-13
1.61283e-14
1.56056e-14
1.17675e-14
5.50479e-15
1.49936e-14
1.64927e-14
1.51634e-14
8.52553e-15
5.49067e-15
1.50382e-14
1.61196e-14
1.4818e-14
7.87883e-15
5.67561e-15
1.51658e-14
1.86804e-14
3.66687e-15
4.36097e-15
9.52472e-15
7.21644e-15
4.41603e-15
9.67693e-15
6.6711e-15
1.59051e-14
1.11195e-14
1.33662e-14
1.11928e-13
1.17669e-13
1.174e-13
1.10131e-13
1.10248e-14
5.7188e-15
1.10885e-13
1.17439e-13
1.19054e-13
1.14755e-13
1.44202e-14
5.25779e-15
5.38597e-15
1.45288e-14
1.10093e-13
1.49588e-14
1.15665e-14
1.12294e-14
1.1987e-14
1.04094e-13
1.10121e-13
1.10106e-13
1.05158e-13
1.09078e-13
1.1457e-14
4.59462e-15
1.04682e-14
1.08758e-13
1.04537e-13
1.10233e-13
1.10526e-13
1.06027e-13
1.29084e-14
1.385e-14
5.3474e-15
4.47993e-15
1.46179e-14
1.08487e-13
1.05552e-13
1.23898e-14
1.51614e-14
4.35154e-15
8.01545e-15
1.50619e-14
1.02296e-13
1.03237e-13
1.05779e-13
1.05794e-13
1.03632e-13
1.00497e-13
1.44642e-14
1.26802e-14
9.60984e-15
3.69826e-15
6.4433e-15
1.07675e-14
1.49725e-14
1.01303e-13
1.03404e-13
1.05667e-13
1.06024e-13
1.03668e-13
1.00379e-13
1.2322e-14
1.13836e-14
1.1416e-14
1.53352e-14
1.0669e-13
1.02087e-13
1.235e-14
1.45913e-14
8.73771e-15
1.11926e-14
1.20945e-14
1.01362e-13
1.0319e-13
1.0429e-13
1.03376e-13
1.02007e-13
1.0072e-13
1.00612e-13
1.54303e-14
1.26254e-14
1.08095e-14
1.02665e-14
1.17392e-14
1.37269e-14
1.00882e-13
1.00603e-13
1.0234e-13
1.03557e-13
1.04322e-13
1.03098e-13
1.009e-13
1.25108e-14
1.49824e-14
6.86319e-15
1.40469e-14
1.24525e-14
1.02331e-13
1.03524e-13
1.04035e-13
1.20365e-14
1.13662e-14
1.16603e-14
1.20058e-14
9.88269e-14
1.02021e-13
1.03268e-13
1.02263e-13
1.00952e-13
1.01481e-13
9.82164e-14
1.4623e-14
1.38289e-14
1.21379e-14
1.18623e-14
1.27632e-14
1.48826e-14
9.89707e-14
1.01355e-13
1.01123e-13
1.02521e-13
1.03204e-13
1.01587e-13
9.87764e-14
1.23714e-14
1.48147e-14
8.39587e-15
6.86596e-15
1.51084e-14
1.04816e-13
1.0411e-13
1.03739e-13
1.04031e-13
1.21286e-14
1.16803e-14
1.29083e-14
1.21068e-14
9.91832e-14
1.02275e-13
1.03258e-13
1.02284e-13
1.0095e-13
1.0166e-13
9.84068e-14
1.16506e-14
1.29227e-14
1.22189e-14
1.2009e-14
1.26272e-14
1.46993e-14
9.8681e-14
1.0153e-13
1.01141e-13
1.02512e-13
1.03334e-13
1.01817e-13
9.85363e-14
1.21217e-14
1.47728e-14
8.62791e-15
7.29037e-15
1.53739e-14
1.03682e-13
1.038e-13
1.02441e-13
1.21848e-14
1.18713e-14
1.08593e-14
1.14997e-14
1.23524e-14
1.01486e-13
1.03551e-13
1.0435e-13
1.03537e-13
1.02106e-13
1.00553e-13
1.01152e-13
1.45713e-14
1.39482e-14
1.17607e-14
1.149e-14
1.23036e-14
1.30246e-14
1.00354e-13
1.00693e-13
1.02125e-13
1.03478e-13
1.04368e-13
1.03003e-13
1.00887e-13
1.26393e-14
1.56984e-14
7.46947e-15
4.31804e-15
1.4036e-14
1.2083e-14
1.02526e-13
1.06642e-13
1.24953e-14
1.46216e-14
7.66824e-15
1.12779e-14
1.54708e-14
1.02335e-13
1.03672e-13
1.05986e-13
1.05542e-13
1.03526e-13
1.0082e-13
1.20027e-14
1.30346e-14
1.13829e-14
9.01787e-15
6.68176e-15
9.82637e-15
1.31222e-14
1.44143e-14
1.00586e-13
1.03931e-13
1.05534e-13
1.06091e-13
1.03591e-13
1.01188e-13
1.23641e-14
1.49702e-14
4.31548e-15
1.12494e-14
1.22787e-14
1.07321e-13
1.09564e-13
1.2134e-14
1.08332e-14
4.4935e-15
1.44296e-14
1.25104e-14
1.04579e-13
1.10603e-13
1.09635e-13
1.04995e-13
1.07983e-13
1.45252e-14
1.10916e-14
4.13781e-15
6.79708e-15
1.24318e-14
1.09206e-13
1.04988e-13
1.10002e-13
1.10511e-13
1.05759e-13
1.27309e-14
1.50483e-14
1.10662e-14
8.0609e-15
1.48625e-14
1.08528e-13
1.33997e-14
1.43594e-14
5.41482e-15
5.20989e-15
1.37628e-14
1.1389e-13
1.19586e-13
1.16782e-13
1.10211e-13
1.44189e-14
8.00886e-15
4.19772e-15
1.20886e-14
1.08983e-13
1.17189e-13
1.19003e-13
1.13365e-13
1.25231e-14
1.35915e-14
1.13968e-14
1.48485e-14
1.38448e-14
5.16303e-15
5.74255e-15
1.54027e-14
1.64804e-14
1.52905e-14
9.13813e-15
5.20274e-15
8.54432e-15
1.5639e-14
1.63895e-14
1.49503e-14
8.28989e-15
8.81607e-15
4.62539e-15
9.56582e-15
9.14387e-15
7.21223e-15
4.22019e-15
7.30379e-15
9.53547e-15
7.37627e-15
5.32441e-15
1.13592e-14
1.55448e-14
1.07505e-13
1.09698e-13
1.1365e-13
1.13058e-13
1.16382e-14
1.18876e-14
1.19746e-14
1.17894e-14
1.12554e-13
1.09597e-13
1.09455e-13
1.09789e-13
1.32289e-14
1.49968e-14
8.2057e-15
1.17519e-14
1.151e-14
1.25508e-14
1.08022e-13
1.0614e-13
1.06741e-13
1.05665e-13
1.04374e-13
1.01396e-13
9.88537e-14
9.87232e-14
1.01208e-13
1.04965e-13
1.05018e-13
1.06562e-13
1.06857e-13
1.07976e-13
1.30798e-14
1.48888e-14
8.48708e-15
4.85515e-15
1.53237e-14
4.43971e-15
1.08964e-14
1.42759e-14
1.0747e-13
1.03619e-13
1.04431e-13
1.04189e-13
1.03911e-13
1.02645e-13
1.00824e-13
1.01184e-13
1.01479e-13
1.01043e-13
1.02969e-13
1.04145e-13
1.04353e-13
1.04609e-13
1.03086e-13
1.07391e-13
1.23754e-14
1.36955e-14
4.14766e-15
1.12943e-14
1.66097e-14
1.10747e-14
1.19874e-14
1.21589e-14
1.01899e-13
1.02464e-13
1.02828e-13
1.02737e-13
1.02739e-13
1.0283e-13
1.00874e-13
9.93641e-14
9.95443e-14
1.0114e-13
1.0255e-13
1.0279e-13
1.02841e-13
1.03212e-13
1.02492e-13
1.01774e-13
1.25259e-14
1.5489e-14
7.51763e-15
4.3001e-15
1.44765e-14
1.3637e-14
1.15191e-14
3.99665e-15
1.41788e-14
1.21905e-14
1.01134e-13
1.02805e-13
1.02239e-13
1.025e-13
1.0205e-13
1.02427e-13
1.02143e-13
1.0079e-13
1.00835e-13
1.02417e-13
1.02205e-13
1.02159e-13
1.02533e-13
1.02574e-13
1.02835e-13
1.00904e-13
1.24298e-14
1.47166e-14
1.10722e-14
7.37544e-15
1.53899e-14
1.3813e-14
1.15398e-14
6.512e-15
1.42681e-14
1.20442e-14
1.00772e-13
1.02733e-13
1.02331e-13
1.02558e-13
1.02091e-13
1.02291e-13
1.02101e-13
1.00806e-13
1.00787e-13
1.02264e-13
1.02332e-13
1.02089e-13
1.02625e-13
1.02454e-13
1.0265e-13
1.0133e-13
1.22046e-14
1.17123e-14
1.07224e-14
7.52876e-15
1.56564e-14
1.35104e-14
1.09825e-14
1.18748e-14
1.23859e-14
1.01364e-13
1.02387e-13
1.03011e-13
1.0278e-13
1.02872e-13
1.02793e-13
1.00817e-13
9.95903e-14
9.95179e-14
1.00681e-13
1.02679e-13
1.02699e-13
1.0291e-13
1.03043e-13
1.02304e-13
1.02269e-13
1.25577e-14
1.51474e-14
8.36014e-15
6.92257e-15
1.47926e-14
1.5859e-14
7.8926e-15
1.11174e-14
1.19982e-14
1.07425e-13
1.03066e-13
1.04163e-13
1.03944e-13
1.03908e-13
1.02652e-13
1.0067e-13
1.01896e-13
1.01937e-13
1.00796e-13
1.02642e-13
1.03811e-13
1.04016e-13
1.04313e-13
1.03184e-13
1.07386e-13
1.2405e-14
1.44952e-14
6.89912e-15
1.14445e-14
1.47638e-14
5.32018e-15
1.41607e-14
1.24869e-14
1.06787e-13
1.05421e-13
1.06054e-13
1.06069e-13
1.05327e-13
1.01471e-13
9.9045e-14
9.94385e-14
1.01651e-13
1.04548e-13
1.05282e-13
1.06533e-13
1.06306e-13
1.08721e-13
1.30016e-14
1.50431e-14
1.16935e-14
8.06189e-15
4.51745e-15
1.03907e-14
1.46081e-14
1.31004e-14
1.07068e-13
1.09294e-13
1.13068e-13
1.126e-13
1.53093e-14
1.5259e-14
1.50874e-14
1.55604e-14
1.13165e-13
1.11104e-13
1.09562e-13
1.08337e-13
1.34934e-14
1.61053e-14
1.43804e-14
4.17755e-15
5.34279e-15
1.44862e-14
1.56619e-14
1.56773e-14
1.45958e-14
8.43815e-15
8.6403e-15
7.29677e-15
7.14453e-15
7.68824e-15
9.47059e-15
1.4162e-14
1.52604e-14
1.2991e-14
1.46976e-14
9.17025e-15
6.05189e-15
7.2559e-15
9.37402e-15
1.02394e-14
9.80538e-15
9.96004e-15
9.33766e-15
7.29119e-15
4.51278e-15
1.02513e-14
1.43663e-14
1.28997e-14
1.12582e-13
1.03214e-13
1.01026e-13
1.01142e-13
1.04203e-13
1.12286e-13
1.33815e-14
1.5943e-14
1.37612e-14
5.28622e-15
1.09468e-14
1.4931e-14
1.11045e-13
1.02531e-13
1.03483e-13
1.03408e-13
1.02373e-13
1.02138e-13
1.03403e-13
1.03717e-13
1.03359e-13
1.10391e-13
1.27257e-14
1.36853e-14
4.81151e-15
8.18107e-15
1.49254e-14
1.24152e-14
1.01e-13
1.02423e-13
1.02986e-13
1.0262e-13
1.02477e-13
1.02388e-13
1.02711e-13
1.02944e-13
1.02307e-13
1.00613e-13
1.26965e-14
1.2193e-14
1.13729e-14
1.17438e-14
1.20135e-14
1.00532e-13
9.99913e-14
1.01869e-13
1.02354e-13
1.02238e-13
1.03015e-13
1.03035e-13
1.02326e-13
1.02087e-13
1.01622e-13
9.98432e-14
1.01906e-13
1.23059e-14
1.50324e-14
7.31381e-15
4.39446e-15
1.24476e-14
1.25176e-14
9.76147e-14
9.94116e-14
1.01863e-13
1.01924e-13
1.0313e-13
1.04722e-13
1.04708e-13
1.03295e-13
1.01939e-13
1.01892e-13
9.9182e-14
9.83768e-14
1.25275e-14
1.51905e-14
1.07648e-14
6.57667e-15
1.3632e-14
1.25361e-14
9.77699e-14
9.93671e-14
1.01858e-13
1.01986e-13
1.03198e-13
1.04758e-13
1.04665e-13
1.03257e-13
1.01885e-13
1.01806e-13
9.94873e-14
9.80226e-14
1.26079e-14
1.48593e-14
1.10028e-14
1.22891e-14
1.21695e-14
1.01569e-13
1.00134e-13
1.01642e-13
1.02431e-13
1.02358e-13
1.03185e-13
1.03082e-13
1.02204e-13
1.02188e-13
1.0206e-13
1.00462e-13
1.02027e-13
1.23243e-14
1.5517e-14
7.76408e-15
1.15519e-14
1.47265e-14
1.23244e-14
1.00361e-13
1.02198e-13
1.02862e-13
1.02385e-13
1.02545e-13
1.02477e-13
1.02402e-13
1.0266e-13
1.02422e-13
1.00245e-13
1.24284e-14
1.20862e-14
1.50038e-14
4.51425e-15
4.66433e-15
1.4019e-14
1.24423e-14
1.09858e-13
1.03019e-13
1.03208e-13
1.03209e-13
1.0268e-13
1.02511e-13
1.03513e-13
1.03326e-13
1.02503e-13
1.10351e-13
1.27334e-14
1.47494e-14
1.14518e-14
5.22242e-15
1.40262e-14
1.24166e-14
1.28271e-14
1.11262e-13
1.03778e-13
1.01592e-13
1.01296e-13
1.04626e-13
1.12079e-13
1.30404e-14
1.29055e-14
1.45588e-14
1.14528e-14
5.341e-15
8.92424e-15
1.38261e-14
1.65681e-14
1.27882e-14
1.26307e-14
1.24337e-14
1.26668e-14
1.65901e-14
1.56631e-14
1.54717e-14
8.40074e-15
4.19069e-15
9.42091e-15
1.08898e-14
1.34734e-14
1.39602e-14
1.38327e-14
1.12798e-14
7.70468e-15
5.01763e-15
1.18327e-14
1.43898e-14
1.23368e-14
1.24622e-14
1.23981e-14
1.24319e-14
1.21069e-14
1.44575e-14
1.11139e-14
4.25026e-15
1.21147e-14
1.49728e-14
1.22917e-14
1.25349e-14
9.76411e-14
9.71762e-14
1.239e-14
1.26502e-14
1.22743e-14
1.40432e-14
1.05904e-14
9.862e-15
1.48326e-14
1.21824e-14
1.24711e-14
9.88684e-14
1.02421e-13
1.02522e-13
9.88884e-14
1.22052e-14
1.23243e-14
1.18397e-14
1.24941e-14
4.03647e-15
1.17901e-14
1.47415e-14
1.24088e-14
1.21943e-14
1.01865e-13
1.06384e-13
1.06261e-13
1.02168e-13
1.22134e-14
1.24857e-14
1.21198e-14
1.53525e-14
7.24125e-15
1.13635e-14
1.164e-14
1.25915e-14
1.2187e-14
1.02087e-13
1.06392e-13
1.06036e-13
1.02317e-13
1.22223e-14
1.24992e-14
1.2116e-14
1.44029e-14
7.63065e-15
1.11463e-14
1.46259e-14
1.21485e-14
1.23741e-14
9.90898e-14
1.02702e-13
1.0249e-13
9.90164e-14
1.21596e-14
1.25162e-14
1.21716e-14
1.27912e-14
6.61585e-15
7.04557e-15
1.50911e-14
1.20685e-14
1.23745e-14
1.21725e-14
9.73389e-14
9.7274e-14
1.2229e-14
1.22855e-14
1.24626e-14
1.44333e-14
1.17339e-14
1.11144e-14
1.50033e-14
1.21487e-14
1.20875e-14
1.24744e-14
1.24931e-14
1.25466e-14
1.22572e-14
1.47942e-14
1.18303e-14
4.71187e-15
1.07772e-14
1.41962e-14
1.45761e-14
1.21363e-14
1.21179e-14
1.47563e-14
1.43224e-14
1.17003e-14
4.55166e-15
7.89891e-15
8.71686e-15
8.71078e-15
8.57423e-15
4.56553e-15
6.27874e-15
9.63271e-15
9.95427e-15
8.98213e-15
3.83805e-15
6.26142e-15
1.11514e-14
1.21815e-14
1.23582e-14
1.18156e-14
9.75398e-15
9.53125e-15
1.21383e-14
1.27343e-14
1.27059e-14
1.25359e-14
1.1404e-14
6.18018e-15
9.75126e-15
1.23273e-14
1.27879e-14
1.28082e-14
1.26499e-14
1.16541e-14
6.47197e-15
9.03002e-15
1.18785e-14
1.26321e-14
1.26666e-14
1.24676e-14
1.08252e-14
3.96278e-15
4.11686e-15
9.79097e-15
1.14903e-14
1.16206e-14
1.09447e-14
8.33789e-15
5.92821e-15
6.44998e-15
4.02644e-15
3.94009e-15
6.22545e-15
6.61951e-15
6.59757e-15
6.55434e-15
5.95965e-15
3.90543e-15
3.823e-15
6.25138e-15
6.72893e-15
6.68928e-15
6.59247e-15
6.26696e-15
3.90256e-15
3.88808e-15
4.25434e-15
8.37904e-15
6.16083e-15
8.96778e-15
9.68879e-15
1.09127e-14
9.49734e-15
1.00929e-14
1.14924e-14
1.17432e-14
1.0231e-14
1.00565e-14
1.18e-14
1.174e-14
9.48933e-15
8.83836e-15
1.13236e-14
1.04287e-14
4.06725e-15
8.68802e-15
3.82963e-15
4.11372e-15
3.96899e-15
8.92775e-15
8.6302e-15
9.35826e-15
1.04132e-14
1.12339e-14
9.98994e-15
1.01374e-14
1.17423e-14
1.17996e-14
1.00389e-14
9.61508e-15
1.16975e-14
1.14842e-14
8.8437e-15
6.28603e-15
1.09165e-14
9.80746e-15
3.9474e-15
8.37145e-15
3.81638e-15
3.62075e-15
6.42031e-15
9.70625e-15
8.88736e-15
1.07676e-14
1.12774e-14
1.19052e-14
1.17722e-14
1.23563e-14
1.22974e-14
1.24404e-14
1.24809e-14
1.25544e-14
1.24163e-14
1.22991e-14
1.26037e-14
1.26401e-14
1.2089e-14
1.1558e-14
1.24358e-14
1.20921e-14
1.03249e-14
8.40061e-15
1.123e-14
9.45545e-15
3.8703e-15
6.20651e-15
3.65908e-15
5.90908e-15
8.34507e-15
1.03367e-14
9.53111e-15
1.1344e-14
1.15704e-14
1.1988e-14
1.22018e-14
1.2677e-14
1.2248e-14
1.24142e-14
1.27878e-14
1.24953e-14
1.24584e-14
1.22289e-14
1.26786e-14
1.25515e-14
1.19041e-14
1.11547e-14
1.23645e-14
1.17687e-14
9.76338e-15
6.18924e-15
1.0791e-14
8.76786e-15
3.85125e-15
6.0072e-15
6.56845e-15
9.5278e-15
1.13253e-14
9.8792e-15
1.1521e-14
1.20719e-14
1.26277e-14
1.21771e-14
1.26086e-14
1.26793e-14
1.27409e-14
1.27672e-14
1.287e-14
1.26762e-14
1.27828e-14
1.28972e-14
1.27624e-14
1.25838e-14
1.24731e-14
1.262e-14
1.2561e-14
1.17195e-14
1.02285e-14
1.19278e-14
1.08604e-14
7.03625e-15
8.87922e-15
3.42428e-15
6.58435e-15
3.59029e-15
8.70101e-15
1.03347e-14
1.17409e-14
1.08618e-14
1.19256e-14
1.24261e-14
1.248e-14
1.24572e-14
1.26274e-14
1.26185e-14
1.28493e-14
1.28476e-14
1.28464e-14
1.28732e-14
1.25657e-14
1.28202e-14
1.26665e-14
1.24567e-14
1.22009e-14
1.24306e-14
1.22467e-14
1.1294e-14
9.3024e-15
1.15704e-14
9.75529e-15
6.15605e-15
6.47257e-15
6.75122e-15
6.28038e-15
9.89868e-15
1.15802e-14
9.44693e-15
1.13436e-14
1.22509e-14
1.26907e-14
1.21918e-14
1.25228e-14
1.27226e-14
1.27249e-14
1.25387e-14
1.26956e-14
1.28657e-14
1.28313e-14
1.27397e-14
1.27917e-14
1.2587e-14
1.25265e-14
1.2535e-14
1.23908e-14
1.19441e-14
1.07723e-14
1.17557e-14
1.02364e-14
8.47703e-15
3.43034e-15
6.69897e-15
3.40201e-15
8.65429e-15
6.56087e-15
1.07845e-14
1.19164e-14
1.0217e-14
1.1686e-14
1.25098e-14
1.27089e-14
1.236e-14
1.26904e-14
1.27237e-14
1.28072e-14
1.25069e-14
1.28767e-14
1.28533e-14
1.28735e-14
1.27883e-14
1.27533e-14
1.2712e-14
1.2173e-14
1.25528e-14
1.2069e-14
1.15742e-14
9.89599e-15
1.12922e-14
9.61765e-15
6.37929e-15
6.0133e-15
3.84861e-15
8.60131e-15
1.07982e-14
5.95253e-15
9.77025e-15
1.19144e-14
1.21464e-14
1.12052e-14
1.18377e-14
1.2636e-14
1.27557e-14
1.21968e-14
1.23677e-14
1.27057e-14
1.25116e-14
1.25507e-14
1.23941e-14
1.2389e-14
1.20891e-14
1.21597e-14
1.15138e-14
1.12856e-14
9.54025e-15
1.02317e-14
8.26299e-15
6.11757e-15
3.7125e-15
6.23692e-15
3.85642e-15
9.47128e-15
1.13045e-14
8.33684e-15
1.04181e-14
1.20636e-14
1.26168e-14
1.14448e-14
1.22029e-14
1.25188e-14
1.2708e-14
1.23348e-14
1.23569e-14
1.26652e-14
1.24944e-14
1.24099e-14
1.22126e-14
1.21913e-14
1.18371e-14
1.18862e-14
1.11895e-14
1.06726e-14
9.06559e-15
9.62309e-15
5.97057e-15
3.84293e-15
3.64002e-15
8.31155e-15
3.74985e-15
9.69509e-15
1.08477e-14
6.18697e-15
9.05238e-15
1.15174e-14
1.1688e-14
9.66583e-15
9.96022e-15
1.16831e-14
1.16152e-14
1.01282e-14
9.96343e-15
1.11584e-14
1.03337e-14
9.35839e-15
8.48581e-15
8.8512e-15
3.8603e-15
3.91921e-15
4.06719e-15
8.87462e-15
3.90386e-15
1.01619e-14
1.11671e-14
8.3219e-15
9.46966e-15
1.16226e-14
1.18003e-14
1.00419e-14
1.01475e-14
1.18092e-14
1.14619e-14
1.00655e-14
9.59133e-15
1.07364e-14
9.87265e-15
8.76941e-15
6.28053e-15
8.43691e-15
3.80147e-15
3.94499e-15
3.92863e-15
6.07542e-15
6.38159e-15
6.65988e-15
6.54297e-15
5.99639e-15
3.67513e-15
3.94772e-15
6.21667e-15
6.52707e-15
6.65484e-15
6.64839e-15
6.08151e-15
3.82685e-15
4.63766e-15
7.06761e-15
8.39588e-15
8.95167e-15
8.92929e-15
8.76631e-15
8.59822e-15
8.76089e-15
7.88048e-15
4.64897e-15
4.68734e-15
7.87065e-15
8.71012e-15
8.57564e-15
8.80789e-15
8.63458e-15
8.82924e-15
8.38702e-15
6.97856e-15
4.38946e-15
4.41528e-15
4.61442e-15
7.97453e-15
1.16529e-14
4.20468e-15
8.38463e-15
1.24742e-14
1.18536e-14
1.53587e-14
7.17028e-15
7.66297e-15
1.17156e-14
1.16701e-14
1.52647e-14
1.49915e-14
6.4382e-15
1.0039e-14
1.04221e-14
1.42175e-14
1.37783e-14
1.51284e-14
1.21139e-14
6.16867e-15
1.07108e-14
1.03491e-14
1.38981e-14
1.3564e-14
1.20812e-14
1.1988e-14
9.89701e-15
7.50591e-15
1.38398e-14
1.1967e-14
1.46684e-14
1.51057e-14
6.77205e-15
3.99975e-15
1.17941e-14
9.04935e-15
1.46039e-14
1.42565e-14
8.1825e-15
4.37671e-15
1.15683e-14
1.09975e-14
7.05875e-15
4.13483e-15
3.94587e-15
7.11482e-15
4.39629e-15
8.15116e-15
1.10207e-14
1.17304e-14
3.88496e-15
7.07324e-15
8.87e-15
1.16045e-14
1.42683e-14
1.46815e-14
3.85984e-15
7.73261e-15
1.01308e-14
1.13701e-14
1.40231e-14
1.4607e-14
1.49186e-14
6.53445e-15
1.05434e-14
1.0639e-14
1.35596e-14
1.38759e-14
1.20909e-14
1.20577e-14
3.88733e-15
1.02258e-14
9.93068e-15
1.36898e-14
1.40415e-14
1.20702e-14
1.5077e-14
7.73217e-15
7.07144e-15
1.18361e-14
1.14613e-14
1.53623e-14
1.51545e-14
4.2551e-15
1.16794e-14
7.93342e-15
1.56229e-14
1.24286e-14
4.47945e-15
1.17617e-14
8.17929e-15
4.56414e-15
4.619e-15
4.77431e-15
1.09269e-14
1.12387e-14
1.24742e-14
4.24527e-15
4.52623e-15
9.61043e-15
1.17113e-14
1.49632e-14
1.41504e-14
1.44768e-14
1.02329e-14
1.16967e-14
1.27271e-14
1.45397e-14
1.50234e-14
1.21405e-14
1.23007e-14
1.25055e-14
1.24376e-14
1.54847e-14
1.23364e-14
1.23783e-14
1.24252e-14
1.25675e-14
1.29247e-14
1.51842e-14
1.5463e-14
1.23991e-14
1.23521e-14
1.25221e-14
1.25132e-14
1.30862e-14
1.55261e-14
1.53427e-14
1.24133e-14
1.23501e-14
1.25123e-14
1.24466e-14
1.25236e-14
1.47697e-14
1.48795e-14
1.22883e-14
1.23361e-14
1.23496e-14
1.23185e-14
9.54108e-15
1.22003e-14
1.19697e-14
1.21813e-14
1.47025e-14
1.2136e-14
1.22316e-14
1.03111e-14
4.40549e-15
1.46045e-14
1.22239e-14
1.53131e-14
1.50269e-14
1.16549e-14
9.14695e-15
1.31309e-14
1.17461e-14
4.18527e-15
6.97489e-15
4.08743e-15
6.88519e-15
9.34186e-15
1.19101e-14
1.1798e-14
1.31528e-14
4.15377e-15
4.53175e-15
9.97141e-15
1.27584e-14
1.47505e-14
1.53157e-14
1.50847e-14
1.12905e-14
1.22864e-14
1.25988e-14
1.4422e-14
1.20927e-14
1.22469e-14
1.22023e-14
1.2556e-14
1.51218e-14
1.51955e-14
1.22772e-14
1.23255e-14
1.23618e-14
1.24509e-14
1.32026e-14
1.53661e-14
1.55053e-14
1.21921e-14
1.23809e-14
1.24493e-14
1.24953e-14
1.25711e-14
1.55183e-14
1.49648e-14
1.24713e-14
1.24362e-14
1.25219e-14
1.24465e-14
1.173e-14
1.50597e-14
1.2644e-14
1.24312e-14
1.23281e-14
1.2429e-14
1.24337e-14
6.63964e-15
1.26933e-14
1.15695e-14
1.50038e-14
1.44862e-14
1.22825e-14
1.20506e-14
9.22579e-15
3.98334e-15
1.41577e-14
1.18813e-14
1.43265e-14
1.42007e-14
1.12527e-14
4.75203e-15
1.27728e-14
1.11272e-14
4.65215e-15
4.16261e-15
9.59365e-15
6.88257e-15
1.13194e-14
4.14536e-15
6.68472e-15
1.24968e-14
1.54609e-14
1.22732e-14
1.46184e-14
1.1885e-14
1.09177e-14
1.25673e-14
1.44742e-14
1.19755e-14
1.20529e-14
1.19763e-14
1.47966e-14
1.50914e-14
1.42045e-14
1.21154e-14
1.22607e-14
1.22489e-14
1.22642e-14
1.4738e-14
1.17296e-14
1.203e-14
1.23677e-14
1.24011e-14
1.21639e-14
1.21697e-14
1.47683e-14
1.21196e-14
1.19995e-14
1.22355e-14
1.2422e-14
1.21971e-14
1.22662e-14
1.26381e-14
1.43423e-14
1.39962e-14
1.23801e-14
1.22534e-14
1.23487e-14
1.22193e-14
9.79709e-15
1.28871e-14
1.22419e-14
1.24109e-14
1.48244e-14
1.22959e-14
1.21171e-14
8.99268e-15
3.87159e-15
1.51869e-14
1.32636e-14
1.44233e-14
1.57378e-14
1.16558e-14
4.67887e-15
1.28567e-14
9.73587e-15
4.16694e-15
3.94086e-15
4.72108e-15
1.1282e-14
9.47045e-15
1.26225e-14
4.18953e-15
4.04183e-15
9.46199e-15
1.20147e-14
1.41716e-14
1.54528e-14
1.47978e-14
1.24079e-14
1.21366e-14
1.29007e-14
1.49243e-14
1.23265e-14
1.22349e-14
1.2315e-14
1.45422e-14
1.42641e-14
1.47125e-14
1.21981e-14
1.23309e-14
1.22637e-14
1.23828e-14
1.18019e-14
1.19958e-14
1.20893e-14
1.23656e-14
1.22494e-14
1.22557e-14
1.21811e-14
1.45858e-14
1.20097e-14
1.17136e-14
1.23596e-14
1.2432e-14
1.21481e-14
1.21441e-14
1.29191e-14
1.39697e-14
1.50097e-14
1.23941e-14
1.22062e-14
1.21776e-14
1.22625e-14
9.12055e-15
1.31169e-14
1.07588e-14
1.19922e-14
1.43321e-14
1.2169e-14
1.1995e-14
6.62124e-15
1.56206e-14
1.24815e-14
1.46106e-14
1.22274e-14
9.5887e-15
3.9756e-15
1.14927e-14
6.81394e-15
3.92938e-15
7.67006e-15
1.24323e-14
1.01865e-14
1.2817e-14
9.74384e-15
6.32428e-15
1.04128e-14
1.49259e-14
1.48649e-14
1.48652e-14
1.20132e-14
1.23882e-14
1.32731e-14
1.49623e-14
1.2222e-14
1.22034e-14
1.21948e-14
1.22598e-14
1.17904e-14
1.45384e-14
1.18963e-14
1.23674e-14
1.21889e-14
1.22402e-14
1.21159e-14
1.41427e-14
1.20146e-14
1.16795e-14
1.21989e-14
1.22393e-14
1.21574e-14
1.2183e-14
1.32301e-14
1.51116e-14
1.31856e-14
1.24455e-14
1.21713e-14
1.24253e-14
1.23138e-14
6.24027e-15
1.16133e-14
9.28323e-15
1.19033e-14
1.42811e-14
1.20222e-14
1.45983e-14
3.82186e-15
1.2854e-14
1.11734e-14
1.55207e-14
1.22054e-14
6.78577e-15
7.76751e-15
6.49523e-15
7.51104e-15
4.01163e-15
1.10425e-14
1.25783e-14
1.19134e-14
1.51871e-14
1.0633e-14
9.52261e-15
1.17932e-14
1.45523e-14
1.21148e-14
1.4758e-14
1.21907e-14
1.51447e-14
1.33501e-14
1.48436e-14
1.23751e-14
1.23676e-14
1.24286e-14
1.2327e-14
1.18924e-14
1.16502e-14
1.20598e-14
1.22221e-14
1.22099e-14
1.21278e-14
1.21559e-14
1.4233e-14
1.1856e-14
1.42789e-14
1.21276e-14
1.23428e-14
1.2094e-14
1.22635e-14
1.24099e-14
1.55559e-14
1.31021e-14
1.24358e-14
1.21587e-14
1.2507e-14
1.22161e-14
3.85438e-15
1.0451e-14
6.20068e-15
1.50215e-14
1.45493e-14
1.20579e-14
1.47519e-14
1.26952e-14
7.43271e-15
1.29084e-14
1.02421e-14
4.12606e-15
6.2009e-15
6.67681e-15
1.02841e-14
1.34179e-14
1.06328e-14
1.35457e-14
1.0766e-14
6.79528e-15
1.08141e-14
1.56436e-14
1.21164e-14
1.55538e-14
1.21244e-14
1.49634e-14
1.28466e-14
1.53426e-14
1.21983e-14
1.23219e-14
1.2246e-14
1.23981e-14
1.20218e-14
1.17278e-14
1.21318e-14
1.21345e-14
1.21249e-14
1.21413e-14
1.21503e-14
1.23704e-14
1.47463e-14
1.40123e-14
1.25089e-14
1.22544e-14
1.23897e-14
1.20771e-14
1.00137e-14
1.31682e-14
1.04603e-14
1.20822e-14
1.17686e-14
1.20887e-14
1.18112e-14
6.67787e-15
1.473e-14
1.24318e-14
1.52089e-14
1.25446e-14
7.90031e-15
9.44531e-15
3.49465e-15
7.97297e-15
3.49922e-15
9.59567e-15
6.28331e-15
6.7899e-15
1.1887e-14
1.4945e-14
1.23948e-14
1.51174e-14
1.30478e-14
1.0629e-14
1.31044e-14
1.19344e-14
1.21923e-14
1.18713e-14
1.2109e-14
1.45e-14
1.499e-14
1.45654e-14
1.23604e-14
1.23562e-14
1.23014e-14
1.23109e-14
1.15838e-14
1.21168e-14
1.16258e-14
1.21078e-14
1.21273e-14
1.21347e-14
1.21034e-14
1.31235e-14
1.52005e-14
1.32362e-14
1.2409e-14
1.23673e-14
1.2384e-14
1.24317e-14
6.95767e-15
1.09134e-14
7.09457e-15
1.21755e-14
1.57096e-14
1.23063e-14
1.59749e-14
1.3007e-14
1.02854e-14
1.31811e-14
1.04615e-14
6.47106e-15
6.78021e-15
6.72335e-15
6.33469e-15
1.06528e-14
1.36862e-14
1.0354e-14
1.31281e-14
1.07395e-14
6.74848e-15
1.05238e-14
1.56907e-14
1.21085e-14
1.54848e-14
1.2004e-14
1.55148e-14
1.29636e-14
1.4862e-14
1.22789e-14
1.24449e-14
1.22534e-14
1.23312e-14
1.21538e-14
1.15698e-14
1.20105e-14
1.21514e-14
1.21565e-14
1.21048e-14
1.21089e-14
1.46811e-14
1.49114e-14
1.28652e-14
1.23294e-14
1.22282e-14
1.25233e-14
1.24257e-14
1.04202e-14
1.29251e-14
9.99716e-15
1.20796e-14
1.17861e-14
1.21543e-14
1.18294e-14
6.45791e-15
1.5024e-14
1.22928e-14
1.49186e-14
1.19839e-14
9.47124e-15
3.50228e-15
7.66981e-15
3.55765e-15
9.63491e-15
7.43301e-15
6.80422e-15
6.33691e-15
1.2541e-14
1.50022e-14
1.1747e-14
1.46493e-14
1.32649e-14
1.00394e-14
1.28908e-14
1.17893e-14
1.21243e-14
1.17175e-14
1.21163e-14
1.44204e-14
1.28505e-14
1.44034e-14
1.2279e-14
1.22719e-14
1.24365e-14
1.23841e-14
1.16548e-14
1.20023e-14
1.16525e-14
1.21375e-14
1.21058e-14
1.21147e-14
1.21347e-14
1.327e-14
1.46522e-14
1.32374e-14
1.2338e-14
1.24323e-14
1.23065e-14
1.24007e-14
7.11999e-15
1.06314e-14
6.88829e-15
1.22769e-14
1.59494e-14
1.21244e-14
1.56388e-14
1.31406e-14
1.06342e-14
1.30702e-14
1.03357e-14
6.68244e-15
6.40677e-15
4.01205e-15
1.01707e-14
1.25485e-14
7.56585e-15
1.24115e-14
1.02092e-14
3.72935e-15
9.47822e-15
1.51636e-14
1.19542e-14
1.52872e-14
1.45917e-14
1.52148e-14
1.25096e-14
1.31335e-14
1.2253e-14
1.23924e-14
1.21327e-14
1.24999e-14
1.18431e-14
1.41737e-14
1.1668e-14
1.21731e-14
1.20636e-14
1.2239e-14
1.20859e-14
1.17368e-14
1.17876e-14
1.42124e-14
1.21601e-14
1.22169e-14
1.21815e-14
1.22935e-14
1.33225e-14
1.55358e-14
1.34566e-14
1.25127e-14
1.24533e-14
1.25074e-14
1.23316e-14
9.47343e-15
1.05765e-14
6.81711e-15
1.21729e-14
1.48146e-14
1.20016e-14
1.42863e-14
1.49813e-14
1.18313e-14
1.23454e-14
1.12863e-14
7.32258e-15
6.77853e-15
7.22664e-15
6.77737e-15
3.8265e-15
1.20162e-14
1.49086e-14
1.13918e-14
1.2322e-14
1.17931e-14
6.85661e-15
1.08201e-14
1.44226e-14
1.21255e-14
1.43745e-14
1.20615e-14
1.5251e-14
1.3123e-14
1.53591e-14
1.25535e-14
1.24723e-14
1.22124e-14
1.24396e-14
1.20153e-14
1.38761e-14
1.17579e-14
1.21777e-14
1.21485e-14
1.22631e-14
1.21902e-14
1.46426e-14
1.16006e-14
1.39548e-14
1.20946e-14
1.23007e-14
1.2068e-14
1.21901e-14
1.36276e-14
1.23071e-14
1.27188e-14
1.23677e-14
1.23573e-14
1.22473e-14
1.22466e-14
6.20239e-15
9.79149e-15
3.88846e-15
1.2008e-14
1.49536e-14
1.49426e-14
1.49373e-14
1.28395e-14
1.01224e-14
1.25056e-14
7.69087e-15
4.07033e-15
6.77554e-15
1.13295e-14
4.15826e-15
9.58339e-15
6.60468e-15
3.87883e-15
1.26813e-14
1.46027e-14
1.2486e-14
1.47477e-14
1.36489e-14
9.4032e-15
1.21976e-14
1.21046e-14
1.23427e-14
1.46687e-14
1.21416e-14
1.41153e-14
1.24404e-14
1.46742e-14
1.21279e-14
1.21479e-14
1.20696e-14
1.2219e-14
1.20365e-14
1.4566e-14
1.48697e-14
1.21365e-14
1.21734e-14
1.24106e-14
1.24326e-14
1.17823e-14
1.1661e-14
1.41132e-14
1.2109e-14
1.2161e-14
1.21771e-14
1.22767e-14
1.44772e-14
1.44505e-14
1.29936e-14
1.2304e-14
1.23692e-14
1.23949e-14
1.24211e-14
1.22175e-14
1.24495e-14
1.00047e-14
1.24568e-14
1.23116e-14
1.24759e-14
1.52622e-14
4.25503e-15
4.38924e-15
1.46285e-14
1.47741e-14
1.48152e-14
1.20901e-14
1.30394e-14
1.01023e-14
1.15049e-14
4.86255e-15
4.12037e-15
4.04097e-15
9.61235e-15
1.25243e-14
4.51672e-15
1.13737e-14
9.45943e-15
4.22438e-15
1.48483e-14
1.47217e-14
1.27464e-14
1.52545e-14
1.2989e-14
9.77704e-15
1.21103e-14
1.21279e-14
1.23253e-14
1.48323e-14
1.21822e-14
1.44202e-14
1.30655e-14
1.45163e-14
1.24402e-14
1.23574e-14
1.2355e-14
1.23873e-14
1.20144e-14
1.42176e-14
1.17541e-14
1.21857e-14
1.21369e-14
1.22984e-14
1.22111e-14
1.1755e-14
1.44704e-14
1.46156e-14
1.21177e-14
1.21492e-14
1.2346e-14
1.24524e-14
1.46339e-14
1.53975e-14
1.26798e-14
1.21824e-14
1.21149e-14
1.24154e-14
1.21041e-14
1.08999e-14
1.20776e-14
9.30091e-15
1.2236e-14
1.21347e-14
1.21196e-14
1.47187e-14
4.00726e-15
1.46347e-14
1.24593e-14
1.4936e-14
1.23936e-14
1.13825e-14
7.12283e-15
9.56753e-15
4.05437e-15
4.46149e-15
1.13821e-14
1.20883e-14
4.92415e-15
1.11636e-14
9.39375e-15
4.05076e-15
1.44887e-14
1.44366e-14
1.20305e-14
1.47812e-14
1.29586e-14
6.88671e-15
1.02523e-14
1.21383e-14
1.23999e-14
1.43684e-14
1.52124e-14
1.52138e-14
1.17158e-14
1.27042e-14
1.24745e-14
1.25294e-14
1.23961e-14
1.25725e-14
1.52092e-14
1.28081e-14
1.36615e-14
1.24849e-14
1.24805e-14
1.25262e-14
1.25595e-14
1.54239e-14
1.38576e-14
1.32147e-14
1.25597e-14
1.25018e-14
1.25907e-14
1.24702e-14
1.50771e-14
1.28103e-14
1.26211e-14
1.24017e-14
1.2424e-14
1.24562e-14
1.24213e-14
1.24916e-14
1.14271e-14
9.45285e-15
1.24251e-14
1.24718e-14
1.22859e-14
1.47796e-14
4.66846e-15
4.20427e-15
1.51346e-14
1.59731e-14
1.40598e-14
1.26519e-14
1.31706e-14
1.18478e-14
1.1538e-14
9.09172e-15
6.98236e-15
4.10399e-15
7.03161e-15
3.96419e-15
1.18737e-14
1.34342e-14
9.33654e-15
1.16531e-14
9.93623e-15
4.30465e-15
1.53087e-14
1.47661e-14
1.28748e-14
1.49827e-14
1.30523e-14
9.32274e-15
1.13001e-14
1.22253e-14
1.23715e-14
1.45375e-14
1.21312e-14
1.51127e-14
1.21545e-14
1.22155e-14
1.25179e-14
1.24519e-14
1.21977e-14
1.22008e-14
1.55772e-14
1.31412e-14
1.33175e-14
1.24835e-14
1.25484e-14
1.23735e-14
1.24584e-14
1.50241e-14
1.32125e-14
1.29274e-14
1.25814e-14
1.25288e-14
1.25046e-14
1.26111e-14
1.28182e-14
1.26536e-14
1.17441e-14
1.25991e-14
1.25323e-14
1.24703e-14
1.24483e-14
1.15081e-14
1.03621e-14
6.64956e-15
1.23318e-14
1.18683e-14
1.52837e-14
1.35612e-14
4.25191e-15
4.0917e-15
1.43433e-14
1.4691e-14
1.42069e-14
1.19117e-14
1.21284e-14
1.09559e-14
1.11623e-14
4.87835e-15
4.51189e-15
4.54801e-15
7.75198e-15
1.12307e-14
4.49459e-15
4.24061e-15
1.13274e-14
1.48332e-14
8.50272e-15
1.1951e-14
7.79985e-15
1.51187e-14
1.56178e-14
1.14277e-14
1.20584e-14
1.01309e-14
3.84835e-15
6.19126e-15
1.51235e-14
1.20322e-14
1.41471e-14
1.37126e-14
1.04519e-14
6.56779e-15
6.18613e-15
1.1999e-14
1.21251e-14
1.38319e-14
1.37184e-14
7.59507e-15
3.78019e-15
1.49787e-14
1.49843e-14
1.4013e-14
1.14004e-14
4.00772e-15
1.48277e-14
1.43357e-14
1.15826e-14
9.2544e-15
1.13052e-14
1.12211e-14
8.03494e-15
4.35897e-15
7.10385e-15
3.93265e-15
4.17756e-15
6.65657e-15
1.10679e-14
1.18059e-14
4.369e-15
8.12665e-15
6.84431e-15
1.44274e-14
1.47325e-14
9.28517e-15
1.18674e-14
9.94276e-15
3.78699e-15
1.48599e-14
1.47787e-14
1.17751e-14
1.42229e-14
1.06373e-14
6.23019e-15
6.67023e-15
1.20685e-14
1.21074e-14
1.37414e-14
1.39255e-14
1.0448e-14
6.25191e-15
3.9955e-15
1.22389e-14
1.54377e-14
1.38733e-14
1.41396e-14
7.18718e-15
1.48097e-14
1.55178e-14
1.1257e-14
1.17316e-14
1.53282e-14
1.14632e-14
1.17181e-14
8.22256e-15
1.11801e-14
7.89032e-15
4.37222e-15
4.3711e-15
4.55106e-15
7.11632e-15
8.47891e-15
8.91542e-15
8.73755e-15
8.73999e-15
8.8448e-15
8.91638e-15
7.86292e-15
4.59043e-15
4.56794e-15
7.7123e-15
8.77121e-15
8.66718e-15
8.71492e-15
8.8393e-15
8.83317e-15
8.33412e-15
7.22027e-15
4.3603e-15
5.64141e-15
4.38774e-15
4.07003e-15
8.38535e-15
1.39672e-14
7.90911e-15
9.39014e-15
6.55297e-15
7.24915e-15
1.39635e-14
1.56134e-14
4.00199e-15
8.87261e-15
1.42042e-14
7.39294e-15
9.69035e-15
1.55976e-14
1.61614e-14
7.17578e-15
1.35249e-14
1.44713e-14
9.6058e-15
1.02181e-14
1.28351e-14
1.27133e-14
7.26045e-15
1.4855e-14
1.50191e-14
1.03407e-14
9.8636e-15
1.26476e-14
1.24259e-14
7.67873e-15
1.50425e-14
1.50878e-14
9.94894e-15
9.94094e-15
1.24071e-14
1.24488e-14
6.62878e-15
1.47319e-14
1.41215e-14
1.00208e-14
9.91635e-15
1.25735e-14
1.29466e-14
1.46948e-14
9.93884e-15
1.00318e-14
7.71678e-15
1.64304e-14
1.68247e-14
9.7504e-15
8.58708e-15
6.97326e-15
7.01291e-15
1.65663e-14
1.51544e-14
5.27342e-15
4.73109e-15
1.51701e-14
9.21961e-15
9.02267e-15
5.39485e-15
5.08621e-15
8.43792e-15
5.25554e-15
4.63555e-15
9.26845e-15
1.55413e-14
8.46947e-15
9.42201e-15
6.93882e-15
7.30211e-15
1.50794e-14
1.66749e-14
3.95161e-15
9.30466e-15
1.4388e-14
7.97021e-15
9.74438e-15
1.65462e-14
1.60808e-14
7.19142e-15
1.36834e-14
1.45471e-14
9.27806e-15
9.54543e-15
1.27054e-14
1.24611e-14
7.53534e-15
1.47944e-14
1.50542e-14
9.87424e-15
9.91741e-15
1.24179e-14
1.24192e-14
7.38919e-15
1.51905e-14
1.49089e-14
9.91109e-15
1.01926e-14
1.24609e-14
1.26035e-14
6.54116e-15
1.44972e-14
1.37192e-14
1.0193e-14
9.70807e-15
1.27329e-14
1.28908e-14
1.4119e-14
9.36879e-15
1.0045e-14
7.77068e-15
1.62782e-14
1.62351e-14
9.34307e-15
7.56585e-15
7.29652e-15
6.52647e-15
1.58974e-14
1.40624e-14
4.20018e-15
4.02061e-15
1.42999e-14
8.96991e-15
5.59734e-15
5.1568e-15
5.06641e-15
1.05262e-14
4.48162e-15
8.29072e-15
8.5805e-15
1.14047e-14
1.39955e-14
1.47846e-14
1.13654e-14
1.20965e-14
1.48039e-14
1.42172e-14
1.51221e-14
1.57712e-14
1.29084e-14
1.49907e-14
1.493e-14
1.56255e-14
1.27808e-14
1.32616e-14
1.29503e-14
1.32501e-14
1.45093e-14
1.27337e-14
1.499e-14
1.40136e-14
1.35258e-14
1.33856e-14
1.30466e-14
8.63715e-15
1.45516e-14
1.39151e-14
1.62178e-14
1.52187e-14
1.30681e-14
1.27865e-14
1.09115e-14
5.18927e-15
1.45876e-14
1.2039e-14
1.52709e-14
1.50398e-14
8.30676e-15
4.35377e-15
1.22246e-14
9.97727e-15
4.29319e-15
4.39648e-15
4.39277e-15
7.96678e-15
1.01061e-14
1.19348e-14
4.98363e-15
4.91333e-15
1.06452e-14
1.15211e-14
1.46024e-14
1.46822e-14
1.50983e-14
1.15602e-14
1.36487e-14
1.43478e-14
1.48677e-14
1.62676e-14
1.26032e-14
1.30296e-14
1.53116e-14
1.50806e-14
1.2713e-14
1.35077e-14
1.40554e-14
1.30934e-14
1.3404e-14
1.13128e-14
1.55486e-14
1.49492e-14
1.33652e-14
1.27867e-14
1.32324e-14
1.29908e-14
5.23893e-15
1.48863e-14
1.19202e-14
1.51517e-14
1.49518e-14
1.29703e-14
1.57349e-14
8.1387e-15
4.49335e-15
1.17811e-14
8.87149e-15
1.44467e-14
1.41536e-14
5.44219e-15
1.09572e-14
5.16181e-15
4.37851e-15
4.24979e-15
1.03611e-14
4.29242e-15
7.60291e-15
1.10629e-14
1.41069e-14
1.1625e-14
1.40168e-14
1.18842e-14
1.15909e-14
1.43773e-14
1.45236e-14
1.24702e-14
1.21206e-14
1.23541e-14
1.10225e-14
1.41462e-14
1.18122e-14
1.24721e-14
1.49887e-14
1.24599e-14
1.23803e-14
1.1021e-14
4.62654e-15
1.48646e-14
1.17649e-14
1.51409e-14
1.47497e-14
8.27573e-15
1.15201e-14
4.95965e-15
7.77584e-15
5.13354e-15
1.18146e-14
4.61627e-15
4.49268e-15
1.12949e-14
1.10985e-14
1.44549e-14
1.41245e-14
1.52736e-14
1.43317e-14
1.22904e-14
1.43589e-14
1.49887e-14
1.25956e-14
1.26335e-14
1.25615e-14
1.03617e-14
1.48499e-14
1.16615e-14
1.24024e-14
1.45971e-14
1.25573e-14
1.22959e-14
7.99763e-15
1.45591e-14
1.13481e-14
1.47153e-14
1.17371e-14
4.68582e-15
1.045e-14
3.97948e-15
4.26306e-15
7.29219e-15
1.21714e-14
1.10983e-14
1.23318e-14
1.16408e-14
7.30463e-15
1.17788e-14
1.62385e-14
1.5403e-14
1.50887e-14
1.24014e-14
1.43204e-14
1.49718e-14
1.20028e-14
1.23107e-14
1.23483e-14
1.24015e-14
1.235e-14
1.05156e-14
1.5109e-14
1.19569e-14
1.2436e-14
1.46809e-14
1.2367e-14
1.2183e-14
6.96718e-15
1.39326e-14
1.106e-14
1.47147e-14
1.11121e-14
4.58553e-15
7.57897e-15
4.3952e-15
7.42993e-15
3.91908e-15
6.70354e-15
1.07203e-14
1.41559e-14
1.18712e-14
1.46763e-14
1.22523e-14
1.15088e-14
1.46734e-14
1.41316e-14
1.23435e-14
1.19396e-14
1.21797e-14
1.4302e-14
1.20446e-14
1.47763e-14
1.24692e-14
1.22938e-14
1.2405e-14
1.23906e-14
4.41654e-15
1.20734e-14
7.09774e-15
1.51762e-14
1.55208e-14
1.24569e-14
1.50126e-14
1.20683e-14
7.23705e-15
1.26675e-14
1.1108e-14
4.12057e-15
6.81615e-15
7.13925e-15
4.15062e-15
6.6055e-15
1.13988e-14
1.52231e-14
1.17845e-14
1.4817e-14
1.20587e-14
1.15368e-14
1.47877e-14
1.49342e-14
1.22584e-14
1.20106e-14
1.21955e-14
1.23014e-14
1.582e-14
1.24163e-14
1.24172e-14
1.22734e-14
1.26076e-14
1.21611e-14
9.98847e-15
4.05179e-15
1.48911e-14
1.18043e-14
1.45811e-14
1.47567e-14
8.55125e-15
1.14675e-14
4.29204e-15
8.77024e-15
4.06269e-15
1.12974e-14
7.72774e-15
4.08001e-15
1.03212e-14
1.17204e-14
1.48527e-14
1.37524e-14
1.47919e-14
1.48267e-14
1.25286e-14
1.50842e-14
1.22698e-14
1.23267e-14
1.22849e-14
1.24325e-14
1.07365e-14
1.47289e-14
1.14982e-14
1.22862e-14
1.49322e-14
1.22011e-14
1.19756e-14
6.82333e-15
1.50722e-14
1.14701e-14
1.48706e-14
1.15914e-14
6.80571e-15
7.22763e-15
7.35441e-15
7.54254e-15
7.05623e-15
7.08713e-15
1.22507e-14
1.5168e-14
1.25207e-14
1.53135e-14
1.46444e-14
1.16412e-14
1.50962e-14
1.20608e-14
1.2205e-14
1.20832e-14
1.22646e-14
1.23027e-14
1.4905e-14
1.43639e-14
1.27018e-14
1.21366e-14
1.24363e-14
1.20421e-14
6.68575e-15
1.14004e-14
7.05708e-15
1.17975e-14
1.46607e-14
1.17566e-14
1.48638e-14
1.12162e-14
6.88138e-15
1.16647e-14
7.29832e-15
6.58383e-15
1.10769e-14
7.14978e-15
1.15668e-14
1.1034e-14
7.0976e-15
1.13211e-14
1.4234e-14
1.18424e-14
1.49e-14
1.17539e-14
1.52999e-14
1.44956e-14
1.4928e-14
1.22724e-14
1.26417e-14
1.20795e-14
1.24523e-14
1.12312e-14
1.50769e-14
1.15337e-14
1.2219e-14
1.19974e-14
1.22881e-14
1.2153e-14
7.45326e-15
1.53234e-14
1.19021e-14
1.55934e-14
1.17289e-14
7.39632e-15
7.43848e-15
7.46768e-15
7.40735e-15
7.13849e-15
7.3699e-15
1.23989e-14
1.53412e-14
1.18415e-14
1.55512e-14
1.50597e-14
1.13823e-14
1.47068e-14
1.20562e-14
1.22551e-14
1.2061e-14
1.22221e-14
1.44686e-14
1.53584e-14
1.30966e-14
1.23795e-14
1.20973e-14
1.2647e-14
1.24405e-14
7.05044e-15
1.08683e-14
6.54626e-15
1.17581e-14
1.48996e-14
1.18283e-14
1.43935e-14
1.17279e-14
7.27791e-15
1.12324e-14
6.79645e-15
7.1602e-15
1.13844e-14
6.63875e-15
1.10042e-14
1.14892e-14
6.54632e-15
1.13029e-14
1.49614e-14
1.18386e-14
1.4357e-14
1.19636e-14
1.49498e-14
1.2485e-14
1.46518e-14
1.21313e-14
1.24824e-14
1.22916e-14
1.24746e-14
1.18624e-14
1.46531e-14
1.18173e-14
1.23137e-14
1.2267e-14
1.22697e-14
1.22429e-14
7.19445e-15
1.56032e-14
1.18184e-14
1.53552e-14
1.20845e-14
7.08565e-15
7.46338e-15
7.15288e-15
6.70268e-15
6.76015e-15
4.0758e-15
1.13967e-14
1.48474e-14
1.15331e-14
1.5014e-14
1.50525e-14
1.06079e-14
1.2213e-14
1.19538e-14
1.22453e-14
1.47421e-14
1.23252e-14
1.2893e-14
1.50227e-14
1.20307e-14
1.25204e-14
1.24097e-14
1.23938e-14
1.22681e-14
4.00497e-15
7.58992e-15
1.48028e-14
1.44617e-14
1.50943e-14
1.189e-14
1.13528e-14
4.14313e-15
8.42246e-15
4.04466e-15
1.10046e-14
8.47828e-15
1.05222e-14
7.72438e-15
1.41499e-14
1.49543e-14
1.14054e-14
1.49039e-14
1.51736e-14
1.19714e-14
1.52653e-14
1.23928e-14
1.24487e-14
1.22325e-14
1.24625e-14
1.17392e-14
1.20971e-14
1.12836e-14
1.22568e-14
1.22112e-14
1.23609e-14
1.51836e-14
4.24254e-15
1.50035e-14
1.16269e-14
1.50028e-14
1.13231e-14
7.51474e-15
6.7277e-15
4.13019e-15
1.10162e-14
1.23999e-14
7.16502e-15
1.18652e-14
1.16024e-14
4.45724e-15
1.12523e-14
1.51246e-14
1.24039e-14
1.54776e-14
1.52819e-14
1.20496e-14
1.43444e-14
1.43126e-14
1.24107e-14
1.23736e-14
1.22904e-14
1.23406e-14
1.14144e-14
1.16469e-14
1.02758e-14
1.21529e-14
1.20059e-14
1.21525e-14
1.43839e-14
4.26849e-15
1.47922e-14
1.11834e-14
1.42837e-14
1.07428e-14
7.17621e-15
4.3014e-15
7.20226e-15
4.43115e-15
6.74755e-15
3.9817e-15
1.13002e-14
1.46983e-14
1.0894e-14
1.36119e-14
1.51013e-14
1.03773e-14
1.22277e-14
1.20054e-14
1.2334e-14
1.44457e-14
1.23278e-14
1.49913e-14
1.43507e-14
1.39025e-14
1.23896e-14
1.23669e-14
1.23821e-14
1.21298e-14
7.53301e-15
1.10283e-14
4.33065e-15
1.23129e-14
1.4913e-14
1.49626e-14
1.51906e-14
1.23668e-14
1.09901e-14
1.23161e-14
7.26019e-15
4.30123e-15
4.24874e-15
1.07889e-14
4.54589e-15
7.60614e-15
4.18969e-15
1.21689e-14
1.45692e-14
1.12761e-14
1.40953e-14
1.41815e-14
1.00387e-14
1.1332e-14
1.21085e-14
1.22513e-14
1.41811e-14
1.2129e-14
1.25292e-14
1.4265e-14
1.12473e-14
1.2644e-14
1.26922e-14
1.26868e-14
1.5378e-14
4.37387e-15
4.58111e-15
1.49995e-14
1.39272e-14
1.50089e-14
1.16528e-14
1.19291e-14
5.31091e-15
8.08368e-15
5.46583e-15
1.12707e-14
7.54571e-15
1.0827e-14
4.66865e-15
1.46226e-14
1.48722e-14
1.21021e-14
1.50085e-14
1.47167e-14
1.12778e-14
1.40095e-14
1.26045e-14
1.26591e-14
1.52865e-14
1.25103e-14
1.14623e-14
1.1741e-14
1.00585e-14
1.24454e-14
1.21858e-14
1.23222e-14
1.42893e-14
4.17329e-15
1.50293e-14
1.24511e-14
1.43549e-14
1.11594e-14
1.08869e-14
4.63301e-15
4.55756e-15
5.2709e-15
1.10546e-14
4.79324e-15
7.60971e-15
1.43162e-14
1.43953e-14
8.96805e-15
1.25844e-14
1.44137e-14
5.31468e-15
1.13844e-14
1.55405e-14
1.27776e-14
1.51291e-14
1.52976e-14
1.54393e-14
1.20407e-14
1.56885e-14
1.29092e-14
1.32562e-14
1.29787e-14
1.35081e-14
1.53313e-14
1.52653e-14
1.43946e-14
1.33589e-14
1.31072e-14
1.39752e-14
1.34345e-14
1.3754e-14
1.17275e-14
8.34817e-15
1.30648e-14
1.26382e-14
1.63057e-14
1.47092e-14
5.15624e-15
4.70968e-15
1.52631e-14
1.50857e-14
1.43098e-14
1.20067e-14
1.20562e-14
1.02112e-14
8.15321e-15
4.42262e-15
4.27771e-15
4.26274e-15
1.0135e-14
1.16207e-14
4.69747e-15
7.99534e-15
1.05769e-14
5.18522e-15
1.40797e-14
1.48701e-14
1.16846e-14
1.52252e-14
1.40431e-14
8.0964e-15
1.1443e-14
1.25701e-14
1.30092e-14
1.5079e-14
1.64941e-14
1.27711e-14
1.43924e-14
1.51505e-14
1.31325e-14
1.34343e-14
1.3607e-14
1.40118e-14
1.52033e-14
1.50491e-14
1.19241e-14
1.32823e-14
1.30906e-14
1.35583e-14
1.30416e-14
1.10906e-14
1.11654e-14
5.28879e-15
1.27082e-14
1.53149e-14
1.50576e-14
1.47548e-14
4.22023e-15
1.43862e-14
1.41318e-14
1.2666e-14
8.88999e-15
1.08253e-14
4.99281e-15
5.3397e-15
5.58722e-15
4.38074e-15
8.56912e-15
1.37874e-14
4.00275e-15
9.37217e-15
1.38781e-14
1.5528e-14
6.34194e-15
7.17448e-15
1.42331e-14
4.04967e-15
1.57051e-14
1.59171e-14
7.23179e-15
9.48953e-15
1.43104e-14
6.1926e-15
6.89137e-15
1.2705e-14
1.26479e-14
9.50571e-15
1.00921e-14
1.50587e-14
7.31413e-15
7.43032e-15
1.26328e-14
1.25024e-14
1.02872e-14
1.00378e-14
1.50028e-14
7.45073e-15
7.29071e-15
1.2436e-14
1.24195e-14
1.00055e-14
9.9057e-15
1.41839e-14
6.89153e-15
7.11366e-15
1.24698e-14
1.29333e-14
9.76936e-15
9.72082e-15
9.30715e-15
4.95176e-15
1.66195e-14
1.61477e-14
9.90113e-15
7.5958e-15
8.50353e-15
1.64979e-14
1.47553e-14
7.44861e-15
6.95841e-15
1.49785e-14
9.21131e-15
4.54736e-15
8.78203e-15
5.17866e-15
5.16284e-15
9.03026e-15
5.25009e-15
9.61971e-15
1.55899e-14
4.34739e-15
9.03453e-15
1.51693e-14
1.64506e-14
7.00509e-15
7.64043e-15
1.41655e-14
4.05307e-15
1.62182e-14
1.61571e-14
7.62731e-15
9.49391e-15
1.43262e-14
6.35602e-15
6.99001e-15
1.26055e-14
1.23719e-14
9.06719e-15
9.50199e-15
1.49993e-14
7.48473e-15
7.49903e-15
1.23794e-14
1.23779e-14
9.82228e-15
9.8746e-15
1.47523e-14
7.36838e-15
7.4425e-15
1.24136e-14
1.24909e-14
9.8839e-15
9.92858e-15
1.38289e-14
7.20036e-15
6.58177e-15
1.26639e-14
1.2871e-14
1.01156e-14
9.7763e-15
9.11422e-15
4.11621e-15
1.6027e-14
1.62661e-14
9.69157e-15
7.74466e-15
7.90481e-15
1.61111e-14
1.40926e-14
7.52723e-15
6.3646e-15
1.37971e-14
8.12537e-15
4.25436e-15
5.68132e-15
5.16754e-15
8.35261e-15
5.11871e-15
8.26069e-15
4.52153e-15
7.31078e-15
1.4597e-14
1.50291e-14
4.40485e-15
8.34342e-15
1.50372e-14
7.96357e-15
1.02202e-14
1.56605e-14
1.70412e-14
9.44006e-15
1.43467e-14
1.59265e-14
9.64283e-15
7.78599e-15
1.65363e-14
1.5764e-14
9.85356e-15
1.31406e-14
1.68749e-14
6.86597e-15
4.28821e-15
1.44731e-14
1.49796e-14
7.37241e-15
1.65071e-14
1.62039e-14
9.51776e-15
9.53508e-15
7.31227e-15
1.50697e-14
1.43082e-14
9.14617e-15
8.34083e-15
6.91978e-15
1.39632e-14
1.36591e-14
7.43919e-15
7.10911e-15
6.87395e-15
1.35915e-14
1.36578e-14
7.15563e-15
7.27206e-15
6.9272e-15
1.38816e-14
1.44426e-14
7.57957e-15
8.4535e-15
7.66435e-15
1.55952e-14
1.65567e-14
9.06351e-15
8.99965e-15
9.253e-15
1.61959e-14
1.70289e-14
4.46417e-15
9.48003e-15
1.62597e-14
7.15626e-15
1.67113e-14
1.55413e-14
6.96757e-15
7.51665e-15
1.52292e-14
1.64184e-14
4.63792e-15
1.55188e-14
1.44206e-14
9.19804e-15
9.60042e-15
1.64692e-14
1.62874e-14
7.88798e-15
5.30917e-15
7.16147e-15
4.39295e-15
1.48333e-14
1.4981e-14
8.94078e-15
5.68815e-15
5.33828e-15
8.22359e-15
5.36552e-15
8.52209e-15
4.51734e-15
7.1445e-15
1.47318e-14
1.50953e-14
6.78165e-15
1.45939e-14
1.52178e-14
9.3886e-15
9.04864e-15
1.64387e-14
1.66741e-14
9.06748e-15
1.60768e-14
1.66781e-14
7.10364e-15
6.68054e-15
1.61174e-14
1.51123e-14
7.5642e-15
1.6513e-14
1.64254e-14
4.16416e-15
1.47459e-14
9.20768e-15
7.33361e-15
1.65048e-14
1.54868e-14
9.07321e-15
9.02415e-15
7.36026e-15
1.48458e-14
1.43301e-14
8.48949e-15
7.61034e-15
6.91717e-15
1.38592e-14
1.3657e-14
7.25437e-15
7.10502e-15
6.9862e-15
1.36859e-14
1.39376e-14
7.20961e-15
7.39905e-15
7.09964e-15
1.44641e-14
1.49752e-14
8.3721e-15
9.11293e-15
7.60896e-15
1.58714e-14
1.56676e-14
8.85249e-15
9.00898e-15
1.02664e-14
1.67843e-14
1.35298e-14
4.29e-15
6.57187e-15
1.52407e-14
1.44178e-14
6.9434e-15
1.62435e-14
1.51608e-14
7.49142e-15
9.68118e-15
1.53672e-14
1.64533e-14
1.55234e-14
9.62141e-15
9.79048e-15
7.10987e-15
1.66514e-14
1.58502e-14
8.89745e-15
5.54376e-15
6.99349e-15
4.75549e-15
1.51465e-14
1.47597e-14
8.76624e-15
5.52763e-15
5.1853e-15
5.44125e-15
1.17078e-14
5.35279e-15
5.02651e-15
1.19397e-14
1.10124e-14
1.44485e-14
1.40236e-14
1.5786e-14
1.45637e-14
1.49574e-14
1.49897e-14
1.57452e-14
1.34921e-14
1.32509e-14
1.3277e-14
1.22874e-14
1.28026e-14
1.24614e-14
1.44174e-14
1.12321e-14
1.53757e-14
1.44933e-14
1.20732e-14
1.24181e-14
1.22481e-14
1.19368e-14
1.18554e-14
1.54415e-14
1.51731e-14
1.20344e-14
1.22025e-14
1.23526e-14
1.15976e-14
1.17087e-14
1.51042e-14
1.5421e-14
1.2392e-14
1.25092e-14
1.28313e-14
1.16917e-14
1.10226e-14
1.56066e-14
1.51791e-14
1.3826e-14
1.31734e-14
1.34004e-14
1.41607e-14
1.48094e-14
1.58844e-14
1.2673e-14
1.43101e-14
1.27664e-14
1.44663e-14
1.35963e-14
1.61664e-14
1.34234e-14
1.31267e-14
4.83907e-15
1.42996e-14
1.10371e-14
1.52092e-14
1.39662e-14
1.29557e-14
1.44946e-14
4.48944e-15
7.85816e-15
5.05341e-15
1.34852e-14
1.05975e-14
4.85367e-15
5.0846e-15
4.56802e-15
5.54462e-15
8.51265e-15
1.08822e-14
1.36554e-14
8.20657e-15
1.08417e-14
1.40521e-14
1.46706e-14
1.44523e-14
1.45132e-14
1.27122e-14
1.4534e-14
1.41604e-14
1.26535e-14
1.60879e-14
1.37706e-14
1.29831e-14
1.34612e-14
1.3257e-14
1.34329e-14
1.31556e-14
1.49424e-14
1.46011e-14
1.28396e-14
1.56807e-14
1.2402e-14
1.30216e-14
1.2586e-14
1.19886e-14
1.18666e-14
1.57239e-14
1.55636e-14
1.2043e-14
1.23703e-14
1.2244e-14
1.19944e-14
1.17859e-14
1.52882e-14
1.51823e-14
1.2148e-14
1.22777e-14
1.24303e-14
1.15684e-14
1.16204e-14
1.5328e-14
1.54613e-14
1.283e-14
1.26478e-14
1.27804e-14
1.17291e-14
1.44255e-14
1.51524e-14
1.52295e-14
1.14771e-14
1.5238e-14
1.42731e-14
1.35342e-14
1.54305e-14
1.33187e-14
1.29948e-14
1.13431e-14
5.22248e-15
1.50227e-14
1.14904e-14
1.56234e-14
1.46953e-14
5.50566e-15
1.14647e-14
5.48054e-15
5.19838e-15
4.5448e-15
1.11456e-14
5.23641e-15
4.38207e-15
1.11235e-14
1.08404e-14
1.4715e-14
1.38102e-14
1.48578e-14
1.41812e-14
1.44841e-14
1.45042e-14
1.51163e-14
1.28766e-14
1.25003e-14
1.2665e-14
1.21586e-14
1.54138e-14
1.41048e-14
1.31175e-14
1.251e-14
1.28792e-14
1.23412e-14
4.28998e-15
1.12838e-14
8.34627e-15
1.46133e-14
1.39578e-14
1.22153e-14
1.47778e-14
1.05207e-14
4.21926e-15
1.05022e-14
7.81505e-15
4.13085e-15
1.07277e-14
8.02015e-15
1.12063e-14
1.04937e-14
7.83278e-15
1.20732e-14
1.39737e-14
1.45447e-14
1.42766e-14
1.2331e-14
1.48276e-14
1.50277e-14
1.56498e-14
1.22955e-14
1.28126e-14
1.25632e-14
1.29554e-14
1.14216e-14
1.43107e-14
1.39671e-14
1.29831e-14
1.53639e-14
1.26157e-14
1.24048e-14
1.08844e-14
4.41789e-15
1.38662e-14
1.15881e-14
1.47115e-14
1.46916e-14
5.03463e-15
1.11102e-14
4.55405e-15
4.21577e-15
4.04127e-15
8.24152e-15
1.145e-14
1.14769e-14
1.43187e-14
1.1346e-14
1.11675e-14
1.45669e-14
1.44258e-14
1.22797e-14
1.47315e-14
1.2229e-14
1.1947e-14
1.50683e-14
1.15066e-14
1.24271e-14
1.51097e-14
1.25016e-14
1.21232e-14
7.18031e-15
1.35396e-14
1.10294e-14
1.43398e-14
1.10102e-14
4.16061e-15
7.86972e-15
4.4889e-15
7.85357e-15
4.4752e-15
7.23387e-15
1.13196e-14
1.48833e-14
1.09845e-14
1.46629e-14
1.50945e-14
1.15459e-14
1.5674e-14
1.49767e-14
1.25744e-14
1.22459e-14
1.27153e-14
8.15913e-15
1.45106e-14
1.14788e-14
1.23678e-14
1.51173e-14
1.22732e-14
1.50151e-14
3.99288e-15
1.12895e-14
8.16929e-15
1.38846e-14
1.14418e-14
4.33643e-15
6.77143e-15
7.21267e-15
6.6378e-15
7.23422e-15
1.12985e-14
1.46104e-14
1.15357e-14
1.5302e-14
1.45801e-14
1.21054e-14
1.53435e-14
1.20215e-14
1.22452e-14
1.23028e-14
1.2497e-14
1.14446e-14
1.54255e-14
1.46725e-14
1.26451e-14
1.20373e-14
1.26436e-14
1.21307e-14
4.09481e-15
1.12015e-14
6.59556e-15
1.47785e-14
1.39458e-14
1.18258e-14
1.4165e-14
8.74245e-15
1.08339e-14
4.03645e-15
8.51429e-15
4.2548e-15
1.09907e-14
1.06351e-14
6.56253e-15
1.15852e-14
1.38443e-14
1.46729e-14
1.42132e-14
1.19045e-14
1.56317e-14
1.45578e-14
1.49946e-14
1.21935e-14
1.27814e-14
1.20667e-14
1.24781e-14
1.12734e-14
1.52405e-14
1.18412e-14
1.23116e-14
1.20831e-14
1.24955e-14
1.23097e-14
7.37738e-15
1.45616e-14
1.10197e-14
1.55439e-14
1.17342e-14
7.00019e-15
7.5385e-15
7.24684e-15
7.52457e-15
7.34053e-15
7.42149e-15
1.21899e-14
1.56125e-14
1.24874e-14
1.5821e-14
1.55846e-14
1.17016e-14
1.58119e-14
1.23793e-14
1.2648e-14
1.23804e-14
1.27608e-14
1.48998e-14
1.2072e-14
1.52156e-14
1.24038e-14
1.22163e-14
1.23374e-14
1.22786e-14
7.17381e-15
1.16488e-14
7.32647e-15
1.19269e-14
1.49943e-14
1.20659e-14
1.52766e-14
1.12602e-14
6.67647e-15
1.16635e-14
7.21781e-15
6.66813e-15
1.12828e-14
7.11464e-15
1.15312e-14
1.15351e-14
7.42878e-15
1.18622e-14
1.48863e-14
1.19817e-14
1.53264e-14
1.21369e-14
1.19198e-14
1.52634e-14
1.19849e-14
1.21245e-14
1.22808e-14
1.22729e-14
1.22699e-14
1.20876e-14
1.58421e-14
1.24694e-14
1.26871e-14
1.25136e-14
1.28356e-14
1.27171e-14
7.81628e-15
1.58216e-14
1.14329e-14
1.59772e-14
1.10337e-14
7.58352e-15
7.50082e-15
7.7563e-15
7.49951e-15
7.51883e-15
7.45581e-15
1.18919e-14
1.57706e-14
1.20062e-14
1.57786e-14
1.57918e-14
1.19514e-14
1.56196e-14
1.24448e-14
1.27678e-14
1.24012e-14
1.26532e-14
1.52115e-14
1.20712e-14
1.49247e-14
1.23294e-14
1.22785e-14
1.23692e-14
1.22381e-14
7.35962e-15
1.12748e-14
7.32e-15
1.205e-14
1.52428e-14
1.19358e-14
1.49326e-14
1.16423e-14
7.25504e-15
1.11404e-14
6.96368e-15
7.21267e-15
1.15569e-14
7.09336e-15
1.15411e-14
1.16805e-14
7.10022e-15
1.14361e-14
1.51383e-14
1.20495e-14
1.48075e-14
1.1923e-14
1.19245e-14
1.48009e-14
1.18817e-14
1.22508e-14
1.22511e-14
1.21949e-14
1.22826e-14
1.26469e-14
1.57011e-14
1.20222e-14
1.27381e-14
1.27225e-14
1.27089e-14
1.24593e-14
7.52067e-15
1.58906e-14
1.14729e-14
1.57763e-14
1.17932e-14
7.57946e-15
7.72724e-15
7.23762e-15
6.80523e-15
7.22345e-15
6.81233e-15
1.17456e-14
1.53485e-14
1.11062e-14
1.47757e-14
1.50487e-14
1.16103e-14
1.45669e-14
1.22635e-14
1.24302e-14
1.21995e-14
1.22494e-14
1.50671e-14
1.51513e-14
1.21364e-14
1.25371e-14
1.22368e-14
1.26908e-14
1.22715e-14
6.70743e-15
1.09572e-14
4.13939e-15
1.18656e-14
1.42373e-14
1.47281e-14
1.35818e-14
1.09757e-14
4.34345e-15
8.79288e-15
4.45738e-15
1.09027e-14
8.46393e-15
1.13788e-14
4.02908e-15
1.09289e-14
1.39761e-14
1.18615e-14
1.36126e-14
1.48461e-14
1.4739e-14
1.29772e-14
1.54331e-14
1.2282e-14
1.24701e-14
1.2541e-14
1.27895e-14
1.14927e-14
1.46368e-14
1.11775e-14
1.25606e-14
1.21573e-14
1.226e-14
1.19959e-14
6.80668e-15
1.52928e-14
1.15206e-14
1.47476e-14
1.118e-14
7.47188e-15
6.87114e-15
4.44012e-15
4.35953e-15
1.14959e-14
1.5014e-14
8.06402e-15
1.15881e-14
1.42208e-14
7.68407e-15
1.11383e-14
1.49893e-14
1.2152e-14
1.44433e-14
1.22041e-14
1.16946e-14
1.44507e-14
1.1484e-14
1.25844e-14
1.23104e-14
1.23649e-14
1.51553e-14
4.44509e-15
1.47836e-14
1.08357e-14
1.53174e-14
1.11354e-14
7.79961e-15
4.54932e-15
7.7556e-15
4.29168e-15
7.47103e-15
4.53176e-15
1.07172e-14
1.42787e-14
1.11579e-14
1.46123e-14
1.52443e-14
1.14572e-14
1.4533e-14
1.22621e-14
1.25928e-14
1.49716e-14
1.24432e-14
1.1426e-14
1.09256e-14
7.9794e-15
1.2164e-14
1.46045e-14
1.20768e-14
1.44023e-14
1.41338e-14
1.1332e-14
1.12049e-14
7.81154e-15
4.27065e-15
4.59353e-15
1.1174e-14
5.00592e-15
1.13003e-14
5.1146e-15
1.42006e-14
1.50143e-14
1.07583e-14
1.46016e-14
1.45148e-14
1.06642e-14
1.37484e-14
1.24349e-14
1.25951e-14
1.48483e-14
1.25813e-14
1.44326e-14
1.4994e-14
1.15358e-14
1.29585e-14
1.23648e-14
1.28731e-14
1.23015e-14
7.56291e-15
1.09014e-14
4.18712e-15
1.21679e-14
1.42139e-14
1.45767e-14
1.42146e-14
1.13914e-14
7.58281e-15
1.09149e-14
4.53527e-15
7.84959e-15
1.1034e-14
4.29159e-15
1.07819e-14
1.18531e-14
4.48424e-15
1.09311e-14
1.44847e-14
1.23534e-14
1.45426e-14
1.45574e-14
1.54963e-14
1.20785e-14
1.42259e-14
1.27588e-14
1.29099e-14
1.2421e-14
1.25646e-14
1.43174e-14
1.4194e-14
1.10932e-14
1.27632e-14
1.2463e-14
1.2961e-14
1.52395e-14
4.48237e-15
5.02843e-15
1.46501e-14
1.43741e-14
1.41684e-14
1.11813e-14
1.11197e-14
4.36432e-15
5.00751e-15
5.33229e-15
1.24236e-14
5.4131e-15
1.13312e-14
5.32101e-15
1.46234e-14
1.52221e-14
1.13194e-14
1.42319e-14
1.53512e-14
1.14873e-14
1.43529e-14
1.31798e-14
1.3399e-14
1.56587e-14
1.34834e-14
1.27507e-14
1.28879e-14
1.26841e-14
1.50563e-14
1.54657e-14
1.44689e-14
1.23191e-14
1.22867e-14
1.22902e-14
1.20809e-14
1.54829e-14
1.52855e-14
1.19198e-14
1.18029e-14
1.23366e-14
1.20149e-14
1.19654e-14
1.51376e-14
1.53442e-14
1.18259e-14
1.14606e-14
1.29195e-14
1.20637e-14
1.26848e-14
1.56862e-14
1.55984e-14
1.1184e-14
1.19669e-14
1.33445e-14
1.33026e-14
1.39538e-14
1.51087e-14
1.26168e-14
1.47329e-14
1.51162e-14
1.44206e-14
1.44184e-14
1.46858e-14
1.34798e-14
1.31185e-14
1.37487e-14
1.65066e-14
1.10652e-14
8.08036e-15
4.99783e-15
1.27292e-14
1.46376e-14
1.43085e-14
1.46863e-14
1.34802e-14
1.08672e-14
8.29181e-15
5.11727e-15
5.07635e-15
4.89686e-15
4.57943e-15
1.10164e-14
1.31499e-14
5.20155e-15
7.89052e-15
1.36328e-14
5.2807e-15
8.32556e-15
1.44179e-14
1.237e-14
1.40563e-14
1.39301e-14
1.2537e-14
1.42716e-14
1.45767e-14
1.2709e-14
1.32267e-14
1.54676e-14
1.35276e-14
1.31206e-14
1.4078e-14
1.34911e-14
1.27122e-14
1.53989e-14
1.52427e-14
1.48719e-14
1.25446e-14
1.28712e-14
1.22774e-14
1.55117e-14
1.55182e-14
1.21057e-14
1.15348e-14
1.22441e-14
1.20293e-14
1.19897e-14
1.54856e-14
1.52281e-14
1.1499e-14
1.16647e-14
1.24593e-14
1.20431e-14
1.21804e-14
1.53188e-14
1.55625e-14
1.17121e-14
1.17121e-14
1.27961e-14
1.24312e-14
1.28877e-14
1.48288e-14
1.52866e-14
1.16318e-14
1.46735e-14
1.45378e-14
1.47937e-14
1.12331e-14
1.33252e-14
1.31773e-14
1.36262e-14
1.55029e-14
5.32849e-15
5.17604e-15
1.59819e-14
1.47447e-14
1.42789e-14
1.08548e-14
1.18606e-14
5.49874e-15
5.44393e-15
5.30858e-15
8.38679e-15
8.05258e-15
1.46986e-14
1.50494e-14
4.61344e-15
7.41987e-15
1.52959e-14
4.29263e-15
1.5858e-14
1.64986e-14
7.62653e-15
9.50946e-15
1.56845e-14
6.8661e-15
9.43829e-15
1.65394e-14
1.51204e-14
9.89914e-15
7.76992e-15
1.62639e-14
9.14513e-15
9.46395e-15
1.45927e-14
1.50639e-14
6.86627e-15
4.2805e-15
1.60373e-14
7.15825e-15
7.63751e-15
9.78715e-15
9.05209e-15
1.44135e-14
7.48355e-15
7.17748e-15
8.88467e-15
8.43411e-15
1.36988e-14
7.08243e-15
7.07006e-15
7.46877e-15
7.10082e-15
1.36944e-14
6.9666e-15
6.93899e-15
7.00508e-15
7.19488e-15
1.45335e-14
6.93506e-15
7.02351e-15
7.48067e-15
8.44564e-15
1.66457e-14
7.04468e-15
7.32081e-15
9.28141e-15
9.48913e-15
1.63749e-14
7.49618e-15
9.00514e-15
1.0031e-14
1.5764e-14
4.16124e-15
1.63084e-14
9.36246e-15
7.53142e-15
1.53551e-14
1.62117e-14
6.876e-15
7.67328e-15
1.51216e-14
7.70642e-15
4.84736e-15
1.69141e-14
1.63612e-14
9.95688e-15
9.67465e-15
5.52471e-15
1.47813e-14
1.54371e-14
6.88688e-15
4.05419e-15
8.61256e-15
5.664e-15
5.92794e-15
8.66064e-15
8.61447e-15
1.4808e-14
1.49594e-14
4.29644e-15
6.88598e-15
1.52184e-14
4.23808e-15
6.60257e-15
1.63763e-14
1.67688e-14
9.25563e-15
9.70575e-15
1.68873e-14
7.06996e-15
9.18375e-15
1.58024e-14
1.51529e-14
7.45723e-15
6.61058e-15
1.59758e-14
9.34831e-15
7.35579e-15
1.51381e-14
9.17516e-15
4.15535e-15
1.59347e-14
7.40914e-15
7.18928e-15
9.59e-15
9.50305e-15
1.42976e-14
7.3439e-15
7.40309e-15
8.77299e-15
7.66079e-15
1.36606e-14
7.00761e-15
6.89872e-15
7.29168e-15
7.14704e-15
1.39747e-14
6.96642e-15
7.05105e-15
7.23488e-15
7.43126e-15
1.48588e-14
7.29401e-15
7.07384e-15
8.41875e-15
9.10151e-15
1.66842e-14
7.07536e-15
7.89923e-15
9.31523e-15
9.42831e-15
1.37053e-14
1.05744e-14
1.04734e-14
1.39254e-14
1.42632e-14
3.86199e-15
6.36142e-15
1.4924e-14
1.07941e-14
7.49369e-15
1.58678e-14
1.64055e-14
7.69222e-15
9.78514e-15
8.8696e-15
4.38968e-15
1.61933e-14
1.52868e-14
9.57834e-15
7.18277e-15
4.91678e-15
1.55059e-14
1.47243e-14
7.4554e-15
4.77489e-15
8.50634e-15
5.4929e-15
5.20835e-15
8.77907e-15
5.24492e-15
8.66651e-15
4.55555e-15
7.29794e-15
1.49313e-14
1.48634e-14
7.38468e-15
1.47113e-14
1.47452e-14
9.28145e-15
9.2319e-15
1.59404e-14
1.59958e-14
9.4595e-15
1.61384e-14
1.64865e-14
6.94347e-15
4.38783e-15
1.51979e-14
1.52678e-14
6.81125e-15
1.60734e-14
1.52669e-14
8.95207e-15
8.60804e-15
1.46591e-14
8.87924e-15
5.25272e-15
8.43936e-15
5.18047e-15
5.56808e-15
8.40737e-15
9.40766e-15
6.74002e-15
1.55879e-14
1.49913e-14
5.32579e-15
7.83002e-15
9.19824e-15
1.63376e-14
1.58683e-14
4.72565e-15
7.28547e-15
1.47192e-14
1.47114e-14
4.24279e-15
1.5391e-14
1.64821e-14
9.88183e-15
9.97788e-15
1.66855e-14
1.68107e-14
9.28718e-15
6.16011e-15
7.67745e-15
4.36713e-15
1.5782e-14
1.5671e-14
8.2193e-15
5.73602e-15
5.66648e-15
7.71309e-15
5.90815e-15
8.56475e-15
4.26579e-15
6.64407e-15
1.48702e-14
1.46515e-14
7.07881e-15
1.50893e-14
1.49622e-14
9.22634e-15
9.2418e-15
1.57807e-14
1.57824e-14
9.4714e-15
1.61766e-14
1.62312e-14
7.46637e-15
4.447e-15
1.53262e-14
1.49423e-14
4.13555e-15
1.54496e-14
1.60152e-14
8.65651e-15
5.54167e-15
9.67917e-15
8.87895e-15
5.23999e-15
5.02945e-15
8.32913e-15
4.69195e-15
8.70057e-15
1.44526e-14
5.14957e-15
7.10225e-15
1.46801e-14
1.57345e-14
8.27086e-15
9.40678e-15
9.2969e-15
1.61356e-14
1.59426e-14
4.00386e-15
6.5753e-15
1.57761e-14
1.46753e-14
4.55023e-15
1.43793e-14
1.45336e-14
9.23603e-15
9.30071e-15
1.56347e-14
1.56367e-14
9.10168e-15
5.41008e-15
7.61393e-15
4.6134e-15
1.52424e-14
1.48574e-14
8.71906e-15
5.53996e-15
5.42082e-15
5.30815e-15
1.11033e-14
5.29346e-15
5.50925e-15
1.16555e-14
1.19159e-14
1.46641e-14
1.50276e-14
1.56697e-14
1.44198e-14
1.54103e-14
1.58501e-14
1.58254e-14
1.35424e-14
1.34274e-14
1.36931e-14
1.42947e-14
1.28507e-14
1.25685e-14
1.20083e-14
8.08664e-15
1.43978e-14
1.21421e-14
1.09627e-14
1.49452e-14
1.47647e-14
4.22433e-15
1.0992e-14
4.79208e-15
7.12068e-15
1.15635e-14
1.19057e-14
1.14201e-14
7.70641e-15
7.26715e-15
6.93983e-15
6.92709e-15
7.22728e-15
7.5401e-15
8.10245e-15
7.88717e-15
1.1762e-14
1.15994e-14
1.18154e-14
1.43319e-14
1.42104e-14
4.33778e-15
7.85523e-15
1.51199e-14
1.54665e-14
1.28232e-14
5.25987e-15
7.96892e-15
1.16471e-14
1.36871e-14
1.35601e-14
1.29702e-14
1.33258e-14
1.35901e-14
1.38114e-14
1.42465e-14
1.25196e-14
5.15011e-15
1.38367e-14
1.10461e-14
1.42705e-14
1.49555e-14
1.27665e-14
1.47578e-14
4.94888e-15
8.29023e-15
5.32222e-15
1.32939e-14
1.04933e-14
4.87952e-15
4.7819e-15
5.07485e-15
5.35315e-15
8.00564e-15
1.04382e-14
1.33924e-14
7.92921e-15
1.08815e-14
1.38773e-14
1.46257e-14
1.38692e-14
1.46514e-14
1.26618e-14
1.63289e-14
1.3439e-14
1.30199e-14
1.42006e-14
1.36388e-14
1.26049e-14
1.42686e-14
1.54869e-14
1.27657e-14
1.5349e-14
7.89169e-15
5.21087e-15
1.34712e-14
1.10508e-14
9.51748e-15
1.45956e-14
1.46309e-14
7.79841e-15
4.3337e-15
4.2344e-15
1.20723e-14
1.14148e-14
7.98365e-15
7.46845e-15
7.03425e-15
6.9142e-15
7.12315e-15
7.3717e-15
4.28928e-15
7.76852e-15
1.09997e-14
8.67225e-15
1.18445e-14
1.17028e-14
1.40846e-14
1.41067e-14
1.47211e-14
4.3676e-15
4.63623e-15
1.07784e-14
1.58613e-14
1.2631e-14
1.3022e-14
8.30558e-15
1.20038e-14
1.22245e-14
1.47672e-14
1.07719e-14
1.56343e-14
1.4277e-14
1.3546e-14
1.53129e-14
1.3531e-14
1.29509e-14
1.09103e-14
5.37421e-15
1.48482e-14
1.20873e-14
1.53422e-14
1.48072e-14
5.72409e-15
1.17139e-14
5.21437e-15
5.20185e-15
4.18088e-15
1.0682e-14
5.02609e-15
4.33149e-15
1.10254e-14
1.11106e-14
1.3467e-14
1.42155e-14
1.43697e-14
1.39763e-14
1.46053e-14
1.47063e-14
1.54911e-14
1.29058e-14
1.25277e-14
1.27715e-14
1.5415e-14
1.26076e-14
1.228e-14
1.26199e-14
1.18749e-14
1.50005e-14
1.24713e-14
1.49486e-14
1.20517e-14
1.47164e-14
7.01653e-15
3.97386e-15
1.16941e-14
9.64613e-15
1.20378e-14
1.52783e-14
1.35174e-14
4.23116e-15
1.08113e-14
1.41157e-14
1.35098e-14
1.07301e-14
1.35734e-14
1.34418e-14
1.27011e-14
1.25467e-14
1.51415e-14
3.86567e-15
1.45186e-14
1.48966e-14
1.46784e-14
4.09461e-15
6.6044e-15
1.00827e-14
1.21899e-14
1.20992e-14
1.22952e-14
1.02996e-14
1.16754e-14
1.22727e-14
1.4927e-14
1.25585e-14
1.23684e-14
1.25243e-14
1.38945e-14
1.44296e-14
1.44277e-14
1.21975e-14
1.44711e-14
1.19521e-14
1.47856e-14
1.26495e-14
1.24409e-14
1.25594e-14
1.25325e-14
4.26882e-15
1.17163e-14
8.08518e-15
1.45873e-14
1.35707e-14
1.24257e-14
1.45718e-14
8.24605e-15
1.11023e-14
5.12971e-15
8.2606e-15
5.03925e-15
1.05987e-14
1.11079e-14
7.77212e-15
1.13543e-14
1.40169e-14
1.47456e-14
1.36737e-14
1.21516e-14
1.44325e-14
1.43788e-14
1.20954e-14
1.23047e-14
1.26413e-14
1.23482e-14
1.25672e-14
1.23213e-14
1.26139e-14
1.24063e-14
1.45347e-14
1.3668e-14
1.23139e-14
1.43943e-14
1.43287e-14
1.23e-14
1.20641e-14
1.14153e-14
1.01948e-14
1.48261e-14
1.22965e-14
1.25276e-14
1.49214e-14
1.48849e-14
4.35434e-15
1.04265e-14
6.89929e-15
1.17592e-14
1.48589e-14
1.23573e-14
3.94256e-15
1.08597e-14
1.30696e-14
1.3326e-14
1.11369e-14
1.32622e-14
1.33211e-14
1.2614e-14
1.21493e-14
1.45405e-14
4.17387e-15
1.47076e-14
1.44604e-14
1.21267e-14
3.94085e-15
7.26359e-15
9.36538e-15
1.17602e-14
1.25206e-14
1.2484e-14
1.26721e-14
1.19259e-14
1.24502e-14
1.31566e-14
1.51974e-14
1.11158e-14
1.46869e-14
1.45088e-14
1.25822e-14
1.51089e-14
1.27145e-14
1.24099e-14
1.09433e-14
4.2579e-15
1.45727e-14
1.09963e-14
1.45247e-14
1.39266e-14
5.0391e-15
1.0736e-14
4.28444e-15
4.01979e-15
7.77533e-15
1.09789e-14
9.03198e-15
1.41268e-14
1.14702e-14
1.09817e-14
1.44058e-14
1.43456e-14
1.21675e-14
1.4639e-14
1.21122e-14
1.23287e-14
1.24456e-14
1.23297e-14
1.4993e-14
1.46431e-14
1.21981e-14
1.44875e-14
1.20251e-14
1.2375e-14
1.22883e-14
1.26834e-14
1.20121e-14
1.53942e-14
1.36703e-14
1.443e-14
1.19428e-14
1.17045e-14
9.63132e-15
6.05891e-15
1.13965e-14
1.00579e-14
1.29594e-14
1.44622e-14
1.45238e-14
3.69448e-15
9.06171e-15
6.46353e-15
1.48773e-14
1.45916e-14
1.44794e-14
3.94918e-15
6.41791e-15
9.06422e-15
1.44258e-14
1.158e-14
1.18063e-14
6.27472e-15
9.2813e-15
9.89059e-15
1.12647e-14
1.20828e-14
1.20002e-14
1.22086e-14
1.06181e-14
1.25242e-14
1.29593e-14
1.28334e-14
1.25569e-14
1.23791e-14
1.26075e-14
1.26689e-14
1.48603e-14
1.4625e-14
1.5193e-14
1.15116e-14
1.55324e-14
1.15435e-14
1.24856e-14
1.50408e-14
1.25811e-14
1.21376e-14
6.88022e-15
1.37124e-14
1.06437e-14
1.44016e-14
1.12208e-14
4.08761e-15
6.89031e-15
3.80348e-15
6.92685e-15
4.49929e-15
7.3082e-15
1.00971e-14
1.41704e-14
1.10891e-14
1.51094e-14
1.47047e-14
1.15987e-14
1.5108e-14
1.50232e-14
1.2377e-14
1.23023e-14
1.25024e-14
1.23109e-14
1.26307e-14
1.24353e-14
1.49752e-14
1.25838e-14
1.52744e-14
1.48813e-14
1.19862e-14
1.2338e-14
1.20719e-14
1.27025e-14
1.07309e-14
1.33394e-14
1.29736e-14
1.43368e-14
1.18804e-14
1.16349e-14
9.44603e-15
6.35849e-15
1.12717e-14
9.8277e-15
1.2679e-14
1.44984e-14
1.4877e-14
3.85857e-15
8.84761e-15
6.71766e-15
1.53312e-14
1.45963e-14
1.46504e-14
4.08368e-15
6.77958e-15
8.99556e-15
1.52058e-14
1.17978e-14
1.21417e-14
6.62782e-15
1.00713e-14
1.00093e-14
1.16725e-14
1.22295e-14
1.22136e-14
1.23348e-14
1.21703e-14
1.28435e-14
1.34593e-14
1.52018e-14
1.26007e-14
1.24028e-14
1.24396e-14
1.5233e-14
1.48472e-14
1.46429e-14
1.21011e-14
7.83161e-15
1.44514e-14
1.10263e-14
1.20851e-14
1.44384e-14
1.21427e-14
1.47419e-14
4.05908e-15
1.09132e-14
7.97281e-15
1.37011e-14
8.79775e-15
4.50831e-15
6.77608e-15
6.81259e-15
7.25374e-15
1.1641e-14
1.45696e-14
1.15775e-14
1.51641e-14
1.46935e-14
1.16652e-14
1.52763e-14
1.19494e-14
1.22246e-14
1.21153e-14
1.24194e-14
1.2691e-14
1.24605e-14
1.26973e-14
1.53176e-14
1.41142e-14
1.44406e-14
1.34438e-14
1.1944e-14
1.2425e-14
1.21888e-14
1.24887e-14
1.17878e-14
1.35331e-14
1.24431e-14
1.16039e-14
1.19015e-14
1.17077e-14
1.07842e-14
1.03538e-14
1.17283e-14
1.14167e-14
1.16719e-14
1.16696e-14
1.18163e-14
1.02973e-14
1.07804e-14
1.13409e-14
1.15859e-14
1.20653e-14
1.20463e-14
1.24164e-14
1.14554e-14
1.22465e-14
1.19805e-14
1.28462e-14
1.23731e-14
1.24564e-14
1.24542e-14
1.35645e-14
1.51522e-14
1.32961e-14
1.49733e-14
1.1764e-14
1.48922e-14
1.44386e-14
1.26363e-14
1.21989e-14
1.24424e-14
1.2163e-14
1.12975e-14
4.117e-15
1.4693e-14
1.17172e-14
1.47836e-14
1.41641e-14
8.40909e-15
8.63315e-15
8.4241e-15
8.95086e-15
8.23847e-15
4.0429e-15
1.10585e-14
1.12079e-14
1.49629e-14
1.35903e-14
1.48343e-14
1.5016e-14
1.46687e-14
1.532e-14
1.22664e-14
1.26163e-14
1.22725e-14
1.26022e-14
1.23288e-14
1.24178e-14
1.26231e-14
1.51504e-14
1.38175e-14
1.47842e-14
1.37722e-14
1.17982e-14
1.24139e-14
1.20463e-14
1.23187e-14
1.14578e-14
1.27347e-14
1.1961e-14
1.16462e-14
1.18134e-14
1.16826e-14
1.06119e-14
1.02443e-14
1.16176e-14
1.13323e-14
1.17771e-14
1.17418e-14
1.19555e-14
1.04277e-14
1.08337e-14
1.14287e-14
1.18273e-14
1.22868e-14
1.21603e-14
1.25029e-14
1.17282e-14
1.26686e-14
1.22719e-14
1.38686e-14
1.24251e-14
1.25289e-14
1.25973e-14
1.26062e-14
1.50836e-14
1.30381e-14
1.52197e-14
1.10148e-14
1.54092e-14
1.13532e-14
1.22419e-14
1.18316e-14
1.24326e-14
1.1993e-14
7.27283e-15
1.4056e-14
1.08394e-14
1.51928e-14
1.13684e-14
4.20682e-15
6.78414e-15
7.24809e-15
7.32269e-15
7.25419e-15
7.39694e-15
1.21149e-14
1.54041e-14
1.19756e-14
1.55899e-14
1.55456e-14
1.15438e-14
1.57295e-14
1.22752e-14
1.25782e-14
1.22227e-14
1.26867e-14
1.25937e-14
1.22302e-14
1.24696e-14
1.46041e-14
1.55676e-14
1.16812e-14
1.49402e-14
1.23552e-14
1.26281e-14
1.24646e-14
1.38166e-14
1.26966e-14
1.35858e-14
1.27833e-14
1.19163e-14
1.2257e-14
1.20519e-14
1.21315e-14
1.18127e-14
1.22804e-14
1.19795e-14
1.201e-14
1.19933e-14
1.21155e-14
1.17455e-14
1.19318e-14
1.18934e-14
1.20093e-14
1.26424e-14
1.23164e-14
1.27689e-14
1.21167e-14
1.30491e-14
1.21563e-14
1.32098e-14
1.26241e-14
1.27809e-14
1.2704e-14
1.37384e-14
1.54946e-14
1.37346e-14
1.56093e-14
1.46727e-14
1.2012e-14
1.50494e-14
1.22904e-14
1.21081e-14
1.22502e-14
1.21192e-14
6.62428e-15
1.14316e-14
7.29359e-15
1.18193e-14
1.39006e-14
1.18318e-14
1.47459e-14
1.04975e-14
3.91881e-15
1.10223e-14
6.48405e-15
3.97615e-15
1.07271e-14
6.57831e-15
1.06009e-14
1.10801e-14
7.33902e-15
1.15833e-14
1.41114e-14
1.18985e-14
1.47888e-14
1.19318e-14
1.20482e-14
1.49437e-14
1.1958e-14
1.21427e-14
1.2348e-14
1.21332e-14
1.22647e-14
1.28541e-14
1.2731e-14
1.29743e-14
1.52325e-14
1.41599e-14
1.56651e-14
1.43494e-14
1.22318e-14
1.2627e-14
1.23353e-14
1.29156e-14
1.21614e-14
1.26932e-14
1.22637e-14
1.18897e-14
1.21177e-14
1.20065e-14
1.19055e-14
1.17907e-14
1.1996e-14
1.19057e-14
1.21408e-14
1.20603e-14
1.22598e-14
1.18493e-14
1.21423e-14
1.19797e-14
1.22689e-14
1.26208e-14
1.24577e-14
1.26149e-14
1.25417e-14
1.42585e-14
1.27672e-14
1.35481e-14
1.23852e-14
1.25626e-14
1.22348e-14
1.57683e-14
1.45439e-14
1.52969e-14
1.16555e-14
1.16083e-14
1.58423e-14
1.21031e-14
1.26017e-14
1.21971e-14
1.27427e-14
1.24518e-14
7.80305e-15
1.54636e-14
1.11567e-14
1.58781e-14
1.13596e-14
7.18364e-15
7.38784e-15
7.34536e-15
7.50538e-15
7.52087e-15
7.51907e-15
1.18493e-14
1.57372e-14
1.16734e-14
1.55088e-14
1.60703e-14
1.17325e-14
1.57035e-14
1.2262e-14
1.27675e-14
1.22359e-14
1.26292e-14
1.24914e-14
1.25298e-14
1.25721e-14
1.1754e-14
1.49267e-14
1.48159e-14
1.52446e-14
1.24243e-14
1.26504e-14
1.22879e-14
1.39286e-14
1.26294e-14
1.42476e-14
1.2437e-14
1.20499e-14
1.20986e-14
1.19256e-14
1.22313e-14
1.19786e-14
1.20702e-14
1.18638e-14
1.212e-14
1.18817e-14
1.20089e-14
1.18902e-14
1.20053e-14
1.17854e-14
1.19085e-14
1.27681e-14
1.22762e-14
1.26432e-14
1.22912e-14
1.32093e-14
1.22685e-14
1.30545e-14
1.26749e-14
1.26384e-14
1.25778e-14
1.3464e-14
1.55492e-14
1.34652e-14
1.5396e-14
1.50085e-14
1.18906e-14
1.44288e-14
1.22354e-14
1.20929e-14
1.22515e-14
1.20154e-14
7.17382e-15
1.07921e-14
6.81528e-15
1.17982e-14
1.46806e-14
1.17713e-14
1.42642e-14
1.09514e-14
6.5214e-15
1.08122e-14
3.98173e-15
6.78493e-15
1.05791e-14
4.27013e-15
1.07031e-14
1.15854e-14
6.93459e-15
1.10748e-14
1.48179e-14
1.19511e-14
1.4051e-14
1.19565e-14
1.19788e-14
1.45804e-14
1.20138e-14
1.21755e-14
1.22795e-14
1.2189e-14
1.23556e-14
1.2976e-14
1.26018e-14
1.28107e-14
1.5337e-14
1.43954e-14
1.54315e-14
1.40531e-14
1.2373e-14
1.25364e-14
1.22951e-14
1.27448e-14
1.23653e-14
1.26817e-14
1.23634e-14
1.20119e-14
1.20285e-14
1.19042e-14
1.20263e-14
1.19054e-14
1.19146e-14
1.17998e-14
1.22522e-14
1.19635e-14
1.21469e-14
1.19825e-14
1.22386e-14
1.1891e-14
1.21423e-14
1.25321e-14
1.23707e-14
1.25092e-14
1.27736e-14
1.32708e-14
1.27722e-14
1.38531e-14
1.22568e-14
1.26919e-14
1.24579e-14
1.50969e-14
1.17064e-14
1.595e-14
1.48108e-14
1.16962e-14
1.5907e-14
1.15319e-14
1.27049e-14
1.22804e-14
1.2654e-14
1.21375e-14
7.25803e-15
1.56342e-14
1.20406e-14
1.54263e-14
1.20504e-14
7.48069e-15
7.29403e-15
7.07414e-15
4.42486e-15
7.4229e-15
7.01533e-15
1.14054e-14
1.51587e-14
1.11112e-14
1.41715e-14
1.54275e-14
1.11448e-14
1.47361e-14
1.21338e-14
1.24742e-14
1.1916e-14
1.22539e-14
1.25235e-14
1.24246e-14
1.24725e-14
1.44805e-14
1.27112e-14
1.50444e-14
1.3495e-14
1.21604e-14
1.22383e-14
1.188e-14
1.39404e-14
1.2346e-14
1.2464e-14
1.15128e-14
1.16888e-14
1.17178e-14
1.15296e-14
1.17701e-14
1.13903e-14
1.07713e-14
1.00872e-14
1.17966e-14
1.15248e-14
1.16371e-14
1.13855e-14
1.15519e-14
1.01074e-14
1.07305e-14
1.24353e-14
1.17591e-14
1.20539e-14
1.20348e-14
1.28662e-14
1.1348e-14
1.21756e-14
1.24508e-14
1.23672e-14
1.2419e-14
1.36166e-14
1.49205e-14
1.40671e-14
1.53264e-14
1.41576e-14
1.52761e-14
1.14491e-14
1.24768e-14
1.20383e-14
1.26273e-14
1.20618e-14
4.27597e-15
8.06901e-15
1.46976e-14
1.46188e-14
1.44541e-14
1.16204e-14
8.8833e-15
8.28658e-15
8.75537e-15
8.41106e-15
1.14034e-14
8.08779e-15
1.3719e-14
1.53026e-14
1.10302e-14
1.47574e-14
1.4987e-14
1.1992e-14
1.5066e-14
1.24192e-14
1.25787e-14
1.23856e-14
1.26547e-14
1.25592e-14
1.23424e-14
1.23533e-14
1.47239e-14
1.35701e-14
1.48992e-14
1.3985e-14
1.20814e-14
1.2079e-14
1.17704e-14
1.26159e-14
1.20859e-14
1.22859e-14
1.14138e-14
1.17111e-14
1.16232e-14
1.15933e-14
1.16225e-14
1.14298e-14
1.07601e-14
1.03489e-14
1.19422e-14
1.16674e-14
1.17092e-14
1.15266e-14
1.18157e-14
1.03753e-14
1.08314e-14
1.2399e-14
1.18833e-14
1.22294e-14
1.23036e-14
1.34741e-14
1.16218e-14
1.25145e-14
1.24589e-14
1.25982e-14
1.23923e-14
1.37198e-14
1.45587e-14
1.39298e-14
1.49884e-14
1.14361e-14
1.47406e-14
1.09428e-14
1.24426e-14
1.20039e-14
1.22398e-14
1.1876e-14
6.95212e-15
1.50422e-14
1.14757e-14
1.4455e-14
1.12683e-14
6.73703e-15
4.11972e-15
4.36417e-15
8.73895e-15
1.36794e-14
8.03983e-15
1.08742e-14
1.47309e-14
7.943e-15
1.11414e-14
1.47763e-14
1.22353e-14
1.44888e-14
1.21356e-14
1.23477e-14
1.24857e-14
1.24547e-14
1.20268e-14
1.44089e-14
1.44665e-14
1.48682e-14
1.22528e-14
1.21473e-14
1.20907e-14
1.50607e-14
1.35808e-14
1.25923e-14
1.22364e-14
1.17741e-14
1.50868e-14
1.44588e-14
1.14325e-14
1.01078e-14
1.01526e-14
6.68108e-15
1.44432e-14
1.56773e-14
1.25875e-14
9.36518e-15
7.03805e-15
4.05676e-15
1.43711e-14
1.24478e-14
1.5197e-14
6.83637e-15
8.86804e-15
4.03289e-15
1.17701e-14
1.43703e-14
1.43581e-14
9.8232e-15
1.11569e-14
6.52265e-15
9.18324e-15
1.23412e-14
1.19869e-14
1.23369e-14
1.30747e-14
1.32603e-14
1.07021e-14
1.29576e-14
1.24673e-14
1.23946e-14
1.25087e-14
1.48251e-14
1.49401e-14
1.27513e-14
1.48147e-14
1.13581e-14
1.52543e-14
1.1035e-14
1.24967e-14
1.21212e-14
1.24527e-14
1.46991e-14
4.16776e-15
1.5099e-14
1.12081e-14
1.44783e-14
1.07957e-14
6.93337e-15
4.02481e-15
6.8187e-15
4.04755e-15
7.05016e-15
4.46726e-15
1.10829e-14
1.51165e-14
1.04013e-14
1.52114e-14
1.51362e-14
1.11898e-14
1.49524e-14
1.22619e-14
1.25329e-14
1.48403e-14
1.24128e-14
1.25444e-14
1.24665e-14
1.24211e-14
1.48334e-14
1.51983e-14
1.44359e-14
1.29178e-14
1.20136e-14
1.20958e-14
1.18541e-14
1.30337e-14
1.29108e-14
1.25478e-14
1.0723e-14
1.15524e-14
1.43896e-14
1.42148e-14
1.12478e-14
9.82821e-15
9.29591e-15
6.12205e-15
1.44302e-14
1.54044e-14
1.24331e-14
8.91224e-15
6.56112e-15
3.84037e-15
1.44114e-14
1.27373e-14
1.56024e-14
6.65976e-15
8.98732e-15
3.80402e-15
1.19439e-14
1.443e-14
1.47711e-14
9.93657e-15
1.13957e-14
6.16774e-15
9.83142e-15
1.22784e-14
1.2053e-14
1.22676e-14
1.35035e-14
1.51454e-14
1.20782e-14
1.31568e-14
1.23464e-14
1.24877e-14
1.2562e-14
1.42099e-14
1.19797e-14
1.52319e-14
1.48066e-14
1.10712e-14
1.13683e-14
8.0191e-15
1.22096e-14
1.45952e-14
1.22318e-14
1.44805e-14
1.39406e-14
8.95098e-15
1.1008e-14
7.9276e-15
4.38772e-15
1.08508e-14
5.25882e-15
1.07667e-14
4.98155e-15
1.41619e-14
1.45589e-14
1.08889e-14
1.36786e-14
1.47935e-14
1.11733e-14
1.41816e-14
1.23732e-14
1.28025e-14
1.51722e-14
1.29241e-14
1.25032e-14
1.25848e-14
1.54953e-14
1.44223e-14
1.30017e-14
1.26403e-14
1.1605e-14
1.44863e-14
1.48685e-14
1.48061e-14
1.16415e-14
9.39375e-15
7.11504e-15
4.06192e-15
1.22567e-14
1.26136e-14
1.21891e-14
4.22713e-15
1.32914e-14
1.109e-14
1.06763e-14
1.34656e-14
1.06394e-14
1.098e-14
1.50653e-14
1.20801e-14
1.25544e-14
3.9419e-15
1.52518e-14
1.19721e-14
1.44122e-14
6.94729e-15
1.05657e-14
4.35801e-15
1.23257e-14
1.46214e-14
1.22656e-14
1.23622e-14
1.48541e-14
1.05282e-14
1.14202e-14
1.25927e-14
1.24759e-14
1.26107e-14
1.45387e-14
1.2314e-14
1.42124e-14
1.45545e-14
1.39015e-14
1.45871e-14
1.39516e-14
1.25618e-14
1.22399e-14
1.27244e-14
1.22385e-14
7.50161e-15
1.05557e-14
4.18616e-15
1.20715e-14
1.40662e-14
1.42383e-14
1.39227e-14
1.17782e-14
5.38476e-15
8.41456e-15
5.13724e-15
1.20089e-14
8.31186e-15
1.17588e-14
4.28881e-15
1.07284e-14
1.36869e-14
1.21693e-14
1.37743e-14
1.4298e-14
1.20747e-14
1.40519e-14
1.44921e-14
1.23937e-14
1.25523e-14
1.22539e-14
1.2695e-14
1.24264e-14
1.25803e-14
1.2338e-14
1.23033e-14
1.45424e-14
1.45649e-14
1.3796e-14
1.22702e-14
1.21194e-14
1.46508e-14
1.50393e-14
1.27436e-14
1.12995e-14
1.05462e-14
1.46185e-14
1.46729e-14
1.28337e-14
1.03406e-14
6.67631e-15
4.40532e-15
1.28114e-14
1.27457e-14
1.20395e-14
3.77809e-15
1.3303e-14
1.09611e-14
1.07518e-14
1.33253e-14
1.07907e-14
1.11154e-14
1.50674e-14
1.23741e-14
1.20881e-14
4.38553e-15
1.20444e-14
1.45413e-14
1.44193e-14
9.50894e-15
1.16883e-14
3.89855e-15
6.64848e-15
1.25692e-14
1.49774e-14
1.25704e-14
1.26975e-14
1.49226e-14
1.11324e-14
1.26799e-14
1.41363e-14
1.42267e-14
1.13904e-14
1.27074e-14
1.23909e-14
1.28823e-14
1.52531e-14
4.38448e-15
4.94577e-15
1.47626e-14
1.44182e-14
1.42526e-14
1.13902e-14
1.07165e-14
4.19905e-15
5.26612e-15
5.53063e-15
1.14671e-14
5.3688e-15
1.19846e-14
5.3528e-15
1.46482e-14
1.58176e-14
1.12428e-14
1.43311e-14
1.61413e-14
1.13019e-14
1.50317e-14
1.32554e-14
1.38245e-14
1.55823e-14
1.38048e-14
1.26301e-14
1.60491e-14
1.41089e-14
1.50536e-14
1.23434e-14
1.24786e-14
8.28927e-15
1.44051e-14
1.38485e-14
1.12493e-14
1.08227e-14
4.56167e-15
4.38377e-15
1.16731e-14
8.92293e-15
7.19388e-15
7.54644e-15
4.16015e-15
6.94533e-15
7.23616e-15
8.06499e-15
1.17407e-14
4.157e-15
7.83912e-15
1.47538e-14
8.84074e-15
1.19387e-14
4.41384e-15
7.97784e-15
1.25929e-14
1.47221e-14
1.48939e-14
1.13054e-14
1.30566e-14
4.87978e-15
7.76087e-15
1.33506e-14
1.61422e-14
1.35824e-14
1.41487e-14
1.25227e-14
1.36212e-14
1.38962e-14
1.08027e-14
8.40024e-15
4.99646e-15
1.2956e-14
1.48959e-14
1.49041e-14
1.53236e-14
1.36119e-14
1.07641e-14
7.83469e-15
5.12388e-15
4.9846e-15
4.75329e-15
4.92445e-15
1.07462e-14
1.33577e-14
5.25518e-15
7.95567e-15
1.38306e-14
5.14635e-15
8.5637e-15
1.45865e-14
1.29648e-14
1.46392e-14
1.548e-14
1.28396e-14
1.34477e-14
1.60521e-14
1.22747e-14
1.40602e-14
1.3827e-14
1.36414e-14
1.5418e-14
1.47775e-14
1.52679e-14
1.31531e-14
1.14381e-14
7.74453e-15
5.39235e-15
1.45392e-14
1.20949e-14
9.26767e-15
7.97669e-15
4.44845e-15
1.11645e-14
7.95782e-15
4.27963e-15
7.56244e-15
6.94465e-15
7.33867e-15
1.10724e-14
4.334e-15
1.26324e-14
7.25346e-15
8.36142e-15
1.5038e-14
1.10181e-14
1.41921e-14
4.58463e-15
1.08859e-14
4.41296e-15
1.29129e-14
1.44508e-14
1.54544e-14
1.21383e-14
1.47982e-14
8.02061e-15
1.16388e-14
1.50188e-14
1.44538e-14
1.16197e-14
1.36568e-14
1.32868e-14
1.35602e-14
1.58107e-14
5.59129e-15
5.55427e-15
1.54996e-14
1.46807e-14
1.43842e-14
1.14262e-14
1.17247e-14
5.22724e-15
5.71392e-15
5.41763e-15
8.49194e-15
8.68462e-15
1.49458e-14
1.53135e-14
4.64909e-15
7.41973e-15
1.46026e-14
4.61262e-15
7.07404e-15
1.64005e-14
1.61636e-14
9.36101e-15
9.40562e-15
1.66676e-14
9.1873e-15
9.59683e-15
1.43126e-14
1.54245e-14
6.62299e-15
4.51302e-15
1.47595e-14
7.32554e-15
6.70337e-15
8.955e-15
8.56254e-15
7.9817e-15
4.17739e-15
5.1286e-15
5.24895e-15
5.44847e-15
9.05369e-15
1.49463e-14
4.32744e-15
6.89583e-15
5.12444e-15
8.05851e-15
1.58338e-14
9.64019e-15
9.17079e-15
1.45091e-14
1.47952e-14
4.61738e-15
7.02125e-15
1.52517e-14
6.81355e-15
4.20523e-15
1.64232e-14
1.67718e-14
9.43928e-15
1.01582e-14
5.8616e-15
1.56155e-14
1.53615e-14
7.87957e-15
4.20649e-15
8.57941e-15
5.82297e-15
5.59354e-15
8.75701e-15
8.84766e-15
1.56172e-14
1.52763e-14
4.38192e-15
6.87365e-15
1.5297e-14
4.64122e-15
7.3428e-15
1.63732e-14
1.63847e-14
9.42885e-15
9.78426e-15
1.62131e-14
9.31956e-15
9.25822e-15
1.46117e-14
1.51293e-14
7.37019e-15
4.62095e-15
1.5762e-14
6.64729e-15
4.3678e-15
8.5369e-15
5.63299e-15
8.9751e-15
8.14967e-15
1.49582e-14
4.50988e-15
5.37945e-15
1.57928e-14
6.81587e-15
7.23912e-15
9.10441e-15
9.44414e-15
1.60865e-14
9.23398e-15
9.56257e-15
1.52378e-14
1.48325e-14
4.26855e-15
6.6975e-15
1.47944e-14
7.31934e-15
4.75564e-15
1.5535e-14
1.62425e-14
8.9311e-15
9.37217e-15
5.12876e-15
1.47363e-14
1.4866e-14
7.22712e-15
4.63248e-15
8.36657e-15
5.24092e-15
4.82763e-15
8.01595e-15
5.36656e-15
8.82506e-15
4.61151e-15
7.09161e-15
1.38292e-14
1.45783e-14
7.19269e-15
1.52701e-14
1.50178e-14
8.97397e-15
9.33469e-15
1.58323e-14
1.57989e-14
9.40019e-15
1.59212e-14
1.6058e-14
6.95463e-15
4.4483e-15
1.49255e-14
1.43671e-14
4.28476e-15
1.45677e-14
1.52189e-14
8.02308e-15
5.63305e-15
8.36307e-15
5.42069e-15
5.33236e-15
8.20574e-15
6.11178e-15
1.43885e-14
1.40997e-14
5.13494e-15
7.89487e-15
1.08764e-14
1.62963e-14
1.6969e-14
3.90715e-15
6.32522e-15
1.41362e-14
1.43016e-14
4.41997e-15
1.58595e-14
1.52591e-14
9.5362e-15
9.47477e-15
1.61288e-14
1.64163e-14
8.72426e-15
6.14304e-15
6.9289e-15
4.08787e-15
1.54298e-14
1.48894e-14
7.97968e-15
5.50469e-15
5.65852e-15
8.5687e-15
5.42927e-15
8.59975e-15
4.39354e-15
6.76238e-15
1.60033e-14
1.53454e-14
7.65915e-15
1.55598e-14
1.50126e-14
8.95464e-15
9.66921e-15
1.60349e-14
1.62065e-14
9.1656e-15
1.64826e-14
1.61374e-14
7.67359e-15
4.63442e-15
1.50968e-14
1.50965e-14
4.51396e-15
1.43861e-14
1.39767e-14
8.47796e-15
4.84449e-15
8.87054e-15
5.29078e-15
5.52914e-15
8.55802e-15
7.1153e-15
1.51556e-14
1.49718e-14
5.47376e-15
8.51544e-15
9.20701e-15
1.58891e-14
1.60571e-14
4.35502e-15
6.626e-15
1.4862e-14
1.42601e-14
4.66806e-15
1.4881e-14
1.45258e-14
9.47902e-15
9.68397e-15
1.62202e-14
1.64195e-14
8.07928e-15
5.27811e-15
7.2868e-15
4.75166e-15
1.45541e-14
1.53118e-14
8.48981e-15
5.48583e-15
5.14881e-15
8.92002e-15
1.21789e-14
5.35248e-15
5.17045e-15
1.17658e-14
1.10332e-14
1.41221e-14
1.50172e-14
1.55974e-14
1.47933e-14
1.44434e-14
1.54881e-14
1.5123e-14
1.34062e-14
1.29279e-14
1.33952e-14
1.4767e-14
1.27221e-14
1.47131e-14
7.96228e-15
4.83661e-15
1.40071e-14
1.10083e-14
5.09773e-15
1.37595e-14
1.08189e-14
4.41195e-15
5.23895e-15
4.56613e-15
8.03105e-15
1.03732e-14
1.19771e-14
1.45221e-14
1.44064e-14
1.53835e-14
5.35562e-15
5.13649e-15
1.17723e-14
1.31253e-14
1.28364e-14
1.31512e-14
1.09583e-14
1.38438e-14
1.41801e-14
1.50464e-14
4.57631e-15
1.34731e-14
1.03072e-14
1.34883e-14
1.36538e-14
1.22408e-14
1.37584e-14
4.35443e-15
5.20252e-15
1.3419e-14
5.7829e-15
4.22379e-15
5.12494e-15
5.22199e-15
1.256e-14
8.09355e-15
1.04478e-14
1.36115e-14
1.33295e-14
1.45109e-14
1.35737e-14
1.24687e-14
1.52994e-14
1.33575e-14
1.30345e-14
1.47082e-14
1.13055e-14
1.54398e-14
1.45186e-14
1.18818e-14
1.58241e-14
1.56401e-14
5.43213e-15
1.19404e-14
5.52156e-15
4.39401e-15
1.19449e-14
1.04171e-14
4.4159e-15
5.15598e-15
8.15246e-15
1.10574e-14
1.36603e-14
4.69092e-15
1.47387e-14
1.46743e-14
1.27414e-14
4.9998e-15
8.35253e-15
1.1272e-14
1.38707e-14
1.1147e-14
1.54697e-14
1.4217e-14
1.34101e-14
1.5385e-14
1.33522e-14
1.28687e-14
1.15178e-14
5.4278e-15
1.3889e-14
1.13085e-14
1.53627e-14
1.46048e-14
5.19035e-15
1.13921e-14
8.70655e-15
4.5594e-15
8.15551e-15
1.30001e-14
1.44962e-14
1.272e-14
1.50437e-14
1.46214e-14
1.38022e-14
1.42868e-14
1.48934e-14
1.2848e-14
1.2308e-14
1.2525e-14
1.25235e-14
1.29205e-14
1.28415e-14
1.39328e-14
1.20554e-14
1.54076e-14
1.60186e-14
1.45861e-14
1.23099e-14
1.41974e-14
1.06921e-14
4.35944e-15
1.18636e-14
7.54774e-15
5.25347e-15
1.20178e-14
1.16249e-14
4.81193e-15
4.24547e-15
1.07706e-14
1.04205e-14
1.2176e-14
1.53741e-14
1.4601e-14
1.48921e-14
5.11273e-15
4.46382e-15
1.10836e-14
1.28296e-14
1.24792e-14
1.26203e-14
1.14171e-14
1.44752e-14
1.45957e-14
1.4471e-14
1.22047e-14
1.49792e-14
1.47922e-14
1.27633e-14
1.24483e-14
1.27591e-14
1.26766e-14
1.14824e-14
5.02472e-15
1.39277e-14
1.10193e-14
1.53414e-14
1.46665e-14
4.98868e-15
1.08748e-14
4.26742e-15
5.12804e-15
4.5863e-15
1.14019e-14
7.71716e-15
5.07697e-15
1.17228e-14
1.08e-14
1.35277e-14
1.51261e-14
1.52931e-14
1.51406e-14
1.47138e-14
1.51252e-14
1.21477e-14
1.28325e-14
1.25593e-14
1.27885e-14
1.53445e-14
1.25177e-14
1.22983e-14
1.4239e-14
1.11918e-14
1.4262e-14
1.40869e-14
1.23349e-14
1.47009e-14
1.46944e-14
4.83671e-15
1.07305e-14
4.27577e-15
4.3363e-15
1.24251e-14
1.04753e-14
4.26977e-15
4.49975e-15
1.13813e-14
1.12392e-14
1.21048e-14
1.44072e-14
1.48059e-14
1.22782e-14
4.30286e-15
1.04122e-14
8.20793e-15
1.1799e-14
1.28101e-14
1.25845e-14
1.30788e-14
1.15137e-14
1.4625e-14
1.50758e-14
1.60596e-14
1.1167e-14
1.44933e-14
1.37755e-14
1.28021e-14
1.49924e-14
1.25718e-14
1.23241e-14
7.76451e-15
1.49898e-14
1.24638e-14
1.51208e-14
1.30073e-14
1.20559e-14
1.18169e-14
1.14065e-14
1.53987e-14
1.59111e-14
1.14216e-14
1.20012e-14
1.54058e-14
1.23673e-14
1.22801e-14
1.44325e-14
1.17142e-14
1.41981e-14
1.18264e-14
1.20003e-14
1.45565e-14
1.47873e-14
4.68492e-15
1.03068e-14
4.09534e-15
4.34897e-15
1.23629e-14
9.20751e-15
3.83751e-15
7.01871e-15
4.24074e-15
1.04785e-14
1.52336e-14
1.19886e-14
1.50299e-14
4.24437e-15
7.05543e-15
1.22333e-14
1.19775e-14
1.21913e-14
1.00609e-14
1.16927e-14
1.13568e-14
1.48311e-14
8.11611e-15
1.43753e-14
1.07379e-14
1.25275e-14
1.49387e-14
1.24584e-14
1.50372e-14
4.20535e-15
1.16661e-14
8.23249e-15
1.47835e-14
1.16081e-14
4.33861e-15
4.45902e-15
4.3175e-15
7.78807e-15
1.10156e-14
1.14275e-14
1.43434e-14
1.34093e-14
1.09511e-14
1.4403e-14
1.50721e-14
1.23804e-14
1.52575e-14
1.24527e-14
1.43169e-14
1.20771e-14
1.19522e-14
1.1461e-14
9.85198e-15
1.45673e-14
1.14235e-14
1.19072e-14
1.52947e-14
1.26733e-14
4.03304e-15
6.87679e-15
1.03322e-14
4.20415e-15
3.7799e-15
1.05611e-14
9.40796e-15
1.21603e-14
1.49064e-14
1.47607e-14
1.46267e-14
4.80057e-15
4.27666e-15
1.02765e-14
1.2387e-14
1.21886e-14
1.24132e-14
1.20208e-14
1.46331e-14
1.16775e-14
1.44779e-14
8.15665e-15
1.23759e-14
1.25172e-14
1.57058e-14
1.62545e-14
1.23151e-14
1.18353e-14
1.5353e-14
1.33572e-14
1.55506e-14
1.18391e-14
1.23132e-14
1.18666e-14
1.2383e-14
1.2239e-14
1.2281e-14
1.21876e-14
1.47605e-14
1.50017e-14
1.18538e-14
1.46595e-14
1.50607e-14
1.20429e-14
1.56146e-14
1.1159e-14
6.58591e-15
1.14556e-14
7.20987e-15
1.01696e-14
1.30145e-14
1.0889e-14
6.52212e-15
3.78667e-15
5.9893e-15
1.19977e-14
9.8779e-15
1.30385e-14
1.54006e-14
1.53824e-14
1.48885e-14
7.63352e-15
3.91903e-15
9.83086e-15
1.23435e-14
1.20986e-14
1.24775e-14
1.16803e-14
1.49361e-14
1.21443e-14
1.55068e-14
1.12086e-14
1.52429e-14
1.17601e-14
1.25637e-14
1.2169e-14
1.26684e-14
1.23351e-14
8.54006e-15
1.49902e-14
1.09063e-14
1.56162e-14
1.12923e-14
7.08894e-15
7.72263e-15
7.01063e-15
7.73924e-15
7.23864e-15
8.2912e-15
1.1131e-14
1.49422e-14
1.21108e-14
1.55052e-14
1.50515e-14
1.15121e-14
1.53748e-14
1.21481e-14
1.24354e-14
1.22307e-14
1.26286e-14
1.21029e-14
1.237e-14
1.21204e-14
1.49156e-14
1.1885e-14
1.52735e-14
1.24066e-14
1.27004e-14
1.48068e-14
1.52908e-14
7.26773e-15
9.93011e-15
3.90307e-15
8.91296e-15
1.30043e-14
9.85853e-15
5.86728e-15
6.29281e-15
7.00676e-15
1.30023e-14
1.13369e-14
1.30611e-14
1.19977e-14
1.54665e-14
1.21289e-14
6.8622e-15
1.12482e-14
7.1657e-15
1.17791e-14
1.23424e-14
1.21259e-14
1.22104e-14
1.45232e-14
1.47074e-14
1.45372e-14
1.17939e-14
1.32565e-14
1.55558e-14
1.34061e-14
1.23369e-14
1.16384e-14
1.23468e-14
1.18279e-14
1.61102e-14
1.34582e-14
1.6198e-14
1.20185e-14
1.25324e-14
1.20691e-14
1.25902e-14
1.22823e-14
1.23842e-14
1.24357e-14
1.19312e-14
1.51223e-14
1.21076e-14
1.56926e-14
1.48721e-14
1.21744e-14
1.48726e-14
1.17649e-14
7.35811e-15
1.24061e-14
9.56308e-15
1.23033e-14
1.50848e-14
1.27142e-14
3.96303e-15
3.77483e-15
9.8623e-15
6.01581e-15
6.4944e-15
6.60935e-15
1.28861e-14
1.04253e-14
1.31147e-14
1.18567e-14
1.54958e-14
1.17496e-14
6.48941e-15
1.08949e-14
7.22614e-15
1.11908e-14
1.26141e-14
1.19021e-14
1.25277e-14
1.19496e-14
1.5497e-14
1.3924e-14
1.53086e-14
1.40236e-14
1.1592e-14
1.35681e-14
1.24363e-14
1.22634e-14
1.21256e-14
1.19385e-14
1.02084e-14
3.45993e-15
1.51766e-14
1.15805e-14
1.46157e-14
1.34682e-14
8.54931e-15
8.96388e-15
8.65861e-15
8.97435e-15
8.97545e-15
3.60259e-15
1.05936e-14
1.11639e-14
1.50953e-14
1.30394e-14
1.50214e-14
1.47739e-14
1.37308e-14
1.15082e-14
1.21423e-14
1.24203e-14
1.20428e-14
1.21267e-14
1.20095e-14
1.24557e-14
1.20281e-14
1.44689e-14
1.21348e-14
1.49111e-14
1.45524e-14
1.50258e-14
1.17352e-14
1.52666e-14
1.07827e-14
6.46772e-15
1.1284e-14
6.96302e-15
1.02731e-14
1.32375e-14
1.05217e-14
6.66185e-15
9.33404e-15
6.02944e-15
9.68699e-15
1.274e-14
1.26379e-14
1.50429e-14
3.56337e-15
1.22809e-14
1.47382e-14
1.21714e-14
7.47145e-15
1.23159e-14
9.31984e-15
1.24754e-14
1.22367e-14
1.24137e-14
1.23293e-14
1.50735e-14
1.18056e-14
1.56536e-14
1.19993e-14
1.34777e-14
1.61865e-14
1.34362e-14
1.24585e-14
1.19765e-14
1.25685e-14
1.20373e-14
1.62232e-14
1.3041e-14
1.60996e-14
1.20766e-14
1.2588e-14
1.18491e-14
1.24825e-14
1.23948e-14
1.23238e-14
1.23399e-14
1.21224e-14
1.54859e-14
1.19814e-14
1.52971e-14
1.46793e-14
1.21696e-14
1.50759e-14
1.22423e-14
9.53422e-15
1.19179e-14
7.56726e-15
1.27186e-14
1.29281e-14
1.21717e-14
3.88527e-15
6.03691e-15
9.84408e-15
3.95664e-15
6.66826e-15
6.50484e-15
1.35081e-14
1.03351e-14
1.32358e-14
1.17303e-14
1.49596e-14
1.19208e-14
7.08677e-15
1.11552e-14
6.67559e-15
1.09619e-14
1.25399e-14
1.22462e-14
1.2444e-14
1.44491e-14
1.5173e-14
1.25851e-14
1.47531e-14
1.35254e-14
1.48526e-14
1.3395e-14
1.21153e-14
1.19158e-14
1.23913e-14
1.19781e-14
3.5399e-15
8.71969e-15
1.46965e-14
1.34788e-14
1.4782e-14
1.13873e-14
8.70443e-15
8.51711e-15
8.60751e-15
8.22343e-15
9.81494e-15
8.48718e-15
1.40733e-14
1.45575e-14
1.20379e-14
1.4716e-14
1.14435e-14
1.37251e-14
1.4752e-14
1.18967e-14
1.20882e-14
1.20761e-14
1.24148e-14
1.20834e-14
1.25727e-14
1.22733e-14
1.49547e-14
1.45458e-14
1.51686e-14
1.26425e-14
1.54089e-14
1.19693e-14
1.50006e-14
1.13229e-14
7.14585e-15
1.10303e-14
6.94218e-15
1.0359e-14
1.28576e-14
1.01508e-14
6.45935e-15
9.74664e-15
3.94358e-15
9.49374e-15
1.46159e-14
1.23326e-14
1.25462e-14
3.54332e-15
1.21416e-14
1.54072e-14
1.23024e-14
9.38747e-15
1.22988e-14
7.64579e-15
1.22104e-14
1.23736e-14
1.23234e-14
1.23231e-14
1.54886e-14
1.21412e-14
1.52115e-14
1.20042e-14
1.34026e-14
1.59814e-14
1.31341e-14
1.26089e-14
1.20241e-14
1.24557e-14
1.18729e-14
1.56159e-14
1.3523e-14
1.59044e-14
1.17688e-14
1.23719e-14
1.17245e-14
1.24548e-14
1.21999e-14
1.23498e-14
1.22414e-14
1.1799e-14
1.46559e-14
1.43858e-14
1.48896e-14
1.55733e-14
1.20438e-14
1.50294e-14
1.15205e-14
7.23782e-15
1.13799e-14
6.61512e-15
1.09388e-14
1.29655e-14
1.01802e-14
6.27796e-15
5.88225e-15
3.61344e-15
1.28752e-14
8.86988e-15
1.17504e-14
1.52331e-14
1.19624e-14
1.47642e-14
4.42366e-15
1.03315e-14
7.51714e-15
1.23633e-14
1.21666e-14
1.23455e-14
1.27575e-14
1.50671e-14
1.1959e-14
1.50438e-14
1.14054e-14
1.55852e-14
1.15511e-14
1.2649e-14
1.22178e-14
1.25866e-14
1.22412e-14
7.13872e-15
1.56318e-14
1.17588e-14
1.4841e-14
1.14228e-14
8.23191e-15
7.5109e-15
7.51403e-15
6.9649e-15
8.61491e-15
7.08728e-15
1.16131e-14
1.54901e-14
1.14104e-14
1.48567e-14
1.49687e-14
1.12261e-14
1.53115e-14
1.21992e-14
1.25792e-14
1.21701e-14
1.25073e-14
1.2354e-14
1.22608e-14
1.21555e-14
1.5336e-14
1.26129e-14
1.47342e-14
1.18195e-14
1.46745e-14
1.50443e-14
1.22582e-14
1.02857e-14
4.3267e-15
7.39401e-15
9.96012e-15
1.16933e-14
9.15917e-15
3.66593e-15
6.70432e-15
6.17539e-15
1.34195e-14
1.01132e-14
1.29956e-14
1.20928e-14
1.48355e-14
1.19228e-14
7.25591e-15
1.15727e-14
6.54186e-15
1.12084e-14
1.22879e-14
1.20908e-14
1.24524e-14
1.45553e-14
1.18797e-14
1.46419e-14
1.4923e-14
1.33187e-14
1.50396e-14
1.37503e-14
1.23078e-14
1.17794e-14
1.22155e-14
1.16906e-14
1.25929e-14
7.92602e-15
1.19631e-14
1.16754e-14
1.23511e-14
1.54653e-14
1.58849e-14
1.23904e-14
1.23441e-14
1.51635e-14
1.43189e-14
1.21428e-14
1.45321e-14
1.18468e-14
1.45282e-14
1.48054e-14
1.16085e-14
1.04836e-14
4.10011e-15
4.65517e-15
9.00323e-15
1.04463e-14
4.40888e-15
1.04459e-14
7.44673e-15
1.52559e-14
1.16772e-14
1.50257e-14
6.79727e-15
4.07037e-15
1.22422e-14
1.44521e-14
1.21716e-14
1.1532e-14
1.50346e-14
9.94729e-15
1.15973e-14
1.12759e-14
1.32037e-14
8.32031e-15
1.24473e-14
1.51744e-14
1.21954e-14
1.46536e-14
1.39103e-14
1.14963e-14
1.09767e-14
7.86839e-15
4.49153e-15
4.34387e-15
4.29052e-15
1.17005e-14
1.41091e-14
8.23037e-15
1.09383e-14
1.43027e-14
8.3044e-15
1.32307e-14
1.53106e-14
1.24139e-14
1.49455e-14
1.22268e-14
1.19783e-14
1.21592e-14
1.44792e-14
1.47445e-14
1.13317e-14
1.14099e-14
1.00621e-14
1.2506e-14
1.49227e-14
1.14293e-14
6.87503e-15
4.11505e-15
4.41109e-15
6.88951e-15
3.75252e-15
1.21177e-14
4.23628e-15
1.05936e-14
1.47477e-14
1.17811e-14
1.51492e-14
4.10533e-15
1.04755e-14
4.79351e-15
1.24367e-14
1.55261e-14
1.25265e-14
1.13447e-14
1.43142e-14
1.17626e-14
1.49487e-14
1.23169e-14
1.2504e-14
7.77194e-15
1.22447e-14
1.15357e-14
1.61695e-14
1.48437e-14
8.13531e-15
4.90752e-15
1.25622e-14
1.50444e-14
1.24256e-14
1.5019e-14
1.44954e-14
1.07555e-14
1.41646e-14
1.2234e-14
1.25178e-14
1.48812e-14
1.26421e-14
1.26572e-14
1.29439e-14
1.25058e-14
1.57171e-14
1.52695e-14
1.4978e-14
1.21596e-14
1.49926e-14
1.45511e-14
1.45041e-14
1.15229e-14
8.13111e-15
1.04243e-14
4.35614e-15
1.11025e-14
1.11635e-14
4.91398e-15
4.34613e-15
1.23972e-14
4.54707e-15
1.06467e-14
1.48933e-14
1.21416e-14
1.41986e-14
4.47059e-15
1.09331e-14
4.73396e-15
1.25441e-14
1.49434e-14
1.27028e-14
1.40876e-14
1.44576e-14
1.07608e-14
1.38861e-14
1.44079e-14
1.48825e-14
1.11133e-14
1.2909e-14
1.24384e-14
1.28792e-14
1.21366e-14
4.88444e-15
7.71564e-15
1.49329e-14
1.44672e-14
1.36958e-14
1.0192e-14
1.13002e-14
4.47563e-15
5.0295e-15
4.82815e-15
1.14436e-14
5.04659e-15
1.10143e-14
7.74554e-15
1.54738e-14
1.48694e-14
1.16028e-14
1.40023e-14
1.57467e-14
1.03604e-14
1.44301e-14
1.21831e-14
1.28451e-14
1.18996e-14
1.26738e-14
1.23385e-14
1.30078e-14
1.52777e-14
1.4689e-14
1.40194e-14
1.48755e-14
1.11732e-14
1.47826e-14
1.42069e-14
1.16096e-14
1.14353e-14
4.67261e-15
5.1753e-15
1.05112e-14
1.0945e-14
4.41589e-15
4.57197e-15
1.19652e-14
4.80395e-15
1.12905e-14
1.22895e-14
1.44643e-14
1.45517e-14
7.83234e-15
1.17978e-14
4.49108e-15
1.08031e-14
1.28939e-14
1.26953e-14
1.31103e-14
1.48474e-14
1.52023e-14
1.26342e-14
1.52937e-14
1.38356e-14
1.46573e-14
1.08792e-14
1.25853e-14
1.23784e-14
1.28269e-14
1.47983e-14
4.99426e-15
1.55706e-14
1.20571e-14
1.57324e-14
1.233e-14
9.60076e-15
1.16205e-14
5.25871e-15
1.12946e-14
5.26611e-15
1.44108e-14
1.51924e-14
1.13648e-14
1.38005e-14
1.54975e-14
1.11501e-14
1.39507e-14
1.29855e-14
1.33504e-14
1.51495e-14
1.32756e-14
1.46648e-14
1.45746e-14
1.4541e-14
1.38825e-14
1.07461e-14
8.29312e-15
4.96191e-15
1.09488e-14
8.63921e-15
5.14518e-15
4.44876e-15
4.20864e-15
1.21836e-14
4.39525e-15
7.96051e-15
1.56804e-14
1.17327e-14
1.47646e-14
5.26466e-15
1.1452e-14
5.49346e-15
1.32905e-14
1.55564e-14
1.3337e-14
1.47939e-14
1.51419e-14
1.14495e-14
1.40157e-14
1.04482e-14
8.64694e-15
4.81648e-15
1.29271e-14
1.40218e-14
1.50672e-14
1.40293e-14
1.34414e-14
5.06546e-15
5.53607e-15
4.58442e-15
5.43963e-15
1.33623e-14
5.37609e-15
1.40065e-14
4.58842e-15
7.89552e-15
1.3924e-14
1.2663e-14
1.39984e-14
1.47695e-14
1.3022e-14
1.34371e-14
1.54307e-14
1.56881e-14
1.43609e-14
1.45032e-14
1.13563e-14
1.47973e-14
1.46307e-14
1.22416e-14
1.17191e-14
5.32262e-15
5.60768e-15
1.04936e-14
7.99601e-15
4.33702e-15
5.18929e-15
1.3397e-14
5.05967e-15
8.096e-15
4.52614e-15
1.29896e-14
1.51581e-14
1.5262e-14
1.10002e-14
1.39927e-14
4.93504e-15
8.40953e-15
1.39968e-14
1.47281e-14
1.07438e-14
1.33414e-14
1.27676e-14
1.33396e-14
1.50761e-14
5.15863e-15
5.30823e-15
1.55044e-14
1.46397e-14
1.46774e-14
1.13739e-14
1.28178e-14
8.87849e-15
5.65954e-15
5.30592e-15
8.13294e-15
8.62812e-15
1.47653e-14
1.49635e-14
4.62275e-15
7.20927e-15
1.45764e-14
4.58312e-15
7.21754e-15
1.62139e-14
1.61104e-14
9.23084e-15
9.15107e-15
1.66936e-14
9.28841e-15
9.47935e-15
1.48527e-14
1.56147e-14
6.46983e-15
4.11298e-15
1.60948e-14
6.82127e-15
4.49172e-15
8.36313e-15
5.58023e-15
5.3114e-15
8.72058e-15
1.44598e-14
4.21025e-15
6.0939e-15
5.12251e-15
8.04607e-15
1.67579e-14
9.92381e-15
1.06089e-14
1.40123e-14
1.43119e-14
4.1124e-15
6.16857e-15
1.57602e-14
8.08196e-15
4.38089e-15
1.58638e-14
1.60412e-14
8.89679e-15
9.25328e-15
5.40384e-15
1.48346e-14
1.55018e-14
6.91344e-15
4.40461e-15
8.46566e-15
5.57292e-15
5.61424e-15
9.07449e-15
8.02128e-15
1.60777e-14
1.45016e-14
4.31698e-15
6.85384e-15
1.49601e-14
4.50833e-15
6.891e-15
1.658e-14
1.60812e-14
9.74898e-15
9.29006e-15
1.6066e-14
9.56558e-15
9.30984e-15
1.49445e-14
1.44514e-14
7.37071e-15
4.55173e-15
1.42202e-14
7.2594e-15
4.65202e-15
8.74591e-15
5.41011e-15
5.59362e-15
8.86506e-15
1.5082e-14
4.2117e-15
7.18538e-15
5.33011e-15
8.08243e-15
1.6218e-14
9.77826e-15
9.49673e-15
1.48272e-14
1.4583e-14
4.23249e-15
7.06351e-15
1.47441e-14
7.26416e-15
4.67328e-15
1.61448e-14
1.61472e-14
9.79346e-15
9.30363e-15
5.14776e-15
1.45038e-14
1.45463e-14
7.03703e-15
4.5723e-15
8.73692e-15
5.11351e-15
7.96427e-15
9.11013e-15
4.0053e-15
1.14635e-14
1.46972e-14
5.89106e-15
1.35453e-14
1.37424e-14
8.5185e-15
9.37238e-15
1.51193e-14
1.58499e-14
9.60982e-15
1.56684e-14
1.64402e-14
7.66063e-15
4.91664e-15
1.57331e-14
1.70254e-14
4.26887e-15
1.45679e-14
1.44332e-14
9.31391e-15
5.80439e-15
8.48957e-15
5.48996e-15
5.21041e-15
8.16232e-15
7.06558e-15
1.38726e-14
1.46899e-14
5.13848e-15
8.58051e-15
9.4603e-15
1.61021e-14
1.62212e-14
4.5101e-15
7.29925e-15
1.45265e-14
1.52656e-14
4.62128e-15
1.5154e-14
1.54089e-14
9.23077e-15
9.22053e-15
1.62339e-14
1.62837e-14
8.73074e-15
5.45447e-15
7.16761e-15
4.55937e-15
1.4961e-14
1.41835e-14
8.22693e-15
5.50206e-15
5.08735e-15
8.30231e-15
5.21083e-15
8.60965e-15
4.81176e-15
7.60522e-15
1.49014e-14
1.52459e-14
7.41162e-15
1.49269e-14
1.48179e-14
9.72287e-15
9.94157e-15
1.64674e-14
1.63772e-14
9.48405e-15
1.64952e-14
1.6194e-14
7.65737e-15
4.49087e-15
1.49648e-14
1.43588e-14
4.55572e-15
1.48053e-14
1.4279e-14
8.48055e-15
5.19779e-15
8.41634e-15
5.20849e-15
5.48732e-15
8.09963e-15
7.08527e-15
1.56562e-14
1.54967e-14
5.36427e-15
8.28636e-15
9.10373e-15
1.59998e-14
1.61578e-14
4.11154e-15
6.98066e-15
1.52813e-14
1.55747e-14
4.49803e-15
1.39837e-14
1.46763e-14
8.64206e-15
8.39052e-15
1.5284e-14
1.49265e-14
9.0329e-15
8.07122e-15
4.21711e-15
1.41541e-14
1.09348e-14
1.46277e-14
1.48377e-14
1.5831e-14
1.20366e-14
1.29411e-14
1.20502e-14
1.28133e-14
1.50229e-14
1.2911e-14
1.46986e-14
8.80188e-15
5.17126e-15
1.43409e-14
1.08456e-14
5.09302e-15
1.40145e-14
1.07309e-14
4.41062e-15
4.59761e-15
5.47705e-15
5.31183e-15
1.16298e-14
1.50155e-14
1.40841e-14
1.50338e-14
5.38638e-15
4.88732e-15
1.08693e-14
1.35934e-14
1.26631e-14
1.3375e-14
1.11167e-14
1.51489e-14
1.39575e-14
1.54405e-14
1.17731e-14
5.3509e-15
1.36604e-14
1.13509e-14
1.57429e-14
1.50046e-14
5.2703e-15
1.16366e-14
5.43331e-15
5.21222e-15
5.15756e-15
1.13286e-14
5.8347e-15
5.50498e-15
1.23504e-14
1.10893e-14
1.52411e-14
1.45695e-14
1.64059e-14
1.49861e-14
1.3498e-14
1.29062e-14
1.46442e-14
1.11527e-14
1.57618e-14
1.4263e-14
1.1157e-14
1.56191e-14
1.48385e-14
5.19029e-15
1.17064e-14
5.54642e-15
1.13381e-14
5.05933e-15
4.46593e-15
8.19817e-15
1.08895e-14
1.43142e-14
4.52742e-15
1.44741e-14
1.44801e-14
1.27482e-14
4.91636e-15
8.2657e-15
1.06205e-14
1.41312e-14
1.19729e-14
1.55278e-14
1.50823e-14
1.28707e-14
1.19602e-14
1.27271e-14
1.20847e-14
1.25586e-14
1.28778e-14
1.24792e-14
1.48823e-14
1.14933e-14
1.54396e-14
1.4302e-14
1.18644e-14
1.52768e-14
1.45804e-14
8.28792e-15
1.1701e-14
5.10562e-15
1.11855e-14
5.47182e-15
4.86265e-15
4.22806e-15
1.06572e-14
1.41104e-14
1.40131e-14
1.41229e-14
4.99528e-15
4.21721e-15
1.0495e-14
1.24767e-14
1.19768e-14
1.23642e-14
1.07525e-14
1.38357e-14
1.35681e-14
1.43106e-14
1.14198e-14
1.45846e-14
1.42432e-14
1.30479e-14
1.55618e-14
1.2875e-14
1.25015e-14
1.09095e-14
4.39195e-15
1.46785e-14
1.14038e-14
1.46849e-14
1.40328e-14
5.08649e-15
1.12107e-14
4.42706e-15
5.05153e-15
4.44942e-15
1.09442e-14
5.06136e-15
4.16244e-15
1.08069e-14
1.08924e-14
1.38126e-14
1.35192e-14
1.4264e-14
1.44932e-14
1.44973e-14
1.51354e-14
1.51897e-14
1.31888e-14
1.24403e-14
1.30379e-14
1.51105e-14
1.26083e-14
1.23727e-14
1.47657e-14
1.15267e-14
1.44975e-14
1.42173e-14
1.02519e-14
1.45762e-14
1.36717e-14
5.22115e-15
1.0887e-14
4.13318e-15
1.06421e-14
4.38872e-15
8.12331e-15
5.43038e-15
1.22739e-14
1.46041e-14
1.42197e-14
1.59405e-14
8.12237e-15
5.11116e-15
1.23893e-14
1.29651e-14
1.27096e-14
1.29749e-14
1.15886e-14
1.50355e-14
1.44368e-14
1.55167e-14
1.46342e-14
1.24063e-14
1.20559e-14
1.44599e-14
1.08529e-14
1.49938e-14
1.11999e-14
1.07042e-14
1.46428e-14
1.11942e-14
4.38457e-15
7.22036e-15
6.90008e-15
4.11567e-15
1.18563e-14
1.11504e-14
1.23807e-14
1.18583e-14
1.52638e-14
1.20402e-14
7.19348e-15
1.09002e-14
8.39844e-15
1.08616e-14
7.69149e-15
1.4121e-14
1.09217e-14
1.2121e-14
1.43078e-14
1.21311e-14
1.48095e-14
4.19521e-15
1.16421e-14
8.0445e-15
1.4755e-14
1.14277e-14
4.40919e-15
4.25312e-15
4.06186e-15
8.41368e-15
1.1746e-14
1.15807e-14
1.43623e-14
1.10103e-14
1.10182e-14
1.48188e-14
1.48625e-14
1.21698e-14
1.47249e-14
1.23597e-14
1.49533e-14
1.25667e-14
1.56119e-14
1.15142e-14
7.02779e-15
1.20265e-14
8.49974e-15
7.36875e-15
1.23372e-14
1.08883e-14
3.96756e-15
4.42454e-15
7.29e-15
1.46771e-14
1.11765e-14
1.49144e-14
4.15016e-15
7.22715e-15
1.25537e-14
1.20311e-14
1.24674e-14
1.05941e-14
1.44258e-14
1.09634e-14
1.50183e-14
1.21683e-14
1.23999e-14
1.21693e-14
1.48899e-14
1.15575e-14
1.47209e-14
1.43151e-14
1.16087e-14
1.51456e-14
1.4578e-14
8.42916e-15
1.13326e-14
4.1677e-15
4.07662e-15
1.1322e-14
6.60261e-15
6.83336e-15
7.41182e-15
1.474e-14
1.16379e-14
1.50456e-14
4.08048e-15
6.83285e-15
1.23371e-14
1.21129e-14
1.23351e-14
1.14138e-14
1.44602e-14
1.11959e-14
1.47138e-14
1.10419e-14
1.56534e-14
1.20338e-14
1.23177e-14
1.20062e-14
1.26395e-14
1.22947e-14
7.64429e-15
1.48313e-14
1.13456e-14
1.55851e-14
1.21669e-14
7.14504e-15
9.76022e-15
3.98811e-15
6.95374e-15
3.85322e-15
9.57654e-15
7.02415e-15
7.75346e-15
1.10696e-14
1.48003e-14
1.23591e-14
1.58144e-14
1.49453e-14
1.16173e-14
1.55465e-14
1.20415e-14
1.24176e-14
1.21752e-14
1.25904e-14
1.50815e-14
1.23199e-14
1.19022e-14
1.46549e-14
1.10492e-14
1.47833e-14
1.08024e-14
1.1511e-14
1.47811e-14
1.16253e-14
4.06669e-15
6.74543e-15
7.46216e-15
1.07775e-14
6.87058e-15
1.13925e-14
1.55976e-14
1.42516e-14
1.477e-14
8.92099e-15
3.9392e-15
1.12116e-14
1.26899e-14
1.2085e-14
1.24362e-14
1.1712e-14
1.54859e-14
1.43444e-14
1.49511e-14
1.20499e-14
1.21668e-14
1.20633e-14
1.18906e-14
1.44163e-14
1.18758e-14
1.4852e-14
1.48012e-14
1.18917e-14
1.49545e-14
1.1079e-14
6.75828e-15
1.14332e-14
7.10424e-15
7.24531e-15
1.17446e-14
7.52764e-15
7.67569e-15
3.48289e-15
9.57934e-15
1.54125e-14
1.26082e-14
1.56684e-14
7.41349e-15
7.53004e-15
1.24434e-14
1.21432e-14
1.25409e-14
1.1496e-14
1.5309e-14
1.14847e-14
1.56204e-14
1.2404e-14
1.66254e-14
1.2355e-14
1.28145e-14
1.24471e-14
1.28214e-14
1.23665e-14
1.04319e-14
3.52748e-15
1.51469e-14
1.15091e-14
1.49065e-14
1.36808e-14
1.07645e-14
6.53457e-15
1.11879e-14
6.98826e-15
6.32585e-15
1.06003e-14
6.98964e-15
1.13006e-14
7.62845e-15
3.56472e-15
1.00433e-14
1.2676e-14
1.52548e-14
1.45045e-14
1.49869e-14
1.59687e-14
1.18506e-14
1.64267e-14
1.21251e-14
1.26982e-14
1.21362e-14
1.27138e-14
1.19944e-14
1.25147e-14
1.21008e-14
1.5422e-14
1.13235e-14
1.55907e-14
1.15907e-14
1.22221e-14
1.54993e-14
1.29771e-14
7.26557e-15
7.24863e-15
9.60173e-15
3.6664e-15
1.11798e-14
7.51124e-15
1.1501e-14
1.18346e-14
1.49605e-14
1.18807e-14
6.74274e-15
1.09793e-14
7.28013e-15
1.14439e-14
1.22063e-14
1.20421e-14
1.21324e-14
1.45016e-14
1.18714e-14
1.48827e-14
1.17867e-14
1.2073e-14
1.22176e-14
1.20464e-14
1.19239e-14
1.49176e-14
1.18902e-14
1.45087e-14
1.50784e-14
1.18855e-14
1.46993e-14
1.12559e-14
7.19656e-15
1.09912e-14
6.79547e-15
7.46826e-15
1.15154e-14
7.24646e-15
9.57938e-15
7.39907e-15
1.58197e-14
1.19271e-14
1.53966e-14
7.56329e-15
7.34808e-15
1.25679e-14
1.21649e-14
1.24539e-14
1.17124e-14
1.56405e-14
1.16096e-14
1.52541e-14
1.24135e-14
1.58402e-14
1.22184e-14
1.26735e-14
1.2303e-14
1.27043e-14
1.23523e-14
3.5581e-15
7.74985e-15
1.4869e-14
1.42098e-14
1.52671e-14
1.2162e-14
1.1161e-14
6.86943e-15
1.07377e-14
6.21373e-15
7.10778e-15
1.13802e-14
6.74028e-15
1.09723e-14
9.81506e-15
7.62557e-15
1.45111e-14
1.47403e-14
1.25367e-14
1.52972e-14
1.61631e-14
1.26291e-14
1.57003e-14
1.22993e-14
1.2671e-14
1.24634e-14
1.26855e-14
1.21552e-14
1.24128e-14
1.22453e-14
1.54534e-14
1.17594e-14
1.51023e-14
1.19049e-14
1.26101e-14
1.5536e-14
1.19503e-14
7.2515e-15
7.44624e-15
3.53073e-15
7.42025e-15
1.20113e-14
7.25613e-15
1.16107e-14
1.19061e-14
1.44183e-14
1.1819e-14
7.11657e-15
1.15334e-14
6.64845e-15
1.10089e-14
1.21408e-14
1.20585e-14
1.22106e-14
1.49135e-14
1.18099e-14
1.45211e-14
1.1845e-14
1.20872e-14
1.24728e-14
1.22055e-14
1.4804e-14
1.40821e-14
1.50004e-14
1.18104e-14
1.4824e-14
1.46412e-14
1.17898e-14
1.13058e-14
4.25834e-15
8.16898e-15
6.49141e-15
1.03923e-14
3.90484e-15
7.30152e-15
7.00896e-15
1.51083e-14
1.13028e-14
1.54264e-14
6.91545e-15
4.51323e-15
1.23684e-14
1.54442e-14
1.23902e-14
1.1188e-14
1.4637e-14
1.17865e-14
1.46169e-14
1.12956e-14
1.49906e-14
1.07973e-14
1.26501e-14
1.21615e-14
1.24462e-14
1.20051e-14
7.16831e-15
1.6043e-14
1.21188e-14
1.49537e-14
1.12987e-14
9.7765e-15
3.82381e-15
7.08895e-15
4.24714e-15
1.0129e-14
7.17544e-15
7.72527e-15
7.12898e-15
1.20811e-14
1.56053e-14
1.14355e-14
1.47371e-14
1.54408e-14
1.13335e-14
1.47607e-14
1.22757e-14
1.258e-14
1.20343e-14
1.23396e-14
1.21664e-14
1.24637e-14
1.52367e-14
1.48389e-14
1.13652e-14
1.47528e-14
1.14297e-14
1.13658e-14
1.49629e-14
1.15296e-14
7.08968e-15
4.43257e-15
6.91169e-15
1.12348e-14
4.3319e-15
1.08906e-14
1.47394e-14
1.24225e-14
1.57141e-14
4.13742e-15
1.10506e-14
8.57015e-15
1.24181e-14
1.23144e-14
1.2514e-14
1.46735e-14
1.48791e-14
1.16162e-14
1.47936e-14
1.21535e-14
1.21812e-14
1.4304e-14
1.44971e-14
1.16415e-14
1.37941e-14
1.0474e-14
1.15161e-14
1.46643e-14
1.09663e-14
7.15442e-15
4.27371e-15
4.16242e-15
4.33434e-15
1.19599e-14
7.07821e-15
1.1499e-14
1.18671e-14
1.46283e-14
1.18227e-14
8.33795e-15
1.09367e-14
7.07326e-15
1.09496e-14
1.14202e-14
1.13762e-14
7.74321e-15
1.24362e-14
1.50489e-14
1.21412e-14
1.39437e-14
1.49062e-14
1.15161e-14
1.09789e-14
7.945e-15
4.31713e-15
4.30612e-15
4.32092e-15
1.17592e-14
1.47056e-14
8.08067e-15
1.15665e-14
1.41335e-14
7.57861e-15
1.11027e-14
1.46849e-14
1.21322e-14
1.44849e-14
1.22119e-14
1.50996e-14
1.21017e-14
1.50802e-14
1.18647e-14
8.43462e-15
1.1018e-14
7.10801e-15
1.10703e-14
1.14808e-14
7.34155e-15
7.23296e-15
4.31697e-15
1.468e-14
1.09046e-14
1.41033e-14
6.881e-15
4.14995e-15
1.24542e-14
1.45319e-14
1.23878e-14
1.11698e-14
1.51661e-14
1.07837e-14
1.44166e-14
1.23836e-14
1.28664e-14
1.21383e-14
1.55696e-14
1.41836e-14
1.50988e-14
1.13771e-14
1.44946e-14
1.38398e-14
1.06527e-14
1.17256e-14
5.12835e-15
7.82658e-15
5.26933e-15
7.85449e-15
1.08498e-14
4.96614e-15
1.40964e-14
1.15356e-14
1.39246e-14
3.99001e-15
1.06114e-14
5.13011e-15
1.25474e-14
1.52502e-14
1.27778e-14
1.43784e-14
1.45232e-14
1.15475e-14
1.42066e-14
1.42548e-14
1.47897e-14
1.11361e-14
1.29622e-14
1.24344e-14
1.3154e-14
1.53376e-14
4.368e-15
5.27959e-15
1.4468e-14
1.39304e-14
1.41941e-14
1.11512e-14
1.07113e-14
4.37326e-15
5.09244e-15
4.33266e-15
1.12346e-14
5.55523e-15
1.08053e-14
4.84617e-15
1.48738e-14
1.48548e-14
1.1895e-14
1.42738e-14
1.47288e-14
1.1152e-14
1.36964e-14
1.25827e-14
1.28416e-14
1.51241e-14
1.27619e-14
1.23031e-14
1.25316e-14
1.48359e-14
1.44899e-14
1.44018e-14
1.37946e-14
1.08326e-14
1.40226e-14
1.44868e-14
1.10499e-14
1.06183e-14
4.19951e-15
5.08928e-15
4.5689e-15
5.29498e-15
1.10257e-14
7.76561e-15
1.49998e-14
1.20557e-14
1.44114e-14
5.1139e-15
1.11626e-14
7.44417e-15
1.27077e-14
1.21711e-14
1.25831e-14
1.44813e-14
1.52838e-14
1.12014e-14
1.4251e-14
1.53544e-14
1.15639e-14
1.39423e-14
1.22445e-14
1.26622e-14
1.19662e-14
1.27366e-14
1.41425e-14
1.40202e-14
1.39504e-14
1.3674e-14
1.07469e-14
7.83714e-15
5.02846e-15
1.04502e-14
7.93424e-15
4.92025e-15
4.37815e-15
1.08971e-14
5.18221e-15
1.54198e-14
1.10823e-14
1.40254e-14
5.49128e-15
1.15679e-14
5.25066e-15
1.33704e-14
1.49581e-14
1.33542e-14
1.42291e-14
1.55107e-14
1.10343e-14
1.45898e-14
5.27543e-15
5.27626e-15
1.58039e-14
1.51739e-14
1.41883e-14
1.16165e-14
1.13842e-14
5.29359e-15
5.24425e-15
5.39861e-15
1.17102e-14
5.3294e-15
1.12877e-14
5.8539e-15
1.43065e-14
1.55873e-14
1.0977e-14
1.49899e-14
1.3022e-14
1.37442e-14
1.56905e-14
1.53988e-14
1.47335e-14
1.52153e-14
1.18454e-14
1.42237e-14
1.46557e-14
1.14761e-14
1.16664e-14
5.22655e-15
5.5538e-15
5.24159e-15
5.49865e-15
4.28382e-15
1.399e-14
4.86414e-15
8.13389e-15
4.28241e-15
1.25882e-14
1.4472e-14
1.43348e-14
1.05263e-14
1.4103e-14
4.89979e-15
8.18889e-15
1.48698e-14
1.5109e-14
1.17815e-14
1.28172e-14
1.20821e-14
1.30429e-14
1.21633e-14
9.12853e-15
1.13191e-14
1.48315e-14
4.06585e-15
1.35932e-14
4.07259e-15
5.96379e-15
1.53085e-14
1.59999e-14
8.39343e-15
9.28405e-15
1.70139e-14
9.04358e-15
9.66115e-15
1.63661e-14
1.76441e-14
7.62221e-15
4.81995e-15
1.5832e-14
7.17655e-15
4.45511e-15
8.75078e-15
5.68142e-15
5.75762e-15
8.65457e-15
1.44086e-14
4.3911e-15
7.14105e-15
5.28828e-15
8.19946e-15
1.59361e-14
9.60415e-15
9.17051e-15
1.45084e-14
1.45171e-14
4.71338e-15
6.9886e-15
1.48279e-14
7.02984e-15
4.65506e-15
1.61891e-14
1.62999e-14
9.25426e-15
9.51889e-15
5.61828e-15
1.48007e-14
1.48396e-14
7.34052e-15
4.43333e-15
8.73295e-15
5.5428e-15
5.08744e-15
8.38065e-15
8.46111e-15
1.45026e-14
1.53819e-14
4.56509e-15
7.61581e-15
1.4806e-14
4.33102e-15
7.17337e-15
1.61066e-14
1.60272e-14
9.35162e-15
9.73157e-15
1.59226e-14
9.35017e-15
9.18249e-15
1.44108e-14
1.51303e-14
7.49779e-15
4.55801e-15
1.45364e-14
7.2281e-15
4.56288e-15
8.76812e-15
5.30795e-15
5.30616e-15
8.15154e-15
1.48118e-14
4.2599e-15
6.89045e-15
5.85785e-15
8.58181e-15
1.5599e-14
9.24347e-15
9.07371e-15
1.47348e-14
1.45138e-14
4.43128e-15
6.78048e-15
1.40275e-14
7.04272e-15
4.44146e-15
1.58233e-14
1.51847e-14
8.99257e-15
8.31957e-15
8.41373e-15
1.48543e-14
1.16467e-14
3.9907e-15
9.37925e-15
1.60951e-14
2.03031e-14
8.8663e-15
4.4975e-15
1.56921e-14
1.53881e-14
4.63476e-15
1.5331e-14
1.62583e-14
1.20165e-14
8.97449e-15
1.16595e-14
5.65012e-15
5.06253e-15
5.18402e-15
8.57798e-15
7.20179e-15
1.46773e-14
1.47999e-14
5.45138e-15
8.83337e-15
1.00793e-14
1.66322e-14
1.66762e-14
4.78859e-15
7.87494e-15
1.56525e-14
1.5633e-14
4.69937e-15
1.54921e-14
1.5459e-14
9.94194e-15
9.43527e-15
1.6768e-14
1.64703e-14
8.54951e-15
5.32778e-15
7.04084e-15
4.6964e-15
1.45849e-14
1.4753e-14
8.54564e-15
5.34369e-15
5.29774e-15
8.50498e-15
5.57983e-15
8.52762e-15
4.68785e-15
7.48756e-15
1.52819e-14
1.54677e-14
7.1615e-15
1.38923e-14
1.41891e-14
9.36065e-15
9.32201e-15
1.59628e-14
1.59084e-14
9.45718e-15
1.62029e-14
1.65784e-14
7.34588e-15
4.79146e-15
1.50259e-14
1.5875e-14
4.75824e-15
1.45808e-14
1.42675e-14
8.44892e-15
5.34082e-15
8.32338e-15
5.40361e-15
5.82302e-15
1.14475e-14
4.77994e-15
7.39252e-15
1.46914e-14
1.55519e-14
9.29543e-15
1.26796e-14
7.08474e-15
1.92783e-14
1.54266e-14
4.38727e-15
8.57612e-15
1.44029e-14
1.54695e-14
1.31551e-14
1.27191e-14
1.4416e-14
1.1153e-14
5.31434e-15
1.45427e-14
1.09964e-14
5.38401e-15
1.37542e-14
1.08494e-14
4.9699e-15
4.93221e-15
5.89546e-15
5.21261e-15
1.12927e-14
1.47781e-14
1.44274e-14
1.58584e-14
5.57954e-15
5.32704e-15
1.17776e-14
1.40295e-14
1.33971e-14
1.40871e-14
1.18731e-14
1.53714e-14
1.49297e-14
1.60407e-14
1.10534e-14
1.58791e-14
1.48392e-14
1.33764e-14
1.54249e-14
1.37006e-14
1.32479e-14
1.22919e-14
7.55185e-15
1.50138e-14
1.13325e-14
1.63309e-14
1.40661e-14
3.90936e-15
8.40119e-15
4.95892e-15
1.40845e-14
1.10813e-14
4.48106e-15
4.59405e-15
4.00593e-15
4.86928e-15
8.56493e-15
1.10506e-14
1.43728e-14
5.37272e-15
7.51178e-15
1.28152e-14
1.15577e-14
1.44769e-14
1.43971e-14
1.63698e-14
1.41712e-14
1.50331e-14
1.56289e-14
1.55427e-14
1.36115e-14
1.33602e-14
1.37087e-14
1.55588e-14
1.40763e-14
1.35005e-14
1.45784e-14
1.1921e-14
1.61084e-14
1.58257e-14
1.15696e-14
1.54853e-14
1.4573e-14
5.55425e-15
1.17333e-14
5.43038e-15
1.20627e-14
5.20624e-15
4.93649e-15
8.16481e-15
1.06268e-14
1.3646e-14
4.99291e-15
1.46261e-14
1.47235e-14
1.25286e-14
5.097e-15
1.05253e-14
1.11317e-14
1.39944e-14
1.36842e-14
1.21985e-14
1.41419e-14
1.0557e-14
4.14561e-15
1.14964e-14
8.09236e-15
1.10923e-14
5.05769e-15
5.10816e-15
4.24979e-15
1.08724e-14
1.40694e-14
1.42103e-14
1.42862e-14
5.09925e-15
4.31005e-15
1.05308e-14
1.32814e-14
1.23308e-14
1.28701e-14
1.16539e-14
1.50091e-14
1.39786e-14
1.46458e-14
1.13251e-14
1.50242e-14
1.52124e-14
1.30069e-14
1.23027e-14
1.29849e-14
1.27008e-14
1.21861e-14
4.70436e-15
1.44997e-14
1.13427e-14
1.58603e-14
1.50679e-14
1.11438e-14
4.90783e-15
1.26668e-14
1.11152e-14
4.70487e-15
4.58992e-15
4.5436e-15
1.09648e-14
1.10779e-14
1.2264e-14
8.05146e-15
4.76531e-15
1.21774e-14
1.1997e-14
1.50822e-14
1.42353e-14
1.52695e-14
1.49318e-14
1.47871e-14
1.47454e-14
1.24381e-14
1.31307e-14
1.24823e-14
1.28706e-14
1.4539e-14
1.27152e-14
1.19935e-14
1.4551e-14
1.06644e-14
1.47068e-14
1.34384e-14
1.12047e-14
1.45384e-14
1.40946e-14
5.14261e-15
1.09669e-14
4.27144e-15
1.07009e-14
4.19991e-15
8.33103e-15
5.02941e-15
1.12721e-14
1.45217e-14
1.41178e-14
1.21381e-14
4.27153e-15
1.09832e-14
7.75391e-15
1.12851e-14
1.46611e-14
1.23524e-14
1.19608e-14
1.45437e-14
1.14282e-14
1.49521e-14
1.12875e-14
1.07587e-14
1.45631e-14
1.13758e-14
4.31084e-15
7.1752e-15
7.30669e-15
1.09987e-14
8.8179e-15
1.3981e-14
4.13809e-15
1.21097e-14
1.46285e-14
1.22392e-14
7.8315e-15
1.13848e-14
1.1068e-14
1.48375e-14
1.0367e-14
1.47901e-14
1.21726e-14
1.23833e-14
1.45616e-14
1.2296e-14
1.22283e-14
7.07797e-15
1.49166e-14
1.22408e-14
1.50885e-14
1.26372e-14
9.51746e-15
3.99225e-15
1.14176e-14
6.73253e-15
4.1139e-15
9.70395e-15
6.81935e-15
1.16155e-14
4.09436e-15
7.29645e-15
1.27198e-14
1.53449e-14
1.23477e-14
1.51436e-14
1.19074e-14
1.20229e-14
1.49493e-14
1.43057e-14
1.22677e-14
1.21594e-14
1.22992e-14
1.39235e-14
1.21975e-14
1.46e-14
1.12722e-14
7.46772e-15
1.46784e-14
1.10496e-14
7.70353e-15
1.44231e-14
8.53703e-15
4.24089e-15
4.14446e-15
7.25261e-15
1.42059e-14
1.14372e-14
1.49424e-14
4.19988e-15
7.1017e-15
1.23077e-14
1.20215e-14
1.24012e-14
1.10218e-14
1.46608e-14
1.12514e-14
1.51536e-14
1.197e-14
1.25014e-14
1.20562e-14
1.48724e-14
1.12937e-14
1.5216e-14
1.43363e-14
1.21329e-14
1.46768e-14
1.48055e-14
8.30577e-15
1.12098e-14
4.28276e-15
1.11599e-14
4.09226e-15
4.2506e-15
6.72097e-15
1.43478e-14
1.10865e-14
1.48549e-14
6.80558e-15
7.24683e-15
1.22493e-14
1.20316e-14
1.2485e-14
1.09398e-14
1.47338e-14
1.15795e-14
1.5519e-14
1.2195e-14
1.45174e-14
1.46938e-14
1.2375e-14
1.21873e-14
1.22276e-14
1.20464e-14
4.00165e-15
1.11941e-14
6.75281e-15
1.47394e-14
1.52657e-14
1.1875e-14
1.52039e-14
1.26615e-14
9.6463e-15
1.30099e-14
1.04525e-14
3.88311e-15
6.56951e-15
3.9752e-15
6.59432e-15
9.69797e-15
1.27622e-14
1.04977e-14
1.31e-14
1.08888e-14
6.60646e-15
1.13113e-14
1.45987e-14
1.49789e-14
1.49368e-14
1.19006e-14
1.43724e-14
1.48033e-14
1.45116e-14
1.22576e-14
1.24026e-14
1.21155e-14
1.22942e-14
1.19e-14
1.24234e-14
1.20279e-14
1.48027e-14
1.11644e-14
1.52499e-14
1.15245e-14
1.08258e-14
1.50695e-14
1.12699e-14
6.70652e-15
7.2555e-15
6.78024e-15
8.61097e-15
4.0802e-15
1.11645e-14
1.49083e-14
1.47698e-14
1.48174e-14
8.12056e-15
4.08907e-15
1.08854e-14
1.25333e-14
1.19788e-14
1.24636e-14
1.10376e-14
1.52394e-14
1.39179e-14
1.52394e-14
1.20761e-14
1.22931e-14
1.21438e-14
1.21126e-14
1.46327e-14
1.21618e-14
1.51278e-14
1.45387e-14
1.17998e-14
1.48977e-14
1.09064e-14
6.73441e-15
1.12025e-14
7.10771e-15
6.60193e-15
1.14931e-14
7.10005e-15
7.34982e-15
7.6305e-15
1.56002e-14
1.13838e-14
1.57648e-14
7.5358e-15
7.70021e-15
1.26527e-14
1.24826e-14
1.27514e-14
1.1889e-14
1.57639e-14
1.22187e-14
1.5837e-14
1.43634e-14
1.16529e-14
1.47698e-14
1.20918e-14
1.20131e-14
1.2057e-14
1.209e-14
7.21298e-15
1.15482e-14
7.38727e-15
1.19968e-14
1.56281e-14
1.21487e-14
1.60021e-14
1.35003e-14
1.10766e-14
1.33423e-14
1.14879e-14
9.17678e-15
3.7225e-15
9.42265e-15
5.79697e-15
3.45466e-15
9.04308e-15
5.61647e-15
9.45756e-15
1.12336e-14
1.38877e-14
1.17967e-14
1.37882e-14
1.1331e-14
7.10309e-15
1.13529e-14
1.55275e-14
1.19439e-14
1.57562e-14
1.19823e-14
1.17103e-14
1.47163e-14
1.17366e-14
1.20269e-14
1.21341e-14
1.2053e-14
1.20937e-14
1.21861e-14
1.26752e-14
1.22514e-14
1.57305e-14
1.16619e-14
1.5745e-14
1.1816e-14
1.16934e-14
1.545e-14
1.20674e-14
7.5307e-15
7.35001e-15
7.42192e-15
1.09627e-14
7.13338e-15
1.11988e-14
1.18392e-14
1.51749e-14
1.19116e-14
6.83489e-15
1.0703e-14
7.42996e-15
1.13626e-14
1.22817e-14
1.21325e-14
1.2236e-14
1.45961e-14
1.20561e-14
1.50717e-14
1.19811e-14
1.21596e-14
1.23046e-14
1.21212e-14
1.2071e-14
1.51438e-14
1.20183e-14
1.46359e-14
1.4954e-14
1.18347e-14
1.43956e-14
1.14426e-14
7.0785e-15
1.08721e-14
6.56776e-15
7.19514e-15
1.10823e-14
6.68714e-15
7.48863e-15
7.20841e-15
1.56634e-14
1.19136e-14
1.55739e-14
7.57652e-15
7.52819e-15
1.27446e-14
1.23268e-14
1.26318e-14
1.22135e-14
1.58296e-14
1.1931e-14
1.55925e-14
1.48249e-14
1.16794e-14
1.42426e-14
1.20585e-14
1.21005e-14
1.20956e-14
1.1977e-14
7.51515e-15
1.1413e-14
7.28551e-15
1.2177e-14
1.61438e-14
1.20665e-14
1.57898e-14
1.32348e-14
1.16949e-14
1.31912e-14
1.12897e-14
9.33398e-15
5.77469e-15
8.99334e-15
3.70201e-15
5.78513e-15
9.29671e-15
3.71588e-15
9.07237e-15
1.18418e-14
1.38021e-14
1.13801e-14
1.33353e-14
1.13016e-14
7.10336e-15
1.11937e-14
1.58388e-14
1.198e-14
1.55724e-14
1.19302e-14
1.18073e-14
1.4477e-14
1.18034e-14
1.2096e-14
1.21232e-14
1.20499e-14
1.21673e-14
1.22677e-14
1.26428e-14
1.22831e-14
1.57715e-14
1.18781e-14
1.57386e-14
1.19936e-14
1.19303e-14
1.54756e-14
1.15209e-14
7.34707e-15
7.43735e-15
7.05433e-15
1.13039e-14
6.6172e-15
1.09655e-14
1.18628e-14
1.45329e-14
1.17971e-14
7.2277e-15
1.13413e-14
6.70738e-15
1.06337e-14
1.22635e-14
1.21479e-14
1.23139e-14
1.51727e-14
1.20431e-14
1.4721e-14
1.19995e-14
1.22938e-14
1.27672e-14
1.26381e-14
1.52229e-14
1.46726e-14
1.55665e-14
1.26036e-14
1.39819e-14
1.53342e-14
1.13863e-14
1.12253e-14
4.03229e-15
8.53248e-15
4.05281e-15
8.65737e-15
7.06573e-15
4.67925e-15
1.5126e-14
1.13095e-14
1.4405e-14
7.43432e-15
6.90383e-15
1.24917e-14
1.20051e-14
1.22619e-14
1.18954e-14
1.53943e-14
1.12066e-14
1.46388e-14
1.42382e-14
1.49412e-14
1.19909e-14
1.22384e-14
1.19395e-14
1.25155e-14
1.21993e-14
6.6387e-15
1.07273e-14
3.9677e-15
1.19676e-14
1.50293e-14
1.51017e-14
1.46614e-14
1.29427e-14
1.0534e-14
1.27367e-14
9.71078e-15
6.3641e-15
4.07674e-15
6.68978e-15
4.04547e-15
1.0595e-14
1.26646e-14
9.57859e-15
1.25446e-14
1.11958e-14
4.06349e-15
1.04615e-14
1.53868e-14
1.19135e-14
1.50175e-14
1.46939e-14
1.4541e-14
1.21568e-14
1.42165e-14
1.20937e-14
1.22823e-14
1.21923e-14
1.23363e-14
1.21268e-14
1.22564e-14
1.1879e-14
1.54356e-14
1.18171e-14
1.47536e-14
1.1004e-14
1.12557e-14
1.42978e-14
1.07295e-14
7.24601e-15
6.84581e-15
4.10581e-15
1.10624e-14
8.20454e-15
1.49032e-14
1.16585e-14
1.50042e-14
4.30496e-15
1.09499e-14
8.49853e-15
1.25244e-14
1.2361e-14
1.2613e-14
1.46012e-14
1.49399e-14
1.20639e-14
1.50747e-14
1.24022e-14
1.25116e-14
1.50808e-14
1.48368e-14
1.17641e-14
1.49026e-14
1.13856e-14
1.11713e-14
1.44542e-14
1.06607e-14
7.21583e-15
4.39426e-15
4.03325e-15
1.40636e-14
7.97976e-15
1.08671e-14
4.23581e-15
1.22366e-14
1.41007e-14
1.20895e-14
1.10919e-14
1.46275e-14
7.69161e-15
1.12628e-14
1.18411e-14
1.17214e-14
1.01015e-14
1.23729e-14
1.21629e-14
1.2247e-14
1.45172e-14
4.05575e-15
1.52423e-14
1.22017e-14
1.54512e-14
1.24022e-14
1.14687e-14
6.9788e-15
9.77997e-15
4.20435e-15
6.5675e-15
1.15022e-14
3.85425e-15
9.40547e-15
7.07748e-15
4.11603e-15
1.25754e-14
1.5115e-14
1.23515e-14
1.52238e-14
1.48979e-14
1.06537e-14
1.1576e-14
1.23486e-14
1.23284e-14
1.49634e-14
1.23246e-14
1.45998e-14
1.19212e-14
1.40339e-14
1.46194e-14
1.09324e-14
1.11262e-14
7.67634e-15
8.81779e-15
1.11852e-14
8.12547e-15
4.14196e-15
7.22718e-15
4.19971e-15
1.49835e-14
1.08363e-14
1.49637e-14
7.27686e-15
4.40931e-15
1.2464e-14
1.48507e-14
1.23831e-14
1.14312e-14
1.51091e-14
1.13779e-14
1.48731e-14
1.42156e-14
1.4349e-14
1.36432e-14
1.13242e-14
7.88102e-15
1.07721e-14
4.3396e-15
5.07981e-15
8.29198e-15
1.08835e-14
5.03456e-15
1.44485e-14
1.07068e-14
1.39078e-14
4.34771e-15
1.09746e-14
5.30981e-15
1.28215e-14
1.46196e-14
1.27213e-14
1.41886e-14
1.50223e-14
1.08191e-14
1.42286e-14
1.47126e-14
1.50543e-14
1.16174e-14
1.27797e-14
1.24448e-14
1.31035e-14
1.24089e-14
4.45445e-15
7.51524e-15
1.52468e-14
1.51985e-14
1.47965e-14
1.22657e-14
1.27358e-14
1.08345e-14
1.1219e-14
4.58481e-15
4.55013e-15
4.24658e-15
1.08604e-14
1.2181e-14
4.79174e-15
1.11384e-14
1.1671e-14
7.54023e-15
1.48229e-14
1.5333e-14
1.18536e-14
1.49246e-14
1.50462e-14
1.12952e-14
1.51933e-14
1.23646e-14
1.29307e-14
1.2259e-14
1.30739e-14
1.2406e-14
1.29892e-14
1.54557e-14
1.47746e-14
1.46661e-14
1.43154e-14
1.17706e-14
1.42479e-14
1.36994e-14
1.11906e-14
1.07427e-14
4.63066e-15
5.00433e-15
4.42044e-15
4.89716e-15
1.182e-14
8.45338e-15
1.20478e-14
1.41224e-14
1.45843e-14
7.44087e-15
1.11751e-14
4.23092e-15
1.08027e-14
1.45373e-14
1.46261e-14
1.32083e-14
1.43539e-14
1.15715e-14
1.10012e-14
5.30641e-15
1.06736e-14
7.12393e-15
5.16398e-15
5.17142e-15
1.16861e-14
5.4639e-15
1.52633e-14
1.245e-14
1.54384e-14
5.25745e-15
1.11321e-14
5.67502e-15
1.40323e-14
1.62759e-14
1.41678e-14
1.48081e-14
1.57102e-14
1.23387e-14
1.54596e-14
1.52732e-14
1.44572e-14
1.17895e-14
1.36084e-14
1.33488e-14
1.34834e-14
1.53945e-14
7.64617e-15
5.27733e-15
1.60983e-14
1.41316e-14
1.40987e-14
1.07837e-14
1.41246e-14
1.10077e-14
8.23369e-15
4.81643e-15
4.70606e-15
4.51379e-15
4.26733e-15
1.09478e-14
1.44445e-14
4.76858e-15
8.30624e-15
1.16309e-14
5.85576e-15
1.37486e-14
1.57426e-14
1.14841e-14
1.48057e-14
1.58477e-14
1.18851e-14
1.45795e-14
1.3133e-14
1.36908e-14
1.54804e-14
1.3434e-14
1.34818e-14
1.39509e-14
1.54866e-14
1.61467e-14
1.56673e-14
1.53217e-14
1.20671e-14
1.52058e-14
1.37618e-14
1.12907e-14
1.20638e-14
5.8582e-15
5.81009e-15
5.29268e-15
5.65271e-15
4.87742e-15
1.36077e-14
5.24204e-15
8.64046e-15
5.16368e-15
1.25468e-14
1.41395e-14
1.4612e-14
1.10521e-14
1.4143e-14
5.28998e-15
1.13005e-14
2.05614e-14
7.50406e-15
9.56081e-15
1.54384e-14
1.48222e-14
8.84556e-15
4.54784e-15
1.59907e-14
7.47634e-15
4.48803e-15
1.20801e-14
9.35437e-15
5.99357e-15
5.03947e-15
8.34065e-15
1.46999e-14
4.76167e-15
7.37772e-15
5.37345e-15
8.32186e-15
1.61894e-14
9.76088e-15
9.3886e-15
1.48972e-14
1.4764e-14
4.67074e-15
7.19421e-15
1.46639e-14
7.40692e-15
4.51699e-15
1.60354e-14
1.60581e-14
9.32829e-15
9.28497e-15
5.62551e-15
1.4845e-14
1.48958e-14
7.22279e-15
4.44786e-15
8.77753e-15
5.29132e-15
5.73908e-15
8.53093e-15
8.64661e-15
1.4083e-14
1.44388e-14
4.48816e-15
7.08414e-15
1.47614e-14
4.64621e-15
7.21118e-15
1.6097e-14
1.61069e-14
9.60248e-15
9.68853e-15
1.65348e-14
9.29036e-15
9.58595e-15
1.50133e-14
1.54333e-14
7.3647e-15
4.61203e-15
1.40948e-14
7.30584e-15
4.6714e-15
9.0227e-15
5.38559e-15
5.18565e-15
1.0834e-14
4.87979e-15
1.56003e-14
4.38393e-15
7.12037e-15
9.54015e-15
1.34672e-14
1.56951e-14
8.30159e-15
6.85672e-15
1.43278e-14
1.5313e-14
4.21815e-15
8.53651e-15
1.35568e-14
8.28404e-15
4.42994e-15
5.28225e-15
5.16706e-15
8.06328e-15
6.76026e-15
1.46082e-14
1.4526e-14
5.46062e-15
8.41916e-15
9.68105e-15
1.66155e-14
1.65348e-14
4.83876e-15
7.65848e-15
1.57245e-14
1.54501e-14
4.5983e-15
1.4653e-14
1.50102e-14
9.41807e-15
9.38823e-15
1.6344e-14
1.63821e-14
9.25238e-15
8.44701e-15
7.55787e-15
7.08528e-15
1.57233e-14
1.45897e-14
5.00833e-15
4.44037e-15
1.46756e-14
9.64938e-15
8.22158e-15
4.50625e-15
4.34563e-15
8.11063e-15
4.84329e-15
4.11745e-15
8.97587e-15
1.41236e-14
8.03235e-15
9.09168e-15
6.4805e-15
7.5052e-15
1.41512e-14
1.5733e-14
7.07952e-15
1.45073e-14
1.44974e-14
9.38438e-15
9.46497e-15
1.59551e-14
1.6096e-14
9.95913e-15
1.66437e-14
1.67701e-14
7.32447e-15
4.81263e-15
1.51914e-14
1.52183e-14
4.15723e-15
1.46603e-14
1.52707e-14
7.99129e-15
5.44078e-15
8.37433e-15
5.70021e-15
5.066e-15
3.84319e-15
8.73649e-15
1.42879e-14
4.33065e-15
1.41139e-14
1.33642e-14
1.4932e-14
1.23115e-14
5.25408e-15
1.55173e-14
1.10319e-14
5.17322e-15
1.42896e-14
1.1189e-14
5.28798e-15
5.46101e-15
5.17822e-15
5.39483e-15
1.32829e-14
4.3245e-15
1.42807e-14
1.37836e-14
1.24791e-14
5.07166e-15
8.09473e-15
1.04727e-14
1.38494e-14
5.24043e-15
1.4373e-14
1.2079e-14
1.53858e-14
1.51003e-14
1.29887e-14
1.61363e-14
8.05989e-15
4.5231e-15
1.13887e-14
1.15892e-14
1.5334e-14
1.56797e-14
7.96542e-15
4.69966e-15
1.2306e-14
1.19625e-14
7.9256e-15
7.48553e-15
7.14952e-15
6.84664e-15
6.77003e-15
6.95076e-15
7.56182e-15
8.10962e-15
4.78779e-15
8.53932e-15
1.18932e-14
1.24868e-14
4.4724e-15
7.89791e-15
1.15207e-14
1.06782e-14
1.48074e-14
1.40497e-14
1.13255e-14
1.27459e-14
1.46857e-14
1.4928e-14
1.53149e-14
1.62544e-14
1.30676e-14
1.36514e-14
1.26224e-14
1.38333e-14
8.20083e-15
4.68788e-15
1.39574e-14
1.03692e-14
1.35532e-14
5.63947e-15
4.17194e-15
5.48644e-15
1.17341e-14
1.1919e-14
1.47306e-14
5.02514e-15
1.59703e-14
1.51445e-14
1.35448e-14
5.12329e-15
1.19312e-14
1.08693e-14
1.59252e-14
1.46593e-14
1.2288e-14
1.45451e-14
1.11875e-14
4.52909e-15
1.12714e-14
7.92327e-15
4.59369e-15
1.16274e-14
8.02706e-15
5.31225e-15
4.42542e-15
1.08731e-14
1.3706e-14
1.51089e-14
1.50205e-14
7.50214e-15
5.13505e-15
1.13195e-14
1.25887e-14
1.24069e-14
1.26774e-14
1.08938e-14
1.42582e-14
1.44541e-14
1.50083e-14
1.05598e-14
1.4782e-14
1.22956e-14
1.2353e-14
1.47824e-14
1.24578e-14
1.2215e-14
1.13171e-14
6.81368e-15
1.50699e-14
1.27674e-14
1.49586e-14
1.41928e-14
4.19929e-15
1.25906e-14
1.19733e-14
1.52611e-14
1.22264e-14
1.09422e-14
1.0621e-14
1.33319e-14
1.33813e-14
1.06385e-14
1.09418e-14
1.32316e-14
1.33568e-14
4.02294e-15
1.17867e-14
1.27259e-14
1.23566e-14
1.53662e-14
4.67116e-15
6.79547e-15
1.15681e-14
1.20035e-14
1.52823e-14
1.45471e-14
1.57235e-14
1.1382e-14
1.20436e-14
1.45279e-14
1.45469e-14
1.20517e-14
1.23047e-14
1.23931e-14
1.19686e-14
1.28478e-14
1.20964e-14
1.52454e-14
1.06599e-14
1.56067e-14
1.34479e-14
1.12636e-14
1.48761e-14
1.47707e-14
7.84074e-15
1.14951e-14
5.20084e-15
1.10672e-14
4.27062e-15
1.1602e-14
7.90295e-15
1.11019e-14
1.452e-14
1.40336e-14
1.19958e-14
4.29928e-15
1.07392e-14
7.69762e-15
1.09765e-14
1.51243e-14
1.22308e-14
1.208e-14
1.4712e-14
1.18111e-14
1.39441e-14
1.12732e-14
1.10812e-14
1.43653e-14
1.12859e-14
4.48949e-15
7.65291e-15
7.83965e-15
4.24e-15
1.11351e-14
1.13039e-14
1.46905e-14
4.39588e-15
1.24182e-14
1.5151e-14
1.2472e-14
8.35958e-15
1.36438e-14
1.07754e-14
1.44383e-14
1.47952e-14
1.19887e-14
1.4676e-14
1.24117e-14
1.22326e-14
1.23798e-14
1.24558e-14
1.07443e-14
1.32034e-14
1.3115e-14
1.2147e-14
1.18923e-14
1.25089e-14
1.21752e-14
6.40459e-15
1.12461e-14
1.00427e-14
1.47689e-14
1.41068e-14
1.19478e-14
1.16933e-14
9.24024e-15
6.76337e-15
1.48344e-14
1.27995e-14
1.44931e-14
1.47724e-14
3.87214e-15
6.59423e-15
8.94717e-15
1.27321e-14
1.50149e-14
1.46128e-14
1.45764e-14
9.33726e-15
9.8066e-15
1.11962e-14
1.44257e-14
1.4824e-14
1.16861e-14
1.19226e-14
1.31537e-14
1.30457e-14
1.2776e-14
1.20583e-14
1.24648e-14
1.21605e-14
1.24133e-14
1.45002e-14
1.46832e-14
1.20663e-14
1.23575e-14
1.24368e-14
1.24761e-14
1.24321e-14
1.50745e-14
1.23673e-14
1.51197e-14
1.35696e-14
8.33559e-15
1.42085e-14
1.07843e-14
7.73103e-15
1.47208e-14
1.14719e-14
4.18914e-15
4.23385e-15
4.31938e-15
7.87851e-15
1.46554e-14
1.08691e-14
1.41963e-14
4.51512e-15
7.86793e-15
1.25652e-14
1.22878e-14
1.24763e-14
1.16164e-14
1.54208e-14
1.17302e-14
1.45294e-14
1.2165e-14
1.21684e-14
1.2084e-14
1.48649e-14
1.4763e-14
1.19658e-14
1.46349e-14
1.45433e-14
1.18643e-14
1.43658e-14
1.08395e-14
4.18383e-15
1.10271e-14
6.70991e-15
1.10112e-14
4.27445e-15
6.9304e-15
7.63529e-15
1.45997e-14
1.17691e-14
1.52507e-14
6.93468e-15
8.12264e-15
1.2578e-14
1.2163e-14
1.27006e-14
1.12332e-14
1.55736e-14
1.15333e-14
1.57154e-14
1.38113e-14
1.46974e-14
1.29264e-14
1.2514e-14
1.24091e-14
1.25253e-14
1.25074e-14
1.16697e-14
1.34335e-14
1.24032e-14
1.22202e-14
1.18959e-14
1.23265e-14
1.21545e-14
1.01487e-14
1.18222e-14
1.1469e-14
1.16996e-14
1.15823e-14
1.19357e-14
1.17508e-14
1.0992e-14
1.14652e-14
1.17297e-14
1.16305e-14
1.18104e-14
1.17564e-14
1.19352e-14
1.26215e-14
1.24972e-14
1.38572e-14
1.1946e-14
1.22409e-14
1.22218e-14
1.24769e-14
1.50919e-14
1.27794e-14
1.45678e-14
1.2372e-14
1.23853e-14
1.24475e-14
1.24217e-14
1.22814e-14
1.25616e-14
1.23661e-14
1.5319e-14
1.15685e-14
1.49087e-14
1.18427e-14
1.1132e-14
1.56388e-14
1.17142e-14
7.08689e-15
8.29623e-15
7.46462e-15
9.05305e-15
4.1977e-15
1.12671e-14
1.48464e-14
1.44116e-14
1.1949e-14
4.21431e-15
1.12529e-14
6.70951e-15
1.10096e-14
1.24763e-14
1.2241e-14
1.22676e-14
1.5451e-14
1.50763e-14
1.48997e-14
1.20636e-14
1.5075e-14
1.21049e-14
1.52972e-14
1.17169e-14
7.20655e-15
1.17907e-14
7.29976e-15
6.84597e-15
1.19593e-14
7.33083e-15
8.38489e-15
8.45288e-15
1.51701e-14
1.33009e-14
1.48821e-14
8.4434e-15
3.44839e-15
1.0031e-14
1.23246e-14
1.19728e-14
1.20817e-14
1.33388e-14
1.45365e-14
1.36263e-14
1.15033e-14
1.54361e-14
1.16772e-14
1.47931e-14
1.23991e-14
1.24934e-14
1.2151e-14
1.23273e-14
1.27784e-14
1.30153e-14
1.29246e-14
1.24271e-14
1.23586e-14
1.23764e-14
1.24639e-14
1.18716e-14
1.22208e-14
1.20338e-14
1.21416e-14
1.1972e-14
1.22489e-14
1.21048e-14
1.21252e-14
1.20154e-14
1.23127e-14
1.19705e-14
1.21435e-14
1.21028e-14
1.22696e-14
1.40396e-14
1.25847e-14
1.36886e-14
1.23771e-14
1.2533e-14
1.24015e-14
1.25845e-14
1.44552e-14
1.46503e-14
1.16284e-14
1.23512e-14
1.22781e-14
1.23036e-14
1.21028e-14
1.22247e-14
1.21164e-14
1.19826e-14
1.45431e-14
1.40726e-14
1.15445e-14
1.36078e-14
1.17641e-14
1.46008e-14
1.36212e-14
8.39301e-15
1.01458e-14
3.73293e-15
8.53023e-15
1.12737e-14
7.23137e-15
1.14296e-14
1.19869e-14
1.52216e-14
1.19465e-14
7.24208e-15
1.1471e-14
7.37664e-15
1.13342e-14
1.51873e-14
1.20599e-14
1.50511e-14
1.19185e-14
7.38638e-15
1.17744e-14
7.35564e-15
7.25128e-15
1.11705e-14
6.73467e-15
8.42811e-15
8.22374e-15
1.49775e-14
1.1113e-14
1.51761e-14
3.51398e-15
1.05003e-14
9.11084e-15
1.21404e-14
1.2337e-14
1.24139e-14
1.39253e-14
1.15631e-14
1.43404e-14
1.46259e-14
1.4847e-14
1.46807e-14
1.52913e-14
1.21344e-14
1.23244e-14
1.23585e-14
1.24258e-14
1.28378e-14
1.38622e-14
1.27105e-14
1.23463e-14
1.2436e-14
1.2431e-14
1.2333e-14
1.20294e-14
1.2112e-14
1.19099e-14
1.2242e-14
1.21038e-14
1.21228e-14
1.19835e-14
1.22873e-14
1.1889e-14
1.21249e-14
1.21e-14
1.2259e-14
1.19775e-14
1.21235e-14
1.34437e-14
1.26034e-14
1.39125e-14
1.23952e-14
1.2534e-14
1.22992e-14
1.2486e-14
1.16035e-14
1.53527e-14
1.45016e-14
1.23298e-14
1.21143e-14
1.24744e-14
1.23294e-14
1.20288e-14
1.2383e-14
1.22109e-14
1.15492e-14
1.37157e-14
1.45663e-14
1.40884e-14
1.33768e-14
1.46541e-14
1.12879e-14
1.03862e-14
3.7352e-15
8.45914e-15
8.41559e-15
1.16338e-14
7.04412e-15
1.12972e-14
1.20283e-14
1.48437e-14
1.19433e-14
7.46414e-15
1.16101e-14
7.30418e-15
1.16164e-14
1.20854e-14
1.23556e-14
1.22068e-14
1.19774e-14
1.46051e-14
1.47953e-14
1.45206e-14
1.41702e-14
1.48502e-14
1.37823e-14
1.09766e-14
6.63148e-15
1.11169e-14
4.05031e-15
4.23307e-15
8.68711e-15
7.47147e-15
6.92331e-15
1.54957e-14
1.07762e-14
1.48591e-14
8.63836e-15
7.28511e-15
1.25712e-14
1.23481e-14
1.25567e-14
1.1822e-14
1.4938e-14
1.16703e-14
1.54263e-14
1.28748e-14
1.56097e-14
1.37304e-14
1.24753e-14
1.24658e-14
1.25548e-14
1.23808e-14
1.2427e-14
1.26041e-14
1.15527e-14
1.24454e-14
1.2151e-14
1.21928e-14
1.18106e-14
1.14739e-14
1.06324e-14
1.0311e-14
1.18929e-14
1.17678e-14
1.15916e-14
1.16906e-14
1.17978e-14
1.03399e-14
1.07393e-14
1.17707e-14
1.18969e-14
1.1677e-14
1.1592e-14
1.38095e-14
1.14922e-14
1.25318e-14
1.21008e-14
1.24155e-14
1.17793e-14
1.21553e-14
1.46366e-14
1.36081e-14
1.54945e-14
1.2519e-14
1.24912e-14
1.23414e-14
1.2501e-14
1.24766e-14
1.25264e-14
1.23072e-14
1.51955e-14
1.2192e-14
1.53113e-14
1.15561e-14
1.16319e-14
1.51315e-14
1.08786e-14
8.4055e-15
7.26512e-15
6.99161e-15
1.07816e-14
8.49299e-15
1.17743e-14
1.38929e-14
1.46838e-14
6.77071e-15
1.09502e-14
4.06034e-15
1.09817e-14
1.21938e-14
1.21151e-14
1.23595e-14
1.4818e-14
1.20458e-14
1.43773e-14
1.48477e-14
1.23684e-14
1.26404e-14
1.5494e-14
1.46129e-14
1.15967e-14
1.5398e-14
1.22611e-14
1.06468e-14
1.49588e-14
1.08847e-14
8.05791e-15
4.76805e-15
4.37261e-15
4.30754e-15
1.44038e-14
7.95661e-15
1.10772e-14
4.37352e-15
1.24649e-14
1.43697e-14
1.22364e-14
1.14881e-14
1.42957e-14
8.23245e-15
1.35239e-14
1.46392e-14
1.45687e-14
1.47251e-14
1.23994e-14
1.24338e-14
1.24428e-14
1.22059e-14
1.27959e-14
1.28143e-14
1.07469e-14
1.24299e-14
1.20685e-14
1.21793e-14
1.19098e-14
9.91933e-15
9.37902e-15
6.03765e-15
1.18856e-14
1.15445e-14
1.45204e-14
1.40192e-14
6.93661e-15
3.65499e-15
1.42916e-14
1.49451e-14
1.50137e-14
1.3019e-14
8.6018e-15
3.45389e-15
1.49084e-14
1.41954e-14
1.32568e-14
1.53914e-14
1.12748e-14
5.92711e-15
9.29247e-15
1.15456e-14
1.18702e-14
1.43493e-14
1.46723e-14
1.30532e-14
1.0876e-14
1.29696e-14
1.21561e-14
1.24732e-14
1.1997e-14
1.23524e-14
1.18977e-14
1.47466e-14
1.42686e-14
1.23698e-14
1.23238e-14
1.22526e-14
1.23575e-14
1.50704e-14
1.22925e-14
1.48435e-14
1.4233e-14
1.06676e-14
1.35774e-14
8.09002e-15
1.12775e-14
1.19009e-14
7.78841e-15
4.38374e-15
7.84768e-15
4.39963e-15
1.46495e-14
1.14109e-14
1.49611e-14
7.87271e-15
4.45506e-15
1.24861e-14
1.51247e-14
1.2285e-14
1.16432e-14
1.48555e-14
1.1337e-14
1.42967e-14
1.40048e-14
1.46016e-14
1.44934e-14
1.12992e-14
7.93559e-15
1.09419e-14
4.39196e-15
7.73028e-15
1.13103e-14
4.51111e-15
1.18343e-14
5.3819e-15
1.49114e-14
1.14546e-14
1.42989e-14
4.78824e-15
1.11506e-14
7.93556e-15
1.28723e-14
1.21611e-14
1.25698e-14
1.4734e-14
1.56314e-14
1.10846e-14
1.39268e-14
1.18289e-14
1.18769e-14
1.06527e-14
1.23987e-14
1.21553e-14
1.24606e-14
1.50088e-14
6.77623e-15
4.50871e-15
1.50699e-14
1.46127e-14
1.54244e-14
1.33823e-14
1.53467e-14
1.24858e-14
1.26783e-14
1.18817e-14
1.33149e-14
1.34769e-14
1.09775e-14
1.06239e-14
1.35459e-14
1.37249e-14
1.05736e-14
1.10175e-14
3.95347e-15
1.28436e-14
1.57438e-14
1.18853e-14
1.24973e-14
1.17562e-14
4.61606e-15
1.43858e-14
1.56359e-14
1.18663e-14
1.52829e-14
1.4534e-14
1.02797e-14
1.18385e-14
1.23529e-14
1.24196e-14
1.46105e-14
1.23932e-14
1.22598e-14
1.28676e-14
1.21185e-14
1.51939e-14
1.3811e-14
1.51395e-14
1.1123e-14
1.42878e-14
1.39055e-14
1.098e-14
1.15342e-14
4.95753e-15
7.61752e-15
4.54775e-15
5.07106e-15
1.18569e-14
4.60119e-15
1.12921e-14
1.21809e-14
1.42816e-14
1.48193e-14
8.0081e-15
1.09426e-14
4.32346e-15
1.1198e-14
1.50446e-14
1.57685e-14
1.46397e-14
1.55722e-14
1.12035e-14
1.17405e-14
5.34815e-15
1.17104e-14
1.15616e-14
5.47313e-15
5.06483e-15
1.26843e-14
5.4242e-15
4.34258e-15
1.25536e-14
1.37211e-14
1.47338e-14
1.05681e-14
1.37068e-14
4.76136e-15
8.16184e-15
1.13225e-14
1.12381e-14
5.27995e-15
1.2886e-14
1.56558e-14
1.54061e-14
1.51819e-14
4.32817e-15
1.51874e-14
1.49428e-14
1.20625e-14
1.18635e-14
1.17521e-14
1.14878e-14
8.13895e-15
4.58765e-15
7.7188e-15
7.48421e-15
6.99571e-15
6.84456e-15
6.87507e-15
7.02693e-15
7.54556e-15
7.7376e-15
1.1672e-14
1.23326e-14
4.60973e-15
7.8949e-15
7.94971e-15
1.46479e-14
1.49116e-14
1.13998e-14
1.09394e-14
1.41389e-14
5.20885e-15
1.05325e-14
1.61302e-14
1.27973e-14
1.45579e-14
1.48169e-14
1.37718e-14
1.43724e-14
1.33382e-14
1.37606e-14
1.03022e-14
8.13671e-15
4.79105e-15
5.60364e-15
5.33187e-15
4.13214e-15
5.09916e-15
1.45808e-14
5.52911e-15
1.18833e-14
5.44844e-15
1.34408e-14
1.43422e-14
1.56485e-14
1.13462e-14
1.59592e-14
5.45295e-15
1.15145e-14
8.53208e-15
3.72887e-15
4.3668e-15
8.69797e-15
1.51639e-14
4.55465e-15
6.95037e-15
5.36668e-15
8.82516e-15
1.66002e-14
9.36022e-15
9.52751e-15
1.58908e-14
1.52376e-14
4.89489e-15
7.32835e-15
1.5409e-14
7.43332e-15
4.72448e-15
1.64412e-14
1.65614e-14
9.47931e-15
9.6035e-15
8.35926e-15
1.56085e-14
1.4548e-14
7.71236e-15
7.05821e-15
1.45481e-14
9.745e-15
4.20104e-15
8.27339e-15
4.57074e-15
4.48444e-15
7.85631e-15
4.757e-15
9.20705e-15
1.41065e-14
4.07531e-15
9.19782e-15
1.42054e-14
1.51317e-14
6.39909e-15
7.04076e-15
1.53434e-14
4.575e-15
7.29868e-15
1.65359e-14
1.66137e-14
9.37531e-15
9.43284e-15
1.63546e-14
9.57702e-15
9.32211e-15
1.55657e-14
1.56351e-14
7.10351e-15
4.35951e-15
1.49889e-14
7.30148e-15
4.67043e-15
8.23095e-15
5.29111e-15
5.30249e-15
5.55207e-15
1.43706e-14
3.79839e-15
4.21187e-15
5.45878e-15
8.43986e-15
7.25375e-15
1.47515e-14
1.46886e-14
5.25094e-15
8.31549e-15
8.96454e-15
1.58371e-14
1.28015e-14
3.86709e-15
6.46698e-15
1.36506e-14
1.42121e-14
7.34171e-15
1.56255e-14
1.52939e-14
6.87943e-15
9.14133e-15
1.46258e-14
1.57027e-14
4.6814e-15
1.47569e-14
1.54022e-14
9.1546e-15
9.62299e-15
1.29579e-14
1.62094e-14
9.3956e-15
9.28071e-15
7.43094e-15
7.70566e-15
1.5807e-14
1.59505e-14
8.64127e-15
7.68707e-15
7.57047e-15
7.35683e-15
1.49962e-14
1.4369e-14
7.29978e-15
7.17071e-15
7.11316e-15
6.90617e-15
1.39127e-14
1.36795e-14
7.08977e-15
7.31334e-15
6.88094e-15
6.89243e-15
1.36242e-14
1.38074e-14
7.66948e-15
8.74574e-15
7.24501e-15
7.18705e-15
1.42921e-14
1.49083e-14
9.18342e-15
8.38071e-15
7.31625e-15
8.10706e-15
1.55655e-14
1.61085e-14
6.4226e-15
1.32543e-14
1.39776e-14
1.05205e-14
9.617e-15
1.66547e-14
1.32294e-14
9.83732e-15
1.49251e-14
1.58208e-14
9.95175e-15
7.08263e-15
1.61239e-14
1.50161e-14
1.00756e-14
1.30777e-14
1.62392e-14
6.52834e-15
4.41192e-15
1.46087e-14
1.48791e-14
4.67089e-15
1.47113e-14
1.50599e-14
8.55085e-15
5.46087e-15
9.0845e-15
5.59188e-15
4.20162e-15
4.2448e-15
8.1705e-15
1.06134e-14
1.43981e-14
4.06635e-15
1.46203e-14
1.45928e-14
1.62399e-14
5.35198e-15
7.78837e-15
1.22565e-14
1.33044e-14
1.33816e-14
1.35118e-14
1.11479e-14
1.41538e-14
1.51822e-14
1.55243e-14
1.20559e-14
1.53332e-14
1.5648e-14
1.27439e-14
1.24598e-14
1.29358e-14
1.26047e-14
1.18445e-14
1.53908e-14
1.50505e-14
1.22026e-14
1.20638e-14
1.24021e-14
1.21988e-14
1.1963e-14
1.50032e-14
1.51895e-14
1.20815e-14
1.21749e-14
1.21819e-14
1.23338e-14
1.15252e-14
1.55951e-14
1.5058e-14
1.23334e-14
1.2643e-14
1.25436e-14
1.28219e-14
1.56615e-14
1.35953e-14
1.36965e-14
1.37587e-14
1.12785e-14
1.55965e-14
1.61387e-14
1.16309e-14
1.6551e-14
1.44068e-14
5.60215e-15
1.29783e-14
7.76445e-15
4.91105e-15
1.43399e-14
1.0559e-14
4.13349e-15
4.44114e-15
4.62985e-15
4.90811e-15
1.43948e-14
7.94566e-15
3.3569e-15
8.15965e-15
5.44006e-15
1.16572e-14
1.52474e-14
1.39118e-14
1.49264e-14
8.04263e-15
4.85566e-15
1.17205e-14
1.31039e-14
1.23747e-14
1.29114e-14
1.14243e-14
1.47245e-14
1.45501e-14
1.4933e-14
1.2584e-14
1.28507e-14
1.27105e-14
1.4461e-14
1.17387e-14
1.45014e-14
1.52419e-14
1.11513e-14
1.54928e-14
1.42342e-14
7.76721e-15
1.20592e-14
4.47099e-15
1.19686e-14
4.92557e-15
1.14722e-14
7.9286e-15
1.45124e-14
3.06158e-15
1.07778e-14
1.61229e-14
1.08766e-14
5.91951e-15
7.50095e-15
7.49838e-15
4.21829e-15
7.01221e-15
1.37696e-14
1.11749e-14
1.46397e-14
3.991e-15
6.69218e-15
1.22142e-14
1.20095e-14
1.23428e-14
1.06912e-14
1.15227e-14
1.15197e-14
1.48305e-14
1.4353e-14
1.24189e-14
1.19849e-14
1.16341e-14
1.01837e-14
1.49928e-14
1.1456e-14
1.01656e-14
1.46177e-14
1.05564e-14
4.01178e-15
6.96695e-15
6.88675e-15
4.66122e-15
7.38955e-15
1.54354e-14
1.14603e-14
1.57326e-14
5.87113e-15
7.30917e-15
1.4272e-14
1.34287e-14
1.47404e-14
1.07026e-14
3.94627e-15
1.12834e-14
6.2008e-15
4.27925e-15
1.08973e-14
6.72544e-15
7.90341e-15
9.18498e-15
1.53701e-14
1.14316e-14
1.45229e-14
7.70808e-15
8.36867e-15
1.25238e-14
1.2207e-14
1.2686e-14
1.17102e-14
1.51095e-14
1.17988e-14
1.52695e-14
1.20368e-14
1.27377e-14
1.21826e-14
1.51198e-14
1.11836e-14
1.56535e-14
1.16872e-14
1.16967e-14
1.48397e-14
1.19817e-14
7.79328e-15
8.46162e-15
8.35196e-15
1.08492e-14
6.63508e-15
1.09565e-14
1.59451e-14
1.47489e-14
1.34344e-14
3.86477e-15
9.94504e-15
6.08756e-15
1.14866e-14
1.54148e-14
1.36926e-14
1.56389e-14
1.20604e-14
6.59636e-15
1.20397e-14
6.69906e-15
7.27329e-15
1.16825e-14
7.41976e-15
1.11809e-14
6.66716e-15
1.05632e-14
1.53058e-14
1.42114e-14
1.18152e-14
4.41612e-15
1.15826e-14
6.76074e-15
1.07598e-14
1.24838e-14
1.19963e-14
1.22005e-14
1.42033e-14
1.47812e-14
1.42777e-14
1.17247e-14
1.2016e-14
1.21541e-14
1.18834e-14
1.47966e-14
1.40746e-14
1.17289e-14
1.41788e-14
1.44229e-14
1.17003e-14
1.43403e-14
1.10181e-14
4.16247e-15
1.07354e-14
6.65832e-15
4.07907e-15
1.07567e-14
6.68288e-15
1.14832e-14
7.74033e-15
1.15825e-14
1.37526e-14
1.57297e-14
1.39565e-14
6.50903e-15
1.22147e-14
6.67887e-15
1.24999e-14
1.56442e-14
1.36794e-14
1.5457e-14
1.23697e-14
6.69873e-15
1.20385e-14
6.58157e-15
7.35731e-15
1.13613e-14
7.27827e-15
1.05044e-14
4.03686e-15
1.07112e-14
1.18374e-14
1.45061e-14
1.52486e-14
6.5586e-15
1.085e-14
4.1846e-15
1.13823e-14
1.22368e-14
1.23539e-14
1.25478e-14
1.44165e-14
1.18192e-14
1.47036e-14
1.50188e-14
1.19237e-14
1.25513e-14
1.21938e-14
1.18256e-14
1.42169e-14
1.52328e-14
1.45495e-14
1.41021e-14
1.49041e-14
1.41841e-14
1.08136e-14
6.48731e-15
1.12754e-14
4.06464e-15
6.69785e-15
1.09733e-14
4.03408e-15
1.12922e-14
7.28061e-15
1.12534e-14
1.39659e-14
1.54093e-14
1.36389e-14
6.79509e-15
1.25806e-14
6.60641e-15
1.19358e-14
1.48642e-14
1.60574e-14
1.4564e-14
1.15906e-14
6.16303e-15
1.01118e-14
3.783e-15
6.69909e-15
1.11848e-14
4.19464e-15
8.134e-15
7.54149e-15
1.52936e-14
1.20908e-14
1.53926e-14
8.4985e-15
7.48503e-15
1.26196e-14
1.2293e-14
1.25758e-14
1.18318e-14
1.48664e-14
1.20318e-14
1.52853e-14
1.21521e-14
1.25617e-14
1.20903e-14
1.47933e-14
1.13409e-14
1.53941e-14
1.15301e-14
1.15908e-14
1.5279e-14
1.18634e-14
8.4739e-15
7.47991e-15
7.56247e-15
1.10518e-14
4.12276e-15
1.10146e-14
1.34121e-14
1.48063e-14
1.61311e-14
6.03877e-15
1.13947e-14
3.81678e-15
1.04528e-14
1.13707e-14
1.54109e-14
1.07373e-14
7.29118e-15
6.10101e-15
4.43788e-15
6.59834e-15
3.96028e-15
1.46787e-14
1.04615e-14
1.43854e-14
6.60685e-15
4.10133e-15
1.23271e-14
1.4383e-14
1.23116e-14
1.14017e-14
1.47256e-14
1.01399e-14
1.16237e-14
1.19796e-14
1.22496e-14
1.44613e-14
1.49775e-14
1.14281e-14
1.15672e-14
1.04747e-14
1.12632e-14
1.37588e-14
1.06718e-14
6.74994e-15
4.0173e-15
4.16408e-15
7.86816e-15
4.53999e-15
1.5821e-14
1.14251e-14
1.58111e-14
7.48618e-15
6.01861e-15
7.877e-15
1.1454e-14
4.99708e-15
3.33844e-15
1.19651e-14
7.53945e-15
1.51425e-14
1.12838e-14
1.49296e-14
4.43896e-15
1.15192e-14
7.72465e-15
1.30422e-14
1.25235e-14
1.33208e-14
1.46187e-14
1.5194e-14
1.13958e-14
1.56362e-14
1.23489e-14
1.30692e-14
1.22406e-14
1.52858e-14
1.45058e-14
1.49404e-14
1.10402e-14
1.49418e-14
1.44383e-14
1.18147e-14
1.13083e-14
4.70635e-15
7.38626e-15
5.2983e-15
8.32961e-15
1.46433e-14
5.00076e-15
1.12966e-14
3.36416e-15
4.30978e-15
1.44346e-14
4.97873e-15
8.19108e-15
4.12806e-15
1.62599e-14
1.18437e-14
1.5348e-14
7.78776e-15
1.24087e-14
5.82182e-15
1.32526e-14
1.51842e-14
1.3075e-14
1.45085e-14
1.51134e-14
1.15483e-14
1.38207e-14
1.55203e-14
1.20442e-14
1.21762e-14
1.2947e-14
1.26068e-14
1.29039e-14
1.25263e-14
1.50559e-14
1.21651e-14
1.1797e-14
1.24024e-14
1.22214e-14
1.22987e-14
1.20585e-14
1.51704e-14
1.17405e-14
1.18645e-14
1.2217e-14
1.23651e-14
1.20284e-14
1.21748e-14
1.50036e-14
1.20347e-14
1.19613e-14
1.2622e-14
1.29463e-14
1.24954e-14
1.29306e-14
1.33512e-14
1.32374e-14
1.57278e-14
1.55149e-14
1.51647e-14
1.39297e-14
1.09539e-14
1.44393e-14
1.49338e-14
1.16886e-14
1.23854e-14
7.96927e-15
5.34151e-15
1.06684e-14
8.07079e-15
5.20151e-15
4.14441e-15
4.86873e-15
8.79192e-15
1.45854e-14
4.61683e-15
7.10514e-15
5.51364e-15
8.57762e-15
1.26787e-14
9.25773e-15
8.8753e-15
1.41803e-14
1.39382e-14
3.92397e-15
6.42676e-15
1.57956e-14
9.08287e-15
7.5061e-15
1.52819e-14
1.5631e-14
7.29956e-15
9.29509e-15
1.43422e-14
7.11433e-15
4.70911e-15
1.29758e-14
1.66202e-14
9.30728e-15
1.0508e-14
9.21839e-15
1.60375e-14
1.59453e-14
8.0076e-15
7.61688e-15
7.61859e-15
1.49737e-14
1.434e-14
7.47448e-15
7.40368e-15
7.11479e-15
1.39315e-14
1.36699e-14
7.08395e-15
6.97612e-15
7.31394e-15
1.36664e-14
1.38233e-14
6.97235e-15
6.9639e-15
8.70178e-15
1.43772e-14
1.50358e-14
7.71305e-15
7.74929e-15
9.10268e-15
1.59375e-14
1.61478e-14
7.45024e-15
7.73334e-15
1.41227e-14
3.90234e-15
6.60783e-15
1.62078e-14
1.31218e-14
9.76857e-15
9.52312e-15
1.58744e-14
7.35636e-15
9.61751e-15
1.62134e-14
1.51074e-14
9.92649e-15
7.07795e-15
1.61385e-14
9.53636e-15
1.03709e-14
1.42415e-14
1.44343e-14
6.98313e-15
5.01034e-15
1.53287e-14
7.64951e-15
4.74738e-15
8.37652e-15
5.10066e-15
5.56273e-15
4.97899e-15
8.13903e-15
3.95494e-15
8.58931e-15
1.44431e-14
4.95445e-15
6.7415e-15
1.41534e-14
1.52955e-14
8.25926e-15
8.9239e-15
9.59765e-15
1.54469e-14
1.58558e-14
4.086e-15
9.40464e-15
1.40127e-14
9.96095e-15
1.26601e-14
1.25832e-14
6.21229e-15
6.9045e-15
1.34836e-14
1.43853e-14
9.88143e-15
1.25698e-14
1.23916e-14
7.36468e-15
7.54963e-15
1.48814e-14
1.49562e-14
9.71208e-15
1.23638e-14
1.23776e-14
7.38086e-15
7.4315e-15
1.5129e-14
1.49119e-14
9.59241e-15
1.26192e-14
1.28795e-14
7.40162e-15
6.43045e-15
1.47477e-14
1.41028e-14
7.48106e-15
1.61476e-14
1.60191e-14
4.15873e-15
1.54225e-14
9.58518e-15
6.38598e-15
1.61574e-14
1.45226e-14
9.10869e-15
8.30027e-15
1.5505e-14
9.13587e-15
5.10925e-15
8.55549e-15
5.20078e-15
5.03154e-15
5.34823e-15
1.10868e-14
1.37966e-14
1.36891e-14
1.4801e-14
4.44548e-15
4.5579e-15
1.06426e-14
1.56943e-14
1.24831e-14
1.3026e-14
8.22088e-15
1.20071e-14
1.16764e-14
1.49932e-14
1.32213e-14
1.2885e-14
1.31059e-14
1.41024e-14
1.4748e-14
1.47454e-14
1.2467e-14
1.29509e-14
1.30476e-14
1.28216e-14
1.4627e-14
1.3821e-14
1.24108e-14
1.4619e-14
1.42536e-14
1.29646e-14
1.25425e-14
1.18543e-14
7.969e-15
1.4654e-14
1.19724e-14
1.11374e-14
1.47664e-14
1.4342e-14
4.30191e-15
1.09054e-14
4.74758e-15
1.11495e-14
5.66998e-15
5.10722e-15
4.5457e-15
1.10957e-14
1.36718e-14
1.43513e-14
1.45439e-14
4.44952e-15
4.15111e-15
1.05348e-14
1.26118e-14
1.22863e-14
1.2544e-14
1.10824e-14
1.25049e-14
1.1868e-14
1.45374e-14
1.52719e-14
1.29323e-14
1.25374e-14
1.26172e-14
1.13288e-14
1.56361e-14
1.24389e-14
1.09008e-14
1.44502e-14
1.39393e-14
4.54189e-15
1.05579e-14
4.15199e-15
1.05211e-14
4.55569e-15
4.43737e-15
1.16044e-14
1.14215e-14
1.43686e-14
4.07483e-15
1.23414e-14
1.46445e-14
1.22878e-14
7.23211e-15
1.20666e-14
1.074e-14
1.21845e-14
1.25615e-14
1.24134e-14
1.24602e-14
1.51463e-14
1.46807e-14
1.44254e-14
1.20155e-14
1.24082e-14
1.25134e-14
1.23934e-14
1.49324e-14
1.50329e-14
1.21165e-14
1.44113e-14
1.43965e-14
1.21816e-14
1.47034e-14
1.19839e-14
6.994e-15
1.18563e-14
1.07153e-14
7.95081e-15
1.48925e-14
1.17026e-14
4.24083e-15
4.494e-15
7.21428e-15
7.71119e-15
1.48819e-14
1.24408e-14
1.53411e-14
6.77615e-15
7.33165e-15
1.2316e-14
1.22472e-14
1.23836e-14
1.14733e-14
1.49826e-14
1.19507e-14
1.49005e-14
1.21118e-14
1.23525e-14
1.23034e-14
1.49854e-14
1.15623e-14
1.46954e-14
1.1745e-14
1.11092e-14
1.57985e-14
1.18462e-14
6.97909e-15
7.68908e-15
8.22771e-15
1.05977e-14
6.9211e-15
1.08544e-14
1.57046e-14
1.37597e-14
1.4981e-14
7.6654e-15
3.39878e-15
9.39411e-15
1.2502e-14
1.24376e-14
1.24927e-14
1.25229e-14
1.53073e-14
1.28771e-14
1.52819e-14
1.25036e-14
1.25737e-14
1.23999e-14
1.54218e-14
1.26533e-14
1.55169e-14
1.2866e-14
1.20499e-14
1.48663e-14
1.43966e-14
7.65326e-15
9.40283e-15
3.67995e-15
4.04433e-15
1.08788e-14
6.59124e-15
1.09961e-14
4.10814e-15
1.07433e-14
1.51797e-14
1.17625e-14
1.52586e-14
3.53287e-15
9.90356e-15
7.82195e-15
1.25318e-14
1.24048e-14
1.25139e-14
1.31105e-14
1.53813e-14
1.22964e-14
1.53899e-14
1.23162e-14
1.25094e-14
1.22855e-14
1.57476e-14
1.26456e-14
1.54756e-14
1.22349e-14
1.44227e-14
1.49146e-14
1.20817e-14
9.40173e-15
3.64793e-15
7.42021e-15
6.67537e-15
1.10835e-14
4.34712e-15
7.46035e-15
7.13311e-15
1.55646e-14
1.14008e-14
1.47831e-14
7.45805e-15
6.87938e-15
1.24053e-14
1.20542e-14
1.23425e-14
1.15713e-14
1.49556e-14
1.1696e-14
1.52213e-14
1.21166e-14
1.22416e-14
1.19613e-14
1.47507e-14
1.15895e-14
1.49649e-14
1.14702e-14
1.26905e-14
1.46786e-14
1.20416e-14
7.28544e-15
6.66055e-15
7.4156e-15
4.34718e-15
1.46214e-14
8.25548e-15
1.15915e-14
4.1628e-15
1.21877e-14
1.44514e-14
1.2224e-14
1.08549e-14
1.18905e-14
7.21861e-15
1.17925e-14
1.24643e-14
1.23413e-14
1.26079e-14
1.43636e-14
1.21091e-14
1.48888e-14
1.4769e-14
1.236e-14
1.2517e-14
1.22936e-14
1.20133e-14
1.44998e-14
1.45745e-14
1.48199e-14
1.47295e-14
1.21013e-14
1.42189e-14
1.16065e-14
1.08042e-14
1.16663e-14
6.97026e-15
1.16566e-14
1.15855e-14
7.94242e-15
4.12842e-15
1.14519e-14
5.39946e-15
1.48168e-14
1.04156e-14
1.36792e-14
4.33729e-15
1.08947e-14
4.68532e-15
1.26786e-14
1.45591e-14
1.25852e-14
1.2418e-14
1.49928e-14
1.09345e-14
1.26476e-14
1.24373e-14
1.25983e-14
1.47687e-14
1.52857e-14
1.23454e-14
1.27116e-14
1.09252e-14
1.46695e-14
1.39028e-14
1.12011e-14
1.06105e-14
4.30328e-15
4.38826e-15
4.56307e-15
5.26056e-15
1.13199e-14
5.28657e-15
1.48202e-14
1.05804e-14
1.35223e-14
4.83082e-15
1.09582e-14
4.32494e-15
1.27483e-14
1.40395e-14
1.52569e-14
1.18411e-14
1.44252e-14
8.06791e-15
1.14493e-14
1.30632e-14
1.27388e-14
1.32315e-14
1.48403e-14
1.24626e-14
1.39147e-14
1.42578e-14
1.28272e-14
1.32463e-14
1.29261e-14
1.24799e-14
1.46985e-14
1.46105e-14
1.38368e-14
1.26729e-14
1.58524e-14
1.45528e-14
1.45483e-14
1.23722e-14
1.16777e-14
8.1379e-15
1.35046e-14
1.4102e-14
1.07971e-14
1.08752e-14
4.36573e-15
4.42875e-15
5.72917e-15
5.20117e-15
8.39564e-15
1.3907e-14
3.88896e-15
5.00441e-15
1.57495e-14
6.33241e-15
7.52581e-15
8.08253e-15
8.61999e-15
1.62067e-14
8.03531e-15
9.81693e-15
9.14865e-15
1.378e-14
3.91581e-15
1.26613e-14
9.53625e-15
1.01653e-14
1.34007e-14
1.42747e-14
6.13915e-15
6.85328e-15
1.24511e-14
1.03044e-14
1.00033e-14
1.49056e-14
1.49144e-14
7.31063e-15
7.50066e-15
1.2425e-14
9.98061e-15
9.80377e-15
1.50411e-14
1.48515e-14
7.5804e-15
7.33151e-15
1.31059e-14
9.99896e-15
1.00633e-14
1.45654e-14
1.37976e-14
7.33642e-15
7.07074e-15
1.58939e-14
1.03665e-14
7.99102e-15
1.40217e-14
8.91406e-15
4.61705e-15
1.45449e-14
7.46115e-15
6.83292e-15
8.96027e-15
8.20575e-15
9.28667e-15
4.64245e-15
5.41136e-15
5.25712e-15
4.45285e-15
7.72757e-15
8.72203e-15
8.59031e-15
8.60621e-15
9.01768e-15
8.64431e-15
8.56774e-15
7.92786e-15
4.69145e-15
4.75671e-15
7.90096e-15
1.05106e-14
1.14313e-14
1.14894e-14
1.42452e-14
1.46051e-14
3.90318e-15
6.71958e-15
1.32712e-14
1.49829e-14
1.50507e-14
3.90488e-15
7.72046e-15
1.01523e-14
1.38705e-14
1.20301e-14
1.19969e-14
6.28949e-15
6.65039e-15
1.03034e-14
1.05455e-14
1.35469e-14
1.20064e-14
1.20316e-14
6.60454e-15
5.99494e-15
1.05825e-14
1.03213e-14
1.11286e-14
1.51881e-14
1.47251e-14
3.77805e-15
1.01088e-14
7.44786e-15
8.70447e-15
1.43729e-14
1.39753e-14
6.6864e-15
3.87178e-15
4.09474e-15
1.14955e-14
1.04827e-14
4.54565e-15
4.63608e-15
1.15209e-14
1.14154e-14
1.2161e-14
1.41042e-14
1.42606e-14
1.48763e-14
4.22317e-15
4.28021e-15
9.93196e-15
1.21394e-14
1.22166e-14
1.24199e-14
9.10926e-15
1.0611e-14
1.21357e-14
1.34623e-14
1.243e-14
1.25158e-14
1.25592e-14
1.2157e-14
1.30568e-14
1.27335e-14
1.53871e-14
1.25071e-14
1.25573e-14
1.25625e-14
1.32831e-14
1.3624e-14
1.53318e-14
1.55645e-14
1.23101e-14
1.25274e-14
1.24526e-14
1.3233e-14
1.27534e-14
1.55508e-14
1.50406e-14
1.23244e-14
1.24458e-14
1.26218e-14
1.31155e-14
1.22895e-14
1.48867e-14
1.30127e-14
1.4378e-14
1.24812e-14
1.22045e-14
1.06241e-14
9.11512e-15
1.36152e-14
1.2124e-14
1.2473e-14
1.48282e-14
1.52894e-14
4.0499e-15
9.7105e-15
4.42635e-15
4.66116e-15
1.21349e-14
1.11727e-14
4.72289e-15
1.06586e-14
6.98898e-15
1.18127e-14
1.50346e-14
1.4472e-14
1.44678e-14
4.49667e-15
3.71169e-15
8.94262e-15
1.22812e-14
1.20888e-14
1.23573e-14
9.77608e-15
1.21995e-14
1.10219e-14
1.33052e-14
1.24956e-14
1.24803e-14
1.23461e-14
1.2676e-14
1.52948e-14
1.53534e-14
1.41888e-14
1.24755e-14
1.22473e-14
1.22285e-14
1.46933e-14
1.48726e-14
1.18383e-14
1.20697e-14
1.26563e-14
1.21971e-14
1.2297e-14
1.44684e-14
1.48894e-14
1.19836e-14
1.1878e-14
1.23637e-14
1.23491e-14
1.22149e-14
1.57588e-14
1.30508e-14
1.41744e-14
1.45437e-14
1.48981e-14
1.22313e-14
1.20651e-14
1.23196e-14
9.74405e-15
1.31868e-14
1.12292e-14
1.21465e-14
1.4168e-14
1.48146e-14
3.94285e-15
8.91294e-15
3.7035e-15
4.14916e-15
1.18083e-14
6.92628e-15
4.1455e-15
6.80712e-15
1.19478e-14
1.11741e-14
1.24842e-14
1.19278e-14
1.49791e-14
1.21061e-14
6.30277e-15
1.01584e-14
6.95065e-15
1.11113e-14
1.2485e-14
1.22665e-14
1.25174e-14
1.29307e-14
1.28e-14
1.33625e-14
1.54287e-14
1.22155e-14
1.23754e-14
1.2176e-14
1.4444e-14
1.17102e-14
1.45258e-14
1.18984e-14
1.23229e-14
1.22029e-14
1.23622e-14
1.17529e-14
1.42143e-14
1.19944e-14
1.46323e-14
1.21161e-14
1.24278e-14
1.23316e-14
1.24813e-14
1.28676e-14
1.51492e-14
1.3765e-14
1.48577e-14
1.19429e-14
1.44679e-14
1.01805e-14
6.23336e-15
1.10082e-14
6.69991e-15
1.00496e-14
1.30981e-14
1.12088e-14
6.55489e-15
7.30837e-15
7.37238e-15
1.50868e-14
1.13117e-14
1.45275e-14
3.85409e-15
6.05896e-15
1.21533e-14
1.16847e-14
1.22132e-14
9.17138e-15
1.16541e-14
9.4895e-15
1.21714e-14
1.24066e-14
1.26449e-14
1.24303e-14
1.32877e-14
1.49018e-14
1.40876e-14
1.51171e-14
1.21867e-14
1.21622e-14
1.22078e-14
1.17002e-14
1.20619e-14
1.17003e-14
1.21793e-14
1.22359e-14
1.22287e-14
1.22074e-14
1.21046e-14
1.17961e-14
1.22015e-14
1.17617e-14
1.24646e-14
1.25109e-14
1.25514e-14
1.51923e-14
1.34652e-14
1.5417e-14
1.37658e-14
1.45433e-14
1.2122e-14
1.16512e-14
1.18092e-14
9.13047e-15
1.19853e-14
9.57642e-15
1.18343e-14
1.44812e-14
1.14419e-14
3.67268e-15
5.71958e-15
7.42946e-15
7.24506e-15
7.29315e-15
1.45207e-14
1.16634e-14
1.50963e-14
6.16061e-15
3.93263e-15
1.21894e-14
1.46224e-14
1.21288e-14
9.44806e-15
1.21435e-14
9.26484e-15
1.17012e-14
1.25023e-14
1.23098e-14
1.25353e-14
1.38924e-14
1.53851e-14
1.29345e-14
1.53662e-14
1.22214e-14
1.22409e-14
1.22217e-14
1.17101e-14
1.21904e-14
1.17608e-14
1.21101e-14
1.21982e-14
1.21851e-14
1.21876e-14
1.22018e-14
1.17593e-14
1.20758e-14
1.1671e-14
1.25327e-14
1.24388e-14
1.23053e-14
1.5386e-14
1.37831e-14
1.50129e-14
1.28865e-14
1.16517e-14
1.21745e-14
1.46978e-14
1.19368e-14
9.46895e-15
1.17741e-14
9.32917e-15
1.14216e-14
1.46861e-14
1.1904e-14
5.83236e-15
3.69287e-15
7.34241e-15
6.7539e-15
4.15729e-15
1.24841e-14
1.01903e-14
1.2463e-14
1.20446e-14
1.52375e-14
1.19097e-14
6.95209e-15
1.11367e-14
6.37177e-15
1.00788e-14
1.25213e-14
1.20907e-14
1.23852e-14
1.30534e-14
1.56023e-14
1.27751e-14
1.2602e-14
1.22223e-14
1.24986e-14
1.22772e-14
1.4585e-14
1.19784e-14
1.45589e-14
1.18526e-14
1.23166e-14
1.21835e-14
1.24221e-14
1.19113e-14
1.44692e-14
1.16942e-14
1.4315e-14
1.22895e-14
1.26147e-14
1.22538e-14
1.5369e-14
1.33278e-14
1.31657e-14
1.30603e-14
1.49484e-14
1.193e-14
1.467e-14
1.13443e-14
6.95777e-15
1.02891e-14
6.19916e-15
1.12841e-14
1.25058e-14
1.01713e-14
4.1053e-15
1.19314e-14
4.20563e-15
1.06308e-14
1.43176e-14
1.22463e-14
1.41618e-14
3.79496e-15
8.78184e-15
4.02025e-15
1.22263e-14
1.48952e-14
1.2284e-14
1.119e-14
1.30734e-14
9.70853e-15
1.23238e-14
1.23654e-14
1.23417e-14
1.24634e-14
1.48574e-14
1.42319e-14
1.29052e-14
1.54322e-14
1.22476e-14
1.22235e-14
1.24989e-14
1.17387e-14
1.21214e-14
1.3728e-14
1.50266e-14
1.22076e-14
1.24575e-14
1.24062e-14
1.2109e-14
1.18309e-14
1.49025e-14
1.44382e-14
1.24383e-14
1.22831e-14
1.22955e-14
1.42415e-14
1.52914e-14
1.48101e-14
1.28722e-14
1.22046e-14
1.22387e-14
1.4861e-14
1.36449e-14
1.13552e-14
1.22039e-14
9.91621e-15
1.44643e-14
1.46766e-14
1.18733e-14
9.09182e-15
3.84325e-15
4.64167e-15
6.93822e-15
1.05609e-14
4.02833e-15
4.90824e-15
1.22008e-14
5.05593e-15
1.1409e-14
1.4821e-14
1.19776e-14
1.41666e-14
4.46404e-15
9.86549e-15
4.0904e-15
1.22345e-14
1.42347e-14
1.20842e-14
1.21464e-14
1.31684e-14
9.11888e-15
1.06694e-14
1.25433e-14
1.22482e-14
1.25284e-14
1.15522e-14
1.5418e-14
1.23039e-14
1.34796e-14
1.25451e-14
1.25355e-14
1.26482e-14
1.49165e-14
1.54382e-14
1.33552e-14
1.39065e-14
1.25145e-14
1.2478e-14
1.23533e-14
1.52905e-14
1.5225e-14
1.3306e-14
1.29916e-14
1.24541e-14
1.2305e-14
1.23678e-14
1.5471e-14
1.26904e-14
1.29331e-14
1.22773e-14
1.22127e-14
1.19535e-14
1.41402e-14
1.31855e-14
1.23725e-14
1.04304e-14
8.93849e-15
1.41241e-14
1.44611e-14
1.21748e-14
9.87607e-15
4.38719e-15
4.24129e-15
1.105e-14
1.11761e-14
4.76594e-15
4.67556e-15
1.17756e-14
4.33379e-15
7.77394e-15
1.45876e-14
8.88261e-15
1.1354e-14
3.82508e-15
6.73001e-15
1.49375e-14
1.10971e-14
1.38035e-14
7.54931e-15
1.00604e-14
3.85002e-15
1.21413e-14
1.36633e-14
1.38007e-14
1.04194e-14
1.08691e-14
6.17858e-15
6.58725e-15
1.19888e-14
1.38921e-14
1.35884e-14
1.08672e-14
1.02823e-14
6.60793e-15
6.16274e-15
1.54772e-14
1.35397e-14
1.16239e-14
9.88035e-15
7.71922e-15
3.66529e-15
1.4228e-14
1.1427e-14
9.16921e-15
6.64485e-15
3.93248e-15
1.0594e-14
7.88879e-15
4.16231e-15
4.67293e-15
8.70894e-15
8.54055e-15
8.71971e-15
7.78442e-15
3.88434e-15
6.21199e-15
6.59597e-15
6.75053e-15
6.58474e-15
3.90961e-15
3.87243e-15
3.85825e-15
8.19323e-15
9.0178e-15
9.79209e-15
1.08862e-14
9.98692e-15
1.15111e-14
1.17384e-14
9.58846e-15
1.16933e-14
1.14186e-14
6.34391e-15
1.08148e-14
9.80819e-15
8.21367e-15
3.79341e-15
3.94464e-15
9.57293e-15
8.95678e-15
1.06957e-14
1.19807e-14
1.19757e-14
1.24157e-14
1.23324e-14
1.25658e-14
1.27115e-14
1.23625e-14
1.26833e-14
1.27929e-14
1.11876e-14
1.23195e-14
1.19449e-14
6.40084e-15
1.08898e-14
9.03087e-15
3.85752e-15
6.06105e-15
6.2138e-15
1.14089e-14
9.92086e-15
1.16583e-14
1.25166e-14
1.22125e-14
1.26277e-14
1.28022e-14
1.27142e-14
1.29553e-14
1.2753e-14
1.29079e-14
1.27032e-14
1.21703e-14
1.27264e-14
1.22914e-14
9.58993e-15
1.16336e-14
9.84473e-15
6.44811e-15
6.4016e-15
6.38644e-15
1.16426e-14
9.53957e-15
1.14318e-14
1.26139e-14
1.22305e-14
1.25967e-14
1.2987e-14
1.26027e-14
1.27729e-14
1.25889e-14
1.27975e-14
1.25967e-14
1.23149e-14
1.27727e-14
1.22063e-14
9.90433e-15
1.1429e-14
9.48774e-15
6.19917e-15
4.13224e-15
1.08508e-14
6.72267e-15
1.00507e-14
1.23586e-14
1.11926e-14
1.19207e-14
1.2774e-14
1.22241e-14
1.24608e-14
1.24937e-14
1.24512e-14
1.23136e-14
1.18771e-14
1.1913e-14
1.11983e-14
9.02114e-15
9.72064e-15
6.37268e-15
8.55367e-15
3.8811e-15
1.09213e-14
6.32116e-15
9.53508e-15
1.16512e-14
9.62762e-15
9.9868e-15
1.15105e-14
9.92291e-15
9.7057e-15
9.90576e-15
9.21053e-15
6.42098e-15
3.96715e-15
3.92899e-15
4.0321e-15
6.39077e-15
6.2938e-15
1.17021e-14
1.60486e-14
1.61395e-14
1.37879e-14
1.52883e-14
1.4039e-14
1.36125e-14
1.49143e-14
1.57479e-14
1.54944e-14
1.62996e-14
1.41148e-14
1.38253e-14
1.40648e-14
1.48331e-14
1.52365e-14
1.19256e-14
1.40357e-14
1.33175e-14
1.40086e-14
1.55973e-14
1.60412e-14
1.25445e-14
1.53326e-14
1.348e-14
1.41231e-14
1.6182e-14
1.41959e-14
)
;

boundaryField
{
    left
    {
        type            calculated;
        value           uniform 0;
    }
    right
    {
        type            calculated;
        value           uniform 0;
    }
    yarn_to_fluid
    {
        type            calculated;
        value           uniform 0;
    }
}


// ************************************************************************* //
